Catalogue,Other,Title,Type,Key,Instrumentation,Note
KV 2,No. 58,Piano piece in F,Klavierst¨¹cke,F major,Clavier,"""Nannerl Music Book"""
KV 3,,Allegro in B,Klavierst¨¹cke,B-flat major,Clavier,"""Nannerl Music Book"""
KV 4,,Piano piece in F,Klavierst¨¹cke,F major,Clavier,"""Nannerl Music Book"""
KV 5,,Menuett in F,Klavierst¨¹cke,F major,Clavier,"""Nannerl Music Book"""
KV 6,I/1,Sonata in C,Sonata,C major,"Clavier, Violin",
KV 7,I/2,Sonata in D,Sonata,D major,"Violin, Clavier",
KV 8,II/1,Sonata in B flat,Sonata,B-flat major,"Violin, Clavier",
KV 9,II/2,Sonata in G,Sonata,G major,"Violin, Clavier",
KV 10,III/1,Sonata in B flat,Sonata,B-flat major,"Violin/Flute, Cello, Clavier",
KV 11,III/2,Sonata in G,Sonata,G major,"Violin/Flute, Cello, Clavier",
KV 12,III/3,Sonata in A,Sonata,A major,"Violin/Flute, Cello, Clavier",
KV 13,III/4,Sonata in F,Sonata,F major,"Violin/Flute, Cello, Clavier",
KV 14,III/5,Sonata in C,Sonata,C major,"Violin/Flute, Cello, Clavier",
KV 15,III/6,Sonata in B flat,Sonata,B-flat major,"Violin/Flute, Cello, Clavier",
KV 16,,Symphony in E flat,Symphony,E-flat major,"2 Oboes, 2 Horns, 2 Violins, Viola, Cello, Basso Continuo",
KV 19,,Symphony in D,Symphony,D major,"2 Oboes, 2 Horns, 2 Violins, Viola, Cello, Basso Continuo",
KV 20,,"¡°God is our refuge¡± (Psalm 46, 1)",,G minor,"S, A, T, B | SATB",
KV 21,19c,"¡°Va, dal furor portata¡±",Aria,C major,"2 Oboes, 2 Bassoons, 2 Horns, 2 Violins, Viola, T, Cello, Basso Continuo",
KV 22,,Symphony in B flat,Symphony,B-flat major,"2 Oboes, 2 Horns, 2 Violins, Viola, Cello, Basso Continuo",
KV 23,,¡°Conservati fedele¡±,Aria,A major,"2 Violins, Viola, S, Cello, Basso Continuo",
KV 24,Anh. 208,"8 Variations in G on ""Laat ons juichen, Batavieren!""",Keyboard Variations,G major,Clavier,
KV 25,,Seven variations in D on ¡°Willem van Nassau¡±,Keyboard Variations,D major,Clavier,
KV 26,IV/1,Sonata in E flat,Sonata,E-flat major,"Violin, Clavier",
KV 27,,Sonata in G,Sonata,G major,"Violin, Clavier",
KV 28,IV/3,Sonata in C,Sonata,C major,"Violin, Clavier",
KV 29,IV/4,Sonata in D,Sonata,D major,"Violin, Clavier",
KV 30,IV/5,Sonata in F,Sonata,F major,"Violin, Clavier",
KV 31,IV/6,Sonata in B flat,Sonata,B-flat major,"Violin, Clavier",
KV 32,Anh. 100a,Gallimathias musicum,Quodlibet,D major,"2 Oboes, 2 Horns, 2 Violins, Viola, Basso Continuo, Bassoon, Harpsichord",
KV 33,,Kyrie in F,Kyrie,F major,"2 Violins, Viola, SATB, Basso Continuo, Organ",
KV 34,,¡°Scande coeli limina¡±. Offertory for the Feast of Saint Benedict,Offertory,C major,"2 Violins, S,?Cello, Basso Continuo, Organ",
KV 35,,Die Schuldigkeit des ersten and f¨¹rnehmsten Gebotes (The Obligation of the First ComMandolinment),,C major,"2 Oboes, 2 Bassoons, 2 Horns, 2 Violins, 2 Violas, Cello, Basso Continuo",Part I of an oratorio
KV 36,33i,¡°Or che il dover¡± ¨C ¡°Tali e cotanti sono¡±,Recitative / Aria,D major,"2 Violins, Viola, T, Cello, Basso Continuo",
KV 38,,"Apollo et Hyacinthus (Apollo,  Hyacinth)",Opera,D major,"2 Oboes, 2 Horns, 2 Violins, 2 Violas, Cello, Basso Continuo",Intermezzo in 3 parts
KV 42,35a,"""Grabmusik""",Cantata,C minor,"Die Seele, Der Engel, SATB, cont",for the Holy Tomb
KV 43,,Symphony in F,Symphony,F major,"2 Oboes, 2 Horns, 2 Violins, 2 Violas, Cello, Basso Continuo",
KV 45,,Symphony in D,Symphony,D major,"2 Oboes, 2 Horns, 2 Clarinetts, Timpani, 2 Violins, Viola, Cello, Basso Continuo",
KV 47,,¡°Veni Sancte Spiritus¡±,Antiphon,C major,"2 Oboes, 2 Horns, 2 Clarinos, Timpani, 2 Violins, Viola, SATB, Cello, Basso Continuo, Organ",for Pentecost
KV 48,,Symphony in D,Symphony,D major,"2 Oboes, 2 Horns, 2 Clarinos, Timpani, 2 Violins, Viola, Cello, Basso Continuo",
KV 49,47d,"""Missa brevis""",Mass,G major,"2 Violins, Viola, SATB, Basso Continuo, Organ",
KV 50,KV3 46b,Bastien and Bastienne,Opera,,,"Singspiel (""Op¨¦ra comique¡°, ""Operette, (second version:) ""Komische Oper"" ) in 1 act"
KV 51,KV3 46a,La finta semplice (The Pretended Simpleton),Opera,,"2 Flutes, 2 Oboes , 2 Bassoons, 2 Horns, 2 Violins, 2 Violas, Cello, Basso Continuo",Opera buffa ("Dramma giocoso") in 3 acts
KV 52,46c,"""Meiner Liebsten sch?ne Wangen""/""Daphne, deine Rosenwangen""",Songs,A major,"Voice, Clavier",after Bastien and Bastienne KV 50/11; Version of unknown authorization
KV 53,47e; 43b,An die Freude,Songs,F major,"Voice, Clavier",
KV 54,547b; Anh. 138a,Theme and 6 Variations,Keyboard Variations,F major,Clavier,"after the Sonata in F for Clavier and violin KV 547, movement 3; version of unknown authorization"
KV 62,,March in D,March,D major,"2 Oboes, 2 Horns, 2 Clarinos, Timpani, 2 Violins, Viola, Cello, Basso Continuo",
KV 63,,Cassation in G,Cassation,G major,"2 Oboes, 2 Horns, 2 Violins, Viola, Basso Continuo",
KV 65,61a,"""Missa brevis""",Mass,D minor,"Alto Trombone, Tenor Trombone, Bass Trombone, 2 Violins, SATB, Basso Continuo, Organ",
KV 66,,"""Dominicus-Messe""",Mass,C major,"Alto Trombone, Tenor Trombone, Bass Trombone, 2 Violins, SATB, Basso Continuo, Organ",
KV 67,41h,Church sonata in E flat,Sonata,E-flat major,"2 Violins, Organ, Basso Continuo",
KV 68,41i,Church sonata in B flat,Sonata,B-flat major,"2 Violins, Organ, Basso Continuo",
KV 69,41k,Church sonata in D,Sonata,D major,"2 Violins, Organ, Basso Continuo",
KV 70,61c,"""A Berenice e Vologeso sposi"" ¨C ""Sol nascente in questo giorno""",Recitative / Aria,G major,"2 Oboes, 2 Horns, 2 Violins, 2 Violas, S, Cello, Basso Continuo",Recitativo and aria ("licenza")
KV 71,1770a,(fragment) "Ah pi¨´ tremar non voglio",,F major,"2 Oboes, 2 Horns, 2 Violins, 2 Violas, T, Cello, Basso Continuo",
KV 72,74f,"""Inter natos mulierum""",Offertory,G major,"Alto Trombone, Tenor Trombone, Bass Trombone, 2 Violins, SATB, Cello, Basso Continuo, Bassoon, Organ",for the Feast of John Baptist
KV 73,75a,Symphony in C,Symphony,C major,"2 Oboes, 2 Horns, 2 Clarinos, Timpani, 2 Violins, Viola, Cello, Basso Continuo",
KV 74,,Symphony in G,Symphony,G major,"2 Oboes, 2 Horns, 2 Violins, Viola, Cello, Basso Continuo",
KV 75,,Symphony in F,Symphony,F major,"2 Oboes, 2 Horns, 2 Violins, Viola, Cello, Basso Continuo",Work of doubtful authenticity
KV 76,42a,Symphony in F,Symphony,F major,"2 Oboes, 2 Bassoons, 2 Horns, 2 Violins, Viola, Cello, Basso Continuo",Work of doubtful authenticity
KV 77,73e,"""Misero me! Qual gelido torrente"" ¨C ""Misero pargoletto""",Scena,E-flat major,"2 Oboes, 2 Bassoons, 2 Horns, 2 Violins, 2 Violas, S, Cello, Basso Continuo",
KV 78,73b,"""Per piet¨¤, bell¡¯idol mio""",Aria,E-flat major,"2 Oboes, 2 Horns, 2 Violins, Viola, S, Cello, Basso Continuo",
KV 79,73d,"""Oh temerario Arbace!"" ¨C ""Per quel paterno amplesso""",Scena,B-flat major,"2 Oboes, 2 Bassoons, 2 Horns, 2 Violins, 2 Violas, S, Cello, Basso Continuo",
KV 80,73f,Quartet in G,Quartet,G major,"2 Violins, Viola, Basso Continuo",
KV 81,73l;VII:D14,Symphony in D,Symphony,D major,"2 Oboes, 2 Horns, 2 Violins, Viola, Cello, Basso Continuo",Work of doubtful authenticity
KV 82,73o,"""Se ardire e speranza""",Aria,F major,"2 Flutes, 2 Horns, 2 Violins, Viola, S, Cello, Basso Continuo",
KV 83,73p,"""Se tutti i mali miei""",,E-flat major,"2 Oboes, 2 Horns, 2 Violins, 2 Violas, S, Cello, Basso Continuo",
KV 84,73q,Symphony in D,Symphony,D major,"2 Oboes, 2 Horns, 2 Violins, Viola, Cello, Basso Continuo",Work of doubtful authenticity
KV 85,73s; 1770b,(fragment) Miserere in A minor,Miserere,A minor,"A, T, B, Organ",
KV 87,74a,"Mitridate, re di Ponto",Opera,,"2 Flutes, 2 Oboes, 2 Horns, 2 Violins, Viola, Cello, Basso Continuo",Opera seria ("Dramma per musica") in 3 acts
KV 88,73c,"""Fra cento affanni e cento""",Aria,C major,"2 Oboes, 2 Horns, 2 Trumpets, 2 Violins, 2 Violas, S, Cello, Basso Continuo",
KV 89,73k,Kyrie a cinque con diversi Canoni,Kyrie,G major,"S1, S2, S3, S4, S5",
KV 90,,Kyrie in D minor,Kyrie,D minor,"S, A, T, B, Organ",Work of doubtful authenticity
KV 95,73n,Symphony in D,Symphony,D major,"2 Oboes, 2 Clarinos, 2 Violins, Viola, Cello, Basso Continuo",Work of doubtful authenticity
KV 96,111b,Symphony in C,Symphony,C major,"2 Oboes, 2 Horns, 2 Clarinos, Timpani, 2 Violins, Viola, Cello, Basso Continuo",Work of doubtful authenticity
KV 97,73m,Symphony in D,Symphony,D major,"2 Oboes, 2 Horns, Timpani, 2 Violins, Viola, Cello, Basso Continuo",Work of doubtful authenticity
KV 99,63a,Cassation in B flat,Cassation,B-flat major,"2 Oboes, 2 Horns, 2 Violins, Viola, Basso Continuo",
KV 100,62a,Serenade in D presumably "Finalmusik",Serenade,D major,"2 Oboes, 2 Horns, 2 Clarinos, 2 Violins, Viola, Cello, Basso Continuo",
KV 100,62a;deest,Symphony in D,Symphony,D major,,after the Serenade KV 100
KV 103,61d,20 Minuets (1st version; fragment) or 12 Minuets (2nd version),,D major,"[2 Oboes, [2 Clarinetts/2 Horns], 2 Violins, Cello, Basso Continuo]/Clavier",
KV 106,588a,Overture and three contreDances,,D major,"2 Oboes, 2 Bassoons, 2 Horns, 2 Violins, Cello, Basso Continuo",Werke zweifelhafter Echtheit
KV 108,74d,Regina coeli,Antiphon,C major,"2 Oboes, 2 Horns, 2 Clarinos, Timpani, 2 Violins, 2 Violas, SATB, Cello, Basso Continuo, Organ",
KV 109,74e,Litaniae Lauretanae Beatae Mariae Virginis,Litany,B-flat major,"Alto Trombone, Tenor Trombone, Bass Trombone, 2 Violins, SATB, Basso Continuo, Organ",Litany of Loreto
KV 110,75b,Symphony in G,Symphony,G major,"2 Oboes, 2 Horns, 2 Violins, Viola, Cello, Basso Continuo",
KV 111,,Ascanio in Alba,Serenata,,"2 Flutes, 2 Oboes, 2 Horns, 2 Trumpets, Timpani, 2 Violins, Viola, Cello, Basso Continuo",Festa teatrale in 2 parts
KV 111,111a;120,Symphony in D,Symphony,D major,"2 Flutes, 2 Oboes, 2 Horns, 2 Trumpets, Timpani, 2 Violins, Viola, Cello, Basso Continuo",after the overture to Ascanio in Alba KV 111
KV 112,,Symphony in F,Symphony,F major,"2 Oboes, 2 Horns, 2 Violins, 2 Violas, Cello, Basso Continuo",
KV 113,,Concerto / Divertimento in E flat,Concerto / Divertimento,E-flat major,"[2 Bb Clarinetts, 2 Eb Horns]/[2 Oboes, 2 English Horns, 2 Bassoons], 2 Violins, Viola, Cello, Basso Continuo",for instrumental ensemble ¨¤ 8 or ¨¤ 10
KV 114,,Symphony in A,Symphony,A major,"2 Flutes, 2 Horns, 2 Violins, 2 Violas, Cello, Basso Continuo",
KV 117,66a,"""Benedictus sit Deus""",Offertory,C major,"2 Trumpets, Timpani, 2 Violins, Viola, SATB, Cello, Basso Continuo, Organ",
KV 118,74c,Betulia liberata,Azione,D minor,"2 Oboes, 2 Bassoons, 2 D Horns, 2 F Horns, 2 D Trumpets, 2 Violins, 2 Violas, Cello, Basso Continuo",Azione sacra in two parts
KV 119,382h,"""Der Liebe himmlisches Gef¨¹hl""",Aria,A major,"Soprano, Clavier/Orchestra",Work of doubtful authenticity
KV 123,73g,ContreDances in B flat,Dances,B-flat major,"2 Oboes, 2 Horns, 2 Violins, Cello, Basso Continuo",
KV 124,,Symphony in G,Symphony,G major,"2 Oboes, 2 Horns, 2 Violins, Viola, Cello, Basso Continuo",
KV 125,,Litaniae de venerabili altaris Sacramento "Sakramentslitanei",Litany,B-flat major,"2 Oboes, 2 Horns, 2 Clarinos, Alto Trombone, Tenor Trombone, Bass Trombone, 2 Violins, Viola, SATB, Basso Continuo, Organ",
KV 126,,Il sogno di Scipione,Azione,D major,"2 Flutes, 2 Oboes, 2 Horns, 2 Clarinos, Timpani, 2 Violins, 2 Violas, Cello, Basso Continuo",Azione teatrale in 1 part
KV 126,163;141a;161,Symphony in D,Symphony,D major,"2 Flutes, 2 Oboes, 2 Horns, 2 Trumpets, Timpani, 2 Violins, Viola, Cello, Basso Continuo",after the overture to Il sogno di Scipione KV 126
KV 127,,Regina coeli,Antiphon,B-flat major,"2 Oboes, 2 Horns, 2 Violins, 2 Violas, SATB, Cello, Basso Continuo, Organ",
KV 128,,Symphony in C,Symphony,C major,"2 Oboes, 2 Horns, 2 Violins, Viola, Cello, Basso Continuo",
KV 129,,Symphony in G,Symphony,G major,"2 Oboes, 2 Horns, 2 Violins, Viola, Cello, Basso Continuo",
KV 130,,Symphony in F,Symphony,F major,"2 Flutes, 2 Horns, 2 Horns, 2 Violins, Viola, Cello, Basso Continuo",
KV 131,,Serenade in D,Serenade,D major,"Flute, Oboe, Bassoon, 4 Horns, 2 Violins, 2 Violas, Cello, Basso Continuo",
KV 132,,Symphony in E flat,Symphony,E-flat major,"2 Oboes, 2 Horns, 2 Violins, Viola, Cello, Basso Continuo",
KV 133,,Symphony in D,Symphony,D major,"2 Oboes, 2 Horns, 2 Trumpets, 2 Violins, Viola, Cello, Basso Continuo",
KV 134,,Symphony in A,Symphony,A major,"2 Flutes, 2 Horns, 2 Violins, Viola, Cello, Basso Continuo",
KV 135,,Lucio Silla,Opera,,"2 Oboes, 2 Horns, 2 Trumpets, Timpani, 2 Violins, Viola, Cello, Basso Continuo",Opera seria ("Dramma per musica") in 3 acts
KV 135,,Symphony in D,Symphony,D major,"2 Oboes, 2 Horns, 2 Trumpets, Timpani, 2 Violins, 2 Violas, Cello, Basso Continuo",after the overture to Lucio Silla KV 135
KV 136,125a,Divertimento in D,Divertimento,D major,"2 Violins, Viola, Cello, Basso Continuo",
KV 137,125b,Divertimento in B flat,Divertimento,B-flat major,"2 Violins, Viola, Cello, Basso Continuo",
KV 138,125c,Divertimento in F,Divertimento,F major,"2 Violins, Viola, Cello, Basso Continuo",
KV 139,47a; 114a,"""Waisenhaus-Messe""",Mass,C minor,"2 Oboes, 2 C Clarinos, 2 C Trumpets, C-G Timpani, Alto Trombone, Tenor Trombone, Bass Trombone, 2 Violins, 2 Violas, SATB, Basso Continuo, Organ",
KV 140,Anh. C 1.12; Anh. 235d,Missa in G,Mass,G major,"2 Violins, SATB, Basso Continuo, Organ",Work of doubtful authenticity
KV 141,66b,Te Deum in C,Hymn,C major,"2 Clarinos, 2 Trumpets, Timpani, 2 Violins, SATB, Cello, Bassoon, Basso Continuo, Organ",
KV 142,Anh. C 3.04; Anh. 186d,Tantum ergo in B flat,Hymn,B-flat major,"2 Clarinos, 2 Violins, Viola, SATB, Cello, Basso Continuo, Organ",Work of doubtful authenticity
KV 143,73a,"""Ergo interest"" ¨C ""Quaere superna""",Motet,G major,"S, Cello, Basso Continuo, Organ",Work of doubtful authenticity
KV 144,124a,Church sonata in D,Sonata,D major,"2 Violins, Organ, Basso Continuo",
KV 145,124b,Church sonata in F,Sonata,F major,"2 Violins, Organ, Basso Continuo",
KV 146,,"""Kommet her, ihr frechen S¨¹nder""",Aria,B-flat major,"2 Violins, Viola, S, Cello, Basso Continuo, Organ",Sacred aria for soprano and Orchestra
KV 147,125g,"""Wie ungl¨¹cklich bin ich nit""",Songs,F major,"Voice, Clavier",
KV 148,Anh. 276; 125h,Auf die feierliche Johannisloge,Songs,D major,"Voice, Clavier",
KV 155,134a,Quartet in D,Quartet,D major,"2 Violins, Viola, Cello",
KV 156,134b,Quartet in G,Quartet,G major,"2 Violins, Viola, Cello",
KV 157,,Quartet in C,Quartet,C major,"2 Violins, Viola, Basso Continuo",
KV 158,,Quartet in F,Quartet,F major,"2 Violins, Viola, Basso Continuo",
KV 159,,Quartet in B flat,Quartet,B-flat major,"2 Violins, Viola, Basso Continuo",
KV 160,159a,Quartet in E flat,Quartet,E-flat major,"2 Violins, Viola, Cello",
KV 162,,Symphony in C,Symphony,C major,"2 Oboes, 2 Horns, tr, 2 Violins, Viola, Cello, Basso Continuo",
KV 164,130a,6 minuets,Dances,,"2 Oboes, 2 Clarinos, 2 Violins, Cello, Basso Continuo",
KV 165,158a,"""Exsultate, jubilate""",Motet,F major / G major,"[2 Oboes/2 Flutes], [2 F Horns/2 G Horns], 2 Violins, 2 Violas, Soprano, Cello, Basso Continuo, Organ",
KV 166,159d,Divertimento in E flat,Divertimento,E-flat major,"2 Oboes, 2 Clarinetts, corIng1, corIng2, 2 Horns, 2 Bassoons",for wind ensemble ¨¤ 10
KV 167,,"""Missa in honorem Sanctissimae Trinitatis""",Mass,C major,"2 Oboes, 2 C Clarinos, 2 C Trumpets, C-G Timpani, 2 Violins, SATB, Basso Continuo, Organ",
KV 168,,Quartet in F,Quartet,F major,"2 Violins, Viola, Cello",
KV 169,,Quartet in A,Quartet,A major,"2 Violins, Viola, Cello",
KV 170,,Quartet in C,Quartet,C major,"2 Violins, Viola, Cello",
KV 171,,Quartet in E flat,Quartet,E-flat major,"2 Violins, Viola, Cello",
KV 172,,Quartet in B flat,Quartet,B-flat major,"2 Violins, Viola, Cello",
KV 173,,Quartet in D minor,Quartet,D minor,"2 Violins, Viola, Cello",
KV 174,,Quintet in B flat,Quintet,B-flat major,"2 Violins, 2 Violas, Cello",
KV 175,,Concerto in D,Concerto,D major,"2 Oboes, 2 Horns, 2 Clarinos, Timpani, Clavier/Organ, 2 Violins, Viola, Cello, Basso Continuo",
KV 176,,12 Minuets (1st version) or 16 Minuets (2nd version),Dances,,"2 Oboes, 2 Clarinos, 2 Violins, Cello, Bassoon, Basso Continuo",or for Clavier
KV 178,417e; 125i,"(fragment) ""Ah spiegarti, oh dio, vorrei"" (fragment)",Aria,A major,"S, Clavier",
KV 179,189a,12 Variations on a Minuet von Johann Christian Fischer,Keyboard Variations,C major,Clavier,
KV 180,173c,6 variations in G on "Mio caro Adone",Keyboard Variations,G major,Clavier,
KV 181,162b,Symphony in D,Symphony,D major,"2 Oboes, 2 Horns, 2 Violins, Viola, Cello, Basso Continuo",
KV 182,173dA;166c,Symphony in B flat,Symphony,B-flat major,"2 Oboes, 2 Bassoons, 2 Horns, 2 Horns, 2 Violins, Viola, Cello, Basso Continuo",
KV 183,173dB,Symphony in g,Symphony,G minor,"2 Oboes, 2 Bassoons, 2 Horns, 2 Horns, 2 Violins, Viola, Cello, Basso Continuo",
KV 184,161a;166a,Symphony in E flat,Symphony,E-flat major,"2 Flutes, 2 Oboes, 2 Bassoons, 2 Horns, 2 Trumpets, 2 Violins, Viola, Cello, Basso Continuo",
KV 185,,Concerto in F,Concerto,F major,"Violin, Orchestra","after the Serenade in D KV 185
lost"
KV 185,Anh. 231; 167a,Serenade in D "Finalmusik",Serenade,D major,"2 Oboes, 2 Horns, 2 Trumpets, 2 Violins, 2 Violas, Cello, Basso Continuo",
KV 185,,Symphony in D,Symphony,D major,,after the Serenade in D KV 185;lost
KV 186,159b,Divertimento in B flat,Divertimento,B-flat major,"2 Oboes, 2 Clarinetts, corIng1, corIng2, 2 Horns, 2 Bassoons",for wind ensemble ¨¤ 10
KV 188,240b,6 pieces,,C major,"2 Flutes, 5 Clarinos, Timpani",
KV 189,167b,March in D,March,D major,"2 Flutes, 2 Horns, 2 Trumpets, 2 Violins, Cello, Basso Continuo",
KV 190,186E;166b,Concertone in C,Concertone,C major,"2 Oboes, 2 Horns, 2 Trumpets, 2 Solo Violins, 2 Violins, 2 Violas, Cello, Basso Continuo",
KV 191,186e,Concerto in B flat,Concerto,B-flat major,"2 Oboes, 2 Horns, Solo Bassoon, 2 Violins, 2 Violas, Cello, Basso Continuo",
KV 192,186f,Missa in F "Missa brevis",Mass,F major,"2 C Clarinos, Alto Trombone, Tenor Trombone, Bass Trombone, 2 Violins, Soprano, Alto, Tenor, Bass, SATB, Basso Continuo, Organ",
KV 193,186g,Dixit and Magnificat in C,Magnificat,C major,"2 C Clarinos, C-G Timpani, Alto Trombone, Tenor Trombone, Bass Trombone, 2 Violins, Soprano, Alto, Tenor, Basso Continuo, SATB, Cello, Bassoon, Basso Continuo, Organ",
KV 194,186h,"""Missa brevis""",Mass,D major,"Alto Trombone, Tenor Trombone, Bass Trombone, 2 Violins, S, A, T, B, SATB, Basso Continuo, Organ",
KV 195,186d,Litaniae Lauretanae Beatae Mariae Virginis,Litany,D major,"2 Oboes, 2 Horns, Alto Trombone, Tenor Trombone, Bass Trombone, 2 Violins, Viola, SATB, Basso Continuo, Organ",Litany of Loreto
KV 196,,La finta giardiniera/Die verstellte G?rtnerin [The Disguised Gardiner],Opera,D major,"2 Flutes, 2 Oboes, 2 Bassoons, 4 Horns, 2 Trumpets, Timpani, 2 Violins, 2 Violas, Cello, Basso Continuo","1st version: Opera buffa (""Dramma giocoso"") in 3 acts
2nd version: Singspiel in 3 acts"
KV 196,207a;121,Symphony in D,Symphony,D major,"2 Oboes, 2 Horns, 2 Violins, Viola, Cello, Basso Continuo",after the overture to La finta giardiniera KV 196
KV 197,Anh. C 3.05; Anh. 186e,Tantum ergo in D,Hymn,D major,"2 Clarinos, Timpani, 2 Violins, Viola, SATB, ?Cello, Basso Continuo, Organ",Work of doubtful authenticity
KV 198,Anh. C 3.08; 158b,"""Sub tuum praesidium""",Offertory,F major,"2 Violins, Viola, S1, S2,?Cello, Basso Continuo, Organ",Work of doubtful authenticity
KV 199,161b;162a,Symphony in G,Symphony,G major,"2 Flutes, 2 Horns, 2 Violins, Viola, Cello, Basso Continuo",
KV 200,189k;173e,Symphony in C,Symphony,C major,"2 Oboes, 2 Horns, 2 Trumpets, 2 Violins, Viola, Cello, Basso Continuo",
KV 201,186a,Symphony in A,Symphony,A major,"2 Oboes, 2 Horns, 2 Violins, Viola, Cello, Basso Continuo",
KV 202,186b,Symphony in D,Symphony,D major,"2 Oboes, 2 Horns, 2 Trumpets, 2 Violins, Viola, Cello, Basso Continuo",
KV 203,189b,Symphony in D,Symphony,D major,"2 Oboes, 2 Horns, 2 Clarinos, 2 Violins, 2 Violas, Cello, Basso Continuo",after the Serenade in D KV 203
KV 204,213a,Serenade in D "Finalmusik",Serenade,D major,"2 Flutes, 2 Oboes, 2 Horns, 2 Clarinos, 2 Violins, 2 Violas, Cello, Basso Continuo",
KV 205,167A;173a,Divertimento in D,Divertimento,D major,"2 Horns, 2 Violins, Viola, Basso Continuo",
KV 207,,Concerto in B flat,Concerto,B-flat major,"2 Oboes, 2 Horns, Solo Violin, 2 Violins, Viola, Cello, Basso Continuo",
KV 208,,Il re pastore,Serenata,C major,"2 Flutes, 2 Oboes, 2 Horns, 2 Clarinos, 2 Violins, 2 Violas, Cello, Basso Continuo",Serenata in 2 parts
KV 208,213c;102,(fragment) Symphony in C,Symphony,C major,"Solo Oboe, Flute, 2 Horns, 2 Violins, Viola, Cello, Basso Continuo",after the overture to Il re pastore KV 208
KV 209,,"""Si mostra la sorte""",Aria,D major,"2 Flutes, 2 Horns, 2 Violins, Viola, T, Cello, Basso Continuo",
KV 210,,"""Con ossequio, con rispetto""",Aria,C major,"2 Oboes, 2 Horns, 2 Violins, 2 Violas, T, Cello, Basso Continuo",
KV 211,,Concerto in D,Concerto,D major,"2 Oboes, 2 Horns, Solo Violin, 2 Violins, 2 Violas, Cello, Basso Continuo",
KV 212,,Church sonata in B flat,Sonata,B-flat major,"2 Violins, Organ, Basso Continuo",
KV 213,,Divertimento in F,Divertimento,F major,"2 Oboes, 2 Horns, 2 Bassoons",
KV 214,,March in C,March,C major,"2 Oboes, 2 Horns, 2 Clarinos, 2 Violins, 2 Violas, b",
KV 215,213b,March in D,March,D major,"2 Oboes, 2 Horns, 2 Clarinos, 2 Violins, 2 Violas, Cello, Basso Continuo",
KV 216,,Concerto in G,Concerto,G major,"2 Oboes, 2 Horns, Solo Violin, 2 Violins, 2 Violas, Cello, Basso Continuo",
KV 217,,"""Voi avete un cor fedele""",Aria,G major,"2 Oboes, 2 Horns, 2 Violins, 2 Violas, S, Cello, Basso Continuo",
KV 218,,Concerto in D,Concerto,D major,"2 Oboes, 2 Horns, 2 Violins, 2 Violas, Cello, Basso Continuo",
KV 219,,Concerto in A,Concerto,A major,"2 Oboes, 2 Horns, Solo Violin, 2 Violins, 2 Violas, Cello, Basso Continuo",
KV 220,196b,Missa in C,Mass,C major,"2 C Clarinetts, C-G Timpani, Alto Trombone, Tenor Trombone, Bass Trombone, 2 Violins, Soprano, Alto, Tenor, Basso Continuo, SATB, Basso Continuo, Organ",
KV 222,205a,"""Misericordias Domini""",Offertory,D minor,"2 Violins, Viola, SATB, Cello, Basso Continuo, Bassoon, Organ",pro omni tempore
KV 224,241a,Church sonata in F,Sonata,F major,"2 Violins, Organ, Basso Continuo",
KV 225,241b,Church sonata in A,Sonata,A major,"2 Violins, Organ, Basso Continuo",
KV 228,Anh. 190; 515b,Canon,Canon,F major,"V1, V2, V3, V4",
KV 231,382c,"""Leck mich im Arsch""",Canon,B-flat major,"V1, V2, V3, V4, V5, V6",Work of doubtful authenticity
KV 232,509a,"""Lieber Freist?dtler, lieber Gaulimauli""",Canon,G major,"V1, V2, V3, V4",
KV 237,189c,March in D,March,D major,"2 Oboes, 2 Bassoons, 2 Horns, 2 Clarinos, 2 Violins, Cello, Basso Continuo",
KV 238,,Concerto in B flat,Concerto,B-flat major,"2 Oboes, 2 Horns, Clavier, 2 Violins, Viola, Cello, Basso Continuo",
KV 239,,Serenade in D,Serenade,D major,"2 Solo Violins, Viola, Basso Continuo, Timpani, 2 Violins, Viola, Cello",
KV 240,,Divertimento in B flat,Divertimento,B-flat major,"2 Oboes, 2 Horns, 2 Bassoons",
KV 241,,Church sonata in G,Sonata,G major,"2 Violins, Organ, Basso Continuo",
KV 242,,Concerto in F,Concerto,F major,"2 Oboes, 2 Horns, 3 Solo Claviers, 2 Violins, Viola, Cello, Basso Continuo",
KV 243,,Litaniae de venerabili altaris sacramento "Sakramentslitanei",Litany,E-flat major,"2 Oboes, 2 Horns, Alto Trombone, Tenor Trombone, Bass Trombone, 2 Violins, 2 Violas, SATB, Basso Continuo, Organ",
KV 244,,Church sonata in F,Sonata,F major,"2 Violins, Organ, Basso Continuo",
KV 245,,Church sonata in D,Sonata,D major,"2 Violins, Organ, Basso Continuo",
KV 246,,Concerto in C,Concerto,C major,"2 Oboes, 2 Horns, Clavier, 2 Violins, Viola, Cello, Basso Continuo",
KV 247,,Divertimento in F,Divertimento,F major,"2 Horns, 2 Violins, Viola, Basso Continuo",
KV 248,,March in F,March,F major,"2 Horns, 2 Violins, Viola, Basso Continuo",
KV 249,,March in D,March,D major,"2 Oboes, 2 Bassoons, 2 Horns, 2 Clarinos, 2 Violins, 2 Violas, Cello, Basso Continuo",
KV 250,248b,Serenade in D"Hafner-Musik",Serenade,D major,"2 Oboes, 2 Bassoons, 2 Horns, 2 Clarinos, 2 Violins, 2 Violas, Cello, Basso Continuo",
KV 250,248b;bei 250,Symphony in D,Symphony,D major,"2 Oboes, 2 Bassoons, 2 Horns, 2 Clarinos, 2 Violins, 2 Violas, Cello, Basso Continuo",after the Serenade in D KV 250
KV 251,,Divertimento in D,Divertimento,D major,"Oboe, 2 Horns, 2 Violins, Viola, Basso Continuo",
KV 252,240a,Divertimento in E flat,Divertimento,E-flat major,"2 Oboes, 2 Horns, 2 Bassoons",
KV 253,,Divertimento in F,Divertimento,F major,"2 Oboes, 2 Horns, 2 Bassoons",
KV 254,,Divertimento in B flat,Divertimento,B-flat major,"Violin, Cello, Clavier",
KV 255,,"""Ombra felice!"" ¨C ""Io ti lascio, e questo addio""",Scena,F major,"2 Oboes, 2 Horns, 2 Violins, Viola, Alto, Cello, Basso Continuo",
KV 256,,"""Clarice cara mia sposa dev¡¯essere""",Duetto,D major,"2 Oboes, 2 Horns, 2 Violins, Viola, T, B, Cello, Basso Continuo",
KV 257,,"""Spaur-Messe""",Mass,C major,"2 Oboes, 2 C Clarinos, C-G Timpani, Alto Trombone, Tenor Trombone, Bass Trombone, 2 Violins, SATB, Basso Continuo, Organ",
KV 258,,Missa in C,Mass,C major,"2 Oboes, 2 Clarinos, Timpani, Alto Trombone, Tenor Trombone, Bass Trombone, 2 Violins, SATB, Basso Continuo, Organ",
KV 259,,"""Organ solo mass""",Mass,C major,"2 Oboes, 2 Clarinos, Timpani, Alto Trombone, Tenor Trombone, Bass Trombone, 2 Violins, SATB, Basso Continuo, Organ",
KV 260,248a,"""Venite, populi, venite""",Offertory,D major,"Alto Trombone, Tenor Trombone, Bass Trombone, 2 Violins, S1, A1, T1, B1, S2, A2, T2, B2, Cello, Basso Continuo, Bassoon, Organ",de venerabili sacramento
KV 261,,Adagio in E,Concerto,E major,"2 Flutes, 2 Horns, Solo Violin, 2 Violins, Viola, Cello, Basso Continuo",
KV 262,246a,Missa in C,Mass,C major,"2 Oboes, 2 C Horns, 2 C Clarinos, C-G Timpani, Alto Trombone, Tenor Trombone, Bass Trombone, 2 Violins, SATB, Basso Continuo, Organ",
KV 263,,Church sonata in C,Sonata,C major,"2 Violins, Organ, Basso Continuo",
KV 264,315d,9 Variations on "Lison dormoit dans un boccage",Keyboard Variations,C major,Clavier,
KV 265,300e,"12 Variationson ""Ah, vous dirai-je, Maman""",Keyboard Variations,C major,Clavier,
KV 266,271f,Sonata in B flat,Sonata,B-flat major,"2 Violins, Cello",
KV 267,271c,4 Contredances,Dances,,"2 Oboes, 2 Horns, 2 Violins, Cello, Bassoon, Basso Continuo",
KV 269,261a,Rondo in B flat,Concerto,B-flat major,"2 Oboes, 2 Horns, Solo Violin, 2 Violins, Viola, Cello, Basso Continuo",
KV 270,,Divertimento in B flat,Divertimento,B-flat major,"2 Oboes, 2 Horns, 2 Bassoons",
KV 271,,Concerto in E flat,Concerto,E-flat major,"2 Oboes, 2 Horns, Clavier, 2 Violins, Viola, Cello, Basso Continuo",
KV 272,,"""Ah lo previdi!"" ¨C ""Ah t¡¯invola agl¡¯occhi miei"" ¨C ""Deh, non varcar quell¡¯onda""",Scena,B-flat major,"2 Oboes, 2 Horns, 2 Violins, 2 Violas, S, Cello, Basso Continuo",
KV 273,,"""Sancta Maria, Mater Dei""",Mass,F major,"2 Violins, Viola, SATB, Cello, Basso Continuo, Organ",Gradual in F
KV 274,271d,Church sonata in G,Sonata,G major,"2 Violins, Organ, Basso Continuo",
KV 275,272b,Missa in B flat,Mass,B-flat major,"Alto Trombone, Tenor Trombone, Bass Trombone, 2 Violins, SATB, Basso Continuo, Organ, fag",
KV 276,321b,Regina coeli,Antiphon,C major,"2 Oboes, 2 Clarinos, Timpani, 2 Violins, SATB, Cello, Basso Continuo, Organ",
KV 277,272a,"""Alma Dei creatoris""",Offertory,F major,"Alto Trombone, Tenor Trombone, Bass Trombone, 2 Violins, SATB, Cello, Basso Continuo, Bassoon, Organ",de Beata Maria Virgine
KV 278,271e,Church sonata in C,Sonata,C major,"2 Oboes, 2 Clarinos, Timpani, 2 Violins, Cello, Organ, Basso Continuo",
KV 279,189d,Sonata in C,Sonata,C major,Clavier,
KV 280,189e,Sonata in F,Sonata,F major,Clavier,
KV 281,189f,Sonata in B flat,Sonata,B-flat major,Clavier,
KV 282,189g,Sonata in E flat,Sonata,E-flat major,Clavier,
KV 283,189h,Sonata in G,Sonata,G major,Clavier,
KV 284,205b,Sonata in D,Sonata,D major,Clavier,
KV 285,,Quartet in D,Quartet,D major,"Flute, Violin, Viola, Cello",
KV 286,269a,Notturno in D,Notturno,D major,"2 Horns, 2 Violins, Viola, Basso Continuo",for 4 ensembles
KV 287,271H;271b,Divertimento in B flat,Divertimento,B-flat major,"2 Horns, 2 Violins, Viola, Basso Continuo",
KV 288,246c; 271h; 1776a,(fragment) Allegro in F,Divertimento,F major,"2 Horns, 2 Violins, Viola, Basso Continuo",
KV 289,271g,Divertimento in E flat,Divertimento,E-flat major,"2 Oboes, 2 Horns, 2 Bassoons","for wind ensemble ¨¤ 6
Work of doubtful authenticity"
KV 290,167AB; 173b,March in D,March,D major,"2 Horns, 2 Violins, Viola, Basso Continuo",
KV 292,196c,Sonata in B flat,Sonata,B-flat major,"Bassoon, Cello",presumably for bassoon and basso;Work of doubtful authenticity
KV 293,416g; 416f; 1778c,(fragment) Concerto movement in F,Concerto,F major,"2 Clarinetts, 2 Bassoons, 2 Horns, Solo Oboe, 2 Violins, 2 Violas, Cello, Basso Continuo",
KV 294,,"?Alcandro, lo confesso¡° ¨C ?Non so d¡¯onde viene¡°",Scena,E-flat major,"2 Flutes, 2 Clarinetts, 2 Bassoons, 2 Horns, 2 Violins, 2 Violas, S, Cello, Basso Continuo",
KV 295,,?Se al labbro mio non credi¡°,Aria,B-flat major,"2 Flutes, 2 Oboes, 2 Bassoons, 2 Horns, 2 Violins, 2 Violas, T, Cello, Basso Continuo",
KV 296,,Sonata in C,Sonata,C major,"Violin, Clavier",
KV 297,300a,Sinfonie in D,Symphony,D major,"2 Flutes, 2 Oboes, 2 Clarinetts, Bassoon, 2 Horns, 2 Trumpets, Timpani, 2 Violins, Viola, Cello, Basso Continuo",
KV 298,,Quartet in A,Quartet,A major,"FluteViolin, Viola, Cello",
KV 299,297c,Concerto in C,Concerto,C major,"2 Oboes, 2 Horns, Solo Flute, arp-solo, 2 Violins, 2 Violas, Cello, Basso Continuo",
KV 300,,Gavotte in B flat,,B-flat major,"2 Oboes, 2 Bassoons, 2 Horns, 2 Violins, 2 Violas, Cello, Basso Continuo",
KV 301,293a;I/1,Sonata in G,Sonata,G major,"Violin, Clavier",
KV 302,293b;I/2,Sonata in E flat,Sonata,E-flat major,"Violin, Clavier",
KV 303,293c,Sonata in C,Sonata,C major,"Violin, Clavier",
KV 304,300c,Sonata in e,Sonata,E minor,"Violin, Clavier",
KV 305,293d,Sonata in A,Sonata,A major,"Violin, Clavier",
KV 306,300l,Sonata in D,Sonata,D major,"Violin, Clavier",
KV 307,284d,"""Oiseaux, si tous les ans""",Songs,C major,"Voice, Clavier",Arietta
KV 308,295b,"""Dans un bois solitaire et sombre""",Songs,A-flat major,"Voice, Clavier",
KV 309,284b,Sonata in C,Sonata,C major,Clavier,
KV 310,300d,Sonata in a,Sonata,A minor,Clavier,
KV 311,284c,Sonata in D,Sonata,D major,Clavier,
KV 312,590d; 189i; 1790e,(fragment) Allegro in g,Sonata,G minor,Clavier,
KV 313,285c,Concerto in G,Concerto,G major,"2 Oboes, 2 Horns, Solo Flute, 2 Violins, Viola, Cello, Basso Continuo",
KV 314,deest;271k;285d,Concerto in C,Concerto,D major,"2 Oboes, 2 Horns, Solo Oboe, 2 Violins, Viola, Cello, Basso Continuo",
KV 314,285d,Concerto in D,Concerto,D major,"2 Oboes, 2 Horns, Solo Flute, 2 Violins, Viola, Cello, Basso Continuo","Arrangement, presumably by Mozart, after the Concerto in C, KV 314"
KV 315,285e,Andante in C,Concerto,C major,"2 Oboes, 2 Horns, Solo Flute, 2 Violins, 2 Violas, Cello, Basso Continuo",
KV 316,300b,"""Popoli di Tessaglia! Ah mai pi¨´ giusto"" ¨C ""Io non chiedo, eterni d¨¨i""",Scena,C major,"Oboe, Bassoon, 2 Horns, 2 Violins, Viola, S, Cello, Basso Continuo",
KV 317,,Missa in C,Mass,C major,"Alto Trombone, Tenor Trombone, Bass Trombone, 2 Violins, SATB, Basso Continuo, Organ, fag",
KV 318,,Symphony in G,Symphony,G major,"2 Flutes, 2 Oboes, 2 Bassoons, 4 Horns, 2 Clarinos, Timpani, 2 Violins, 2 Violas, Cello, Basso Continuo",
KV 319,,Symphony in B-flat,Symphony,B-flat major,"2 Oboes, 2 Bassoons, 2 Horns, 2 Violins, 2 Violas, Cello, Basso Continuo",
KV 320,,Concertante in G,Concerto,G major,"2 Oboes,2 Flutes, 2 Bassoons, 2 Horns, 2 Violins, 2 Violas, Cello, Basso Continuo",after the Serenade in D KV 320
KV 320,,Serenade in D "Finalmusik",Serenade,D major,"2 Oboes, 2 Bassoons, 2 Horns, 2 Trumpets, Timpani",
KV 320,deest,Symphony in D,Symphony,D major,"2 Oboes, 2 Bassoons, 2 Horns, 2 Trumpets, Timpani, 2 Violins, 2 Violas, Cello, Basso Continuo",after the Serenade in D KV 320
KV 321,,Vesperae solennes de Confessore,Vespers,C major,"2 Clarinos, Timpani, Alto Trombone, Tenor Trombone, Bass Trombone, 2 Violins, SATB, Cello, Basso Continuo, Bassoon, Organ",
KV 322,296b; Anh. 12; 296a; 1779a,(fragment) Kyrie in E flat,Kyrie,E-flat major,"2 Oboes, 2 Bassoons, 2 Horns, 2 Trumpets, Timpani, 2 Violins, 2 Violas, SATB, Basso Continuo, Organ",
KV 323,Anh. 15; 1790a,(fragment) Kyrie in C,Kyrie,C major,"2 Oboes, 2 Bassoons, 2 Clarinos, Timpani, 2 Violins, Viola, S, A, T, B, Basso Continuo, Organ",
KV 328,317c,Church sonata in C,Sonata,C major,"2 Violins, Organ, Basso Continuo",
KV 329,317a,Church sonata in C,Sonata,C major,"2 Oboes, 2 Horns, 2 Clarinos, Timpani, 2 Violins, Cello, Organ, Basso Continuo",
KV 330,300h,Sonata in C,Sonata,C major,Clavier,
KV 331,Anh. 142;300i;1782g,Sonata in A,Sonata,A major,Clavier,
KV 332,300k,Sonata in F,Sonata,F major,Clavier,
KV 333,315c,Sonata in B flat,Sonata,B-flat major,Clavier,
KV 334,320b,Divertimento in D,Divertimento,D major,"2 Horns, 2 Violins, Viola, Basso Continuo",
KV 336,336d,Church sonata in C,Sonata,C major,"2 Violins, Organ, Basso Continuo",
KV 337,,Missa in C,Mass,C major,"2 Oboes, 2 Bassoons, 2 Clarinos, Timpani, Alto Trombone, Tenor Trombone, Bass Trombone, 2 Violins, SATB, Basso Continuo, Organ",
KV 338,,Symphony in C,Symphony,C major,"2 Oboes, 2 Bassoons, 2 Horns, 2 Trumpets, Timpani, 2 Violins, 2 Violas, Cello, Basso Continuo",
KV 339,,Vesperae solennes de Confessore,Vespers,C major,"2 C Clarinos, C-G Timpani, Alto Trombone, Tenor Trombone, Bass Trombone, 2 Violins, Soprano, Alto, Tenor, Basso Continuo, SATB, Cello, Bassoon, Basso Continuo, Organ",
KV 341,368a,(presumably fragment) Kyrie in D minor,Kyrie,D minor,"2 Flutes, 2 Oboes, 2 Clarinetts, 2 Bassoons, 4 Horns, Timpani, 2 Violins, 2 Violas, SATB, Basso Continuo, Organ",
KV 343,336c,2 German church Songss,Songs,,"Voice, Organ",
KV 344,336b; 1779d,(fragment) Zaide,Singspiel,,"2 Flutes, 2 Oboes, 2 Bassoons, 2 Horns, 2 Trumpets, Timpani, 2 Violins, 2 Violas, Cello, Basso Continuo",Singspiel ("Operette") in 2 acts
KV 345,Anh. 101; 173d; 336a,"Thamos, K?nig in ?gypten, Ch?re, Zwischenaktmusiken (DREI FASSUNGEN)",Incidental Music,,"2 Flutes, 2 Oboes, 2 Bassoons, 2 Horns, 2 Clarinos, C-G Timpani, Alto Trombone, Tenor Trombone, Bass Trombone, 2 Violins, 2 Violas, SATB, Cello, Basso Continuo",
KV 349,367a,"Die Zufriedenheit (""Was frag ich viel after Geld,  Gut"")",Songs,G major,"Voice, Mandolin",
KV 351,367b,"""Komm, liebe Zither, komm""",Songs,C major,"Voice, Mandolin",
KV 352,374c,5 or 8 Variations on "Dieu d¡¯amour",Keyboard Variations,F major,Clavier,
KV 353,300f,"12 Variations on ""Adieu donc, Dame Fran?oise""",Keyboard Variations,E-flat major,Clavier,
KV 354,299a,12 Variations in E flat on "Je suis Lindor",Keyboard Variations,E-flat major,Clavier,
KV 355,,(presumably fragment) Minuet in D,Klavierst¨¹cke,D major,Clavier,Work of doubtful authenticity
KV 356,617a,Adagio in C,Klavierst¨¹cke,C major,Glass Harmonica,
KV 358,186c,Divertimento (Sonata) in B flat,Divertimento,B-flat major,Piano Four Hands,
KV 359,374a,12 Variations on "La berg¨¨re C¨¦lim¨¨ne",Keyboard Variations,G major,"Violin, Clavier",
KV 360,374b,6 Variations on "Au bord d¡¯une fontaine",Keyboard Variations,G minor,"Violin, Clavier",
KV 361,370a,Parthia in B flat,Partita,B-flat major,"2 Oboes, 2 Clairons, 2 Basset Horns, 2 F Horns, 2 Bb Horns, 2 Bassoons, Basso Continuo","for wind ensemble ¨¤ 12,  Kontrabass"
KV 363,,3 Minuets,Dances,,"2 Oboes, 2 Bassoons, 2 Horns, 2 Clarinos, Timpani, 2 Violins, Cello, Basso Continuo",
KV 364,320d,Sinfonia concertante in E flat,Concertante,E-flat major,"2 Oboes, 2 Horns, Solo Violin, Solo Viola, 2 Violins, 2 Violas, Cello, Basso Continuo",
KV 365,316a,Concerto in E flat,Concerto,E-flat major,"2 Oboes, 2 Clarinetts ad libitum, 2 Bassoons, 2 Horns, 2 Trumpets ad libitum, Timpani ad libitum, 2 Solo Claviers, 2 Violins, 2 Violas, Cello, Basso Continuo",
KV 366,,"Idomeneo, re di Creta",Opera,D major,"2 Flutes, 2 Oboes, 2 Clarinetts, 2 Bassoons, 2 Horns, 2 Trumpets, Timpani, 2 Violins, 2 Violas, Cello, Basso Continuo",Opera seria ("Dramma per musica") in 3 acts
KV 367,,Ballet for Idomeneo KV 366,Ballet,,"2 Flutes, 2 Oboes, 2 Bassoons, 2 Horns, 2 Trumpets, Timpani, 2 Violins, 2 Violas, Cello, Basso Continuo",for Idomeneo KV 366
KV 368,,"""Ma che vi fece, o stelle"" ¨C ""Sperai vicino il lido""",Scena,F major,"2 Violins, Viola, S, Cello, Basso Continuo",
KV 369,,"""Misera, dove son! L¡¯aure del Tebro"" ¨C ""Ah non son io che parlo""",Scena,E-flat major,"2 Flutes, 2 Horns, 2 Violins, 2 Violas, S, Cello, Basso Continuo",
KV 370,368b,Quartet in F,Quartet,F major,"Oboe, Violin, Viola, Cello",
KV 371,1781b,(fragment) Rondo in E flat,Dances,E-flat major,"2 Oboes, 2 Horns, Solo Horn, 2 Violins, 2 Violas, Cello, Basso Continuo",
KV 372,Anh. 49; 1781c,(fragment) Sonata movement in B flat,Sonata,B-flat major,"Violin, Clavier",
KV 373,,Rondo in C,Concerto,C major,"2 Oboes, 2 Horns, Solo Violin, 2 Violins, 2 Violas, Cello, Basso Continuo",
KV 374,,"""A questo seno"" ¨C ""Or che il cielo a me ti rende""",Scena,E-flat major,"2 Violins, Viola, S, Cello, Basso Continuo",
KV 375,,Parthia in E flat,Partita,E-flat major,"[2 Oboes], 2 Clarinetts, 2 Horns, 2 Bassoons",for wind ensemble ¨¤ 6 or ¨¤ 8
KV 376,374d,Sonata in F,Sonata,F major,"Violin, Clavier",
KV 377,374e,Sonata in F,Sonata,F major,"Violin, Clavier",
KV 378,317d,Sonata in B flat,Sonata,B-flat major,"Violin, Clavier",
KV 379,373a,Sonata in G,Sonata,G major,"Violin, Clavier",
KV 380,374f,Sonata in E flat,Sonata,E-flat major,"Violin, Clavier",
KV 381,123a,Divertimento (Sonata) in D,Divertimento,D major,Piano Four Hands,
KV 382,175/03 (2); Anh. 209,Concerto movement (Rondo) in D,Concerto,D major,"Flute, 2 Oboes, 2 Horns, 2 Clarinos, Timpani, Clavier, 2 Violins, Viola, Cello, Basso Continuo",
KV 383,,"""Nehmt meinen Dank, ihr holden G?nner!""",Aria,G major,"Flute, Oboe, Bassoon, 2 Violins, Viola, S, Cello, Basso Continuo",
KV 384,,Die Entf¨¹hrung aus dem Serail,Singspiel,,"Piccolo, 2 Oboes, 2 Clarinetts, 2 Bassoons, 2 Horns, 2 Clarinos, C-G Timpani, Triangle, Cymbals, Bass Drum, 2 Violins, 2 Violas, Cello, Basso Continuo",Singspiel in 3 acts
KV 385,,Sinfonie in D ?Hafner-Sinfonie¡°,Symphony,D major,"[2 Flutes], 2 Oboes, [2 Clarinetts], 2 Bassoons, 2 Horns, 2 Clarinos, Timpani, 2 Violins, Viola, Cello, Basso Continuo",
KV 386,,(fragment) Rondo in A,Concerto,A major,"2 Oboes, 2 Horns, Clavier, 2 Violins, Viola, Cello, Basso Continuo",
KV 387,X/1,Quartet in G,Quartet,G major,"2 Violins, Viola, Cello",
KV 388,384a,Parthia in C minor,Partita,C minor,"2 Oboes, 2 Bb Clarinetts, 2 Eb Horns, 2 Bassoons",for wind ensemble ¨¤ 8
KV 389,384A,"(fragment) ""Welch ?ngstliches Beben"" ¨C ""Alles ruhig, alles stille""",Aria,E-flat major,"Flute, Oboe, Bassoon, 2 Horns, 2 Violins, 2 Violas, Belmonte, Pedrillo, Cello, Basso Continuo",to Die Entf¨¹hrung aus dem Serail KV 384
KV 390,340c,"""Ich w¨¹rd auf meinem Pfad mit Tr?nen""",Songs,F major,"Voice, Clavier",
KV 391,340b,"""Sei du mein Trost, verschwiegne Traurigkeit""",Songs,E-flat major,"Voice, Clavier",
KV 392,340a,"""Verdankt sei es dem Glanz der Gro?en""",Songs,F major,"Voice, Clavier",
KV 394,383a,Prelude and Fugue in C,Klavierst¨¹cke,C major,Clavier,
KV 395,300g,4 "Praeambula",Klavierst¨¹cke,C major,Clavier,
KV 396,385f; 1782l,(fragment) Instrumental movement in C minor,,C minor,"Violin, Clavier",
KV 397,385g; 1782e,Fantasia in D minor,Klavierst¨¹cke,D minor,Clavier,
KV 398,416e,"6 variations on ""Salve tu, Domine""",Keyboard Variations,F major,Clavier,
KV 399,385i,(fragment) Suite,Klavierst¨¹cke,C major / C minor,Clavier,
KV 400,372a; 1782d,(fragment) Allegro in B flat,Sonata,B-flat major,Clavier,
KV 401,375e; 1772g,(fragment) Fugue in G minor,Klavierst¨¹cke,G minor,Clavier,presumably for Organ
KV 402,385e; 1781e,"(fragment) Andante in A, Fugue in A minor",,A major / A minor,"Violin, Clavier",
KV 403,385c;1784a,Sonata in C (movement 3 fragment),Sonata,C major,"Violin, Clavier",
KV 404,385d,"(fragment) Andante, Allegretto in C",,C major,"Violin, Clavier",
KV 406,388 (2); 516b,Quintet in c,Quintet,C minor,"2 Violins, 2 Violas, Cello",
KV 407,386c,Quintet in E flat,Quintet,E-flat major,"2 Violins, 2 Violas, Cello",
KV 409,383f,Minuet and Trio,Symphony,C major,"2 Flutes, 2 Oboes, 2 Bassoons, 2 Horns, 2 Clarinos, Timpani, 2 Violins, Viola, Cello, Basso Continuo",
KV 410,484d; 440d,Adagio in F,,F major,"2 F Basset Horns, Bassoon",
KV 411,484a; 440a,Adagio in B flat,Partita,B-flat major,"2 Clarinetts, 3 Basset Horns",
KV 413,387a,Concerto in F,Concerto,F major,"2 Oboes, 2 Horns, [2 Bassoons], Clavier, 2 Violins, Viola, Cello, Basso Continuo",
KV 414,385p;386a,Concerto in A,Concerto,A major,"2 Oboes, 2 Horns, Clavier, 2 Violins, Viola, Cello, Basso Continuo",
KV 415,387b,Concerto in C,Concerto,C major,"2 Oboes, 2 Bassoons, 2 Horns, 2 Trumpets, Timpani, Clavier, 2 Violins, Viola, Cello, Basso Continuo",
KV 416,,"""Mia speranza adorata!"" ¨C ""Ah non sai qual pena sia""",Scena,B-flat major,"Oboe, 2 Violins, 2 Violas, S, Cello, Basso Continuo",
KV 417,,Concerto in E flat,Concerto,E-flat major,"2 Oboes, 2 Horns, Solo Horn, 2 Violins, Viola, Cello, Basso Continuo",
KV 418,,"""Vorrei spiegarvi, oh dio!""",Aria,A major,"2 Oboes, 2 Bassoons, 2 Horns, 2 Violins, 2 Violas, S, Cello, Basso Continuo",
KV 419,,"""No, che non sei capace""",Aria,C major,"2 Oboes, 2 Horns, Timpani, 2 Violins, 2 Violas, S, Cello, Basso Continuo",
KV 420,,"""Per piet¨¤ non ricercate""",Aria,E-flat major,"2 Clarinetts, 2 Bassoons, 2 Horns, 2 Violins, 2 Violas, T, Cello, Basso Continuo",
KV 421,417b; X/2,Quartet in d,Quartet,D minor,"2 Violins, Viola, Cello",
KV 422,1784c,(fragment) L¡¯oca del Cairo,Opera,,"2 Violins, Viola, Auretta, Chichibio, Cello, Basso Continuo",Opera buffa in 2 acts
KV 423,,Duo in G,,G major,"Violin, Viola",
KV 424,,Duo in B flat,,B-flat major,"Violin, Viola",
KV 425,,Symphony in C,Symphony,C major,"2 Oboes, 2 Bassoons, 2 Horns, 2 Clarinos, Timpani, 2 Violins, 2 Violas, Cello, Basso Continuo",
KV 426,,Fugue in C minor,,C minor,2 Claviers,
KV 427,417a; 1782n,Missa in C minor,Mass,C minor,"2 Oboes, 2 Bassoons, 2 Horns, 2 Clarinos, Timpani, Alto Trombone, Tenor Trombone, Bass Trombone, 2 Violins, 2 Violas, S, SATB, Basso Continuo, Organ",(fragment)
KV 428,421b; X/4,Quartet in E flat,Quartet,E-flat major,"2 Violins, Viola, Cello",
KV 429,468a; 420a,"(fragment) ""Dir, Seele des Weltalls""",Cantata,B-flat major,"Flute, 2 Oboes, Clarino, 2 Horns, 2 Violins, 2 Violas, T1, T2, B,?Cello, Basso Continuo, Organ",
KV 430,424a; 1784d,(fragment) Lo sposo deluso o sia La rivalit¨¤ di tre donne per un¡¯ solo amante,Opera,,"2 Flutes, 2 Oboes, 2 Bassoons, 2 Horns, 2 Clarinos, Timpani, 2 Violins, 2 Violas, Cello, Basso Continuo",Opera buffa in 2 acts
KV 431,425b,"""Misero! O sogno, o son desto?"" ¨C ""Aura, che intorno spiri""",Scena,E-flat major,"2 Flutes, 2 Bassoons, 2 Horns, 2 Violins, 2 Violas, T, Cello, Basso Continuo",
KV 432,421a,"""Cos¨¬ dunque tradisci"" ¨C ""Aspri rimorsi atroci""",Scena,F minor,"2 Violins, Viola, B, Cello, Basso Continuo",
KV 433,416c; 1783f,(fragment) "M?nner suchen stets zu naschen" (fragment),Aria,F major,"2 Oboes, 2 Horns, 2 Violins, Viola, Basso Continuo, Cello, Basso Continuo",
KV 434,480b; 424b; 1786e,(fragment) "Del gran regno delle Amazzoni",Quintett,B-flat major,"2 Oboes, 2 Bassoons, 2 Clarinos, 2 Violins, Viola, T, B1, B2, Cello, Basso Continuo",
KV 435,416b; 1783e,(fragment) "M¨¹sst ich auch durch tausend Drachen",Aria,D major,"Flute, Oboe, Clarino, 2 Bassoons, 2 Horns, 2 Clarinos, Timpani, 2 Violins, Viola, T, Cello, Basso Continuo",
KV 440,383h; 1782f,"(fragment) ""In te spero, o sposo amato""",Aria,C major,"S, B",for soprano and Orchestraestra
KV 441,,"Das Bandel ""Liebes Manndel, wo ist¡¯s Bandel?"" (und Begleitung)",Terzetto,G major,"[2 Violins, Viola], S, T, B, Cello, Basso Continuo",
KV 445,320c,March in D,March,D major,"2 Horns, 2 Violins, Viola, Basso Continuo",
KV 446,KV3 416d,(fragment) Pantomime for carnival,Pantomime,,"2 Violins, Viola, Basso Continuo",
KV 447,,Concerto in E flat,Concerto,E-flat major,"2 Clarinetts, 2 Bassoons, Solo Horn, 2 Violins, 2 Violas, Cello, Basso Continuo",
KV 448,375a,Sonata in D,Sonata,D major,2 Claviers,
KV 449,1,Concerto in E flat,Concerto,E-flat major,"2 Oboes, 2 Horns, Clavier, 2 Violins, Viola, Cello, Basso Continuo",
KV 450,2,Concerto in B flat,Concerto,B-flat major,"2 Oboes, 2 Bassoons, 2 Horns, Clavier, 2 Violins, 2 Violas, Cello, Basso Continuo",
KV 451,3,Concerto in D,Concerto,D major,"Flute, 2 Oboes, 2 Bassoons, 2 Horns, 2 Clarinos, Timpani, Clavier, 2 Violins, 2 Violas, Cello, Basso Continuo",
KV 452,4,Quintett in E flat,Quintet,E-flat major,"Oboe, Clarino, Horn, Bassoon, Clavier",
KV 453,5,Concerto in G,Concerto,G major,"Flute, 2 Oboes, 2 Bassoons, 2 Horns, Clavier, 2 Violins, 2 Violas, Cello, Basso Continuo",
KV 454,6,Sonata in B flat,Sonata,B-flat major,"Violin, Clavier",
KV 455,7,5 Variations (fragment) or 10 Variations on "Unser dummer P?bel meint¡°,Keyboard Variations,G major,Clavier,
KV 456,8,Concerto in B flat,Concerto,B-flat major,"Flute, 2 Oboes, 2 Bassoons, 2 Horns, Clavier, 2 Violins, 2 Violas, Cello, Basso Continuo",
KV 457,9,Sonata in C minor,Sonata,C minor,Clavier,
KV 458,X/3; 10,Quartet in B flat,Quartet,B-flat major,"2 Violins, Viola, Cello",
KV 459,11,Concerto in F,Concerto,F major,"Flute, 2 Oboes, 2 Bassoons, 2 Horns, Clavier, 2 Violins, 2 Violas, Cello, Basso Continuo",
KV 460,454a; 1784m,(fragment) 2 Variations on ¡°Come un agnello¡±,Keyboard Variations,A major,Clavier,
KV 461,448a,6 minuets (no. 6 fragment),Dances,,"2 Oboes, 2 Bassoons, 2 Horns, 2 Violins, Cello, Basso Continuo",
KV 462,448b,6 ContreDances,Dances,,"2 Oboes, 2 Horns, 2 Violins, Cello, Basso Continuo",for 2 violins and bass or for Dances ensemble
KV 464,X/5; 12,Quartet in A,Quartet,A major,"2 Violins, Viola, Cello",
KV 465,X/6; 13,Quartet in C,Quartet,C major,"2 Violins, Viola, Cello",
KV 466,14,Concerto in D minor,Concerto,D minor,"Flute, 2 Oboes, 2 Bassoons, 2 Horns, 2 Clarinos, Timpani, Clavier, 2 Violins, 2 Violas, Cello, Basso Continuo",
KV 467,16,Concerto in C,Concerto,C major,"Flute, 2 Oboes, 2 Bassoons, 2 Horns, 2 Clarinos, Timpani, Clavier, 2 Violins, 2 Violas, Cello, Basso Continuo",
KV 468,18,Gesellenreise,Songs,B-flat major,"Voice, Clavier/Organ",
KV 469,17; 15,Davide penitente "Cantata a tre voci",Cantata,C minor,"Flute, 2 Oboes, 2 Bassoons, 2 Horns, 2 Clarinos, C- G Timpani, Alto Trombone, Tenor Trombone, Bass Trombone, 2 Violins, 2 Violas, S1, S2, T, SSATB | SATB/SATB, Cello, Basso Continuo",
KV 470,19,Andante in A,,A major,"Solo Violin, 2 Oboes, 2 Horns, 2 Violins, Viola, Cello, Basso Continuo",Lost
KV 471,20,Die Maurerfreude (The Masons' Joy),Cantata,E-flat major,"2 Oboes, Clarino, 2 Horns, 2 Violins, 2 Violas, T, TTB, Cello, Basso Continuo, KlA",
KV 472,21,Der Zauberer,Songs,G minor,"Voice, Clavier",
KV 473,22,"Die Zufriedenheit (""Wie sanft, wie ruhig f¨¹hl ich hier"")",Songs,B-flat major,"Voice, Clavier",
KV 474,23,Die betrogene Welt,Songs,G major,"Voice, Clavier",
KV 475,24,Fantasy c-Moll¨CB-Dur¨Cc-Moll,Sonata,C minor,Clavier,
KV 476,25,Das Veilchen,Songs,G major,"Voice, Clavier",
KV 477,479a; 26,Maurerische Trauermusik,,C minor,"2 Oboes, Clarino, 3 Basset Horns, Contrebassoon, 2 Horns, 2 Violins, 2 Violas, Cello, Basso Continuo",
KV 478,27,Quartet in g,Quartet,G minor,"Violin, Viola, Cello, Clavier",
KV 479,28,"""Dite almeno in che mancai"" / ""Dite almeno in che maniera""",Quartett,E-flat major,"2 Oboes, 2 Bb Clarinetts, 2 Bassoons, 2 Eb Horns, 2 Violins, 2 Violas, S, T, B1, B2, Cello, Basso Continuo",
KV 480,29,¡°Mandolinina amabile¡±,Terzetto,A major,"2 Flutes, 2 Oboes, 2 Clarinetts, 2 Bassoons, 2 Horns, 2 Violins, 2 Violas, S, T, B, Cello, Basso Continuo",
KV 481,30,Sonata in E flat,Sonata,E-flat major,"Violin, Clavier",
KV 482,31,Concerto in E flat,Concerto,E-flat major,"Flute, 2 Clarinetts, 2 Bassoons, 2 Horns, 2 Clarinos, Timpani, Clavier, 2 Violins, 2 Violas, Cello, Basso Continuo",
KV 483,,"""Zur Er?ffnung der Loge""",Songs,B-flat major,"T, Male Choir, Organ",
KV 484,,"""Zum Schluss der Loge""",Songs,G major,"T, TTB, Organ",
KV 485,,Allegro in D,Klavierst¨¹cke,D major,Clavier,
KV 486,32,Der Schauspieldirektor (The Impresario),Singspiel,,"2 Flutes, 2 Oboes, 2 Clarinetts, Timpani, 2 Violins, Viola, Cello, Basso Continuo",Singspiel ("Incidental piece") in 1 act
KV 487,496a,3 or 12 Duos,,E-flat major,2 Eb Horns,"probably for 2 horns; Nos. 2, 4¨C5 and 7¨C12 works of doubtful authenticity"
KV 488,33,Concerto in A,Concerto,A major,"Flute, 2 Clarinetts, 2 Bassoons, 2 Horns, Clavier, 2 Violins, Viola, Cello, Basso Continuo",
KV 489,366/20b; 34,"""Spiegarti non poss¡¯io¡°",Duetto,A major,"2 Oboes, 2 Horns, 2 Violins, 2 Violas, Ilia, Idamante, Cello, Basso Continuo","to Idomeneo, re di Creta KV 366, ZWEITE FASSUNG"
KV 490,366/10b; 35,"""Non pi¨´. Tutto ascoltai¡° ¨C ""Non temer, amato bene¡°",Scena,B-flat major,"2 Violins, 2 Violas, Ilia, Idamante, Cello, Basso Continuo","to Idomeneo, re di Creta KV 366, ZWEITE FASSUNG"
KV 491,36,Concerto in C minor,Concerto,C minor,"Flute, 2 Oboes, 2 Clarinetts, 2 Bassoons, 2 Horns, Trumpet, Timpani, Clavier, 2 Violins, Viola, Cello, Basso Continuo",
KV 492,37,Le nozze di Figaro,Opera,D major,"[2 Flutes, 2 Oboes, 2 A Clarinetts, 2 Bassoons], 2 D Horns, 2 D Clarinos, C-A Timpani, 2 Violins, 2 Violas, Cello, Basso Continuo",Opera buffa ("Commedia per musica¡°) in 4 acts
KV 493,38,Quartet in E flat,Quartet,E-flat major,"Violin, Viola, Cello, Clavier",
KV 494,39,Rondo in F,Sonata,F major,Clavier,
KV 495,40,Concerto in E flat,Concerto,E-flat major,"2 Oboes, 2 Horns, Solo Horn, 2 Violins, Viola, Cello, Basso Continuo",
KV 496,41,Trio in G,Trio,G major,"Violin, Cello, Clavier",
KV 497,42,Sonata in F,Sonata,F major,Piano Four Hands,
KV 498,43,Trio in E flat,Trio,E-flat major,"clar/Violin, Viola, Clavier",
KV 499,44,Quartet in D,Quartet,D major,"2 Violins, Viola, Cello",
KV 500,45,12 Variations on an Allegretto,Keyboard Variations,B-flat major,Clavier,
KV 501,46,Andante in G with five variations,Keyboard Variations,G major,Piano Four Hands,
KV 502,47,Trio in B flat,Trio,B-flat major,"Violin, Cello, Clavier",
KV 503,48,Concerto in C,Concerto,C major,"Flute, 2 Oboes, 2 Bassoons, 2 Horns, 2 Trumpets, Timpani, Clavier, 2 Violins, Viola, Cello, Basso Continuo",
KV 504,49,Symphony in D,Symphony,D major,"2 Flutes, 2 Oboes, 2 Bassoons, 2 Horns, 2 Clarinos, Timpani, 2 Violins, 2 Violas, Cello, Basso Continuo",
KV 505,50,"""Ch¡¯io mi scordi di te?"" ¨C ""Non temer, amato bene""",Scena,E-flat major,"2 Violins, Viola, S, Cello, Basso Continuo",
KV 506,,Lied der Freiheit,Songs,F major,"Voice, Clavier",
KV 509,51,Sechs Deutsche T?nze,Dances,,"[Piccolo, 2 Flutes, 2 Oboes, 2 Clarinetts, 2 Bassoons, 2 Horns, 2 Clarinos, Timpani, 2 Violins, Cello, Basso Continuo]/[Clavier]",
KV 511,52,Rondo in a,Klavierst¨¹cke,A minor,Clavier,
KV 512,53,"""Alcandro, lo confesso"" ¨C ""Non so donde viene""",Scena,F major,"Flute, 2 Oboes, 2 Bassoons, 2 Horns, 2 Violins, 2 Violas, B, Cello, Basso Continuo",
KV 513,54,"""Mentre ti lascio, oh figlia""",Aria,E-flat major,"Flute, 2 Clarinetts, 2 Bassoons, 2 Horns, 2 Violins, 2 Violas, B, Cello, Basso Continuo",
KV 515,55,Quintet in C,Quintet,C major,"2 Violins, 2 Violas, Cello",
KV 516,56,Quintet in g,Quintet,G minor,"2 Violins, 2 Violas, Cello",
KV 517,57; 1787w,(fragment) Die Alte,Songs,E minor,"Voice, Clavier",
KV 518,58; 1787x,(fragment) Die Verschweigung,Songs,F major,"Voice, Clavier",
KV 519,59,Die Trennung,Songs,F minor,"Voice, Clavier",
KV 520,626b/11; Anh. 109g/11; 60,Als Luise die Briefe ihres ungetreuen,Songs,C minor,"Voice, Clavier",Liebhabers verbrannte
KV 521,61,Sonata in C,Sonata,C major,Piano Four Hands,
KV 522,62,Ein musikalischer Spa? [A Musical Joke],Divertimento,F major,"2 Horns, 2 Violins, Viola, Basso Continuo",
KV 523,63,Abendempfindung,Songs,F major,"Voice, Clavier",
KV 524,64,An Chloe,Songs,E-flat major,"Voice, Clavier",
KV 525,65,Eine kleine Nachtmusik [A Little Night Music],Divertimento,G major,"2 Violins, Viola, Cello, Basso Continuo",(fragment)
KV 526,66,Sonata in A,Sonata,A major,"Violin, Clavier",
KV 527,67,Il dissoluto punito o sia Il Don Giovanni,Opera,D minor,"2 Flutes, 2 Oboes, 2 A Clarinetts, 2 Bassoons, 2 D Horns, 2 D Clarinos, D-A Timpani, Mandolin, 2 Violins, Viola, Cello, Basso Continuo",Opera buffa ("Dramma giocoso") in 2 acts
KV 528,68,"""Bella mia fiamma, addio. Non piacque al cielo¡° ¨C ""Resta, oh cara; acerba morte¡°",Scena,C major,"2 Violins, Viola, S, Cello, Basso Continuo",
KV 529,69,Des kleinen Friedrichs Geburtstag,Songs,F major,"Voice, Clavier",
KV 530,70,Das Traumbild,Songs,E-flat major,"Voice, Clavier",
KV 531,71,Die kleine Spinnerin,Songs,C major,"Voice, Clavier",
KV 533,72,Sonata in F,Sonata,F major,Clavier,
KV 534,"Anh. C 13.06,17; 73",Contredanse in D Das Donnerwetter [The Tempest],Dances,D major,"Flautino, 2 Oboes, 2 Horns, Snare Drum, 2 Violins, Cello, Basso Continuo",
KV 535,74,ContreDances in C La Bataille,Dances,C major,"Flautino, 2 Clarinetts, Bassoon, Trumpet, Snare Drum, 2 Violins, Cello, Basso Continuo",
KV 536,75,6 German Dances,Dances,,"[[Flautino, 2 Flutes], 2 Oboes/2 Clarinetts, 2 Bassoons, 2 Horns/2 Clarinos, Timpani], 2 Violins, Cello, Basso Continuo",
KV 537,76,(fragment) Concerto in D,Concerto,D major,"Flute, 2 Oboes, 2 Bassoons, 2 Horns, 2 Clarinos, Timpani, Solo Clavier, 2 Violins, Viola, Cello, Basso Continuo",
KV 538,77,"""Ah se in ciel, benigne stelle""",Aria,F major,"2 Oboes, 2 Bassoons, 2 Horns, 2 Violins, 2 Violas, S, Cello, Basso Continuo",
KV 539,78,"""Ich m?chte wohl der Kaiser sein¡°",Aria,A major,"Piccolo, 2 Oboes, 2 Bassoons, 2 A Horns, Cymbals, Bass Drum, 2 Violins, 2 Violas, B, Cello, Basso Continuo",
KV 540,79,Adagio in B minor,Klavierst¨¹cke,B minor,Clavier,
KV 541,83,"""Un bacio di mano¡°",Aria,F major,"Flute, 2 Oboes, 2 Bassoons, 2 Horns, 2 Violins, 2 Violas, B, Cello, Basso Continuo",Ariette
KV 542,84,Trio in E,Trio,E major,"Violin, Cello, Clavier",
KV 543,85,Symphony in E flat,Symphony,E-flat major,"Flute, 2 Bb Clarinetts, 2 Bassoons, 2 Eb Horns, 2 Eb Clarinos, Eb-Bb Timpani, 2 Violins, Viola, Cello, Basso Continuo",
KV 544,86,Marche in D,March,D major,"FluteHorn, Violin, Viola, Cello",Lost
KV 545,87,Sonata in C,Sonata,C major,Clavier,
KV 546,88,Adagio and Fuge,Fugue,C minor,"2 Violins, Viola, Cello, Basso Continuo",
KV 547,89,Sonata in F,Sonata,F major,"Violin, Clavier",
KV 548,90,Trio in C,Trio,C major,"Violin, Cello, Clavier",
KV 549,91,"""Pi¨´ non si trovano""",Terzetto,B-flat major,"3 Basset Horns, S1, S2, B",
KV 550,92,Symphony in G minor,Symphony,G minor,"Flute, 2 Oboes, [2 Bb Clarinetts], 2 Bassoons, Bb Alto Horn, G Horn, 2 Violins, Viola, Cello, Basso Continuo",
KV 551,93,Symphony in C,Symphony,C major,"Flute, 2 Oboes, 2 Bassoons, 2 C Horns, 2 C Clarinos, C-G Timpani, 2 Violins, Viola, Cello, Basso Continuo",
KV 552,94,Beim Auszug in das Feld,Songs,A major,"Voice, Clavier",
KV 553,95,"""Alleluja""",Canon,C major,"V1, V2, V3, V4",
KV 554,95,"""Ave Maria""",Canon,F major,"V1, V2, V3, V4",
KV 555,95,"""Lacrimoso son¡¯io""",Canon,A minor,"V1, V2, V3, V4",
KV 556,95,"""Grechtelt¡¯s enk""/""Grechtelseng""",Canon,G major,"V1, V2, V3, V4",
KV 557,95,"""Nascoso ¨¨ il mio sol""",Canon,F minor,"V1, V2, V3, V4",
KV 558,95,"""Gehn wir im Prater, gehn wir in d¡¯Hetz""",Canon,B-flat major,"V1, V2, V3, V4",
KV 559,96,"""Difficile lectu mihi Mars""",Canon,F major,"V1, V2, V3",
KV 560,95,"""O du eselhafter ¡­""",Canon,G major / F major,"V1, V2, V3, V4",
KV 561,95,"""Bona nox! bist a rechta Ox""",Canon,A major / G major,"V1, V2, V3, V4",
KV 562,96,"""Caro bell¡¯idol mio""",Canon,A major,"V1, V2, V3",
KV 563,97,Divertimento in E flat,Divertimento,E-flat major,"Violin, Viola, Cello",
KV 564,98,Trio in G,Trio,G major,"Violin, Viola, Clavier",
KV 567,100,Sechs German Dances,Dances,,"2 Clarinetts, 2 Bassoons, 2 Horns, 2 Violins, Cello, Basso Continuo",or for 2 violins and basso
KV 568,101,12 Minuets,Dances,,"2 Oboes, 2 Bassoons, 2 Clarinos, Timpani, 2 Violins, Cello, Basso Continuo",
KV 569,102,"""Ohne Zwang, aus eignem Triebe¡°",Aria,,,probably for tenor or bass and Orchestraestra;verschollen
KV 570,103,Sonata in B flat,Sonata,B-flat major,Clavier,
KV 571,104,6 German Dances,Dances,,"Flute, 2 Oboes, 2 Bassoons, 2 Clarinos, Timpani, 2 Violins, Cello, Basso Continuo",
KV 573,105,"6 or Nine variations, respectively on a minuet by Jean-Pierre Duport",Keyboard Variations,D major,Clavier,
KV 574,106,Gigue in G,Klavierst¨¹cke,G major,Clavier,
KV 575,107,Quartet in D,Quartet,D major,"2 Violins, Viola, Cello",
KV 576,108,Sonata in D,Sonata,D major,Clavier,
KV 577,492/28a; 109,"""Al desio di chi t¡¯adora""",Aria,F major,"2 F Basset Horns, 2 Bassoons, 2 F Horns, 2 Violins, Viola, Soprano, Cello, Basso Continuo",Rond¨° for Le nozze di Figaro KV 492 (2nd version)
KV 578,110,"""Alma grande e nobil core""",Aria,B-flat major,"2 Oboes, 2 Bassoons, 2 Horns, 2 Violins, 2 Violas, S, Cello, Basso Continuo",
KV 579,492/13a,"""Un moto di gioia""",Aria,G major,"Flute, Oboe, Bassoon, 2 G Horns, 2 Violins, 2 Violas, Susanna, Cello, Basso Continuo",for Le nozze di Figaro KV 492 (2nd version)
KV 580,111; 1789h,(fragment) "Schon lacht der holde Fr¨¹hling",Aria,B-flat major,"2 Clarinetts, 2 Bassoons, 2 Horns, 2 Violins, Viola, S, Cello, Basso Continuo",
KV 581,112,Quintet in A,Quintet,A major,"A Clarinet, 2 Violins, Viola, Cello",
KV 582,113,"""Chi sa, chi sa qual sia""",Aria,C major,"2 Clarinetts, 2 Bassoons, 2 Horns, 2 Violins, Viola, S, Cello, Basso Continuo",
KV 583,114,"""Vado, ma dove? oh d¨¨i!""",Aria,E-flat major,"2 Clarinetts, 2 Bassoons, 2 Horns, 2 Violins, 2 Violas, S, Cello, Basso Continuo",
KV 584,588/15a; 115,"""Rivolgete a lui lo sguardo""",Aria,D major,"2 Oboes, 2 Bassoons, 2 Clarinos, Timpani, 2 Violins, 2 Violas, Guglielmo, Cello, Basso Continuo",for Cos¨¬ fan tutte KV 588
KV 585,116,12 Minuets,Dances,,"2 Oboes, 2 Bassoons, 2 Clarinos, Timpani, 2 Violins, Cello, Basso Continuo",or for 2 violins and basso
KV 586,117,12 German Dances,Dances,,"2 Oboes, 2 Bassoons, 2 Clarinos, Timpani, tambrin, 2 Violins, Cello, Basso Continuo",
KV 587,117,Contredances "Der Sieg vom Helden Coburg",Dances,C major,"Flute, Oboe, Bassoon, Clarino, 2 Violins, Cello, Basso Continuo",
KV 588,118,Cos¨¬ fan tutte o sia La scuola degli amanti,Opera,,"2 Flutes, 2 Oboes, 2 Clarinetts, 2 Bassoons, 2 Horns, 2 Clarinos, Timpani, 2 Violins, Viola, Cello, Basso Continuo",Opera buffa ("Dramma giocoso") in 2 Akten
KV 589,119,Quartet in B flat,Quartet,B-flat major,"2 Violins, Viola, Cello",
KV 590,120,Quartet in F,Quartet,F major,"2 Violins, Viola, Cello",
KV 593,121,Quintet in D,Quintet,D major,"2 Violins, 2 Violas, Cello",
KV 594,626b/06; Anh. 109g/06; 122,Adagio and Allegro in F minor,Klavierst¨¹cke,F minor,Mechanical Organ,
KV 595,123,Concerto in B flat,Concerto,B-flat major,"Flute, 2 Oboes, 2 Bassoons, 2 Horns, Clavier, 2 Violins, Viola, Cello, Basso Continuo",
KV 596,124,Sehnsucht nach dem Fr¨¹hlinge,Songs,F major,"Voice, Clavier",
KV 597,124,Im Fr¨¹hlingsanfange,Songs,E-flat major,"Voice, Clavier",
KV 598,124,Das Kinderspiel,Songs,A major,"Voice, Clavier",
KV 599,125,6 minuets,Dances,,"2 Oboes, 2 Bassoons, 2 Clarinos, Timpani, 2 Violins, Cello, Basso Continuo",
KV 600,126,6 German Dances,Dances,,"2 Flutes, 2 Oboes, 2 Bassoons, 2 Clarinos, Timpani, 2 Violins, Cello, Basso Continuo",
KV 601,127,4 Minuets,Dances,,"2 Flutes, Flautino, 2 Clarinetts, 2 Bassoons, 2 Horns, Timpani, Lira*, 2 Violins, Cello, Basso Continuo",
KV 602,127,4 German Dances,Dances,,"Flute, 2 Clarinetts, 2 Bassoons, 2 Horns, Drehleier, 2 Violins, Cello, Basso Continuo",
KV 603,128,2 Contredances,Dances,,"Piccolo, 2 Oboes, 2 Bassoons, 2 Clarinos, Timpani, 2 Violins, Cello, Basso Continuo",
KV 604,129,2 Minuets,Dances,,"2 Flutes, 2 Clarinetts, 2 Bassoons, 2 Violins, Cello, Basso Continuo",
KV 606,130,6 L?ndlers,Dances,B-flat major,"2 Violins, Cello, Basso Continuo",
KV 607,605a; 130,(fragment) Contredances Il trionfo delle donne,Dances,E-flat major,"Flute, Oboe, Bassoon, 2 Horns, 2 Violins, Cello, Basso Continuo",
KV 608,131,Allegro and Andante,Klavierst¨¹cke,F minor,Mechanical Organ,
KV 609,,5 contredances,Dances,,"Flutetrm, 2 Violins, Cello, Basso Continuo",
KV 610,132,Contredances Les filles malicieuses,Dances,G major,"2 Flutes, 2 Horns, 2 Violins, Cello, Basso Continuo",
KV 611,132,German Dance Die Leierer,Dances,C major,"2 Oboes, 2 Bassoons, 2 Clarinos, Timpani, Drehleier, 2 Violins, Cello, Basso Continuo","also known as German Dances KV 602, No. 3"
KV 612,133,"""Per questa bella mano""",Aria,D major,"Flute, 2 Oboes, 2 Bassoons, 2 Horns, 2 Violins, 2 Violas, Double Bass obligato, B, Cello, Basso Continuo",
KV 613,134,8 Variations on "Ein Weib ist das herrlichste Ding auf der Welt¡°,Keyboard Variations,F major,Clavier,
KV 614,135,Quintet in E flat,Quintet,E-flat major,"2 Violins, 2 Violas, Cello",
KV 615,136,"""Viviamo felici in dolce contento""",,G major,,Chorus lost
KV 616,137,Andante in F,Klavierst¨¹cke,F major,Mechanical Organ,
KV 617,138,Adagio and Rondo in C,,C major,"Glass Harmonica, Flute, Oboe, Viola, Cello",
KV 618,139,Ave verum corpus in D,Hymn,D major,,for Corpus Christi
KV 619,140,"""Die ihr des unermesslichen Weltalls Sch?pfer ehrt""",Cantata,C major,"Voice, Clavier",
KV 620,143; 141,Die Zauberfl?te (The Magic Flute),Singspiel,E-flat major,"Piccolo, 2 Flutes, 2 Oboes, 2 Clarinetts, 2 Basset Horns, 2 Bassoons, 2 Horns, 2 Clarinos, Alto Trombone, Tenor Trombone, Bass Trombone, Timpani, Keyboard Glockenspiel, 2 Violins, 2 Violas, S, A, T, B, SATTBB, Cello, Basso Continuo",Singspiel ("Grand opera¡°) in 2 acts
KV 621,142,La clemenza di Tito (The Clemency of Titus),Opera,C major,"2 Flutes, 2 Oboes, 2 Bb Clarinetts, 2 Bassoons, 2 C Horns, C-G Timpani , 2 Violins, 2 Violas, Cello, Basso Continuo",Opera seria ("Dramma serio") in 3 acts
KV 622,144,Concerto in A,Concerto,A major,"2 Flutes, 2 Bassoons, 2 Horns, Solo Clarino 2 Violins, 2 Violas, Cello, Basso Continuo",
KV 623,145,"""Laut verk¨¹nde unsre Freude""",Cantata,C major,"Flute, 2 Oboes, 2 Horns, 2 Violins, Viola, T1, T2, B, TTB, Cello, Basso Continuo",
KV 626,1791h,(fragment) Requiem in D minor,Mass,D minor,"2 F Horns, 2 Bassoons, 2 D Clairons, D-A Timpani, 2 Violins, Viola, SATB, ?Basso Continuo, Organ",Missa pro defunctis
KV 627,deest,Concerto movement,Concerto,,Clavier,lost
KV 628,deest,Divertimento in C,Divertimento,C major,Piano Four Hands,lost
KV 630,deest,Sonata in D,Sonata,D major,"Violin, Clavier",Work of doubtful authenticity
KV 631,deest; Anh. 11b/1; deest,Arias,Aria,,"Voice, Orchestra",
KV 632,deest; 1765b,(fragment) Instrumental piece in C,,C major,,for Clavier and violin or for 2 violins and bass
KV 633,deest,"""Quel destrier che all¡¯albergo ¨¨ vicino""",Aria,,,for voice and Orchestraestra;Work of doubtful authenticity;Lost
KV 634,deest; No. 44,Polonoise in F,Klavierst¨¹cke,F major,Clavier,Nannerl Music Book;Work of doubtful authenticity
KV 635,deest,(fragment) Piano piece in G,Klavierst¨¹cke,G major,Clavier,
KV 636,deest,Molto allegro in G,Klavierst¨¹cke,G major,Clavier,Nannerl Music Book
KV 637,zu 25; deest,(fragment) "Oragna figata fa marina gamina fa¡°,Songs,C major,"V1, [V2]",
KV 638,zu 159b; deest; 1764e,Instrumental piece in B,Partita,B major,"2 Horns, 2 Oboes, 2 Violins, Cello, Basso Continuo",
KV 639,deest,"""A piece"" for Elector Maximilian III Joseph of Bavaria",,,,Lost
KV 640,zu 33b; Anh. 11b/4; deest,Solos for violin,,,,Lost
KV 641,zu 33b; Anh. 11b/4; deest,Solos for viola da gamba,,,,Lost
KV 642,deest,Aria for Nepomucena Wolff,Aria,,,lost
KV 643,deest,Symphonies,Symphony,,,Lost
KV 644,deest,Arias lost,Aria,,,lost
KV 645,Anh. 11b/2; deest,6 Trios,,,"2 Violins, Cello",Lost
KV 646,deest,"""Cara, se le mie pene¡°",Aria,C major,"2 Horns, Violin, Viola, S, Basso Continuo",
KV 647,deest; 176X/a,(fragment) Aria in D,Aria,D major,"Soprano, Orchestra",
KV 648,deest,Serenade in C,Serenade,C major,"2 Violins, Cello, Basso Continuo",Work of doubtful authenticity
KV 649,deest,Piano piece in C,Klavierst¨¹cke,C major,Clavier,Work of doubtful authenticity
KV 650,deest,Allegro in C,Klavierst¨¹cke,C major,Clavier,"probably keyboard reduction of an Allegro in C for Orchestra
Work of doubtful authenticity"
KV 651,deest,2 Latin motets,Motet,,"S-Kastrat, Orchestra",Lost
KV 652,deest,"""Venti, fulgura, procellae""",Motet,G major,,Work of doubtful authenticity
KV 653,deest,Cassation in C for instrumental ensemble,Cassation,C major,,lost
KV 654,deest,"""O supremum coeli Numen"" Offertory in C",Offertory,C major,,Work of doubtful authenticity
KV 655,deest,"2 Church sonatas in D,  G",Sonata,D major / G major,,Lost
KV 656,deest; 1771a,(fragment) Piano piece in C,Klavierst¨¹cke,C major,Clavier,
KV 657,bei 111; 111/34,(fragment) Ballettmusik zu Ascanio in Alba KV 111,Ballet,,,Werk zweifelhafter Echtheit
KV 658,Anh. C 27.06; Anh. 207,(fragment) Ballet for Ascanio in Alba KV 111,Klavierst¨¹cke,,,Work of doubtful authenticity
KV 659,bei Anh. 207; bei KV Anh. C 27.06; Anh. 207,12 Variations on an instrumental movement,Keyboard Variations,C major,Clavier,Work of doubtful authenticity
KV 660,deest; 1771b,(fragment) Fugue in D minor,Klavierst¨¹cke,D minor,Clavier,
KV 661,zu 61d,4 Minuet movements (No. 4 fragment),Dances,,"2 Oboes, 2 Trumpets, 2 Violins, Basso Continuo",
KV 662,,12 Songss for voice and "Harmoniale",,,"Voice, prob. ""Harmoniale""",Work of doubtful authenticity
KV 663,deest,(fragment) Instrumental piece in E flat,Orchestral,E-flat major,,
KV 664,deest; 626b/44; 1773b/03,(fragment) Melodic notation in B flat Le matelot,,B-flat major,prob. Ensemble,
KV 665,zu 135a; deest,Trio in C,Trio,C major,,
KV 666,Anh. A 50; Anh. 223c; 1773b,(fragment) Instrumental piece in D,,D major,"2 Oboes obbligato, 2 Horns obbligato, 2 Solo Violins, 2 Violins, 2 Violas obbligato, Cello obbligato, Basso Continuo",
KV 667,deest; zu 208/03,"""Campagne amene""",Recitative,C major,"S, Basso Continuo","for ""Aer tranquillo¡° KV 208, No. 3"
KV 668,deest,"""Operetta""",Operetta,,,Lost
KV 669,zu 257/02; 1776a/01; 1776a,Vokal movement in C,,C major,,
KV 670,"626b/34; Anh. 109a, Nr. 3; 1776a/02",Ouverture in D,,D major,,(fragment)
KV 671,Anh. C 15.11,Piano piece in C,Klavierst¨¹cke,C major,Clavier,"Part I known as Modulating Prelude; Teil 2 known as Transition KV 626a, Part II, I"
KV 672,deest,"""Alma Redemptoris Mater¡°",Antiphon,F major,,Lost
KV 673,deest,,Concerto,,"Flute, Orchestra",lost or not realized
KV 674,1778a/02; 1778a,(fragment) 2 Dances movements in D,Dances,D major,,
KV 675,1778b/02; 1778b,(fragment) Instrumental piece,,B-flat major,,
KV 676,,March,,,prob. Orchestra,Lost
KV 677,,Church sonata in C,Sonata,C major,"2 Violins, Organ, Basso Continuo",Lost
KV 678,,Cantata,Cantata,,,lost or not realized
KV 679,bei 375/01; 1781h,(fragment) Instrumental piece in B flat,,B-flat major,"Wind Instruments, Double Bass","probably for wind ensemble ¨¤ 12, double bass"
KV 680,1782r,(fragment) Quartet movement in E,Quartet,E major,"2 Violins, Viola, Cello",
KV 681,1781f,"(fragment) Larghetto, Allegro in E flat",,E-flat major,2 Claviers,
KV 682,bei 385b/01; bei 393/01; 1782¦Ã/02; 1782b,(fragment) Instrumental piece in C,,C major,prob. Ensemble,
KV 683,zu 422; 1783¦É/02,(fragment) "Ho un pensiero nel cervello",Duetto,F major,"Soprano, Tenor, Orchestra",for L¡¯oca del Cairo KV 422
KV 685,1783e/01; 1783c,(fragment) Aria in B flat for bass,Aria,B-flat major,,
KV 686,1783f/02; 1783d,(fragment) Trio movement in C minor,Trio,C minor,"prob. 2 Violins, Cello",
KV 687,bei 271f; 178X/a,(fragment) Trio movement in C,Trio,C major,"2 Violins, Cello",
KV 688,,(fragment) Sonata movement in C,,C major,"Violin, Clavier",
KV 689,,Aria for Margarethe Marchand,Aria,,,lost or not realized
KV 690,deest; 178X/f,(fragment) Instrumental piece in G,Klavierst¨¹cke,G major,Clavier,or for dance ensemble
KV 691,Anh. 109a/[01]; 626b/32 (1); deest; 1785b/1a,(fragment) Melodic notation in F,,F major,,
KV 693,1785¦Ê (1)/02; 1785b,(fragment) Instrumental piece in e,,E minor,,
KV 694,1785a/04; 1785g,Allegro in D,,D major,Orchestra,(fragment)
KV 695,1785a/01; 1785h,(fragment) Piano piece in C,Klavierst¨¹cke,C major,Clavier,
KV 696,1785a/05; 1785m,"Canon in E flat 
f¨¹r 3 sopranos,  basso",Canon,E-flat major,,
KV 697,deest; 178X/d,(fragment) Trio movement in C,Trio,C major,"prob. 2 Violins, Cello",
KV 698,417B1; 417a Anh. a; 1785d/09; 1785k,(fragment) Instrumental piece (theme) in B flat,,B-flat major,,
KV 699,626b/26; Anh. 24; 1785m,"(fragment) ""Ich nenne dich, ohn¡¯ es zu wissen""",Duetto,,"S1, S2, Clavier",
KV 700,zu 492/28; 1785¦È/01,"(fragment) ""Giunse il momento alfine"" ¨C ""Non tardar, amato bene¡°",Scena,F major,"Soprano, Orchestra",for Le nozze di Figaro KV 492
KV 701,deest; 1785c/01; 1785d,(fragment) Melodic notation in C minor,,C minor,,
KV 702,1785c/02; 1785e,(fragment) Melodic notation in C minor,,C minor,,
KV 703,zu 516b; 1787c/02; 1787b,(possibly fragment) Instrumental piece in A flat,,A-flat major,,
KV 704,1787c/03; 1787c,(fragment) Melodic notation in G minor,,G minor,,
KV 705,1787b/02; 1787a,(fragment) Melodic notation in G,,G major,,
KV 706,deest; 178X/2,(fragment) Vocal movement in D minor,,D minor,Voice,
KV 707,deest; 1783Xd/3,(fragment) Credo in D,,D major,,
KV 708,deest; 1788b,(fragment) Adagio in b,Klavierst¨¹cke,B minor,Clavier,
KV 709,1786e/04; 1788f,Melodic notation in C,,C major,prob. Ensemble,
KV 710,1786e/05; 1788g,(fragment) Allegretto in B flat,Klavierst¨¹cke,B-flat major,Piano/Ensemble,
KV 711,zu 532; deest; 1787?/03; 1788f,(fragment) Instrumental piece in B flat,Klavierst¨¹cke,B-flat major,Clavier,or for dance ensemble
KV 712,deest,"""Ahi, cosa veggio!""",Recitative,C major,"Soprano, Orchestra","for the aria ""Vado, ma dove? oh Dei!"" KV 583 Work of doubtful authenticity"
KV 713,deest,"""No, caro, fa coraggio e in me ti fida¡°",Recitative,,"Soprano, Orchestra",Work of doubtful authenticity
KV 714,deest,Der Stein der Weisen oder Die Zauberinsel [The sorcerer's stone or The magic island] (Pasticcio),Pasticcio,,,"Three contributions for Act II, finale
Works of doubtful authenticity"
KV 715,zu 419; deest,"""Ah, da me s¡¯allontani""",Recitative,C major,"Soprano, Orchestra","for the aria""No, che non sei capace"" KV 419 Work of doubtful authenticity"
KV 716,zu 620,"(probably fragment) ""Pamina, wo bist du?""",Duetto,B-flat major,"T, B, Orchestra","for Die Zauberfl?te KV 620
Werk zweifelhafter Echtheit"
KV 717,deest,"""Se mai senti spirarti sul volto"" 
Aria for 1 voice 
verschollen",Aria,,Voice,Work of doubtful authenticity
KV 718,deest,Adagio in F,,F major,"2 Violins, Viola, Cello",lost
KV 720,deest; 73x/03; Anh. 109d; 1772?; 1772?/d,Melodic notation in D,,D major,,
KV 721,Anh. C 8.16; Anh. 255a,Pr¨¹fung des K¨¹ssens "Meine weise Mutter spricht",,,Voice,Lost
"KV 1,01",1e;1,Piano piece in G,Klavierst¨¹cke,G major,Clavier,
"KV 1,02",1f;1,Piano piece in C,Klavierst¨¹cke,C major,Clavier,
KV 107 I,KV3 21b I,"Concerto in D according to the clavier Sonata op. V, 2 by Johann Christian Bach",Concerto,,"vl1, vl2, vlc+b, clav-solo",
KV 107 II,KV3 21b II,"Concerto in G according to the clavier Sonata op. V, 3 by Johann Christian Bach",Concerto,,"vl1, vl2, vlc+b, clav-solo",
KV 107 III,KV3 21b III,"Concerto in E flat according to the clavier Sonata op. V, 4 by Johann Christian Bach",Concerto,,"vl1, vl2, vlc+b, clav-solo",
KV 154a,Anh. A 61/62; Anh. 109 VIII,2 Little fugues,,,presumably Organ,
KV 15a,Anh. 109b/01,Piano piece in F,Klavierst¨¹cke,F major,Clavier,
KV 15aa,deest,Piano piece in B flat,Klavierst¨¹cke,B-flat major,Clavier,
KV 15a-rr,"Anh. 109b;15a-z, 15aa-ss",42 pieces,Klavierst¨¹cke,,Clavier,KV 15nn and KV 15rr fragments
KV 15b,Anh. 109b/02,Piano piece in C,Klavierst¨¹cke,C major,Clavier,
KV 15bb,deest,Piano piece in D,Klavierst¨¹cke,D major,Clavier,
KV 15c,,Piano piece in G,Klavierst¨¹cke,G major,Clavier,
KV 15cc,deest,Piano piece in E flat,Klavierst¨¹cke,E-flat major,Clavier,
KV 15d,deest,Piano piece in D,Klavierst¨¹cke,D major,Clavier,
KV 15dd,deest,Piano piece in A flat,Klavierst¨¹cke,A-flat major,Clavier,
KV 15e,deest,Piano piece in G,Klavierst¨¹cke,G major,Clavier,
KV 15ee,,Piano piece in E flat,Klavierst¨¹cke,E-flat major,Clavier,
KV 15f,deest,Piano piece in C,Klavierst¨¹cke,C major,Clavier,
KV 15ff,Anh. 109b/08,Piano piece in A flat,Klavierst¨¹cke,A-flat major,Clavier,
KV 15g,deest,Piano piece in G,Klavierst¨¹cke,G major,Clavier,
KV 15gg,deest,Piano piece in B flat,Klavierst¨¹cke,B-flat major,Clavier,
KV 15h,deest,Piano piece in D minor,Klavierst¨¹cke,D minor,Clavier,
KV 15hh,deest,Piano piece in F,Klavierst¨¹cke,F major,Clavier,
KV 15i,deest,Piano piece in A,Klavierst¨¹cke,A major,Clavier,
KV 15ii,deest,Piano piece in B flat,Klavierst¨¹cke,B-flat major,Clavier,
KV 15k,deest,Piano piece in A minor,Klavierst¨¹cke,A minor,Clavier,
KV 15kk,deest,Piano piece in E flat,Klavierst¨¹cke,E-flat major,Clavier,
KV 15l,deest,Piano piece in A,Klavierst¨¹cke,A major,Clavier,
KV 15ll,Anh. 109b/09,Piano piece in B flat,Klavierst¨¹cke,B-flat major,Clavier,
KV 15m,Anh. 109b/04,Piano piece in F,Klavierst¨¹cke,F major,Clavier,
KV 15mm,deest,Piano piece in E flat,Klavierst¨¹cke,E-flat major,Clavier,
KV 15n,deest,Piano piece in C,Klavierst¨¹cke,C major,Clavier,
KV 15nn,1764b,Piano piece in F,Klavierst¨¹cke,F major,Clavier,
KV 15o,deest,Piano piece in D,Klavierst¨¹cke,D major,Clavier,
KV 15oo,deest,Piano piece in F,Klavierst¨¹cke,F major,Clavier,
KV 15p,Anh. 109b/03,Piano piece in B flat,Klavierst¨¹cke,G minor,Clavier,
KV 15pp,deest,Piano piece in B flat,Klavierst¨¹cke,B-flat major,Clavier,
KV 15q,deest,Piano piece in B flat,Klavierst¨¹cke,B-flat major,Clavier,
KV 15qq,deest,Piano piece in E flat,Klavierst¨¹cke,E-flat major,Clavier,
KV 15r,Anh. 109b/07,Piano piece in B flat,Klavierst¨¹cke,G minor,Clavier,
KV 15rr,deest;1764c,Piano piece in C [Menuetto],Klavierst¨¹cke,C major,Clavier,
KV 15s,deest,Piano piece in C,Klavierst¨¹cke,C major,Clavier,
KV 15ss,deest; 1764d,(fragment) Fugue in C,,C major,"SATB, Basso Continuo",London Music Book
KV 15t,Anh. 109b/05,Piano piece in F,Klavierst¨¹cke,F major,Clavier,
KV 15u,deest,Piano piece in D minor,Klavierst¨¹cke,D minor,Clavier,
KV 15v,deest,Piano piece in F,Klavierst¨¹cke,F major,Clavier,
KV 15w,deest,Piano piece in B flat,Klavierst¨¹cke,B-flat major,Clavier,
KV 15x,Anh. 109b/06,Piano piece in F,Klavierst¨¹cke,F major,Clavier,
KV 15y,,Piano piece in G,Klavierst¨¹cke,G major,Clavier,
KV 15z,deest,Piano piece in C,Klavierst¨¹cke,C minor,Clavier,
KV 166f,Anh. 18; 1772a,(fragment) Kyrie in C,Kyrie,C major,,
KV 166g,Anh. 19; 1772¦Ã/01; 1772b,(fragment) Kyrie in D,Kyrie,D major,,
KV 168a,deest,Minuet in F,Dances,F major,"2 Violins, Viola, Cello",
"KV 173,01",zu 173/04,Fugue in D minor,,D minor,"2 Violins, Viola, Cello",
KV 196a,Anh. 16; 1787a,(fragment) Kyrie in G,Kyrie,G major,,
KV 196e,Anh. C 17.01;Anh. 226,Divertimento in E flat,Divertimento,E-flat major,Wind Instruments,for wind ensemble ¨¤ 8 or ¨¤ 6;Work of doubtful authenticity
KV 196f,Anh. C 17.02;Anh. 227,Divertimento in B flat,Divertimento,B-flat major,Wind Instruments,for wind ensemble ¨¤ 6 or ¨¤ 8;Work of doubtful authenticity
KV 196g,384c; Anh. 96; 1782?/01; 1781d,(fragment) Instrumental movement in B flat,,B-flat major,Wind Instruments,for wind ensemble ¨¤ 8
KV 19a,Anh. 223,Symphony in F,Symphony,F major,"2 Oboes, 2 Horns, 2 Violins, Viola, Cello, Basso Continuo",
KV 19b,Anh. 222,Symphony in C,Symphony,C major,Orchestra,Work of doubtful authenticity;lost
KV 19d,,Sonata in C,Sonata,C major,Piano Four Hands,Work of doubtful authenticity
KV 1a,,Andante in C,Klavierst¨¹cke,C major,Clavier,
KV 1b,,Allegro in C,Klavierst¨¹cke,C major,Clavier,
KV 1c,,Allegro in F,Klavierst¨¹cke,F major,Clavier,
KV 1d,deest,Menuetto in F,Klavierst¨¹cke,F major,Clavier,
KV 206a,KV1 deest,Concerto in F,Concerto,F major,"Cello, Orchestra","lost
Work of doubtful authenticity;lost"
KV 209a,deest; 1772e,"""Un dente guasto e gelato""",Aria,D major,"Bass, Horn, Violin, Basso Continuo",(fragment)
KV 21a,Anh. 206,Variations in A,Keyboard Variations,A major,Clavier,lost
KV 246b,320B; deest; 1772f,(fragment) Instrumental piece in D,,D major,"2 Horns, 2 Violins, Viola, Basso Continuo",
KV 258a,Anh. 13; 1787b,(fragment) Kyrie in C,Kyrie,C major,,
KV 271a,271i;deest,Concerto in D,Concerto,D major,"2 Oboes, 2 Horns, Solo Violin, 2 Violins, Viola, Cello, Basso Continuo",Work of doubtful authenticity
KV 284f,deest,Rondo,Klavierst¨¹cke,,Clavier,lost
KV 285a,,Quartet in G,Quartet,G major,"FluteViolin, Viola, Cello",Work of doubtful authenticity
KV 285b,Anh. 171,Quartet in C,Quartet,C major,"FluteViolin, Viola, Cello",
"KV 291,01",Anh. A 52; Anh. 109 XI; zu 291,Adagio in D,Orchestral,G major,Orchestra,Work of doubtful authenticity
"KV 296c,01",296c; deest; 1779¦Á,(fragment) Sanctus in E flat,,E-flat major,,
"KV 296c,01-02",deest; 1779¦Á,(fragment) Two vocal movements in E flat,,E-flat major,Voices,
"KV 296c,02",296c; deest; 1779¦Á,(fragment) Vokal movement in E flat,,E-flat major,Voice,
KV 297a,Anh. 1,Miserere in E flat (Pasticcio),Miserere,E-flat major,"Solo Voices, Choir, Orchestra",
KV 297b,297B; Anh. 9,Symphonie concertante,Concertante,,"Flute, Bassoon, Horn, Orchestra",lost
KV 299b,Anh. 10,Les petits riens (Pasticcio) Ballet Pantomime,Ballet,,,
KV 299c,1778? (1)-(2),(fragment) Ballet Pantomime,Ballet,,,
KV 300g,,Prelude in C,Klavierst¨¹cke,C major,Clavier,lost
KV 311A,Anh. 8,Symphony,Symphony,,Orchestra,Lost or not identified
KV 315a,,(presumably fragment) 8 Minuets,Dances,,Dances ensemble or Clavier,
KV 315b,Anh. 3,Scena,Scena,,"Soprano, Instruments obligato, Orchestra",Lost
KV 315e,Anh. 11,"Semiramis 
Duodrama",,,,"(fragment) 
lost"
KV 315f,Anh. 56;1778b,(fragment) Concerto in D,Concerto,D major,"2 Flutes, 2 Oboes, 2 Horns, 2 Trumpets, Timpani, Solo Violin, Solo Harpsichord, 2 Violins, 2 Violas, Cello, Basso Continuo",
"KV 315g,08",315a/08b,Piano piece in C,Klavierst¨¹cke,C major,Clavier,Work of doubtful authenticity
KV 320e,Anh. 104;1779b,(fragment) Sinfonia concertante in A,Concertante,A major,"Violin, Viola, Cello, Orchestra",
KV 320f,299d; Anh. 103; 1778a,(fragment) Instrumental movement La chasse,,A major,Orchestra,
KV 321a,1779c,(fragment) Magnificat in C,Magnificat,C major,,
KV 323a,Anh. 20; 1787c,(fragment) Gloria in C,Gloria,C major,,
KV 32a,deest,Music book for Clavier,Klavierst¨¹cke,,Clavier,lost or not identified
"KV 335,01",320a/01,March in D,March,D major,Orchestra,
"KV 335,01-02",320a; 335,2 Marches in D,March,D major,Orchestra,
"KV 335,02",320a/02,March in D,March,D major,Orchestra,
KV 33a,Anh. 11b/4; deest,Solos for flute,,,"Flute, Bassoon, Horn, Orchestra",¡ìlost
KV 33b,Anh. 11b/4; deest,Solos for violoncello,,,Cello,¡ìlost
KV 33c,Anh. 11b/3; deest,Stabat mater,Stabat mater,,"V1, V2, V3, V4",Lost
KV 33d,Anh. 199,Sonata in G,Sonata,G major,Clavier,lost
KV 33e,Anh. 200,Sonata in B flat,Sonata,B-flat major,Clavier,lost
KV 33f,Anh. 201,Sonata in C,Sonata,C major,Clavier,lost
KV 33g,Anh. 202,Sonata in F,Sonata,F major,Clavier,Work of doubtful authenticity;lost
KV 33h,deest,Piece for horn,,,Horn,
"KV 343,01",336c/01,"""O Gotteslamm, dein Leben""",Songs,F major,"Voice, Basso Continuo",
"KV 343,02",336c/02,"""Als aus ?gypten Israel, vom Volke der Barbaren""",Songs,C major,"Voice, Basso Continuo",
"KV 345,01",Anh. B zu 336a/01; deest,"""Splendente te, Deus""/""Preis dir, Gottheit""",,,"Choir, Orchestra",
"KV 345,01,06,07b",,"3 Movements after Thamos, K?nig in ?gypten KV 345",,,"Choir, Orchestra",Versions of unknown authorization
"KV 345,06",Anh. B zu 336a/06; Anh. 121,"""Jesu, Rex tremendae Majestatis""",,,"Choir, Orchestra",
"KV 345,07b",Anh. B zu 336a/07; Anh. 122,"""Ne pulvis et cinis superbe te geras""/ ""Ob f¨¹rchterlich tobend sich St¨¹rme erheben""",,,"2 Flutes, 2 Oboes, 2 Bassoons, 2 Horns, 2 Clarinos, Timpani, Alto Trombone, Tenor Trombone, Bass Trombone, 2 Violins, 2 Violas, Bass, SATB, Cello, Basso Continuo",
"KV 357,01",497a; 1787i,(fragment) Allegro in G,,G major,Piano Four Hands,(fragment)
"KV 357,02",500a; 497a; 1791a,(fragment) Piece in G,,G major,Piano Four Hands,
KV 365a,Anh. 11a,"""Wie grausam ist, o Liebe, nicht dein Spiel"" ¨C ""Die neugeborne Ros entz¨¹ckt""",Aria,A major,"Soprano, Orchestra","Recitativo,  aria for soprano,  Orchestra (fragment)"
KV 370b,Anh. 98b; zu 371; Anh. 97; 1781a,(fragment) Concerto movement,Concerto,E-flat major,"2 Oboes, 2 Horns, Solo Horn, 2 Violins, 2 Violas, Cello, Basso Continuo",
KV 374g,Anh. 46; 1782a,Andantino in B flat,,B-flat major,"Clavier, Cello",(fragment)
KV 375b,Anh. 42; 1782b,(fragment) Sonata movement in B flat,,B-flat major,2 Claviers,
KV 375c,Anh. 43; 1782c,(fragment) Sonata movement in B flat,,B-flat major,2 Claviers,
KV 375d,Anh. 45; 1785a,(fragment) Fugue in G,,G major,2 Claviers,
KV 383C,Anh. 32; 1789¦Ã/01; 1790b,(fragment) Fantasia in F minor,Klavierst¨¹cke,F minor,Clavier,
KV 383d,383c; Anh. 38; 1783a,Piano piece in C,Klavierst¨¹cke,C major,Clavier,
KV 383g,Anh. 100; 1782t,(fragment) Symphonic movement in E flat,,E-flat major,,lost
KV 384B,deest; 1782f/01; 1782g,(fragment) Instrumental movement in E flat,,E-flat major,Wind Instruments,for wind ensemble ¨¤ 8
KV 384b,deest; 1782h,March in B flat,,B-flat major,Wind Instruments,for wind ensemble ¨¤ 8 (fragment)
"KV 385h,01",385h; Anh. 34 Nr.1; 1786a [I],(fragment) Adagio in D minor,Klavierst¨¹cke,D minor,Clavier,
"KV 385h,01-02",,2 Instrumental movements,,,,
"KV 385h,02",576a; Anh. 34 Nr.2; 1786a [II],(fragment) Minueto movement in D,Dances,D major,Clavier/Strings,
KV 386d,Anh. 25; 1782¦Å,(fragment) Sineds Bardengesang auf Gibraltar,Songs,D major,"S, Male Choir, Clavier/Orchestra",
KV 387c,452b; Anh. 55; 1784e,(fragment) Instrumental piece in D,,D major,"Piano, 2 Horns, 2 Violins, Basso Continuo",
"KV 404,01",385d/01,(presumably fragment) Andante in C,,C major,"Violin, Clavier",
"KV 404,02",385d/02; 1785b,(fragment) Allegretto in C,,C major,"Clavier, Violin",
"KV 408,01",383e,Marsch in C,March,C major,Clavier/Orchestra,
"KV 408,02",385a,March in D,March,D major,Orchestra,
"KV 408,03",383F,March in C,March,C major,Orchestra,
"KV 412, 01-02",386b; 514,2 Concerto movements in D,Concerto,D major,"2 Oboes, 2 Bassoons, Solo Horn, 2 Violins, 2 Violas, Cello, Basso Continuo",
"KV 412,01",386b/01; 412/01,(fragment) Konzertsatz in D,Concerto,D major,"2 Oboes, 2 Bassoons, Solo Horn, 2 Violins, 2 Violas, Cello, Basso Continuo",
"KV 412,02",386b; 1791d,(fragment) Rondo in D,,D major,"2 Oboes, 2 Bassoons, Solo Horn, 2 Violins, 2 Violas, Cello, Basso Continuo",
KV 416a,Anh. 28; deest,"Der Diener zweier Herren ,Singspiel",Singspiel,,,presumably not realized
KV 417d,Anh. 84; 1789b,(fragment) Allegro in E minor,,E minor,"2 Violins, Viola, Cello",(fragment)
KV 41a,deest,6 divertimentos,Divertimento,,,Lost
"KV 41b,01",,"""Many pieces"" for wind instruments",,,Wind Instruments,$lost
"KV 41b,01-02",41b; deest,Pieces in various instrumentations,Partita,,,Lost
"KV 41b,02",Anh. 11b/5,"""Intradas""",,,"Trumpets, Timpani",$lost
KV 41c,Anh. 11b/6; deest,"""Several marches""",March,,,lost
KV 41d,deest,"""Many minuets""",,,,lost
KV 41e,deest,Fugue,Klavierst¨¹cke,,Clavier,lost
KV 41f,Anh. 11b/7; deest,Fugue,,,"V1, V2, V3, V4",Lost
KV 41g,deest,"""Night music""",,,"2 Violins, Basso Continuo",lost
KV 422a,Anh. 14; 1787e,(fragment) Kyrie in D,,D major,2 Claviers,
"KV 423,03",,Rondo in G,Klavierst¨¹cke,G major,Clavier,Version of unknown authorization
KV 426a,Anh. 44; 1785d,(fragment) Allegro in C minor,,C minor,,(fragment)
KV 439b,Anh. 229a; Anh. 229,25 or 30 pieces,,F major,3 F Horns,Works of doubtful authenticity
KV 43a,Anh. 24a; 1767a,"¡°Ach, was m¨¹ssen wir erfahren!¡±",Duetto,F major,"S1, S2",
KV 440b,484b; Anh. 95; 1786f,(fragment) Allegro assai in B flat,,B-flat major,"2 Clarinetts, 3 Basset Horns",
KV 440c,484c; Anh. 93; 1787g,(fragment) Adagio in F,,F major,"Clarinet, 3 Basset Horns",
KV 441a,deest; 1787d/02,"(fragment) ""Ja! gr¨¹? dich Gott, mein liebes Schatzerl""",Songs,A major,B [+Orchestra],
"KV 442,01",1785e,(fragment) Trio movement in D minor,Trio,D minor,"Violin, Clavier, Cello",
"KV 442,01-03","442; 1785e, 1786c  1787f",3 Trio movements,Trio,,"Violin, Clavier, Cello",
"KV 442,02",1786c,(fragment) Tempo di Minueto in G,,G major,"Violin, Clavier, Cello",
"KV 442,03",1787f,(fragment) Allegro in D,,D major,"Violin, Clavier, Cello",(fragment)
KV 452a,Anh. 54; 1783¦È; 1783g,Quintet movement in B flat,Quintet,B-flat major,"Oboe, Clarino, Basset Horn, Bassoon, Clavier",
KV 452c,Anh. 65; 1784f,(fragment) Concerto movement in C,Concerto,C major,"Flute, 2 Oboes, 2 Bassoons, 2 Horns, Clavier, 2 Violins, Viola, Cello, Basso Continuo",
KV 453a,deest,Marche funebre,March,C minor,Clavier,
KV 458a,Anh. 75; 1790c,(fragment) Minuet in B flat,,B-flat major,"2 Violins, Viola, Cello",
KV 458b,Anh. 71; 1789c,(fragment) Quartet movement in B flat,Quartet,B-flat major,"2 Violins, Viola, Cello",
KV 45a,Anh. 221,Symphony in G,Symphony,G major,Orchestra,
KV 45b,Anh. 214,Symphony in B flat,Symphony,B-flat major,Orchestra,Work of doubtful authenticity
"KV 463,01",448c/01,Minuet with inserted contredances,Dances,,"2 Oboes, Bassoon, 2 Horns, 2 Violins, Cello, Basso Continuo",
"KV 463,02",448c/02,Minuet in B flat with inserted Contredances,Dances,B-flat major,"2 Oboes, Bassoon, 2 Horns, 2 Violins, Cello, Basso Continuo",
KV 464a,Anh. 72; 1784h,Quartet movement in A,Quartet,A major,"2 Violins, Viola, Cello",
KV 466a,459a; Anh. 59; 1784g,(fragment) Concerto movement in C,Concerto,C major,"Flute, 2 Oboes, 2 Bassoons, 2 Horns, Clavier, 2 Violins, Viola, Cello, Basso Continuo",
KV 467a,383i; deest; 1782d/01,(fragment) Instrumental piece in C,,C major,prob. Orchestra,
KV 46d,deest,Sonata in C,Sonata,C major,"prob. Violin, Bass",
KV 46e,deest,Sonata in F,Sonata,F major,"prob. Violin, Bass",
KV 475a,Anh. 26; 1785f,"(fragment) ""Einsam bin ich, meine Liebe""",Songs,D minor,"Voice, Clavier",Work of doubtful authenticity
KV 477a,bei Anh. 11a,Per la ricuperata salute di Ofelia "Quell¡¯agneletto candido",,F major,"prob. Voice, Orchestra",(fragment)
KV 47b,deest,Offertory,Offertory,,Clavier,probably lost
KV 47c,,Concert,Concerto,,"Trumpet, Orchestra",lost
KV 480a,385E; Anh. 48; 1784b,(fragment) Allegro in A,,A major,"Violin, Clavier",
KV 484e,178X/b,(fragment) Allegro in F or in G,,F major / G major,,(fragment)
KV 486a,295a; deest,"""Basta, vincesti, eccoti il foglio¡° ¨C ""Ah non lasciarmi, no¡°",,E-flat major,"Soprano, Orchestra",
KV 488a,Anh. 58; 1785g,(fragment) Concerto movement in D,Concerto,D major,"Flute, 2 Clarinetts, 2 Bassoons, 2 Horns, Clavier, 2 Violins, Viola, Cello, Basso Continuo",
KV 488b,Anh. 63; 1785h,(fragment) Concerto movement in A,Concerto,A major,"Flute, 2 Clarinetts, 2 Bassoons, 2 Horns, Clavier, 2 Violins, Viola, Cello, Basso Continuo",
KV 488c,Anh. 64; 1785i,(fragment) Concerto movement in A,Concerto,A major,"Flute, 2 Clarinetts, 2 Bassoons, 2 Horns, Clavier, 2 Violins, Viola, Cello, Basso Continuo",
KV 488d,deest; 1785j,(fragment) Concerto movement in A,Concerto,A major,"Solo Clavier, 2 Violins, Viola, Cello, Basso Continuo",
KV 493a,zu 493/03; Anh. 53; 1786c/01; 1786j,Quartet movement in E flat,Quartet,E-flat major,"Violin, Viola, Cello, Clavier",
KV 494a,Anh. 98a; 1785k,(fragment) Concerto movement,Concerto,E major,"2 Oboes, 2 Horns, Solo Horn, 2 Violins, 2 Violas, Cello, Basso Continuo",
KV 495a,Anh. 52; 1787h,Trio movement in G,Trio,G major,"Violin, Clavier, Cello",
"KV 498a,01",498a/01; Anh. C 25.04; Anh. 136/01,(probably fragment) Allegro in B flat,Klavierst¨¹cke,B-flat major,Clavier,
"KV 498a,02",498a/03; Anh. C 25.05; Anh. 136/03,(probably fragment) Minuet in B flat - Trio in E flat,Klavierst¨¹cke,B-flat major,Clavier,
KV 50(1),KV3 46b,Bastien and Bastienne (Bastien and Bastienne),Singspiel,,"2 Oboes, 2 Horns, 2 Violins, 2 Violas, Cello, Basso Continuo","1st version Singspiel (Operetta, op¨¦ra comique in 1 act)"
KV 50(2),KV3 46b,Bastien and Bastienne (Bastien and Bastienne),Operetta,,"2 Oboes, 2 Horns, 2 Violins, 2 Violas, Cello, Basso Continuo, Bassoon, Harpsichord",2nd version Comic opera in 1 act (fragment) Movement 3 work of doubtful authenticity
KV 501a,Anh. 51; 1784i,(fragment) Trio movement in B flat,Trio,B-flat major,"Violin, Clavier, Cello",
KV 502a,Anh. 60; 1784j,(fragment) Concerto movement in C,Concerto,C major,"Flute, 2 Oboes, 2 Bassoons, 2 Horns, 2 Clarinos, Timpani, Clavier, 2 Violins, Viola, Cello, Basso Continuo",
KV 504a,Anh. 105; 1786h,(fragment) Sinfonic movement in G,Symphony,G major,Orchestra,
KV 514a,Anh. 80; 1787j,(fragment) Quintet movement in B flat,Quintet,B-flat major,"2 Violins, 2 Violas, Cello",
KV 515a,Anh. 87; 1791b,(fragment) Andante in F,,F major,"2 Violins, 2 Violas, Cello",(fragment)
KV 515c,626b/30; Anh. 84; Anh. 79; 1791c,(fragment) Allegro moderato in a,,A minor,"2 Violins, 2 Violas, Cello",(fragment)
KV 516a,Anh. 86; 1787k,(fragment) Quintet movement in G minor,Quintet,G minor,"2 Violins, 2 Violas, Cello",
KV 516c,Anh. 91; 1789d,(fragment) Quintet movement in B flat,Quintet,B-flat major,"Clarino, 2 Violins, Viola, Cello",
KV 516d,1787c/08; 1787l,(fragment) Rondo in E flat,Quintet,E-flat major,"Clarino, 2 Violins, Viola, Cello",
KV 522a,Anh. 108; 1787¦Ä/01; 1787m,(fragment) Rondo in F,,F major,"2 Horns, 2 Violins, Viola, Basso Continuo",
KV 525a,Anh. 69; 1787n,(fragment) Larghetto in C,,C major,Strings,
KV 526a,Anh. 50; 1787b/01; 1787o,(fragment) Instrumental movement A,,A major,"Violin, Clavier",
"KV 535a,01",deest,ContreDances in C,Dances,C major,"2 Oboes, 2 Horns, 2 Violins, Basso Continuo",Work of doubtful authenticity
"KV 535a,01-03",deest,Drei Kontret?nze Werke zweifelhafter Echtheit,Dances,,"2 Oboes, 2 Horns, 2 Violins, Basso Continuo",
"KV 535a,02","Anh. C 13.06,10; deest; 535a,10",ContreDances in A,Dances,A major,"2 Oboes, 2 Horns, 2 Violins, Basso Continuo",Work of doubtful authenticity
"KV 535a,03","Anh. C 13.06,06; 535a,06; deest",Kontretanz in C oder G,Dances,C major / G major,"2 Oboes, 2 Horns, 2 Violins, Basso Continuo",Work of doubtful authenticity
KV 535b,Anh. 107; 1789e,(fragment) Contredances in B flat,Dances,B-flat major,"Flute, Oboe, Bassoon, Horn, 2 Violins, Cello, Basso Continuo",
KV 537a,Anh. 57; 1785l,(fragment) Concerto movement in D,Concerto,D major,"Solo Clavier, 2 Violins, Viola, Cello, Basso Continuo",
KV 537b,Anh. 61; 1786k,(fragment) Concerto movement in D minor,Concerto,F major,"Flute, 2 Oboes, cordib1, cordib2, 2 Bassoons, 2 Horns, Clavier, 2 Violins, Viola, Cello, Basso Continuo",
KV 537c,491a; Anh. 62; 1786g,(fragment) Concerto movement in E flat,Concerto,E-flat major,"Flute, 2 Oboes, 2 Clarinetts, 2 Bassoons, 2 Horns, Clavier, 2 Violins, Viola, Cello, Basso Continuo",
KV 540a,527/10d; 527/11; 527/10a; 80,"""Dalla sua pace¡°",Aria,G major,"T, Orchestra","for Don Giovanni KV 527, SECOND VERSION"
KV 540b,81,?Per questa tua manina¡°/?Per queste tue manine¡°,Duetto,C major,"Soprano, Bass, Orchestra","zu Don Giovanni KV 527, ZWEITE FASSUNG"
KV 540c,82,"?In quali eccessi, oh numi¡° ¨C ?Mi trad¨¬ quell¡¯alma ingrata¡°
Scena zu Don Giovanni KV 527 (ZWEITE FASSUNG)",Scena,Es-dur,"Soprano, Orchestra",
KV 546a,Anh. 47; 1789f,(fragment) Sonata movement in G,,G major,"Violin, Clavier",
KV 547a,Anh. 135,(probably fragment) Sonate in F,Klavierst¨¹cke,F major,Clavier,"after the Sonata in F for Clavier and violin KV 547, movement 2 and the 
Sonata in C for Clavier KV 545, movement 3 
Version of unknown authorization"
KV 562c,Anh. 191,Canon in C,Canon,C major,"2 Violins, Viola2, Cello, Basso Continuo",
KV 562e,Anh. 66; 1789g,(fragment) Allegro in G,,G major,"Violin, Viola, Cello",(fragment)
"KV 565,01",,ContreDances in B flat,Dances,B-flat major,,Lost
"KV 565,02",,ContreDances in D,Dances,D major,,Lost
KV 565a,,(fragment) Contredances in D,Dances,D major,Violin II,
KV 569a,Anh. 31; 1787p,(fragment) Sonata movement in B flat,Sonata,B-flat major,Clavier,
KV 571A,Anh. 106; 1789k,(fragment) Minuet,Dances,A major,"Piccolo, 2 Oboes, 2 Bassoons, 2 Horns, Tamburo, 2 Violins, [?Basso Continuo]",Lost
KV 571a,Anh. 5; 1789j,(probably fragment) "Caro mio Druck and Schluck",Quartett,E-flat major,"Soprano, 2 Tenors, B, Clavier",
KV 572a,Anh. 4,"""Lebet wohl, wir sehn uns wieder""/""Heult noch gar wie alte Weiber""",Canon,,"V1, V2, V3, V4, v5, v6",verschollen or nicht identifiziert
KV 580a,Anh. 94; 1788a,(fragment) Adagio in F or G,,F major / G major,"Clarinet, 3 Basset Horns",
KV 580b,Anh. 90; 1787q,(fragment) Allegro in F,,F major,"Clarino, Basset Horn, Violin, Viola, Cello",
KV 581a,Anh. 88; 1790g,(fragment) Quintet movement in A,Quintet,A major,"Clarino, 2 Violins, Viola, Cello",
KV 584b,621b; 1787v,(fragment) Concerto movement in G,Concerto,G major,"2 Oboes, 2 Bassset Horns, 2 Horns, 2 Violins, Viola, Basso Continuo",
KV 587a,Anh. 85; Anh. 74; 1789?/01; 1789i,(fragment) Quartet movement in g,Quartet,G minor,"2 Violins, Viola, Cello",
KV 589a,Anh. 68; 1782o,(fragment) Allegretto in B flat,,B-flat major,"2 Violins, Viola, Cello",
KV 589b,Anh. 73; 1790d,(fragment) Quartet movement in F,Quartet,F major,"2 Violins, Viola, Cello",
KV 590a,Anh. 29; 1787r,(fragment) Piano piece in F,Klavierst¨¹cke,F major,Clavier,
KV 590b,Anh. 30; 1787s,(fragment) Allegro in F,Klavierst¨¹cke,F major,Clavier,(fragment)
KV 590c,Anh. 37; 1787t,(fragment) Piano piece in F,Klavierst¨¹cke,F major,Clavier,
KV 592b,Anh. 83; 1787u,(fragment) Quintet movement in D,Quintet,D major,"2 Violins, 2 Violas, Cello",
KV 593a,Anh. 35; 1790f,(fragment) Adagio,Klavierst¨¹cke,D minor,Mechanical Organ,
"KV 6,01",6/01;No. 46,"Allegro in C, K. 6, 1st movement",Klavierst¨¹cke,C major,Clavier,Clavier version
"KV 6,02",zu 6/02,Andante in F,Klavierst¨¹cke,F major,Clavier,
"KV 6,03",,Menuet in C,Klavierst¨¹cke,C major,Clavier,Work of doubtful authenticity
"KV 6,04",6/03;No. 48,Menuet in F,Klavierst¨¹cke,F major,Clavier,Work of doubtful authenticity
KV 602/03,,German Dances Die Leierer,Dances,C major,"2 Oboes, 2 Bassoons, 2 Clarinos, Timpani, Drehleier, 2 Violins, Cello, Basso Continuo",
"KV 605,01",,[German Dances with trio],Dances,D major,,
"KV 605,01-03",,3 German Dances,Dances,,"2 Flutes, 2 Oboes, 2 Bassoons, 2 Clarinos, Timpani, 2 Violins, Cello, Basso Continuo",No. 3 work of doubtful authenticity
"KV 605,03",,German Dances,Dances,F major,"Bassoon, F Posthorn, Bb Posthorn, 2 A-F Sonagli, 2 E-C Sonagli, G Sonagli, 2 Violins, Cello, Basso Continuo",Work of doubtful authenticity
KV 613a,Anh. 81; 1784l,(fragment) Quintet movement in E flat,Quintet,E-flat major,"2 Violins, 2 Violas, Cello",
KV 613b,Anh. 82; 1786i,(fragment) Quintet movement in E flat,Quintet,E-flat major,"2 Violins, 2 Violas, Cello",
KV 615a,"1791b,9/01; 1791e",(fragment) Instrumental movement,Klavierst¨¹cke,F major,Mechanical Organ,
KV 616a,Anh. 92; 1791f,(fragment) Fantasia in C,,C major,"Glass Harmonica, Flute, Oboe, Viola, Cello",
"KV 61g,01",61g I; deest,Minuet in A,,A major,Orchestra,
KV 61h,,6 minuets,Dances,,"2 Oboes, 2 Trumpets, 2 Violins, Cello, Basso Continuo",
KV 620a,Anh. 102,(fragment) K. Appendix 102 (620a) [mm. 1-26],,E-flat major,,
KV 621a,Anh. 245,"""Io ti lascio, o cara, addio""",Aria,,"Soprano or Bass, Orchestra",Work of doubtful authenticity
KV 623a,623/06; bei 623,Zum Schluss der Loge" "Lasst uns mit geschlungnen H?nden¡°,,F major,"Voice, Choir, Piano",Work of doubtful authenticity
KV 626b/01-56,,"Skizzen, Fragmente and Verweise",,,,
KV 655/01,deest,Kirchensonate in D,Sonata,D major,,Lost
KV 655/02,deest,Kirchensonate in G,Sonata,G major,,Lost
KV 65a,61b; deest,Sieben minuets,Dances,,"2 Violins, Cello, Basso Continuo",
"KV 662,01",Anh. C 8.32; Anh. 270,"Danklied ""Du bist¡¯s, dem Ruhm and Ehre geb¨¹hret""",Songs,B-flat major,"Voice, prob. ""Harmoniale""",Work of doubtful authenticity
"KV 662,02",Anh. C 8.34; Anh. 271,"Das Gl¨¹ck eines guten Gewissens 
""Besitz ich nur ein ruhiges Gewissen""",Songs,E-flat major,"Voice, prob. ""Harmoniale""",Work of doubtful authenticity
"KV 662,03",Anh. C 8.35; Anh. 272,Vertraun auf Gottes Vorsehung "Auf Gott and nicht auf meinen Rat",,F major,"Voice, prob. ""Harmoniale""",Work of doubtful authenticity
"KV 662,04",zu Anh. B KV 516b; Anh. 133,Morganengesang "Mein erst¡¯ Gesch?ft sei Preis and Dank",Songs,C major,"Voice, prob. ""Harmoniale""",Work of doubtful authenticity
"KV 662,05",Anh. C 8.36; Anh. 273,"Bitten ""Gott, deine G¨¹te reicht so weit""",,F major,"Voice, prob. ""Harmoniale""",Work of doubtful authenticity
"KV 662,06",Anh. C 8.37; Anh. 274,"Abendlied ""Herr, der du mir das Leben""",Songs,D major,"Voice, prob. ""Harmoniale""",Work of doubtful authenticity
"KV 662,07",Anh. C 8.38; Anh. 275,Versicherung der Gnade Gottes "So hoff ich denn mit festem Mut",,G major,"Voice, prob. ""Harmoniale""",Work of doubtful authenticity
"KV 662,08",deest,"Preis des Sch?pfers ""Wenn ich, o Sch?pfer, deine Macht""",,F major,"Voice, prob. ""Harmoniale""",Work of doubtful authenticity
"KV 662,09",Anh. C. 8.39; Anh. 277,"Die Ehre Gottes aus der Natur 
""Die Himmel r¨¹hmen des Ewigen Ehre""",,B-flat major,"Voice, prob. ""Harmoniale""",Work of doubtful authenticity
"KV 662,10",Anh. C 8.33; Anh. 270a,"Trost der Erl?sung ""Gedanke, der uns Leben gibt""",,B-flat major,"Voice, prob. ""Harmoniale""",$Work of doubtful authenticity
"KV 662,11",deest,"Gelassenheit ""Was ist¡¯s, dass ich mich qu?le""",Songs,C major,"Voice, prob. ""Harmoniale""",Work of doubtful authenticity
"KV 662,12",deest; Anh. C 8.42; Anh. 279a,Zufriedenheit mit seinem Zustande "Du klagst and f¨¹hlest die Beschwerden",,F major,"Voice, prob. ""Harmoniale""",Work of doubtful authenticity
KV 66c,Anh. 215,Symphony in D,Symphony,D major,Orchestra,Work of doubtful authenticity;lost
KV 66d,Anh. 217,Symphony in B flat,Symphony,B-flat major,Orchestra,Work of doubtful authenticity;lost
KV 66e,Anh. 218,Symphony in B flat,Symphony,B-flat major,Orchestra,Work of doubtful authenticity;lost
"KV 684,01",,(fragment) Rondo,Klavierst¨¹cke,,Pianoforte de l¡¯harmonie parfaite,Work of doubtful authenticity
"KV 684,02",KV? deest,Piece,Klavierst¨¹cke,,Pianoforte de l¡¯harmonie parfaite,Werk zweifelhafter Echtheit; Lost
"KV 692,01",deest,For the opening of the Masters' lodge "Des Todes Werk",Songs,,"prob. Tenor, Male Choir, Piano or Organ",
"KV 692,01-02",deest,2 Masonic Songs,Songs,,"prob. Tenor, Male Choir, Piano or Organ",
"KV 692,02",deest,At the end of the Masters' Lodge  "Vollbracht ist die Arbeit der Meister",Songs,,"prob. Tenor, Male Choir, Piano or Organ",
"KV 7,01",,Allegro molto in D,Klavierst¨¹cke,D major,Clavier,version of doubtful authenticity
"KV 7,02",VII/3,"Minuet in D, K. 7, Minuet I",Klavierst¨¹cke,D major,Clavier,Clavier version
"KV 7,03",,Trio in D minor,Klavierst¨¹cke,D minor,Clavier,version of doubtful authenticity
"KV 719,01",deest,"(fragment) German Dances in E,",Dances,E major,"2 Violins, Cello, Basso Continuo",Werk zweifelhafter Echtheit
"KV 719,01-02",deest,(fragment) 2 German Dances,Dances,,"2 Violins, Cello, Basso Continuo",Werke zweifelhafter Echtheit
"KV 719,02",deest,(fragment) German Dances in C,Dances,C major,"2 Violins, Cello, Basso Continuo",Work of doubtful authenticity
KV 72a,1769a,Molto allegro in G,Klavierst¨¹cke,G major,Clavier,"(fragment)
Work of doubtful authenticity"
KV 72b,73A; Anh. 2,"""Misero tu non sei""",Aria,,"Voice, Orchestra",$lost
KV 73D,deest; 1766a,"""Per quel paterno amplesso""",Aria,B-flat major,"Soprano, Orchestra",(fragment)
KV 74b,,"""Non curo l¡¯affetto""",Aria,E major,"Soprano, Orchestra",Work of doubtful authenticity
KV 74g,Anh. C 11.03;Anh. 216,Symphony in B flat,Symphony,B-flat major,Orchestra,Work of doubtful authenticity
"KV 8,01",zu 8/01,Piano piece in B flat,Klavierst¨¹cke,B-flat major,Clavier,"""Nannerl Music Book"""
KV 9a,Anh. 203/1;5a,Piano piece in C,Klavierst¨¹cke,C major,Clavier,"""Nannerl Music Book"""
KV 9b,Anh. 109g/10;626b/10;Anh. 203/2;5b;1764a,(fragment) Piano piece in B flat,Klavierst¨¹cke,B-flat major,Clavier,"""Nannerl Music Book"""
KV Anh. A 16,KV1 41,Concerto in G,Concerto,,"fl1+fl2, cor1+cor2, clav, vl1, vl2, vla, vlc+b",
"KV Anh. A 29, Nr. 1¨C3","KV1 107, KV3 21b","Clavier concertos according to clavier Sonatas by Johann Christian Bach [op. 5, 2-4]",Concerto,,"vl1, vl2, vlc+b, clav-solo",
KV Anh. A 42,"KV1 deest, KV? 284e","Johann Baptist Wendling, Konzert",Concerto,,,
KV Anh. A 48,"KV1 deest, KV? 470a",Concerto in e for violin and orchestra (Giovanni Battista Viotti),Concerto,,,vermutlich f¨¹r Fl?te and Orchester
KV Anh. A 7,KV1 37,Concerto in F,Concerto,,"ob1+ob2, cor1+cor2, clav, vl1, vl2, vla, vlc+b",
KV Anh. A 8,KV1 39,Concerto in B flat,Concerto,,"ob1+ob2, cor1+cor2, clav-solo, vl1, vl2, vla, vlc+b",
KV Anh. A 9,KV1 40,Concerto in D,Concerto,,"ob1+ob2, cor1+cor2, clav, vl1, vl2, vla, vlc+b",
KV Anh. C 14.01,"KV1 Anh. 9, KV3 297b","Sinfonia concertante in E flat for oboe, clarinet, horn, bassoon and orchestra",Concerto,,"ob1+ob2, cor1+cor2, ob-solo, clar-solo, cor-solo, fag-solo, vl1, vl2, vla1+vla2, vlc+b",
KV Anh. C 14.02,"KV1 Anh. 99, KV3 Anh. 294c","Konzert in F, vermutlich f¨¹r Violoncello and Orchester",Concerto,,"vlc-solo, Orch",
KV Anh. C 14.03,KV3 Anh. 230a,Konzert in B f¨¹r Fagott and Orchester vermutlich von Fran?ois Devienne,Concerto,,,
KV Anh. C 14.04,"KV1 268, KV3 365b, KV3 Anh. 157a",Konzert in Es f¨¹r Violine and Orchester,Concerto,,,
KV Anh. C 14.05,"KV1 deest, KV3 Anh. 294a",Konzert in D f¨¹r Violine and Orchester von Marius Casadesus,Concerto,,,
KV Anh. C 14.06,"KV1 deest, KV3 Anh. 294b",Konzert in Es f¨¹r Oboe and Orchester,Concerto,,"ob, orch",
KV Anh. C 14.07,"KV1 Anh. 230, KV3 196d",Konzert in F f¨¹r Fagott and Orchester,Concerto,,,Franz Danzi's work
KV Anh. C 14.09,,"Konzertsatz in D, vermutlich f¨¹r Violine and Orchester von Leopold Mozart, LMV XV:7 (Fragment)",Concerto,,,
KV Anh. C 15.01,KV1 deest,Konzert in G (Pasticcio),Concerto,,"Harpsichord, 2 Violins, Viola obligatto, Basso Continuo",
KV Anh. C 15.03,KV1 deest,"Konzert in F
(Fragment)",Concerto,,,
KV Anh. C 15.10,V3 626a E,2 Kadenzen,Cadenza,,clav-solo,
KV Anh. C 15.12,,"2 Kadenzen von Leopold Mozart, LMV XIV:2",Cadenza,A major,"vl1, vl2",
KV Anh. C 16.02,"LMV XV:5, KV3 Anh. 65a, KV? 124A","Beginning of a Sonata in D for two violins, organ and bass",,,"vl1, vl2, org+b",
KV Anh. C 17.03,KV1 Anh. 228,Parthia in Es f¨¹r Bl?serensemble ¨¤ 8,Partita,,"ob1+ob2, clar1+clar2, cor1+cor2, fag1+fag2",
KV Anh. C 17.04,KV1 Anh. 224,Parthia in Es f¨¹r Bl?serensemble ¨¤ 8,Partita,,"ob1+ob2, clar1+clar2, cor1+cor2, fag1+fag2",
KV Anh. C 17.05,KV1 Anh. 225,Parthia in F f¨¹r Bl?serensemble ¨¤ 8,Partita,,"ob1+ob2, clar1+clar2, cor1+cor2, fag1+fag2",
KV Anh. C 17.07,,Adagio and Allegro in Es f¨¹r Bl?serensemble ¨¤ 8,Partita,,,
KV Anh. C 17.08,KV1 deest,Parthia in F f¨¹r Bl?serensemble ¨¤ 5,Partita,,"clar1+clar2, cor1+cor2, fag",
KV Anh. C 17.09,KV1 deest,Parthia in B f¨¹r Bl?serensemble ¨¤ 6,Partita,,"clar1+clar2, cor1+cor2, fag1+fag2",
KV Anh. C 17.10,KV1 deest,Parthia in Es f¨¹r Bl?serensemble ¨¤ 5,Partita,,"clar1+clar2, cor1+cor2, fag1+fag2",
KV Anh. C 17.11,KV1 deest,Cassation by Johann Georg Lickl,Cassation,E-flat major,"ob/fl, clar, cor, fag",
KV Anh. C 17.12,"KV1 187, KV3 159c",10[+8] St¨¹cke,,,"2 Flutes, 5 Trumpets, 4 Timpani","(Nr. 6 verschollen, Nr. 8 siehe KV Anh. A 38) von Josef Starzer and Christoph Willibald Gluck"
KV Anh. C 20.01-04,,4 Quartette von Joseph Schuster,Quartet,,,
KV Anh. C 20.05,"KV1 deest, KV3 Anh. 291a",Sechs Quartette,Quartet,,"vl1, vl2, vla, vlc",
KV Anh. C 20.06,"KV1 deest, KV3 Anh. 291a","Sechs Quartette von Johann Mederitsch, AigM B2.24¨CB2.29",Quartet,,"vl1, vl2, vla, vlc",
KV Anh. C 20.07,KV1 deest,"Quartett in C
von Ignaz Pleyel, Ben 365",Quartet,,"vl1, vl2, vla, vlc",
"KV Anh. C 20.08,1-2",,2 Quartette in g and d (verschollen),Quartet,,"vl1, vl2, vla, vlc",
KV Anh. C 21.01,"LMV XV:6, KV3 124c, KV? Anh. C 16.01","Fragment of a Sonata in C for two violins, organ and bass",,,"vl1, vl2, org+b",
KV Anh. C 21.02,"KV1 deest, KV3 404a",7 Fugues Johann Sebastian and Wilhelm Friedemann Bach Editing for string trio,,,"vl, vla, vlc",
KV Anh. C 22.01,"KV2 Anh. 52a, KV3 Anh. 284h",2 Trio movements in D by Kaspar Anton Karl van Beethoven,Trio,,,
KV Anh. C 22.02,KV1 Anh. 291,Trio in c by Anton Eberl,Trio,,,
KV Anh. C 22.03,,"Allegro in D
vermutlich von Maximilian Stadler",,,,
KV Anh. C 23.01,"KV1 55, KV3 Anh. 209c",Sonata in F K. 55 (¡°No. 5¡±),Sonata,,"vl, clav",
KV Anh. C 23.01-06,KV1 55-60,Sechs Sonaten,Sonata,,,
KV Anh. C 23.02,"KV1 56, KV3 Anh. 209d",Sonata in C K. 56 (¡°No. 6¡±),Sonata,,"vl, clav",
KV Anh. C 23.03,"KV1 57, KV3 Anh. 209e",Sonata in F K. 57 (¡°No. 12¡±) with two horns and bass ad libitum,Sonata,,"vl, clav",
KV Anh. C 23.04,"KV1 58, KV1 Anh. 154, KV1 Anh. 158, KV3 Anh. 209f",Sonata in E flat K. 58 (¡°No. 11¡±),Sonata,,"vl, clav",
KV Anh. C 23.05,"KV1 59, KV3 Anh. 209g",Sonata in c K. 59 ( ¡°No. 1¡±),Sonata,,"vl, clav",
KV Anh. C 23.06,"KV1 60, KV3 Anh. 209h",Sonata in e K. 60 (¡°No. 10¡±),Sonata,,"vl, clav",
KV Anh. C 23.07,"KV1 61, KV3 Anh. 290a","Sonate in A
von Hermann Friedrich Raupach",Sonata,,,
KV Anh. C 23.08,"KV1 deest, KV3 Anh. 290b",Sonate in C,Sonata,,,
KV Anh. C 23.09,"KV1 deest, KV3 Anh. 290c",Sonate in A f¨¹r Violine and Basso,Sonata,,,
KV Anh. C 24.01,"KV2 Anh. 41a, KV3 Anh. 284g","Drei St¨¹cke f¨¹r Clavier zu 4 H?nden aus der Ballettmusik La ritrovata figlia di Ottone II von Leopold Kozeluch, PosK XXIV:1",Klavierst¨¹cke,,Piano Four Hands,
KV Anh. C 25.01,"KV1 Anh. 204, KV2 Anh. 284a",Sonate in c von Anton Eberl,Sonata,,clav,
KV Anh. C 25.03,KV3 Anh. 284k,Sonate in F,Sonata,,clav,
KV Anh. C 26.01,"KV2 Anh. 209b, KV3 Anh. 284n",Andantino in B mit zwei Variationen,Keyboard Variations,,clav,
"KV Anh. G 11,01-03","KV1 zu 364/01-02, KV3 zu 320d/01-22",2 Kadenzen for KV 364,Cadenza,,,
"KV Anh. G 12,01-05",,F¨¹nf Kadenzen for KV 365 Nr. 2¨C3,Cadenza,E-flat major,,verschollen oder nicht identifiziert
"KV Anh. G 14,01-02",KV? deest,2 Cadenzas for KV 413,Cadenza,,,Werke zweifelhafter Echtheit
"KV Anh. G 15,01-09",,6 Kadenzen and 3 Eing?nge for KV 414,Cadenza,,,
"KV Anh. G 16,01-05",,2 Cadenzas and 3 Eingangs for KV 415,Cadenza,,,
"KV Anh. G 18,01-02",,Kadenz and Auszierung for KV 449,Cadenza,E-flat major,,
"KV Anh. G 19,01-03",,2 Cadenzas and 1 Eingang for KV 450,Cadenza,B-flat major,,
"KV Anh. G 2,01","KV1 624, KV3 626A/01, KV? 626a/01",Kadenz zu Satz 1 Werkfassung zweifelhafter Echtheit,Cadenza,,clav-solo,
"KV Anh. G 2,01-06",,"6 Kadenzen for KV 175, Zweite Fassung",Cadenza,,,
"KV Anh. G 2,02","KV3 626A/01a, KV? 626a/02","Cadenzas for the concerto in D K. 175
Cadenza for the first movement (Allegro)",Cadenza,,clav,
"KV Anh. G 2,03","KV1 624, KV3 626A/02, KV? 626a/03",Kadenz zu Satz 2 Werkfassung zweifelhafter Echtheit,Cadenza,,clav-solo,
"KV Anh. G 2,04","KV1 624, KV3 626A/02a, KV? 626a/04","<Cadenzas for the concerto in D K. 175> 
Cadenza for the second movement (Andante ma un poco adagio)",Cadenza,,clav,
"KV Anh. G 2,05","KV1 624, KV3 626A/06, KV3 zu 382, KV? 626a/25",Kadenz zu Satz 3 Werkfassung zweifelhafter Echtheit,Cadenza,,clav-solo,
"KV Anh. G 2,06","KV3 626A/06a, KV? 626a/26",Rondo in D (Allegretto grazioso) K. 382. Cadenza to mm. 217,Cadenza,,clav,
"KV Anh. G 20,01-03",,2 Cadenzas and 1 Auszierung for KV 451,Cadenza,,,
"KV Anh. G 22,01-04",,4 Cadenzas for KV 453 Nr. 2 and Nr. 4,Cadenza,,,Werke zweifelhafter Echtheit
"KV Anh. G 23,01-06",,"F¨¹nf Kadenzen and ein Eingang for KV 456 Nr. 1, 2 and 5",Cadenza,B-flat major,,Werke zweifelhafter Echtheit
"KV Anh. G 24,01-03",,2 Cadenzas and 1 Eingang for KV 459,Cadenza,F major,,
KV Anh. G 25,KV? deest,Kadenzen and Eingang for KV 466,Cadenza,D minor,,verschollen
KV Anh. G 26,KV? deest,Kadenzen and Eingang for KV 467,Cadenza,C major,,verschollen
KV Anh. G 28,"KV1 624, KV3 626A/31, KV? 626a/61",Cadenza for the 1st Movement (Allegro) of K. 488,Cadenza,A major,clav,
KV Anh. G 29,KV1 zu 522/03,Cadenza for the 1st Movement of KV 522,Cadenza,C major,"vl1, vl2, vla2, b",
"KV Anh. G 3,01",KV1 zu 190/01,Kadenz zu Satz 1,Cadenza,,,
"KV Anh. G 3,01-02",KV1 zu 190,2 Cadenzas for KV 190,Cadenza,,,
"KV Anh. G 3,02",KV1 zu 190/02,Kadenz zu Satz 2,Cadenza,,,
KV Anh. G 30,KV1 zu 577,Cadenza for the Rond¨° ?Al desio di chi t¡¯adora¡° of KV 577,Cadenza,F major,,
"KV Anh. G 31,01-03",,2 Cadenzas and 1 Eingang for KV 595,Cadenza,B-flat major,,
"KV Anh. G 33,01-02","KV1 zu 40/01, KV3 deest and 626a C, KV? zu Anh. A 9",2 Cadenzas for KV Anh. A 9,Cadenza,D major,,
"KV Anh. G 34,01-02","KV1 zu KV 107 I, KV3 626a A, KV? 626a B, KV? zu Anh. A 29","2 Cadenzas for KV Anh. A 29, Nr. 1, by Johann Christian Bach",Cadenza,,,
"KV Anh. G 35,01-02","BeeV deest, KV3 626a K, KV? zu Anh. C 15.02, KV? 626a K and L",Kadenz and Auszierung zu einem Andante in D f¨¹r Clavier and Orchester von Ignaz von Beecke,Cadenza,D major,clav,
KV Anh. G 36,KV3 626a H,"Cadenza for the first movement of a clavier concerto by Johann Samuel Schroeter (op. III, 1) [recte: for a clavier concerto in F of unknown origin]",Cadenza,,,
"KV Anh. G 37,01-02","KV1 deest, KV? 626a O, KV? 626a N","Cadenzas for the first and the second movement of the clavier concerto in C by Johann Samuel Schroeter (op. III, 3) K. 624 (K.6 626a), II. part, O",Cadenza,,clav-solo,
KV Anh. G 38,"Skb 1779a/01, KV2 Anh. 61a, KV3 626a D","Cadenza (fragment) for the first movement of a clavier concerto by Johann Samuel Schroeter (op. III, 4)",Cadenza,D major,Clavier,
"KV Anh. G 39,01-02","KV? 626a F, KV? 626a G","Cadenzas for the first and the second movement of the clavier concerto in C by Johann Samuel Schroeter (op. III, 3) K. 624 (K.6 626a), II. part, N",Cadenza,,clav-solo,
"KV Anh. G 4,01","KV1 deest, KV3 zu 208/10",Eingang zu T. 47/48,Cadenza,E-flat major,,
"KV Anh. G 4,01-03","KV1 deest, KV3 zu 208/10","Kadenz and 2 Eing?nge for Rond¨° Nr. 10 ""L¡¯amer¨°, sar¨° costante¡° in KV 208",Cadenza,E-flat major,,
"KV Anh. G 4,02","KV1 deest, KV3 zu 208/10",Eingang zu T. 85/86,Cadenza,E-flat major,,
"KV Anh. G 4,03","KV1 deest, KV3 zu 208/10",Kadenz zu T. 106,Cadenza,E-flat major,,
"KV Anh. G 41,01-06",KV? deest,"4 Cadenzas and 2 Eingangs, vermutlich zu Konzerts?tzen f¨¹r Clavier and Orchester unbekannter Herkunft",Cadenza,,,Werke Zweifelhafter Echtheit
"KV Anh. G 5,01","KV3 deest, KV? 626a/05","Cadenzas for the concerto in B flat K. 238
Cadenza for the first movement (Allegro aperto)",Cadenza,,clav,
"KV Anh. G 5,01-08",KV1 zu 238,6 Kadenzen and 2 Eing?nge for KV 238,Cadenza,,clav-solo,Werke zweifelhafter Echtheit
"KV Anh. G 5,02","KV1 zu 238, KV? deest",Kadenz zu Satz 1,Cadenza,,clav-solo,
"KV Anh. G 5,03","KV3 deest, KV? 626a/06",<Cadenzas for the concerto in B flat K. 238> Cadenza for the second movement (Andante un poco adagio),Cadenza,,clav,
"KV Anh. G 5,04","KV1?zu 238,?KV??deest",Kadenz zu Satz 2,Cadenza,,clav-solo,
"KV Anh. G 5,05","KV1 zu 238, KV? deest","Eingang zu Satz 3, T. 99/100",Cadenza,B-flat major,,
"KV Anh. G 5,06","KV1 zu 238, KV? deest","Eingang zu Satz 3, T. 168/169",Cadenza,B-flat major,,
"KV Anh. G 5,07","KV3 deest, KV? 626a/07",<Cadenzas for the concerto in B flat K. 238> Cadenza for the third movement (Rondeau: Allegro),Cadenza,B-flat major,clav,
"KV Anh. G 5,08","KV1 zu 238, KV? deest",Kadenz zu Satz 3,Cadenza,B-flat major,clav-solo,
"KV Anh. G 6,01","KV1 zu 242/01, KV? deest",Cadenzas for the concerto in F for three claviers K. 242 (¡°Lodron concerto¡±). Cadenza for the first movement (Allegro),Cadenza,,"clav1, clav2",
"KV Anh. G 6,01-05",KV? deest,"2 Cadenzas and 3 Eingangs for KV 242, Erste Fassung",Cadenza,,,
"KV Anh. G 6,01-10",KV? deest,4 Cadenzas and 6 Eingangs for KV 242,Cadenza,,,
"KV Anh. G 6,02","KV1 zu 242/02, KV? deest",<Cadenzas for the concerto in F for three claviers K. 242 (¡°Lodron concerto¡±)> Cadenza for the second movement (Adagio),Cadenza,,"clav1, clav2",
"KV Anh. G 6,03","KV1 zu 242/03, KV? deest",<Cadenzas for the concerto in F for three claviers K. 242 (¡°Lodron concerto¡±)> Three cadenzas for the third movement (Rondeau: Tempo di Minuetto) Cadenza to mm. 59,Cadenza,,"clav1, clav2, clav3",
"KV Anh. G 6,04","KV1 zu 242/03, KV? deest",<Cadenzas for the concerto in F for three claviers K. 242 (¡°Lodron concerto¡±). Three cadenzas for the third movement (Rondeau: Tempo di Minuetto)> Cadenza to mm. 104,Cadenza,,"clav1, clav2",
"KV Anh. G 6,05","KV Anh. G 6/05, KV1 zu 242/03, KV? deest",<Cadenzas for the concerto in F for three claviers K. 242 (¡°Lodron concerto¡±). Three cadenzas for the third movement (Rondeau: Tempo di Minuetto)> Cadenza to mm. 192,Cadenza,,"clav1, clav2",
"KV Anh. G 6,06","KV1 zu 242/01, KV? deest",Cadenzas for the concerto in F for two claviers K. 242 (¡°Lodron concerto¡±). Cadenza for the first movement (Allegro),Cadenza,,"clav1, clav2",
"KV Anh. G 6,06-10",KV? deest,"2 Cadenzas and 3 Eingangs for KV 242, Zweite Fassung",Cadenza,,"clav1, clav2",
"KV Anh. G 6,07",KV1 zu 242/02,<Cadenzas for the concerto in F for two claviers K. 242 (¡°Lodron concerto¡±)> Cadenza for the second movement (Adagio),Cadenza,B-flat major,"clav1, clav2",
"KV Anh. G 6,08",KV1 zu 242/03,<Cadenzas for the concerto in F for two claviers K. 242 (¡°Lodron concerto¡±)> Three cadenzas for the third movement (Rondeau: Tempo di Minuetto) Cadenza to mm. 59,Cadenza,F major,"clav1, clav2",
"KV Anh. G 6,09","KV1 zu 242/03, KV? deest",Cadenzas for the concerto in F for two claviers K. 242 (¡°Lodron concerto¡±). Three cadenzas for the third movement (Rondeau: Tempo di Minuetto) Cadenza to mm. 104,Cadenza,F major,"clav1, clav2",
"KV Anh. G 6,10","KV1 zu 242/03, KV? deest",<Cadenzas for the concerto in F for two claviers K. 242 (¡°Lodron concerto¡±). Three cadenzas for the third movement (Rondeau: Tempo di Minuetto)> Cadenza to mm. 192,Cadenza,F major,"clav1, clav2",
"KV Anh. G 7,01-07",,6 Kadenzen and 1 Eingang for KV 246,Cadenza,,,
"KV Anh. G 8,01-11",,4 Cadenzas and 7 Eingangs for KV 271,Cadenza,,,
"KV Anh. H 17,07","Sk 1784a, Skb 1784a/02",Ausschnittsskizze in B,,,,
"KV Anh. H 17,20","Sk 1786d, Skb 1786b/03","b) Line 7, two measures, and line 9, measures 1-4",,,clav,
