Catalogue,Name,Type,Key,Movement,"Instrumentatio
ns",Note
RV 1,,Sonata,C major,"I. Preludio. Andante (C major)
II. Allemanda. Presto (C major
III. Giga. Allegro (C major)","Violin, Basso Continuo (Harpsichord)",
RV 2,,Sonata,C major,"I. ... (C major)
II. ... (C major) [voir 2e mouvement de RV 4]
III. ... (C minor)
IV. ... (C major) [voir 4e mouvement de RV 4]","Violin, Basso Continuo",
RV 3,,Sonata,C major,"I. Preludio. Largo (C major)
II. Corrente. Allegro (C major)
III. Largo (C minor)
IV. Allemanda. Allegro non molto (C major)","Violin, Basso Continuo (Harpsichord)",
RV 4,,Sonata,C major,"I. Largo (C major)
II. Allegro (C major) [voir 2e mouvement de RV 2]
III. Largo (G major)
IV. Allegro (C major) [voir 4e mouvement de RV 2]","Violin, Basso Continuo",[Incomplete]
RV 5,,Sonata,C minor,"I. Grave (C minor)
II. Allegro (C minor)
III. Largo (C minor)
IV. Allegro (C minor)","Violin, Basso Continuo",
RV 6,,Sonata,C minor,"I. Preludio. Andante (C minor)
II. Corrente. Allegro (C minor)
III. Grave (C minor)
IV. Allemande. Allegro (C minor)","Violin, Basso Continuo (Harpsichord)",
RV 7,,Sonata,C minor,"I. Preludio. Largo (C minor)
II. Allemanda. Allegro (C minor)
III. Aria (C minor)
IV. Vivace (C minor)","Violin, Basso Continuo",[Incomplete]
RV 8,,Sonata,C minor,"I. Preludio. Andante (C minor)
II. Allemanda. Allegro (C major)
III. Corrente. Allegro (C minor)","Violin, Basso Continuo (Harpsichord)",
RV 9,,Sonata,D major,"I. Preludio. Andante (D major)
II. Fantasia. Presto (D major)
III. Gavotta. Allegro (D major)","Violin, Basso Continuo (Harpsichord)",
RV 10,,Sonata,D major,"I. Allegro (D major)
II. Allegro (D major)
III. Adagio (B minor)
IV. Allegro (D major)","Violin, Basso Continuo",
RV 11,,Sonata,D major,"I. Largo (D major)
II. Allegro (D major)
III. Largo (B minor)
IV. Allegro (D major)","Violin, Basso Continuo",[Incomplete]
RV 12,,Sonata,D minor,"I. Preludio. Largo (D minor) [voir 2e mouvement de RV 582]
II. Corrente. Allegro (D minor)
III. Giga. Allegro (D minor)
IV. Gavotta. Presto (D minor) [voir 4e mouvement de RV 596]","Violin, Basso Continuo (Harpsichord)",
RV 13,,Sonata,D minor,,"Violin, Basso Continuo",[Voir Anh. 97]
RV 14,,Sonata,D minor,"I. Preludio. Andante (D minor)
II. Corrente. Allegro (D minor)
III. Adagio (D minor)
IV. Giga. Allegro (D minor)","Violin, Basso Continuo (Harpsichord)",
RV 15,,Sonata,D minor,"I. Preludio. Largo (D minor)
II. Corrente. Allegro (D minor)
III. Allegro (D minor)","Violin, Basso Continuo",
RV 16,,Sonata,E minor,"I. Preludio. Andante (E minor)
II. Capriccio. Allegro (E minor)
III. Giga. Allegro (E minor)
IV. Gavotta. Presto (E minor)","Violin, Basso Continuo (Harpsichord)",
RV 17,,Sonata,E minor,"I. Andante (E minor) [voir 1er mouvement de RV 17a]
II. Allegro (E minor) [voir 2e mouvement de RV 17a et 2e mouvement de RV 47]
III. Largo (B minor)
IV. Allegro (E minor) [voir 4e mouvement de RV 17a]","Violin, Basso Continuo",[Incomplete]
RV 18,,Sonata,F major," I. Preludio. Largo (F major)
II. Corrente. Presto (F major)
III. Sarabanda. Andante (F major)
IV. Giga. Allegro (F major)","Violin, Basso Continuo",
RV 19,,Sonata,F major,"I. Adagio (F major)
II. ... (F major)
III. ... (D minor)
IV. ... (F major)
V. ... (F major)","Violin, Basso Continuo",
RV 20,,Sonata,F major,"I. Andante (F major)
II. Allemande. Allegro (F major)
III. Sarabanda. Andante (F major)
IV. Corrente. Presto (F major)","Violin, Basso Continuo (Harpsichord)",
RV 21,,Sonata,F minor,"I. Preludio. Largo (F minor)
II. Allemanda. Allegro (F minor)
III. Giga. Allegro (F minor)","Violin, Basso Continuo (Harpsichord)",
RV 22,,Sonata,G major,"I. Preludio. Andante (G major) [voir 2e mouvement de RV 294]
II. Allemanda. Allegro (G major)
III. Andante (G major) [voir 2e mouvement de RV 212a]
IV. Corrente. Allegro (G major)","Violin, Basso Continuo (Harpsichord)",
RV 23,,Sonata,G major,"I. Preludio. Largo (G major)
II. Giga. Presto (G major)
III. Corrente. Allegro (G major)","Violin, Basso Continuo (Harpsichord)",
RV 24,,Sonata,G major,"I. Adagio (G major)
II. Allegro (G major)
III. Adagio (G major)
IV. Allegro (G major)","Violin, Basso Continuo (Harpsichord)",
RV 25,,Sonata,G major,"I. Allegro (G major)
II. ... (G minor)
III. ... (G major)
IV. Grave (C minor)
V. ... (G major)
VI. ... (G minor)
VII. ... (G major)","Violin, Basso Continuo",
RV 26,,Sonata,G minor,"I. ... (G minor)
II. ... (G minor)
III. ... (G minor)
IV. ... (G minor)
V. ... (G minor)","Violin, Basso Continuo",
RV 27,,Sonata,G minor,"I. Preludio. Andante (G minor)
II. Giga. Allegro (G minor) [voir 2e mouvement de RV 51]
III. Sarabanda. Largo (G minor) [voir 3e mouvement de RV 51]
IV. Corrente. Allegro (G minor)","Violin, Basso Continuo (Harpsichord)",
RV 28,,Sonata,G minor,"I. ... (G minor)
II. ... (G minor)
III. Largo (C minor)
IV. Allegro (G minor)","Violin, Basso Continuo",
RV 29,,Sonata,A major,"I. ... (A major)
II. ... (A major)
III. ... (E major)
IV. Presto (A major)","Violin, Basso Continuo",
RV 30,,Sonata,A major,"I. Preludio. Largo (A major)
II. Corrente. Presto (A major)
III. Gavotta. Allegro (A major)","Violin, Basso Continuo",
RV 31,,Sonata,A major,"I. Preludio a Capriccio. Presto (A major)
II. Presto (A major)
III. Corrente. Allegro (A major)
IV. Adagio (A major)
V. Giga. Allegro (A major)","Violin, Basso Continuo (Harpsichord)",
RV 32,,Sonata,A minor,"I. Preludio. Largo (A minor)
II. Capriccio. Presto (A minor)
III. Grave (A minor)
IV. Allemanda. Allegro (A minor)","Violin, Basso Continuo (Harpsichord)",
RV 33,,Sonata,B-flat major,"I. Preludio. Largo (B-flat major)
II. Allemanda. Allegro (B-flat major)
III. Corrente. Allegro (B-flat major)
IV. Gavotta. Presto (B-flat major)","Violin, Basso Continuo (Harpsichord)",
RV 34,,Sonata,B-flat major,"I. Adagio (B-flat major)
II. Allegro (B-flat major)
III. Largo (G minor)
IV. Allegro (B-flat major)","Violin, Basso Continuo",
RV 35,,Sonata,B minor,"I. Preludio. Largo (B minor)
II. Allemanda. Allegro (B minor)
III. Corrente. Allegro (B minor)","Violin, Basso Continuo",[Voir RV 35a]
RV 36,,Sonata,B minor,"I. Preludio. Andante (B minor)
II. Corrente. Allegro (B minor)
III. Giga. Presto (B minor)","Violin, Basso Continuo (Harpsichord)",
RV 37,,Sonata,B minor,"I. Largo (B minor)
II. Allegro (B minor)
III. Largo (E minor)
IV. Allegro (B minor)","Violin, Basso Continuo",
RV 38,,Sonata,D minor,,"Cello, Basso Continuo",[Lost]
RV 39,,Sonata,E-flat major,"I. Larghetto (E-flat major)
II. Allegro (E-flat major)
III. Andante (E-flat major)
IV. Allegro (E-flat major)","Cello, Basso Continuo",
RV 40,,Sonata,E minor,"I. Largo (E minor)
II. Allegro (E minor)
III. Largo (E minor)
IV. Allegro (E minor)","Cello, Basso Continuo",
RV 41,,Sonata,F major,"I. Largo (F major)
II. Allegro (F major)
III. Largo (F minor)
IV. Allegro (F major)","Cello, Basso Continuo",
RV 42,,Sonata,G minor,"I. Preludio. Largo (G minor)
II. Allemanda. Allegro (G minor)
III. Sarabanda. Largo (G minor)
IV. Giga. Allegro (G minor)","Cello, Basso Continuo",
RV 43,,Sonata,A minor,"I. Largo (A minor)
II. Allegro (A minor)
III. Largo (A minor)
IV. Allegro (A minor)","Cello, Basso Continuo",
RV 44,,Sonata,A minor,"I. Largo (A minor)
II. Allegro poco (A minor)
III. Largo (A minor)
IV. Allegro (A minor)","Cello, Basso Continuo",
RV 45,,Sonata,B-flat major,"I. Largo (B-flat major)
II. Allegro (B-flat major)
III. Largo (D minor)
IV. Allegro (B-flat major)","Cello, Basso Continuo",
RV 46,,Sonata,B-flat major,"I. Largo (B-flat major)
II. Allegro (B-flat major)
III. Largo (G minor)
IV. Allegro (B-flat major)","Cello, Basso Continuo",
RV 47,,Sonata,B-flat major,"I. Largo (B-flat major)
II. Allegro (B-flat major)
[Voir 2e mouvement de RV 17 et RV 17a]
III. Largo (E-flat major)
IV. Allegro (B-flat major)","Cello, Basso Continuo",
RV 48,,Sonata,C major,"I. Affettuoso (C major)
II. Allegro assai (C major)
III. Larghetto (A minor)
IV. Allegro (C major)","Transverse Flute, Basso Continuo",
RV 49,,Sonata,D minor,,"Transverse Flute, Basso Continuo",[Voir Anh. 99]
RV 50,,Sonata,E minor,,"Transverse Flute, Basso Continuo",[Voir Anh. 100]
RV 51,,Sonata,G minor,"I. Largo (G minor)
II. Allegro (G minor)
III. Andante (G minor)
IV. Allegro (G minor)","Transverse Flute, Basso Continuo",
RV 52,,Sonata,F major,"I. ... (F major)
II. Allemanda (F major)
III. Aria di Giga. Allegro (F major)","Recorder, Basso Continuo",
RV 53,,Sonata,C minor,"I. Adagio (C minor)
II. Allegro (C minor)
III. Andante (C minor)
IV. Allegro (C minor)","Oboe, Basso Continuo",
RV 54,,Sonata,C major,,"Musette, Hurdy-Gurdy, Transverse Flute, Oboe / Violin, Basso Continuo",[Voir Anh. 95/1]
RV 55,,Sonata,C major,,"Musette, Hurdy-Gurdy, Transverse Flute, Oboe / Violin, Basso Continuo",[Voir Anh. 95/2]
RV 56,,Sonata,C major,,"Musette, Hurdy-Gurdy, Transverse Flute, Oboe / Violin, Basso Continuo",[Voir Anh. 95/3]
RV 57,,Sonata,G major,,"Musette, Hurdy-Gurdy, Transverse Flute, Oboe / Violin, Basso Continuo",[Voir Anh. 95/4]
RV 58,,Sonata,G minor,,"Musette, Hurdy-Gurdy, Transverse Flute, Oboe / Violin, Basso Continuo",[Voir Anh. 95/5]
RV 59,,Sonata,A major,,"Musette, Hurdy-Gurdy, Transverse Flute, Oboe / Violin, Basso Continuo (Organ)",[Voir Anh. 95/6]
RV 60,,Sonata,C major,"I. Allegro (C major)
II. Adagio (C major)
III. Allegro (C major)
IV. Adagio (E minor)
V. Allegro (C major)","2 Violins, Basso Continuo",
RV 61,,Sonata,C major,"I. Adagio (C major)
II. Allemanda. Allegro (C major)
III. Adagio (E minor)
IV. Sarabanda. Allegro (C major)","2 Violins, Basso Continuo (Harpsichord or Organ)",
RV 62,,Sonata,D major,"I. Preludio. Grave (D major)
II. Corrente. Allegro (D major)
III. Adagio (A major)
IV. Allemanda. Allegro (D major)","2 Violins, Basso Continuo (Harpsichord or Organ)",
RV 63,20 Variations sur "La Follia",Sonata,D minor,"I. Adagio (D minor)
II. Andante (F major)
III. Allegro (D minor)
IV. ... (D minor)
V. ... (D minor)
VI. ... (D minor)
VII. ... (D minor)
VIII. ... (D minor)
IX. Adagio (D minor)
X. Vivace (D minor)
XI. Allegro (D minor)
XII. Larghetto (D minor)
XIII. Allegro (F major)
XIV. ... (D minor)
XV. Adagio (D minor)
XVI. Allegro (D minor)
XVII. ... (F major)
XVIII. ... (D minor)
XIX. ... (F major)
XX. ... (F major)","2 Violins, Basso Continuo (Harpsichord or Organ)",
RV 64,,Sonata,D minor,"I. Preludio. Largo (D minor)
II. Corrente. Allegro (D minor)
III. Grave (D minor)
IV. Giga. Allegro (D minor)","2 Violins, Basso Continuo (Harpsichord or Organ)",
RV 65,,Sonata,E-flat major,"I. Preludio. Largo (E-flat major)
II. Allemanda. Allegro (E-flat major)
III. Sarabanda. Andante (E-flat major)
IV. Giga. Presto (E-flat major)","2 Violins, Basso Continuo (Harpsichord or Organ)",
RV 66,,Sonata,E major,"I. Largo (E major)
II. Allegro (E major) / Adagio
III. Allemanda. Allegro (E major)
IV. Sarabanda. Largo (E major)
V. Giga. Allegro (E major)","2 Violins, Basso Continuo (Harpsichord or Organ)",
RV 67,,Sonata,E minor,"I. Grave (E minor)
II. Corrente. Allegro (E minor)
III. Giga. Allegro (E minor)
IV. Gavotta. Allegro (E minor)","2 Violins, Basso Continuo (Harpsichord or Organ)",
RV 68,,Sonata,F major,"I. Allegro (F major)
II. Andante (D minor)
III. Allegro (F major)","2 Violins, [Basso Continuo]",
RV 69,,Sonata,F major,"I. Preludio. Largo (F major)
II. Allemanda. Presto (F major)
III. Corrente. Allegro (F major)
IV. Gavotta. Presto (F major)","2 Violins, Basso Continuo (Harpsichord or Organ)",
RV 70,,Sonata,F major,"I. Allegro (F major)
II. Larghetto (D minor)
III. Allegro molto (F major)","2 Violins, [Basso Continuo]",
RV 71,,Sonata,G major,"I. Allegro (G major)
II. Larghetto (B minor)
[voir 2e mouvement de RV 516]
III. Allegro (G major)","2 Violins, [Basso Continuo]",
RV 72,,Sonata,G minor,"I. Preludio. Largo (G minor)
II. Allemanda. Allegro (G minor)
III. Air Menuet. Allegro (G minor)","2 Violins, Basso Continuo",
RV 73,,Sonata,G minor,"I. Preludio. Grave (G minor)
II. Allemanda. Allegro (G minor)
III. Adagio (G minor)
IV. Capriccio. Allegro (G minor)
V. Gavotta. Allegro (G minor)","2 Violins, Basso Continuo (Harpsichord or Organ)",
RV 74,,Sonata,G minor,"I. Andante (G minor)
II. Allegro (G minor)
III. Andante (G minor)
IV. Allegro assai (G minor)","2 Violins, Basso Continuo",
RV 75,,Sonata,A major,"I. Preludio. Allegro (A major)
II. Adagio (A major)
III. Allemanda. Allegro (A major)
IV. Corrente. Presto (A major)","2 Violins, Basso Continuo (Harpsichord or Organ)",
RV 76,,Sonata,B-flat major,"I. Preludio. Andante (B-flat major)
II. Allemanda. Allegro (B-flat major)
III. Corrente. Allegro (B-flat major)","2 Violins, Basso Continuo",
RV 77,,Sonata,B-flat major,"I. Allegro (B-flat major)
II. Andante (D minor)
III. Allegro (B-flat major)","2 Violins, [Basso Continuo]",
RV 78,,Sonata,B-flat major,"I. Preludio. Adagio (B-flat major)
II. Allemanda. Allegro (B-flat major)
III. Gavotta. Presto (B-flat major)","2 Violins, Basso Continuo (Harpsichord or Organ)",
RV 79,,Sonata,B minor,"I. Preludio. Andante (B minor)
II. Corrente. Allegro (B minor)
III. Giga. Allegro (B minor)
IV. Gavotta. Presto (B minor)","2 Violins, Basso Continuo (Harpsichord or Organ)",
RV 80,,Sonata,G major,,"2 Transverse Flutes, Basso Continuo",[Voir Anh. 101]
RV 81,,Sonata,G minor,"I. Allegro (G minor)
II. Largo (C minor)
III. Allegro (G minor)","2 Oboe, Basso Continuo",
RV 82,,Sonata,C major,"I. Allegro non molto (C major)
II. Larghetto (C minor)
III. Allegro (C major)","Violin, Lute, Basso Continuo",
RV 83,,Sonata,C minor,"I. Allegro (C minor)
II. Largo (C minor)
III. Allegro (C minor)","Violin, Cello, Basso Continuo",
RV 84,,Sonata,D major,"I. Allegro (D major)
II. Andante (D major)
III. Allegro (D major)","Transverse Flute, Violin, Basso Continuo",
RV 85,,Sonata,G minor,"I. Andante molto (G minor)
II. Larghetto (G minor)
III. Allegro (G minor)","Violin, Lute, Basso Continuo",
RV 86,,Sonata,A minor,"I. Largo (A minor)
II. Allegro (A minor)
III. Largo (C major)
IV. Allegro molto (A minor)","Recorder, Bassoon, Basso Continuo",
RV 87,,Concerto,C major,"I. Adagio (C major) / Allegro
II. Largo (C major) fl?te ¨¤ bec et basse continue
III. Allegro assai (C major)","Recorder, Oboe, 2 Violins, Basso Continuo",
RV 88,,Concerto,C major,"I. Allegro (C major)
II. Largo (C minor)
III. Allegro molto (C major)","Transverse Flute, Oboe, Violin, Bassoon, Basso Continuo",
RV 89,,Concerto,D major,,"Transverse Flute, 2 Violins, Basso Continuo (Harpsichord)",[Voir Anh. 102]
RV 90,"""Il Gardellino""",Concerto,D major,"I. Allegro (D major)
[voir 1er mouvement de RV 90a, RV 90b, RV 428]
II. Largo (D major)
fl?te traversi¨¨re et basson
[voir 2e mouvement de RV 90a, RV 90b, RV 428]
III. Allegro (D major)
[voir 3e mouvement de RV 90a, RV 90b, RV 428]","Transverse Flute, Oboe, Violin, Bassoon, Basso Continuo",[M¨ºme oeuvre que RV 90a et 90b mais avec instruments diff¨¦rents.]
RV 91,,Concerto,D major,"I. Allegro (D major)
II. Largo (D minor)
III. Allegro non molto (D major)","Transverse Flute, Violin, Bassoon, Basso Continuo",
RV 92,,Concerto,D major,"I. Allegro (D major)
2 ... (D major)
III. Allegro (D major)","Recorder, Violin, Bassoon, Basso Continuo",[M¨ºme oeuvre que RV 92 mais avec instruments diff¨¦rents]
RV 93,,Concerto,D major,"I. ... (D major)
II. Largo (D major)
III. Allegro (D major)","Lute, 2 Violins, Basso Continuo",
RV 94,,Concerto,D major,"I. Allegro (D major)
[voir RV 700, I:3 et RV 736, III:4]
II. Largo (D minor)
fl?te ¨¤ bec, violon et basson
III. Allegro (D major)","Recorder, Oboe, Violin, Bassoon, Basso Continuo",
RV 95,"""La Pastorella""",Concerto,D major,"I. Allegro (D major)
II. Largo (D major)
fl?te ¨¤ bec et basse continue
III. Allegro (D major)","Recorder, Oboe, Violin, Bassoon, Basso Continuo",
RV 96,,Concerto,D minor,"I. Allegro (D minor)
II. Largo (B-flat major)
III. Allegro (D minor)","Transverse Flute, Violin, Bassoon, Basso Continuo (Harpsichord)",
RV 97,,Concerto,F major,"I. Largo (F major)
II. Allegro (F major)
III. Largo (A minor)
viole d'amour, hautbois et basson
IV. Allegro (F major)","Viola d'amore, 2 Horns, 2 Oboe, Bassoon, Basso Continuo",
RV 98,"""La tempesta di mare""",Concerto,F major,"I. ... (F major)
[voir 1er mouvement de RV 433, RV 570]
II. Largo (D minor)
[voir 2e mouvement de RV 433, RV 570]
III. Presto (F major)
[voir 3e mouvement de RV 433, RV 570]","Transverse Flute, Oboe, Violin, Bassoon, Basso Continuo",
RV 99,,Concerto,F major,"I. Allegro (F major)
[voir 1er mouvement de RV 571]
II. Largo (C major)
fl?te traversi¨¨re, violon, hautbois et basson
[voir 2e mouvement de RV 571]
III. Allegro (F major)
[voir 3e mouvement de RV 571 et RV 720a, II:1]","Transverse Flute, Oboe, Violin, Bassoon, Basso Continuo",
RV 100,,Concerto,F major,"I. Allegro (F major)
II. ... (C major) fl?te traversi¨¨re et basson
III. Allegro (F major)","Transverse Flute, Violin, Bassoon, Basso Continuo",
RV 101,,Concerto,G major,"I. ... (G major)
[voir 4e mouvement de RV 3 et 1er mouvement de RV 437]
II. Largo (D minor)
[voir 2e mouvement de RV 242 et 2e mouvement de RV 437]
III. Allegro (G major)
[voir 3e mouvement de RV 437]","Recorder, Oboe, Violin, Bassoon, Basso Continuo",
RV 102,,Concerto,G major,,"Transverse Flute, 2 Violins, Basso Continuo",[Voir Anh. 103]
RV 103,,Concerto,G minor,"I. Allegro ma cantabile (G minor)
II. Largo (G minor)
III. Allegro non molto (G minor)","Recorder, Oboe, Bassoon [Basso Continuo]",
RV 104,"""La Notte""",Concerto,G minor,"I. Largo (G minor)
[voir 1er mouvement de RV 104a et RV 439]
II. Presto Fantasmi (G minor)
[voir 2e mouvement de RV 104a et RV 439]
III. Largo (D minor) / Andante
[voir 3e mouvement de RV 104a et RV 439]
IV. Presto (F major)
[voir 4e mouvement de RV 104a et RV 439]
V. Largo Il Sonno (C minor)
[voir 5e mouvement de RV 104a et RV 439]
VI. Allegro (G minor)
[voir 6e mouvement de RV 104a et RV 439]","Transverse Flute, 2 Violins, Bassoon, Basso Continuo",[M¨ºme oeuvre que RV 104a mais avec instruments diff¨¦rents.]
RV 105,,Concerto,G minor,"I. Allegro (G minor)
II. Largo (E-flat major)
fl?te ¨¤ bec et basson
III. ... (G minor)","Recorder, Oboe, Violin, Bassoon, Basso Continuo",
RV 106,,Concerto,G minor,"I. ... (G minor)
II. Largo (B-flat major)
fl?te traversi¨¨re, hautbois et basson
III. Allegro (G minor)","Transverse Flute, Violin, Bassoon, Basso Continuo",[M¨ºme oeuvre que RV 106a mais avec instruments diff¨¦rents]
RV 107,,Concerto,G minor,"I. Allegro (B-flat major)
II. Largo (G minor)
[voir 2e mouvement de RV 548 et RV 764]
III. Allegro (B-flat major)","Transverse Flute, Oboe, Violin, Bassoon, Basso Continuo (Harpsichord)",
RV 108,,Concerto,A minor,"I. Allegro (A minor)
II. Largo (A minor)
III. Allegro (A minor)","Recorder, 2 Violins, Basso Continuo",
RV 109,,Concerto,C major,"I. Allegro (C major)
II. Adagio (C major)
III. Allegro molto (C major)","Strings, Basso Continuo",
RV 110,,Concerto,C major,"I. Allegro ( C major)
[voir 3e mouvement de RV 537]
II. Largo (C major)
[voir 2e mouvement de RV 537]
III. Allegro (C major)","Strings, Basso Continuo",
RV 111,,Concerto,C major,"I. ... (C major)
[voir Sinfonia de RV 717]
II. ... (B-flat major)
sans clavecin
[voir Sinfonia de RV 739]
III. Allegro (C major)","Strings, Basso Continuo (Harpsichord)",
RV 112,,Sinfonia,C major,"I. Allegro (C major)
II. Andante (C minor)
III. Presto (C major)","Strings, Basso Continuo (Harpsichord)",
RV 113,,Concerto,C major,"I. Allegro (C major)
II. Grave ou Adagio (C major)
[voie 2e mouvement de RV 298]
III. Allegro (C major)","Strings (+?Oboe), Basso Continuo (Organ)",
RV 114,,Concerto,C major,"I. Allegro (C major)
[voir 1er mouvement de RV 539 et RV 808]
II. Adagio (C major)
[voir 2e mouvement de RV 539 et RV 808]
III. Ciacona (C major)
[voir 3e mouvement de RV 539 et RV 808]","Strings, Basso Continuo (Harpsichord)",
RV 115,,Concerto,C major,"I. Allegro (C major)
II. ... (A minor)
III. Allegro (C major)","Strings, Basso Continuo",
RV 116,,Sinfonia,C major,"I. Allegro (C major)
II. Andante ou Affettuoso (C minor)
III. Allegro ou Presto (C major)","Strings, Basso Continuo (Harpsichord)",
RV 117,,Concerto,C major,"I. Allegro alla Francese (C major)
[voir 1er mouvement de la Sinfonia de RV 693]
II. Largo (C major)
III. Allegro (C major)
[voir 3e mouvement de la Sinfonia de RV 711]","Strings, Basso Continuo",
RV 118,,Concerto,C minor,"I. Allegro (C minor)
II. Largo (C minor)
III. Allegro (C minor)","Strings, Basso Continuo",
RV 119,,Concerto,C minor,"I. Allegro (C minor)
II. Largo (E-flat major)
III. Allegro (C minor)","Strings, Basso Continuo (Harpsichord)",
RV 120,,Concerto,C minor,"I. Allegro non molto (C minor)
II. Largo (C minor)
III. Allegro (C minor)","Strings, Basso Continuo",
RV 121,,Concerto,D major,"I. Allegro molto (D major)
II. Adagio (D major)
III. Allegro (D major)","Strings, Basso Continuo (Harpsichord)",
RV 122,,Sinfonia,D major,"I. Allegro (D major)
II. Largo (D major)
III. Presto (D major)","Strings, Basso Continuo (Harpsichord)",[Ajout ult¨¦rieur de 2 hautbois et basson]
RV 123,,Concerto,D major,"I. Allegro (D major)
II. Adagio (D major)
III. Allegro (D major)
[voir 4e mouvement de RV 579]","Strings, Basso Continuo",
RV 124,,Concerto,D major,"I. Allegro (D major)
II. Grave (B minor)
III. Allegro (D major)","Strings, Basso Continuo",
RV 125,,Sinfonia,D major,"I. Allegro (D major)
II. Adagio (B minor)
III. Allegro (D major)","Strings, Basso Continuo",[Incomplete]
RV 126,,Concerto,D major,"I. Allegro (D major)
[voir 2e mouvement de RV 153 (sans hautbois)]
II. Andante (G minor)
III. Allegro (D major)
violons I/II, alto et basse continue","Strings, Basso Continuo",[Incomplete]
RV 127,,Concerto,D minor,"I. Allegro (D minor)
violons I/II, alto et basse continue
II. Largo (F major)
III. Allegro (D minor)
violons I/II, alto et basse continue","Strings, Basso Continuo (Harpsichord)",
RV 128,,Concerto,D minor,"I. Allegro non molto (D minor)
II. Largo (D minor)
III. Allegro (D minor)","Strings, Basso Continuo",
RV 129,"""Madrigalesco""",Concerto,D minor,"I. Adagio (D minor) / Allegro
[voir 2e mouvement de RV 491, 1er mouvement de RV 587 et 1er mouvement de RV 610 et RV 611]
II. Adagio (D minor)
III. ... (D minor)","Strings, Basso Continuo",
RV 130,"""Al Santo Sepolcro""",Sonata,E-flat major,"I. Largo molto (E-flat major)
II. Allegro ma poco (E-flat major)","Strings, Basso Continuo",
RV 131,,Sinfonia,E major,"I. ... (E major)
II. Andante (E minor)
violons I/II, alto, basse (sans clavecin)
III. Allegro (E major)","Strings, Basso Continuo (Harpsichord)",
RV 132,[Voir Anh. 96],Sinfonia,E major,,"Strings, Basso Continuo",
RV 133,,Concerto,E minor,"I. Allegro (E minor)
II. Largo (E minor)
III. Allegro (E minor)","Strings, Basso Continuo (Harpsichord)",
RV 134,,Concerto / Sinfonia,E minor,"I. ... (E minor)
II. Andante e pianissimo (E minor)
III. Allegro (E minor)","Strings, Basso Continuo",
RV 135,,Sinfonia,F major,"I. Allegro (F major)
II. Andante (F minor)
III. Allegro (F major)","Strings, Basso Continuo",
RV 136,,Concerto,F major,"I. Allegro (F major)
II. Andante (F major)
violons I/II, alto et basse continue
[voir RV 700, I:4]
III. Minuet. Allegro (F major)
[voir RV 700, I:11]","Strings, Basso Continuo (Harpsichord)",
RV 137,,Sinfonia,F major,"I. Allegro (F major)
II. Andante (F minor)
III. Presto (F major)","Strings, Basso Continuo (Harpsichord)",
RV 138,,Concerto,F major,"I. Allegro (F major)
II. Adagio (F minor)
III. Allegro (F major)
violons I/II, alto et basse continue","Strings, Basso Continuo",
RV 139,,Concerto,F major,"I. Allegro (F major) [voir 1er mouvement de RV 543]
II. Allegro alla Francese (D minor) [voir 2e mouvement de RV 543]
III. Allegro (F major) [voir 3e mouvement de RV 543]","Strings, Basso Continuo",
RV 140,,Concerto / Sinfonia,F major,"I. Allegro molto (F major)
II. Andante (D minor)
violon solo, alto et basse continue
III. Allegro (F major)","Strings, Basso Continuo (Harpsichord)",
RV 141,,Concerto,F major,"I. Allegro molto (F major)
II. Andante molto (F major)
III. Allegro molto (F major)","Strings, Basso Continuo",
RV 142,,Concerto,F major,"I. Allegro molto (F major)
II. ... (D minor)
III. Allegro molto (F major)","Strings, Basso Continuo",
RV 143,,Concerto,F minor,"I. Allegro (F minor)
II. ... (C minor)
III. ... (F minor)","Strings, Basso Continuo",
RV 144,,Sinfonia,G major,,"Strings, Basso Continuo",[Voir Anh. 70]
RV 145,,Concerto,G major,"I. Allegro molto (G major)
II. Andante e sempre piano (G major)
III. Presto (G major)","Strings, Basso Continuo",
RV 146,,Sinfonia / Concerto,G major,"I. Allegro (G major)
II. Andante e sempre piano (G minor) violons I/II, alto et basse continue [voir RV 699, III:6]
III. Presto (G major) violons I/II, alto et basse continue","Strings, Basso Continuo (Harpsichord)",
RV 147,,Sinfonia,G major,"I. Largo (G major) / Allegro
II. Andante e sempre piano (G minor) violons I/II, alto ou basse continue [voir 1er mouvement de RV 150]
III. Presto (G major)","Strings, Basso Continuo (Harpsichord)",
RV 148,,Sinfonia,G major,,"Strings, Basso Continuo",[Voir Anh. 68]
RV 149,,Sinfonia,G major,"I. Allegro molto (G major)
II. Andante (G minor) violons I/II con l'arco, violons III/IV pizzicati, alto, violoncelle pizzicati, sans clavecin
III. Allegro (G major)","Strings, Basso Continuo (Harpsichord)",
RV 150,,Concerto,G major,"I. Allegro (G major)
[voir 3e mouvement de RV 147]
II. Largo (G major)
III. Allegro (G major)","Strings, Basso Continuo (Harpsichord)",
RV 151,"""Alla rustica""",Concerto,G major,"I. Presto (G major)
II. Adagio (G major)
III. Allegro (G major)
avec 2 hautbois","Strings, Basso Continuo",
RV 152,,Concerto,G minor,"I. Allegro molto (G minor)
II. Andante molto e sempre pianissimo (F major)
III. Allegro molto (G minor)","Strings, Basso Continuo (Harpsichord)",
RV 153,,Concerto,G minor,"I. Allegro (G minor)
II. Adagio (G minor)
[voir 2e mouvement de RV 126]
III. Allegro (G minor)","Strings, Basso Continuo",
RV 154,,Concerto,G minor,"I. Allegro (G minor)
II. Adagio (E-flat major)
III. Allegro (G minor)","Strings, Basso Continuo (Harpsichord)",
RV 155,,Concerto,G minor,"I. Adagio (G minor)
II. Allegro (G minor)
III. Largo (D minor)
violon solo et basse continue
IV. Allegro (G minor)
violon solo, cordes et basse continue","Strings, Basso Continuo",
RV 156,,Concerto,G minor,"I. Allegro (G minor)
II. Adagio (G minor)
III. Allegro (G minor)","Strings, Basso Continuo",
RV 157,,Concerto,G minor,"I. Allegro (G minor)
II. Largo (G minor)
III. Allegro (G minor","Strings, Basso Continuo (Harpsichord)",
RV 158,,Concerto,A major,"I. Allegro molto (A major)
II. Andante molto (A minor)
III. Allegro (A major)","Strings, Basso Continuo",
RV 159,,Concerto,A major,"I. Allegro (A major) violons I/II, alto et basse continue [voir RV 739, I:3, RV 749,12]
II. Adagio (F-sharp minor)
III. Allegro (A minor / A major)
violons I/II et violoncelle solo avec cordes et basse continue [voir RV 739, I:4]","Strings, Basso Continuo (Harpsichord)",
RV 160,,Concerto,A major,"I. Allegro (A major)
II. Andante (F-sharp minor)
III. Allegro (A major)","Strings, Basso Continuo (Harpsichord)",
RV 161,,Concerto,A minor,"I. Allegro (A minor)
violons I/II, alto et basse continue
II. Largo (G major)
III. Allegro (A minor)
violons I/II, alto et basse continue","Strings, Basso Continuo",
RV 162,,Sinfonia,B-flat major,"I. Allegro (B-flat major)
[voir 3e mouvement de RV 87]
II. Largo (B-flat major)
III. Allegro assai (B-flat major)","Strings, Basso Continuo (Harpsichord)",
RV 163,"""Conca""",Concerto,B-flat major,"I. ... (B-flat major) / Allegro molto
II. Andante (B-flat major)
III. Allegro (B-flat major)","Strings, Basso Continuo",
RV 164,,Concerto,B-flat major,"I. Allegro (B-flat major)
II. Adagio (B-flat major)
III. Allegro (B-flat major)","Strings, Basso Continuo (Harpsichord)",
RV 165,,Concerto,B-flat major,"I. Allegro (B-flat major)
violons I/II, alto et basse continue
II. Andante (B-flat major)
violons I/II, alto et basse continue
III. Presto (B-flat major)","Strings, Basso Continuo",
RV 166,,Concerto,B-flat major,"I. Allegro (B-flat major)
II. Adagio (F minor)
III. ... (B-flat major)","Strings, Basso Continuo",
RV 167,,Concerto,B-flat major,"I. Allegro (B-flat major)
violons I/II, alto et basse continue
[voir 3e mouvement de RV 222]
II. Andante (B-flat major)
III. Allegro (B-flat major)
violons I/II, alto et basse continue","Strings, Basso Continuo",
RV 168,,Sinfonia,B minor,"I. Allegro (B minor)
[voir 1er mouvement de RV 390]
II. Andante (F-sharp minor)
III. Allegro (B minor)","Strings, Basso Continuo (Harpsichord)",
RV 169,"""Al Santo Sepolcro""",Sinfonia,B minor,"I. Adagio molto (B minor)
II. Allegro ma poco (B minor)","Strings, Basso Continuo (without Harpsichord)",
RV 170,,Concerto,C major,"I. Presto (C major)
II. Largo (C minor)
III. Allegro (C major)","Violin, Strings, Basso Continuo",
RV 171,,Concerto,C major,"I. Allegro (C major)
II. Largo (E minor)
violon solo, violons I/II, alto et basse continue
III. Allegro non molto (C major)","Violin, Strings, Basso Continuo",
RV 172,,Concerto,C major,"I. ... (C major)
II. ... (E minor)
violon solo, violons I/II, alto et basse continue
III. Allegro (C major)
Tir¨¦ d'une oeuvre de Carlo Tessarini","Violin, Strings, Basso Continuo",
RV 173,,Concerto,C major,"I. Largo spiccato (C major) / Allegro
II. Largo (C major)
violon solo, violons I/II
III. Allegro (C major)","Violin, Strings, Basso Continuo (Organ)",
RV 174,,Concerto,C major,,"Violin, Strings, Basso Continuo",[Lost]
RV 175,,Concerto,C major,,"Violin, Strings, Basso Continuo (Organ)",[Voir Anh. 104]
RV 176,,Concerto,C major,"I. Allegro (C major)
II. Largo (C minor)
III. Allegro (C major)","Violin, Strings, Basso Continuo (Organ)",
RV 177,,Concerto,C major,"I. Allegro ma poco (C major)
[voir 1er mouvement de Sinfonia, RV 725]
II. Largo (F major)
III. Allegro (C major)","Violin, Strings, Basso Continuo",
RV 178,,Concerto,C major,"I. Allegro (C major)
[voir 1er mouvement de RV 449]
II. Largo (C minor)
violon solo et basse continue
[voir 2e mouvement de RV 449]
III. Allegro (C major)
[voir 3e mouvement de RV 449]","Violin, Strings, Basso Continuo (Organ)","[M¨ºme oeuvre pour hautbois, RV 449]"
RV 179,,Concerto,C major,"I. Andante (C major) / Allegro ma poco
[voir 1er mouvement de RV 179a, RV 581]
II. Largo (E minor)
[voir 2e mouvement de RV 179a, RV 581]
III. Allegro (C major)
[voir 3e mouvement de RV 581]","Violin, Strings, Basso Continuo (Harpsichord)",[M¨ºme oeuvre que RV 581]
RV 180,"""Il Piacere""",Concerto,C major,"I. Allegro (C major)
II. Largo (E minor)
III. Allegro (C major)","Violin, Strings, Basso Continuo",
RV 181,,Concerto,C major,"I. Allegro (C major)
[voir 1er mouvement de RV 181a]
II. Largo (C minor)
violon solo et basse continue
[voir 2e mouvement de RV 181a]
III. Allegro (C major)","Violin, Strings, Basso Continuo",
RV 182,,Concerto,C major,,"Violin, Strings, Basso Continuo (Harpsichord)",
RV 183,,Concerto,C major,,"Violin, Strings, Basso Continuo (Harpsichord)",
RV 184,,Concerto,C major,,"Violin, Strings, Basso Continuo",
RV 185,,Concerto,C major,,"Violin, Strings, Basso Continuo (Organ)",
RV 186,,Concerto,C major,,"Violin, Strings, Basso Continuo",
RV 187,,Concerto,C major,,"Violin, Strings, Basso Continuo (Harpsichord)",
RV 188,,Concerto,C major,,"Violin, Strings, Basso Continuo (Organ)",
RV 189,,Concerto,C major,,"Violin, Strings, Basso Continuo (Harpsichord/Organ)",
RV 190,,Concerto,C major,,"Violin, Strings, Basso Continuo (Harpsichord)",
RV 191,,Concerto,C major,,"Violin, Strings, Basso Continuo (Harpsichord)",
RV 192,,Sinfonia,C major,"I. Allegro (C major)
avec 2 violons solo
[voir 1er mouvement de RV 192a]
II. Adagio ou Grave (C major)
cordes et basse continue
[voir 2e mouvement de RV 192a]
III. Allegro (C major)
violon solo, cordes et basse continue","Violin, Strings, Basso Continuo (Harpsichord)",
RV 193,,Concerto,C major,,"Violin, Strings, Basso Continuo",
RV 194,,Concerto,C major,,"Violin, Strings, Basso Continuo",
RV 195,,Concerto,C major,,"Violin, Strings, Basso Continuo (Organ)",
RV 196,,Concerto,C minor,,"Violin, Strings, Basso Continuo (Organ)",
RV 197,,Concerto,C minor,,"Violin, Strings, Basso Continuo",
RV 198,,Concerto,C minor,,"Violin, Strings, Basso Continuo (Harpsichord)",
RV 199,"""Il Sospetto""",Concerto,C minor,,"Violin, Strings, Basso Continuo (Harpsichord)",
RV 200,,Concerto,C minor,,"Violin, Strings, Basso Continuo",
RV 201,,Concerto,C minor,,"Violin, Strings, Basso Continuo",
RV 202,,Concerto,C minor,,"Violin, Strings, Basso Continuo (Harpsichord/Organ)",
RV 203,,Concerto,D major,,"Violin, Strings, Basso Continuo (Harpsichord)",
RV 204,,Concerto,D major,,"Violin, Strings, Basso Continuo (Harpsichord/Organ)",
RV 205,,Concerto,D major,,"Violin, Strings, Basso Continuo (Harpsichord)",
RV 206,,Concerto,D major,,"Violin, Strings, Basso Continuo",
RV 207,,Concerto,D major,,"Violin, Strings, Basso Continuo (Organ)",
RV 208,"""Grosso Mogul""",Concerto,D major,,"Violin, Strings, Basso Continuo (Harpsichord)",
RV 209,,Concerto,D major,,"Violin, Strings, Basso Continuo",
RV 210,,Concerto,D major,,"Violin, Strings, Basso Continuo (Organ)",
RV 211,,Concerto,D major,,"Violin, Strings, Basso Continuo (Harpsichord)",
RV 212,"""Per la Solennita della S. Lingua di S. Antonio in Padua""",Concerto,D major,,"Violin, Strings, Basso Continuo (Harpsichord/Organ)",
RV 213,,Concerto,D major,,"Violin, Strings, Basso Continuo (Harpsichord)",
RV 214,,Concerto,D major,,"Violin, Strings, Basso Continuo (Harpsichord/Organ)",
RV 215,,Concerto,D major,,"Violin, Strings, Basso Continuo",
RV 216,,Concerto,D major,,"Violin, Strings, Basso Continuo (Organ)",
RV 217,,Concerto,D major,,"Violin, Strings, Basso Continuo",
RV 218,,Concerto,D major,,"Violin, Strings, Basso Continuo",
RV 219,,Concerto,D major,,"Violin, Strings, Basso Continuo",
RV 220,,Concerto,D major,,"Violin, Strings, Basso Continuo",
RV 221,,Concerto,D major,,"Violin, Strings, Basso Continuo",
RV 222,,Concerto,D major,,"Violin, Strings, Basso Continuo (Harpsichord)",
RV 223,,Concerto,D major,,"Violin, Strings, Basso Continuo",
RV 224,,Concerto,D major,,"Violin, Strings, Basso Continuo",
RV 225,,Concerto,D major,,"Violin, Strings, Basso Continuo",
RV 226,,Concerto,D major,,"Violin, Strings, Basso Continuo",
RV 227,,Concerto,D major,,"Violin, Strings, Basso Continuo",
RV 228,,Concerto,D major,,"Violin, Strings, Basso Continuo (Harpsichord)",
RV 229,,Concerto,D major,,"Violin, Strings, Basso Continuo",
RV 230,,Concerto,D major,,"Violin, Strings, Basso Continuo (Harpsichord)",
RV 231,,Concerto,D major,,"Violin, Strings, Basso Continuo",
RV 232,,Concerto,D major,,"Violin, Strings, Basso Continuo",
RV 233,,Concerto,D major,,"Violin, Strings, Basso Continuo",
RV 234,"""L'inquietudine""",Concerto,D major,,"Violin, Strings, Basso Continuo (Organ)",
RV 235,,Concerto,D minor,,"Violin, Strings, Basso Continuo",
RV 236,,Concerto,D minor,,"Violin, Strings, Basso Continuo (Organ)",
RV 237,,Concerto,D minor,,"Violin, Strings, Basso Continuo (Harpsichord)",
RV 238,,Concerto,D minor,,"Violin, Strings, Basso Continuo (Organ)",
RV 239,,Concerto,D minor,,"Violin, Strings, Basso Continuo (Harpsichord/Organ)",
RV 240,,Concerto,D minor,,"Violin, Strings, Basso Continuo (Harpsichord)",
RV 241,,Concerto,D minor,,"Violin, Strings, Basso Continuo",
RV 242,"""Per Pisendel""",Concerto,D minor,,"Violin, Strings, Basso Continuo (Organ)",
RV 243,,Concerto,D minor,,"Violin, Strings, Basso Continuo",
RV 244,,Concerto,D minor,,"Violin, Strings, Basso Continuo (Organ)",
RV 245,,Concerto,D minor,,"Violin, Strings, Basso Continuo",
RV 246,,Concerto,D minor,,"Violin, Strings, Basso Continuo",
RV 247,,Concerto,D minor,,"Violin, Strings, Basso Continuo",
RV 248,,Concerto,D minor,,"Violin, Strings, Basso Continuo",
RV 249,,Concerto,D minor,,"Violin, Strings, Basso Continuo (Organ/Harpsichord)",
RV 250,,Concerto,E-flat major,,"Violin, Strings, Basso Continuo",
RV 251,,Concerto,E-flat major,,"Violin, Strings, Basso Continuo",
RV 252,,Concerto,E-flat major,,"Violin, Strings, Basso Continuo",
RV 253,"""La Tempesta di Mare""",Concerto,E-flat major,,"Violin, Strings, Basso Continuo (Organ)",
RV 254,,Concerto,E-flat major,,"Violin, Strings, Basso Continuo (Harpsichord)",
RV 255,,Concerto,E-flat major,,"Violin, Strings, Basso Continuo",
RV 256,"""Il Ritiro""",Concerto,E-flat major,,"Violin, Strings, Basso Continuo (Harpsichord)",
RV 257,,Concerto,E-flat major,,"Violin, Strings, Basso Continuo (Harpsichord)",
RV 258,,Concerto,E-flat major,,"Violin, Strings, Basso Continuo",
RV 259,,Concerto,E-flat major,,"Violin, Strings, Basso Continuo (Organ)",
RV 260,,Concerto,E-flat major,,"Violin, Strings, Basso Continuo (Harpsichord)",
RV 261,,Concerto,E-flat major,,"Violin, Strings, Basso Continuo",
RV 262,,Concerto,E-flat major,,"Violin, Strings, Basso Continuo",
RV 263,,Concerto,E major,,"Violin, Strings, Basso Continuo",
RV 264,,Concerto,E major,,"Violin, Strings, Basso Continuo",
RV 265,,Concerto,E major,,"Violin, Strings, Basso Continuo (Harpsichord)",
RV 266,,Concerto,E major,,"Violin, Strings, Basso Continuo (Harpsichord)",
RV 267,,Concerto,E major,,"Violin, Strings, Basso Continuo",
RV 268,,Concerto,E major,,"Violin, Strings, Basso Continuo (Organ)",
RV 269,"""La Primavera""",Concerto,E major,,"Violin, Strings, Basso Continuo (Organ)",
RV 270,"""Il Riposo Per il S. Natale""",Concerto,E major,,"Violin, Strings, Basso Continuo (without Harpsichord)",
RV 271,"""L'Amoroso""",Concerto,E major,,"Violin, Strings, Basso Continuo",
RV 272,,Concerto,E minor,,"Violin, Strings, Basso Continuo",
RV 273,,Concerto,E minor,,"Violin, Strings, Basso Continuo (Harpsichord)",
RV 274,,Concerto,E minor,,"Violin, Strings, Basso Continuo",
RV 275,,Concerto,E minor,,"Violin, Strings, Basso Continuo (Organ)",
RV 276,,Concerto,E minor,,"Violin, Strings, Basso Continuo (Organ)",
RV 277,"""Il Favorito""",Concerto,E minor,,"Violin, Strings, Basso Continuo (Harpsichord/Organ)",
RV 278,,Concerto,E minor,,"Violin, Strings, Basso Continuo",
RV 279,,Concerto,E minor,,"Violin, Strings, Basso Continuo (Organ)",
RV 280,,Concerto,E minor,,"Violin, Strings, Basso Continuo (Organ)",
RV 281,,Concerto,E minor,,"Violin, Strings, Basso Continuo (Harpsichord)",
RV 282,,Concerto,F major,,"Violin, Strings, Basso Continuo",
RV 283,,Concerto,F major,,"Violin, Strings, Basso Continuo",
RV 284,,Concerto,F major,,"Violin, Strings, Basso Continuo (Organ)",
RV 285,,Concerto,F major,,"Violin, Strings, Basso Continuo",
RV 286,"""Per la Solennita di S. Lorenzo""",Concerto,F major,,"Violin, Strings, Basso Continuo (Harpsichord)",
RV 287,,Concerto,F major,,"Violin, Strings, Basso Continuo",
RV 288,,Concerto,F major,,"Violin, Strings, Basso Continuo",
RV 289,,Concerto,F major,,"Violin, Strings, Basso Continuo",
RV 290,,Concerto,F major,,"Violin, Strings, Basso Continuo",
RV 291,"""Walsh-Druck""",Concerto,F major,,"Violin, Strings, Basso Continuo (Organ)",
RV 292,,Concerto,F major,,"Violin, Strings, Basso Continuo (Harpsichord)",
RV 293,"""L'Autunno""",Concerto,F major,,"Violin, Strings, Basso Continuo (Organ/Harpsichord)",
RV 294,"""Il Rittiro""",Concerto,F major,,"Violin, Strings, Basso Continuo (Organ)",
RV 295,,Concerto,F major,,"Violin, Strings, Basso Continuo (Harpsichord)",
RV 296,,Concerto,F major,,"Violin, Strings, Basso Continuo",
RV 297,L'Inverno,Concerto,F minor,,"Violin, Strings, Basso Continuo (Organ/Harpsichord)",
RV 298,,Concerto,G major,,"Violin, Strings, Basso Continuo (Organ)",
RV 299,,Concerto,G major,,"Violin, Strings, Basso Continuo (Harpsichord/Organ)",
RV 300,,Concerto,G major,,"Violin, Strings, Basso Continuo (Organ)",
RV 301,,Concerto,G major,,"Violin, Strings, Basso Continuo (Organ/Harpsichord)",
RV 302,,Concerto,G major,,"Violin, Strings, Basso Continuo (Organ)",
RV 303,,Concerto,G major,,"Violin, Strings, Basso Continuo",
RV 304,,Concerto,G major,,"Violin, Strings, Basso Continuo",
RV 305,,Concerto,G major,,"Violin, Strings, Basso Continuo",
RV 306,,Concerto,G major,,"Violin, Strings, Basso Continuo",
RV 307,,Concerto,G major,,"Violin, Strings, Basso Continuo",
RV 308,,Concerto,G major,,"Violin, Strings, Basso Continuo (Organ)",
RV 309,"""Il Mare Tempesto""",Concerto,G major,,"Violin, Strings, Basso Continuo",
RV 310,,Concerto,G major,,"Violin, Strings, Basso Continuo (Harpsichord/Organ)",
RV 311,,Concerto,G major,,"Violin in tromba, Strings, Basso Continuo",
RV 312,,Concerto,G major,,"Violin, Strings, Basso Continuo",
RV 313,,Concerto,G major,,"Violin in tromba, Strings, Basso Continuo",
RV 314,,Concerto,G major,,"Violin, Strings, Basso Continuo (Harpsichord/Organ)",
RV 315,"""L'Estate""",Concerto,G minor,,"Violin, Strings, Basso Continuo (Organ/Harpsichord)",
RV 316,,Concerto,G minor,,"Violin, Strings, Basso Continuo",
RV 317,,Concerto,G minor,,"Violin, Strings, Basso Continuo (Organ)",
RV 318,,Concerto,G minor,,"Violin, Strings, Basso Continuo (Organ)",
RV 319,,Concerto,G minor,,"Violin, Strings, Basso Continuo (Harpsichord)",
RV 320,,Concerto,G minor,,"Violin, Strings, Basso Continuo",
RV 321,,Concerto,G minor,,"Violin, Strings, Basso Continuo",
RV 322,,Concerto,G minor,,"Violin, Strings, Basso Continuo",
RV 323,,Concerto,G minor,,"Violin, Strings, Basso Continuo",
RV 324,,Concerto,G minor,,"Violin, Strings, Basso Continuo (Organ)",
RV 325,,Concerto,G minor,,"Violin, Strings, Basso Continuo (Harpsichord)",
RV 326,,Concerto,G minor,,"Violin, Strings, Basso Continuo (Organ)",
RV 327,,Concerto,G minor,,"Violin, Strings, Basso Continuo",
RV 328,,Concerto,G minor,,"Violin, Strings, Basso Continuo (Organ)",
RV 329,,Concerto,G minor,,"Violin, Strings, Basso Continuo (Harpsichord)",
RV 330,,Concerto,G minor,,"Violin, Strings, Basso Continuo",
RV 331,,Concerto,G minor,,"Violin, Strings, Basso Continuo",
RV 332,,Concerto,G minor,,"Violin, Strings, Basso Continuo (Organ)",
RV 333,,Concerto,G minor,,"Violin, Strings, Basso Continuo",
RV 334,,Concerto,G minor,,"Violin, Strings, Basso Continuo (Organ/Harpsichord)",
RV 335,"""The Cuckow""",Concerto,A major,,"Violin, Strings, Basso Continuo (Organ/Harpsichord)",
RV 336,,Concerto,A major,,"Violin, Strings, Basso Continuo (Organ)",
RV 337,,Concerto,A major,,"Violin, Strings, Basso Continuo",
RV 338,,Concerto,A major,,"Violin, Strings, Basso Continuo",
RV 339,,Concerto,A major,,"Violin, Strings, Basso Continuo (Harpsichord)",
RV 340,,Concerto,A major,,"Violin, Strings, Basso Continuo",
RV 341,,Concerto,A major,,"Violin, Strings, Basso Continuo (Harpsichord)",
RV 342,,Concerto,A major,,"Violin, Strings, Basso Continuo",
RV 343,,Concerto,A major,,"Violin scordatura, Strings, Basso Continuo (Harpsichord)",
RV 344,,Concerto,A major,,"Violin, Strings, Basso Continuo",
RV 345,,Concerto,A major,,"Violin, Strings, Basso Continuo (Organ)",
RV 346,,Concerto,A major,,"Violin, Strings, Basso Continuo",
RV 347,,Concerto,A major,,"Violin, Strings, Basso Continuo (Organ)",
RV 348,,Concerto,A major,,"Violin scordatura, Strings, Basso Continuo (Harpsichord/Organ)",
RV 349,,Concerto,A major,,"Violin, Strings, Basso Continuo (Harpsichord)",
RV 350,,Concerto,A major,,"Violin, Strings, Basso Continuo",
RV 351,,Concerto,A major,,"Violin, Strings, Basso Continuo",
RV 352,,Concerto,A major,,"Violin, Strings, Basso Continuo",
RV 353,,Concerto,A major,,"Violin, Strings, Basso Continuo",
RV 354,,Concerto,A minor,,"Violin, Strings, Basso Continuo (Organ)",
RV 355,,Concerto,A minor,,"Violin, Strings, Basso Continuo",
RV 356,,Concerto,A minor,,"Violin, Strings, Basso Continuo (Harpsichord)",
RV 357,,Concerto,A minor,,"Violin, Strings, Basso Continuo (Organ)",
RV 358,,Concerto,A minor,,"Violin, Strings, Basso Continuo (Organ)",
RV 359,,Concerto,B-flat major,,"Violin, Strings, Basso Continuo (Organ)",
RV 360,,Concerto,B-flat major,,"Violin, Strings, Basso Continuo (Harpsichord)",
RV 361,,Concerto,B-flat major,,"Violin, Strings, Basso Continuo (Organ)",
RV 362,"""La Caccia""",Concerto,B-flat major,,"Violin, Strings, Basso Continuo (Organ/Harpsichord)",
RV 363,"""Il Cornetto da Posta""",Concerto,B-flat major,,"Violin, Strings, Basso Continuo (Harpsichord)",
RV 364,,Concerto,B-flat major,,"Violin, Strings, Basso Continuo (Organ)",
RV 365,,Concerto,B-flat major,,"Violin, Strings, Basso Continuo",
RV 366,"""Il Carbonelli""",Concerto,B-flat major,,"Violin, Strings, Basso Continuo (Harpsichord)",
RV 367,,Concerto,B-flat major,,"Violin, Strings, Basso Continuo (Harpsichord)",
RV 368,,Concerto,B-flat major,,"Violin, Strings, Basso Continuo",
RV 369,,Concerto,B-flat major,,"Violin, Strings, Basso Continuo",
RV 370,,Concerto,B-flat major,,"Violin, Strings, Basso Continuo (Organ)",
RV 371,,Concerto,B-flat major,,"Violin, Strings, Basso Continuo (Harpsichord)",
RV 372,,Concerto,B-flat major,,"Violin, Strings, Basso Continuo (Harpsichord)",
RV 373,,Concerto,B-flat major,,"Violin, Strings, Basso Continuo (Organ)",
RV 374,,Concerto,B-flat major,,"Violin, Strings, Basso Continuo (Organ)",
RV 375,,Concerto,B-flat major,,"Violin, Strings, Basso Continuo (Harpsichord)",
RV 376,,Concerto,B-flat major,,"Violin, Strings, Basso Continuo",
RV 377,,Concerto,B-flat major,,"Violin, Strings, Basso Continuo",
RV 378,,Concerto,B-flat major,,"Violin, Strings, Basso Continuo",
RV 379,,Concerto,B-flat major,,"Violin, Strings, Basso Continuo (Harpsichord/Organ)",
RV 380,,Concerto,B-flat major,,"Violin, Strings, Basso Continuo",
RV 381,,Concerto,B-flat major,,"Violin, Strings, Basso Continuo (Harpsichord)",
RV 382,,Concerto,B-flat major,,"Violin, Strings, Basso Continuo (Harpsichord/Organ)",
RV 383,,Concerto,B-flat major,,"Violin, Strings, Basso Continuo",
RV 384,,Concerto,B minor,,"Violin, Strings, Basso Continuo",
RV 385,,Concerto,B minor,,"Violin, Strings, Basso Continuo",
RV 386,,Concerto,B minor,,"Violin, Strings, Basso Continuo",
RV 387,,Concerto,B minor,,"Violin, Strings, Basso Continuo",
RV 388,,Concerto,B minor,,"Violin, Strings, Basso Continuo",
RV 389,,Concerto,B minor,,"Violin, Strings, Basso Continuo (Harpsichord)",
RV 390,,Concerto,B minor,,"Violin, Strings, Basso Continuo",
RV 391,,Concerto,B minor,,"Violin scordatura, Strings, Basso Continuo (Harpsichord/Organ)",
RV 392,,Concerto,D major,,"Viola d'amore, Strings, Basso Continuo",
RV 393,,Concerto,D minor,,"Viola d'amore, Strings, Basso Continuo",
RV 394,,Concerto,D minor,,"Viola d'amore, Strings, Basso Continuo (Harpsichord)",
RV 395,,Concerto,D minor,,"Viola d'amore, Strings, Basso Continuo",
RV 396,,Concerto,A major,,"Viola d'amore, Strings, Basso Continuo",
RV 397,,Concerto,A minor,,"Viola d'amore, Strings, Basso Continuo",
RV 398,,Concerto,C major,,"Cello, Strings, Basso Continuo",
RV 399,,Concerto,C major,,"Cello, Strings, Basso Continuo",
RV 400,,Concerto,C major,,"Cello, Strings, Basso Continuo",
RV 401,,Concerto,C minor,,"Cello, Strings, Basso Continuo",
RV 402,,Concerto,C minor,,"Cello, Strings, Basso Continuo",
RV 403,,Concerto,D major,,"Cello, Strings, Basso Continuo",
RV 404,,Concerto,D major,,"Cello, Strings, Basso Continuo (Harpsichord)",
RV 405,,Concerto,D minor,,"Cello, Strings, Basso Continuo",
RV 406,,Concerto,D minor,,"Cello, Strings, Basso Continuo",
RV 407,,Concerto,D minor,,"Cello, Strings, Basso Continuo",
RV 408,,Concerto,E-flat major,,"Cello, Strings, Basso Continuo",
RV 409,,Concerto,E minor,,"Cello, Strings, Basso Continuo (Bassoon)",
RV 410,,Concerto,F major,,"Cello, Strings, Basso Continuo",
RV 411,,Concerto,F major,,"Cello, Strings, Basso Continuo",
RV 412,,Concerto,F major,,"Cello, Strings, Basso Continuo",
RV 413,,Concerto,G major,,"Cello, Strings, Basso Continuo",
RV 414,,Concerto,G major,,"Cello, Strings, Basso Continuo",
RV 415,,Concerto,G major,,"Cello, Strings, Basso Continuo",
RV 416,,Concerto,G minor,,"Cello, Strings, Basso Continuo (Harpsichord)",
RV 417,,Concerto,G minor,,"Cello, Strings, Basso Continuo",
RV 418,,Concerto,A minor,,"Cello, Strings, Basso Continuo",
RV 419,,Concerto,A minor,,"Cello, Strings, Basso Continuo",
RV 420,,Concerto,A minor,,"Cello, Strings, Basso Continuo (Harpsichord)",
RV 421,,Concerto,A minor,,"Cello, Strings, Basso Continuo",
RV 422,,Concerto,A minor,,"Cello, Strings, Basso Continuo",
RV 423,,Concerto,B-flat major,,"Cello, Strings, Basso Continuo",
RV 424,,Concerto,B minor,,"Cello, Strings, Basso Continuo",
RV 425,,Mandolin Concerto,C major,,"Mandolin, Strings, Basso Continuo",
RV 426,,Concerto,D major,,"Transverse Flute, Strings, Basso Continuo (Harpsichord)",
RV 427,,Concerto,D major,,"Transverse Flute, Strings, Basso Continuo",
RV 428,"""Il Gardellino""",Concerto,D major,,"Transverse Flute, Strings, Basso Continuo (Organ)",
RV 429,,Concerto,D major,,"Transverse Flute, Strings, Basso Continuo",
RV 430,,Concerto,E minor,,"Transverse Flute, Strings, Basso Continuo",
RV 431,,Concerto,E minor,,"Transverse Flute, Strings, Basso Continuo",
RV 432,,Concerto,E minor,,"Transverse Flute, Strings, Basso Continuo",
RV 433,"""La Tempesta di Mare""",Concerto,F major,,"Transverse Flute, Strings, Basso Continuo (Organ)",
RV 434,,Concerto,F major,,"Transverse Flute, Strings, Basso Continuo (Organ)",
RV 435,,Concerto,G major,,"Transverse Flute, Strings, Basso Continuo (Organ)",
RV 436,,Concerto,G major,,"Transverse Flute, Strings, Basso Continuo (Harpsichord)",
RV 437,,Concerto,G major,,"Transverse Flute, Strings, Basso Continuo (Organ or Harpsichord)",
RV 438,,Concerto,G major,,"Transverse Flute, Strings, Basso Continuo (Bassoon)",
RV 439,"""La Notte""",Concerto,G minor,,"Transverse Flute, Strings, Basso Continuo (Organ or Harpsichord)",
RV 440,,Concerto,A minor,,"Transverse Flute, Strings, Basso Continuo",
RV 441,,Concerto,C minor,,"Alto Recorder, Strings, Basso Continuo",
RV 442,,Concerto,F major,,"Alto Recorder, Strings, Basso Continuo",
RV 443,,Concerto,C major,,"piccolo, Strings, Basso Continuo",
RV 444,,Concerto,C major,,"piccolo, Strings, Basso Continuo",
RV 445,,Concerto,A minor,,"piccolo, Strings, Basso Continuo",
RV 446,,Concerto,C major,,"Oboe, Strings, Basso Continuo",
RV 447,,Concerto,C major,,"Oboe, Strings, Basso Continuo",
RV 448,,Concerto,C major,,"Oboe, Strings, Basso Continuo",
RV 449,,Concerto,C major,,"Oboe, Strings, Basso Continuo (Organ)",
RV 450,,Concerto,C major,,"Oboe, Strings, Basso Continuo",
RV 451,,Concerto,C major,,"Oboe, Strings, Basso Continuo",
RV 452,,Concerto,C major,,"Oboe, Strings, Basso Continuo",
RV 453,,Concerto,D major,,"Oboe, Strings, Basso Continuo",
RV 454,,Concerto,D minor,,"Oboe, Strings, Basso Continuo (Organ)",
RV 455,,Concerto,F major,,"Oboe, Strings, Basso Continuo",
RV 456,,Concerto,F major,,"Oboe, Strings, Basso Continuo",
RV 457,,Concerto,F major,,"Oboe, Strings, Basso Continuo",
RV 458,,Concerto,F major,,"Oboe, Strings, Basso Continuo",
RV 459,,Concerto,G minor,,"Oboe, Strings, Basso Continuo (Organ)",
RV 460,,Concerto,G major,,"Oboe, Strings, Basso Continuo (Organ)",
RV 461,,Concerto,A minor,,"Oboe, Strings, Basso Continuo",
RV 462,,Concerto,A minor,,"Oboe, Strings, Basso Continuo",
RV 463,,Concerto,A minor,,"Oboe, Strings, Basso Continuo",
RV 464,,Concerto,B-flat major,,"Oboe, Strings, Basso Continuo (Organ)",
RV 465,,Concerto,B-flat major,,"Oboe, Strings, Basso Continuo (Organ)",
RV 466,,Concerto,C major,,"Bassoon, Strings, Basso Continuo",
RV 467,,Concerto,C major,,"Bassoon, Strings, Basso Continuo",
RV 468,,Concerto,C major,,"Bassoon, Strings, Basso Continuo",
RV 469,,Concerto,C major,,"Bassoon, Strings, Basso Continuo",
RV 470,,Concerto,C major,,"Bassoon, Strings, Basso Continuo",
RV 471,,Concerto,C major,,"Bassoon, Strings, Basso Continuo",
RV 472,,Concerto,C major,,"Bassoon, Strings, Basso Continuo",
RV 473,,Concerto,C major,,"Bassoon, Strings, Basso Continuo",
RV 474,,Concerto,C major,,"Bassoon, Strings, Basso Continuo",
RV 475,,Concerto,C major,,"Bassoon, Strings, Basso Continuo",
RV 476,,Concerto,C major,,"Bassoon, Strings, Basso Continuo",
RV 477,,Concerto,C major,,"Bassoon, Strings, Basso Continuo",
RV 478,,Concerto,C major,,"Bassoon, Strings, Basso Continuo",
RV 479,,Concerto,C major,,"Bassoon, Strings, Basso Continuo",
RV 480,,Concerto,C minor,,"Bassoon, Strings, Basso Continuo",
RV 481,,Concerto,D minor,,"Bassoon, Strings, Basso Continuo",
RV 482,,Concerto,D minor,,"Bassoon, Strings, Basso Continuo",
RV 483,,Concerto,E-flat major,,"Bassoon, Strings, Basso Continuo",
RV 484,,Concerto,E minor,,"Bassoon, Strings, Basso Continuo",
RV 485,,Concerto,F major,,"Bassoon, Strings, Basso Continuo",
RV 486,,Concerto,F major,,"Bassoon, Strings, Basso Continuo",
RV 487,,Concerto,F major,,"Bassoon, Strings, Basso Continuo",
RV 488,,Concerto,F major,,"Bassoon, Strings, Basso Continuo",
RV 489,,Concerto,F major,,"Bassoon, Strings, Basso Continuo",
RV 490,,Concerto,F major,,"Bassoon, Strings, Basso Continuo",
RV 491,,Concerto,F major,,"Bassoon, Strings, Basso Continuo",
RV 492,,Concerto,G major,,"Bassoon, Strings, Basso Continuo",
RV 493,,Concerto,G major,,"Bassoon, Strings, Basso Continuo",
RV 494,,Concerto,G major,,"Bassoon, Strings, Basso Continuo",
RV 495,,Concerto,G minor,,"Bassoon, Strings, Basso Continuo",
RV 496,,Concerto,G minor,,"Bassoon, Strings, Basso Continuo",
RV 497,,Concerto,A minor,,"Bassoon, Strings, Basso Continuo",
RV 498,,Concerto,A minor,,"Bassoon, Strings, Basso Continuo",
RV 499,,Concerto,A minor,,"Bassoon, Strings, Basso Continuo",
RV 500,,Concerto,A minor,,"Bassoon, Strings, Basso Continuo",
RV 501,"""La Notte""",Concerto,B-flat major,,"Bassoon, Strings, Basso Continuo",
RV 502,,Concerto,B-flat major,,"Bassoon, Strings, Basso Continuo",
RV 503,,Concerto,B-flat major,,"Bassoon, Strings, Basso Continuo",
RV 504,,Concerto,B-flat major,,"Bassoon, Strings, Basso Continuo",
RV 505,,Concerto,C major,,"2 Violins, Strings, Basso Continuo",
RV 506,,Concerto,C major,,"2 Violins, Strings, Basso Continuo (Harpsichord)",
RV 507,,Concerto,C major,,"2 Violins, Strings, Basso Continuo (Organ)",
RV 508,,Concerto,C major,,"2 Violins, Strings, Basso Continuo (Harpsichord)",
RV 509,,Concerto,C minor,,"2 Violins, Strings, Basso Continuo",
RV 510,,Concerto,C minor,,"2 Violins, Strings, Basso Continuo",
RV 511,,Concerto,D major,,"2 Violins, Strings, Basso Continuo",
RV 512,,Concerto,D major,,"2 Violins, Strings, Basso Continuo",
RV 513,,Concerto,D major,,"2 Violins, Strings, Basso Continuo (Harpsichord)",
RV 514,,Concerto,D minor,,"2 Violins, Strings, Basso Continuo",
RV 515,,Concerto,E-flat major,,"2 Violins, Strings, Basso Continuo",
RV 516,,Concerto,G major,,"2 Violins, Strings, Basso Continuo",
RV 517,,Concerto,G minor,,"2 Violins, Strings, Basso Continuo",
RV 518,,Concerto,A major,,"2 Violins, Strings, Basso Continuo",
RV 519,,Concerto,A major,,"2 Violins, Strings, Basso Continuo (Harpsichord)",
RV 520,,Concerto,A major,,"2 Violins, Strings, Basso Continuo (Harpsichord)",
RV 521,,Concerto,A major,,"2 Violins, Strings, Basso Continuo (Harpsichord)",
RV 522,,Concerto,A minor,,"2 Violins, Strings, Basso Continuo (Harpsichord)",
RV 523,,Concerto,A minor,,"2 Violins, Strings, Basso Continuo",
RV 524,,Concerto,B-flat major,,"2 Violins, Strings, Basso Continuo",
RV 525,,Concerto,B-flat major,,"2 Violins, Strings, Basso Continuo",
RV 526,,Concerto,B-flat major,,"2 Violins, Strings, Basso Continuo (Harpsichord)",
RV 527,,Concerto,B-flat major,,"2 Violins, Strings, Basso Continuo (Harpsichord)",
RV 528,,Concerto,B-flat major,,"2 Violins, Strings, Basso Continuo",
RV 529,,Concerto,B-flat major,,"2 Violins, Strings, Basso Continuo",
RV 530,,Concerto,B-flat major,,"2 Violins, Strings, Basso Continuo (Organ)",
RV 531,,Concerto,G minor,,"2 Cellos, Strings, Basso Continuo",
RV 532,,Concerto,G major,,"2 Mandolins, Strings, Basso Continuo (Organ)",
RV 533,,Concerto,C major,,"2 Transverse Flutes traversi¨¨res, Strings, Basso Continuo",
RV 534,,Concerto,C major,,"2 Oboe, Strings, Basso Continuo (Harpsichord)",
RV 535,,Concerto,D minor,,"2 Oboe, Strings, Basso Continuo",
RV 536,,Concerto,A minor,,"2 Oboe, Strings, Basso Continuo",
RV 537,,Concerto,C major,,"2 Trumpets, Strings, Basso Continuo",
RV 538,,Concerto,F major,,"2 Horns, Strings, Basso Continuo",
RV 539,,Concerto,F major,,"2 Horns, Strings, Basso Continuo",
RV 540,,Concerto,D minor,,"Viola d'amore, Lute, Strings, Basso Continuo",
RV 541,,Concerto,D minor,,"Violin, Organ, Strings, Basso Continuo",
RV 542,,Concerto,F major,,"Violin, Organ, Strings, Basso Continuo",
RV 543,,Concerto,F major,,"Violin, Oboe, Strings, Basso Continuo",
RV 544,"""Il Proteo o sia il mondo al rovescio""",Concerto,F major,,"Violin, Cello, Strings, Basso Continuo",
RV 545,,Concerto,G major,,"Oboe, Bassoon, Strings, Basso Continuo",
RV 546,,Concerto,A major,,"Violin, Cello ""all'Inglese"", Strings, Basso Continuo",
RV 547,,Concerto,B-flat major,,"Violin, Cello, Strings, Basso Continuo",
RV 548,,Concerto,B-flat major,,"Violin, Oboe, Strings, Basso Continuo",
RV 549,,Concerto,D major,,"4 Violins, Strings (+2 Violas), Basso Continuo (Harpsichord)",
RV 550,,Concerto,E minor,,"4 Violins, Strings, Basso Continuo (Harpsichord)",
RV 551,,Concerto,F major,,"3 Violins, Strings, Basso Continuo",
RV 552,,Concerto,A major,,"Violin, Echo Violin or 3 Violins, Strings, Basso Continuo",
RV 553,,Concerto,B-flat major,,"4 Violins, Violas, Basso Continuo",
RV 554,,Concerto,C major,,"Violin, Organ/Violin, Oboe, Strings, Basso Continuo",
RV 555,,Concerto,C major,,"3 Violins, Oboe, 2 Recorders, 2 Violas da gamba, 2 Salmoes, 2 Cellos, 2 Harpsichords, Strings, Basso Continuo",
RV 556,"""Per la Solennita di S. Lorenzo""",Concerto,C major,,"2 Violins, 2 Recorders, 2 Oboe, 2 Trumpets, Bassoon, Lute(?), Strings, Basso Continuo",
RV 557,,Concerto,C major,,"2 Violins, 2 Oboe, Strings, Basso Continuo",
RV 558,,Concerto,C major,,"2 Violins, 2 Recorders, 2 Oboe, Bassoon, Strings, Basso Continuo",
RV 559,,Concerto,C major,,"2 Oboe, 2 clarinettes, Strings, Basso Continuo",
RV 560,,Concerto,C major,,"2 Oboe, 2 clarinettes, Strings, Basso Continuo",
RV 561,,Concerto,C major,,"Violin, 2 Cellos, Strings, Basso Continuo",
RV 562,"""Per la Solennita di S. Lorenzo""",Concerto,D major,,"Violin, 2 Oboe, 2 Horns, Strings, Basso Continuo (Organ or Harpsichord)",
RV 563,,Concerto,D major,,"Violin, 2 Oboe, Strings, Basso Continuo",
RV 564,,Concerto,D major,,"2 Violins, 2 Cellos, Strings, Basso Continuo",
RV 565,,Concerto,D minor,,"2 Violins, Cello, Strings, Basso Continuo (Harpsichord)",
RV 566,,Concerto,D minor,,"2 Violins, 2 Recorders, 2 Oboe, Bassoon, Strings, Basso Continuo",
RV 567,,Concerto,F major,,"4 Violins, Cello, Strings, Basso Continuo (Harpsichord)",
RV 568,,Concerto,F major,,"Violin, 2 Oboe, 2 Horns, Bassoon, Strings, Basso Continuo (Harpsichord)",
RV 569,,Concerto,F major,,"Violin, 2 Oboe, 2 Horns, Bassoon, Strings, Basso Continuo (Harpsichord)",
RV 570,"""La Tempesta di mare""",Concerto,F major,,"Transverse Flute, Oboe, Bassoon, Strings, Basso Continuo",
RV 571,,Concerto,F major,,"Violin, 2 Oboe, 2 Horns, Bassoon, Strings, Basso Continuo (Organ or Harpsichord)",
RV 572,"""Il Proteo o sia il Mondo al Rovescio""",Concerto,F major,,"Violin, Cello, 2 Transverse Flutes, 2 Oboe, Strings, Basso Continuo. (Harpsichord)",
RV 573,,Concerto,F major,,"2 Oboe, 2 Horns, 2 Bassoons, Strings, Basso Continuo",
RV 574,,Concerto,F major,,"Violin, 2 Oboe, 2 Trombones, Bassoon, Strings, Basso Continuo (Organ or Harpsichord)",
RV 575,,Concerto,G major,,"2 Violins, 2 Cellos, Strings, Basso Continuo",
RV 576,,Concerto,G minor,,"Violin, Oboe, 2 Recorders, 2 Oboe, Bassoon, Strings, Basso Continuo (Harpsichord)",
RV 577,"""Per l'Orchestra di Dresda""",Concerto,G minor,,"2 Violins, 2 Recorders, 2 Oboe, Bassoon, Strings, Basso Continuo",
RV 578,,Concerto,G minor,,"2 Violins, Cello, Strings, Basso Continuo (Harpsichord)",
RV 579,"""Concertofun¨¨bre""",Concerto,B-flat major,,"Violin, Oboe, salmoe, 3 Violas da gamba, Strings, Basso Continuo",
RV 580,,Concerto,B minor,,"4 Violins, Cello, Strings (+2 Violas), Basso Continuo (Harpsichord)",
RV 581,"""Per la Santissima Assontione di Maria Vergine""",Concerto,C major,,"Violin, 2 String Orchestras, Basso Continuo",
RV 582,"""Per la Santissima Assontione di Maria Vergine""",Concerto,D major,,"Violin, 2 String Orchestras, Basso Continuo (Organ)",
RV 583,,Concerto,B-flat major,,"Discorded Violin, 2 String Orchestras, Basso Continuo",
RV 584,,Concerto,F major,,"2 Violins, 2 Solo Organs, 2 String Orchestras, Basso Continuo",
RV 585,,Concerto,A major,,"Various Solo Instruments, 2 String Orchestras",
RV 586,Messe Sacrum,Mass,C major,,"Soloists (SATB), Choir (SATB), 2 Trumpets, 2 Violins, Cello, Organ",[Voir Anh 112]
RV 587,Kyrie,Mass,G minor,"I. Kyrie
Adagio (G minor)
2 choeurs (SATB) avec cordes et basse continue
[voir 1er mouvement de RV 129, RV 491, RV 611; 2e mouvement de RV 610]
II. Christe
Allegro (D minor)
2 solistes (SA) avec cordes et basse continue
III. Kyrie
Adagio (G minor) /Allegro
2 choeurs (SATB) avec cordes et basse continue
[voir 3e mouvement de RV 129]","2 Choirs (Soloists SA, Choir SATB), 2 String Orchestras, Basso Continuo",
RV 588,Gloria,Mass,D major,"I. Jubila o amaeni chori
soprano solo avec cordes et basse continue
Introduction. Allegro (D major)
[voir RV 639a (1)]
II. In tam solemni pompa
soprano solo et basse continue
R¨¦citatif
[voir RV 639a(2)]
III. Gloria in excelsis Deo
choeur (SATB) avec trompette, 2 hautbois, cordes et basse continue
Allegro (D major)
IV. Et in terra pax
choeur (SATB) avec cordes et basse continue
Largo (B minor)
[voir 2e mouvement de RV 184]
V. Laudamus te
solistes (SS) avec violons I/II, violoncelle et basse continue
Allegro (G major)
VI. Gratias agimus
choeur (SATB) avec cordes et basse continue
Adagio (G major)
VII. Domine Deus rex coelestis
t¨¦nor solo avec cordes et basse continue
Largo (D major)
VIII. Domine Fili unigenite
choeur (SATB) avec cordes basse continue
¡­ (C major)
IX. Domine Deus Agnus Dei
soprano solo avec hautbois solo et basse continue
Allegro (A minor)
X. Qui tollis peccata mundi
choeur (SATB) avec 2 hautbois, cordes et basse continue
Adagio (E minor)
XI. Qui sedes ad desteram
alto solo avec 2 violons solo, 2 altos solo et 2 violoncelles solo
Largo (D major)
XII. Quoniam tu solus sanctus
soprano solo avec 2 hautbois, cordes et basse continue
Allegro (G major)
XIII. Cum Sancto Spiritu
choeur (SATB) avec trompette, 2 hautbois, cordes et basse continue
Adagio (D major)
[voir RV 589 (12)]","Soloists (SSATB), Choir (SATB), Trumpet, 2 Oboes, 2 Solo Violins, Strings, Basso Continuo (Organ)",
RV 589,Gloria,Mass,D major,"I. Gloria in excelsis Deo
choeur avec trompette, hautbois, cordes et basse continue
Allegro (D major)
II. Et in terra pax
choeur (SATB) avec cordes et basse continue
Andante (B minor)
III. Laudamus te
solistes (SS) avec violons I/II, alto et basse continue
Allegro (G major)
IV. Gratias agimus tibi
choeur (SATB) avec cordes et basse continue
Adagio (G major)
V. Propter magnam gloriam
choeur (SATB) avec cordes et basse continue
Allegro (E minor)
VI. Domine Deus Rex coelestis
soprano solo avec violon/hautbois solo et basse continue
Largo (C major)
VII. Domine Fili unigenite
choeur (SATB) avec cordes et basse continue
Allegro (F major)
VIII. Domine Deus
alto solo et choeur (SATB) avec cordes et basse continue
Adagio (D minor)
IX. Qui tollis peccata mundi
choeur (SATB) avec cordes et basse continue
Adagio (C major)
X. Qui sedes ad dexteram Patris
alto solo avec violons I/II, alto et basse continue
Allegro (B minor)
XI. Quoniam tu solus sanctus
choeur (SATB) avec trompette, hautbois, cordes et basse continue
¡­ (D major)
XII. Cum Sancto Spiritu
choeur (SATB) avec trompette, hautbois, cordes et basse continue
Allegro (D major)
[voir RV 588 (14)]","Soloists (SSA), Choir (SATB), Trumpet, Oboe, Solo Violin, Strings, Basso Continuo",
RV 590,Gloria,Mass,D major,,"5 Voices, Oboes in Trombae",[Lost]
RV 591,Credo,Mass,E minor,"I. Credo in unum Deum
choeur (SATB) avec violons I/II, alto/basse continue
Allegro (E minor)
II. Et incarnatus est
choeur (SATB) avec cordes et basse continue
Adagio (A minor)
III. Crucifixus etiam pro nobis
choeur (SATB) avec cordes et basse continue
Largo (A minor)
IV. Et resurrexit
choeur (SATB) avec violons I/II et alto/basse continue
Allegro (E minor)","Choir (SATB), Strings, Basso Continuo",
RV 592,Credo,Mass,G major,"I. Credo in unum Deum
choeur (SATB) avec cordes, viole t¨¦nor, hautbois ad lib et orgue
¡­ (G major)
II. Et incarnatus est
choeur (SATB) avec cordes, viole t¨¦nor, hautbois ad lib et orgue
¡­ (G major)
III. Crucifixus etiam pro nobis
solistes (SA) avec violons I/II et orgue
¡­ (E minor)
IV. Et resurrexit
choeur (SATB) avec cordes, viole t¨¦nor, hautbois ad lib et orgue
Allegro (G major)
V. Credo et unam sanctam
choeur (SATB) avec cordes, viole t¨¦nor, hautbois ad lib et orgue
¡­ (G major)
VI. Et vitam venturi seculi
choeur (SATB) avec cordes, viole t¨¦nor, hautbois ad lib et orgue
¡­ (G major)","Soloists (SA), Choir (SATB), Oboe, Strings, Tenor Viola, Basso Continuo (Organ)",
RV 593,Domine ad adjuvandum me,Psalm,G major,"I. Domine ad adjuvandum me
choeur I : SATB avec 2 hautbois, cordes et basse continue; choeur II : SATB avec cordes et basse continue
Allegro (G major)
II. Gloria Patri et Filio
choeur I : soprano solo avec violons I/II, alto et basse (sans orgue); choeur II : violons I/II, alto et basse (sans orgue)
Andante molto (E minor)
III. Sicut erat in principio
choeur (SATB) avec 2 hautbois, cordes et basse continue
Andante (G major /Allegro","Double Choirs I: Solo Soprano, Choir (SATB), 2 Oboes, Strings, Basso Continuo (Organ); II: Choir (SATB), Strings, Basso Continuo (Organ)",Texte: Psaume 69 et Doxologie
RV 594,Dixit Dominus,Psalm,D major,"I. Dixit Dominus
choeur I : SATB avec 2 trompettes, 2 hautbois, cordes et basse continue; choeur II : SATB avec cordes et basse continue
Allegro (D major)
II. Donec ponam inimicos tuos
choeur I : SATB avec cordes et basse continue; choeur II : SATB avec cordes et basse continue
Largo (B minor)
III. Virgam virtutis tuae
choeur I : soprano solo avec cordes et basse continue; choeur II : soprano solo avec cordes et basse continue
Allegro (D major)
IV. Tecum principium
choeur I : alto solo avec cordes et basse continue
Andante (E minor)
V. Juravit Dominus
choeur I : SATB avec cordes et basse continue; choeur II : SATB avec cordes et basse continue
Adagio (C major) /Allegro
VI. Dominus a destris tuis
choeur I: t¨¦nor et basse solo avec cordes et basse continue
Allegro (C major)
VII. Judicabit in nationibus
choeur I : SATB avec trompette, 2 hautbois, cordes et basse continue; choeur II : SATB avec trompette, cordes et basse continue
Largo (D major) /Allegro molto
VIII. De torrente
Andante (E minor)
IX. Gloria Patri et Filio
choeur I : SATB avec 2 trompettes, 2 hautbois, cordes et basse continue; choeur II : SATB avec cordes et basse continue
Allegro (D major)
X. Sicut erat in principio
choeur I : SATB avec cordes et basse continue; choeur II : SATB avec cordes et basse continue
Allegro (D major)","Double Choirs I: Soloists (SATB), Choir (SATB), 2 Trumpets, 2 Oboes, Strings, Basso Continuo (Organ); II: Solo Soprano, Choir (SATB), Trumpet, Strings, Basso Continuo (Organ)",Texte: Inconnu
RV 595,Dixit Dominus,Psalm,D major,"I. Dixit Dominus
choeur (SSATB) avec 2 hautbois, trompettes, cordes et basse continue
Allegro (D major)
II. Donec ponam inimicos tuos
choeur (SATB) avec cordes et basse continue
Andante (B minor)
III. Virgam virtutis tuae
soprano solo avec cordes et basse continue
Allegro (G major)
IV. Tecum principium
2 sopranos solo avec 2 violoncelles solo et basse continue
Allegro (A minor)
V. Juravit Dominus
choeur (SATB) avec cordes et basse continue
Largo (E minor) /Presto (G major)
VI. Dominus a dextris tuis
soprano solo avec ciolons I""II, alto et basse continue
Allegro (B minor)
VII. Judicabit in nationibus
alto solo et choeur (SATB) avec trompette, cordes et basse continue
Largo (D major) /Allegro
VIII. De torrente
alto solo avec violons I/II, alto et basse continue
Largo (E minor)
IX. Gloria Patri et Filio
solistes (ATB) avec basse continue
Andante (D major)
X. Sicut erat in principio
choeur (SSATB) avec 2 hautbois, trompettes, cordes et basse continue
Allegro (D major)
XI. Et in saecula saeculorum
choeur (SSATB) avec 2 hautbois, cordes et basse continue
Allegro (D major)
[voir Anh 29]","Soloists (SSATB), Choir (SSATB), Trumpet, 2 Oboes, 2 Solo Cellos, Strings, Basso Continuo",Texte: Inconnu
RV 596,Confitebor tibi Domine,Psalm,C major,"I. Confitebot tibi Domine
solistes (ATB) avec 2 hautbois, cordes et basse continue
Allegro (C major)
II. Memoriam fecit mirabilium
solistes (ATB) avec 2 hautbois, cordes et basse continue
Allegro (A minor)
III. Sanctum et terribile nomen ejus
solistes (ATB) avec 2 hautbois, cordes et basse continue
Andante (F major)
IV. Intellectus bonus ombinus
solistes (ATB) avec 2 hautbois, cordes et basse continue
Allegro (D minor)
[voir 4e mouvement de RV 12]
V. Gloria Patri et Filio
t¨¦nor solo avec hautbois et basse continue
Allegro (F major)
VI. Et in saecula saeculorum
solistes (ATB) avec 2 hautbois, cordes et basse continue
Allegro (C major)
[voir RV 714, I:12]","Soloists (ATB), 2 Oboes, Strings, Basso Continuo (Organ)",Texte: Inconnu
RV 597,Beatus Vir,Psalm,C major,"I. Beatus vir
choeur I : choeur (SATB), 2 hautbois, cordes et basse continue; choeur II : choeur (SATB) avec cordes et basse continue
Allegro (C major)
II. Potens in terra
choeur I : basse solo, violons I/II, alto/basse continue; choeur II : basse solo, violons I/II, alto/basse continue
Allegro non molto (A minor)
III. Beatur vir qui timet Dominum
choeur I + II (SATB) avec violons I/II, alto/basse continue
Allegro (C major)
IV. Gloria et divitiae
choeur I : soprano solo avec hautbois/violons I/II, alto et basse continue; choeur II : soprano solo avec violons I/II, alto et basse continue
Allegro (A minor)
V. Beatur vir qui timet Dominum
choeur I + II (SATB) avec violons I/II, alto/basse continue
Allegro (C major)
[reprise du choeur # 3]
VI. Exortum est in tenebris
choeur I : choeur (SATB) avec 2 hautbois, cordes et basse continue; choeur II : choeur (SATB) avec cordes et basse continue
Andante molto (F major)
VII. Jucundus homo
soprano solo avec orgue solo
Allegro (A minor)
VIII. Beatur vir qui timet Dominum
choeur I + II (SATB) avec violons I/II, alto/basse continue
Allegro (C major)
[reprise du choeur # 3]
IX. In memoria aeterna
choeur I : choeur (ATB) avec cordes et basse continue
Andante molto (C minor)
X. Beatur vir qui timet Dominum
choeur I + II (SATB) avec violons I/II, alto/basse continue
Allegro (C major)
[reprise du choeur # 3]
XI. Paratum cor ejus sperare in Domino
choeur I : choeur (SATB) avec 2 hautbois, cordes et basse continue; choeur II : choeur (SATB) avec cordes et basse continue
Allegro (C major)
XII. Peccator videbit
t¨¦nor solo avec cordes et basse continue
Largo e spiccato (F major)
XIII. Beatur vir qui timet Dominum
choeur I + II (SATB) avec violons I/II, alto/basse continue
Allegro (C major)
[reprise du choeur # 3]
XIV. Gloria Patri et Filio
choeur I : choeur (SATB) avec 2 hautbois, cordes et basse continue; choeur II : choeur (SATB) avec cordes et basse continue
¡­ (C major)","Double Choirs I: Soloists (SATB), Choir (SATB), 2 Oboes, Strings, Basso Continuo (Organ); II: Solo Soprano, Choir (SATB), Strings, Basso Continuo (Organ)",[Version de RV 795]
RV 598,Beatus vir,Psalm,B-flat major,I. Beatus vir qui timet Dominum Allegro (B-flat major),"Soloists (SSA), Choir (SATB), Strings, Basso Continuo",Texte: Inconnu
RV 599,Beatus vir,Psalm,,,,[Lost]
RV 600,Laudate pueri Dominum,Psalm,C minor,,"Solo Soprano, Solo Violin, Strings, Basso Continuo (Organ)",Texte: Inconnu
RV 601,Laudate pueri Dominum,Psalm,G major,"I. Laudate pueri Dominum
soprano solo avec 2 hautbois, cordes et basse continue
Allegro non molto (G major)
II. Sit nomen Domini benedictum
soprano solo avec cordes et basse continue
Allegro (E minor)
III. A solis ortu
soprano solo avec cordes et basse continue
Andante (D major)
IV. Excelsus super omnes
soprano solo avec cordes et basse continue
Larghetto (B minor)
V. Suscitans a terra
soprano solo avec cordes et basse continue
Allegro molto (G major)
VI. Ut collocet eum cum principibus
soprano solo avec violons I/II, alto/basse continue
Allegro (C major)
VII. Gloria Patri et Filio
soprano solo avec fl?te traversi¨¨re, cordes et basse continue
Larghetto (A minor)
VIII. Gloria Patri et Filio
soprano solo avec cordes et basse continue
Allegro (G major)
IX. Amen
soprano solo avec cordes et basse continue
Allegro (G major)","Solo Soprano, Transverse Flute, 2 Oboes, Strings, Basso Continuo (Organ)",[Inventori¨¦ aussi sous RN 113/3]
RV 602,Laudate pueri Dominum,Psalm,A major,"I. Laudate pueri Dominum
choeur I : soprano solo et choeur (SATB) avec cordes et basse continue; choeur II : soprano solo avec cordes et basse continue
Allegro (A major)
[voir RV 602a (1)]
II. A solis ortu
choeur I : soprano solo avec cordes et basse continue
Allegro (D major)
[voir RV 602a (2), 603 (2)]
III. Excelsus super omnes
choeur II : soprano solo avec cordes et basse continue
Andante (A major)
[voir RV 602a (3)]
IV. Quis sicut Dominus Deus noster
choeur I : soprano solo avec cordes et basse continue
¡­ (A major)
[voir RV 602a (4)]
V. Sit nomen Domini benedictum
choeur I : choeur (SATB) avec cordes et basse continue; choeur II : soprano solo avec cordes et basse continue
¡­ (A major)
[voir RV 602a (5)]
VI. Suscitans a terra
choeur I : soprano solo avec cordes et basse continue; choeur II : soprano solo avec cordes et basse continue
Allegro (B minor)
[voir RV 602a (6)]
VII. Ut collocet eum
choeur I : soprano solo avec violons I/II, alto et basse continue
Allegro (A minor)
VIII. Sit nomen Domini benedictum
choeur I : choeur (SATB) avec cordes et basse continue; choeur II : soprano solo avec cordes et basse continue
¡­ (A major)
[reprise du choeur # 5; voir RV 602a (8)]
IX. Gloria Patri et Filio
choeur II : soprano solo avec hautbois solo et basse continue
Andante (A major)
X. Sicut erat in principio
choeur I : soprano solo avec choeur (SATB) avec cordes et basse continue; choeur II : soprano solo avec cordes et basse continue
Allegro (A major)","Double Choirs I: Solo Soprano, Choir (SATB), Strings, Basso Continuo (Organ); II: Solo Soprano, Solo Oboe, Strings, Basso Continuo (Organ)","Texte: Psaume 112, Doxologie et Antiphone
[Version de RV 602a et RV 603]"
RV 603,Laudate pueri Dominum,Psalm,A major,"I. Laudate pueri Dominum
choeur I : soprano solo et choeur (SATB) avec cordes et basse continue; choeur II : cordes et basse continue
Allegro (A major)
II. A solis ortu
choeur I : soprano solo avec cordes et basse continue
Allegro (D major)
[voir RV 602 (2)]
III. Excelsus super omnes
choeur I : soprano solo avec cordes et basse continue; choeur II : cordes et basse continue
Andante (A major)
IV. Sit nomen Domini benedictum
choeur I : choeur SATB) avec cordes et basse continue; choeur II : cordes et basse continue
¡­ (A major)
V. Suscitans a terra inopem
choeur I : soprano solo et choeur (SATB) avec cordes et basse continue; choeur II : cordes et basse continue
Allegro (B minor)
VI. Ut collocet eum
choeur I : soprano solo avec cordes et basse continue
Allegro molto (G major)
[voir RV 602a (7)]
VII. Sit nomen omini benedictum
choeur I : choeur (SATB) avec cordes et basse continue; choeur II : cordes et basse continue
¡­ (A major)
[reprise du choeur # 4]
VIII. Gloria Patri et Filio
choeur I : soprano solo; choeur II : hautbois et basse continue
Andante (D major)
[voir RV 602a (9)]
IX. Sicut erat in principio
choeur I : soprano solo et choeur (SATB) avec cordes et basse continue; choeur II : cordes et basse continue
Allegro (A major)","Double Choirs I: Solo Soprano, Choir (SATB), Strings, Basso Continuo (Organ); II: Oboe, Strings, Basso Continuo (Organ)","Texte: Psaume 112, Doxologie et Antiphone
[Version de RV 602 et RV 602a]"
RV 604,In exitu Israel,Psalm,C major,"I. Laudate pueri Dominum
choeur I : soprano solo et choeur (SATB) avec cordes et basse continue; choeur II : cordes et basse continue
Allegro (A major)
II. A solis ortu
choeur I : soprano solo avec cordes et basse continue
Allegro (D major)
[voir RV 602 (2)]
III. Excelsus super omnes
choeur I : soprano solo avec cordes et basse continue; choeur II : cordes et basse continue
Andante (A major)
IV. Sit nomen Domini benedictum
choeur I : choeur SATB) avec cordes et basse continue; choeur II : cordes et basse continue
¡­ (A major)
V. Suscitans a terra inopem
choeur I : soprano solo et choeur (SATB) avec cordes et basse continue; choeur II : cordes et basse continue
Allegro (B minor)
VI. Ut collocet eum
choeur I : soprano solo avec cordes et basse continue
Allegro molto (G major)
[voir RV 602a (7)]
VII. Sit nomen omini benedictum
choeur I : choeur (SATB) avec cordes et basse continue; choeur II : cordes et basse continue
¡­ (A major)
[reprise du choeur # 4]
VIII. Gloria Patri et Filio
choeur I : soprano solo; choeur II : hautbois et basse continue
Andante (D major)
[voir RV 602a (9)]
IX. Sicut erat in principio
choeur I : soprano solo et choeur (SATB) avec cordes et basse continue; choeur II : cordes et basse continue
Allegro (A major)","Choir (SATB), Strings, Basso Continuo",Texte: Inconnu
RV 605,"Credidi propter quod, psalm 115",Psalm,C major,,"Choir (SATTB), 2 Violins, 2 Violas, Basso Continuo",[Voir Anh 35a/b]
RV 606,Laudate Dominum,Psalm,D minor,I. Laudate Dominum,"Choir (SATB), 2 Violins, Viola, Basso Continuo",Texte: Psaume 116 et Doxologie
RV 607,Laetatus sum,Psalm,F major,I. Laetatus sum,"Choir (SATB), 2 Violins, Viola/Basso Continuo",Texte: Psaume 121 et Doxologie
RV 608,Nisi Dominus,Psalm,G minor,"I. Nisi Dominus
alto solo avec cordes et basse continue
Allegro (G minor)
II. Vanum est vobis ante lucem surgere
alto solo et basse continue
Largo (G minor)
III. Surgite postquam sederitis
alto solo avec cordes et basse continue
Presto (B-flat major) /Adagio
IV. Cum dederit dilectis suis
alto solo avec 2 violons, alto et orgue
Largo/Andante (G minor)
V. Sicut sagittae in manu potentis
alto solo avec 2 violons et alto/basse continue
Presto/Allegro (E-flat major)
VI. Beatus vir qui implevit
alto solo avec basse continue
Andante (B-flat major)
VII. Gloria Patri et Filio
alto solo avec viole d'amour et orgue
Larghetto (D minor)
VIII. Sicut erat in principio
alto solo avec cordes et basse continue
Allegro (G minor)
IX. Amen
alto solo avec cordes et basse continue
Allegro (G minor)","Alto, Viola d'Amore, Strings, Basso Continuo (Organ)",Texte: Psaume 126 et Doxologie
RV 609,Lauda Jerusalem,Psalm,E minor,"I. Lauda Jerusalem
choeur I : 2 soprano solo et choeur (SATB) avec cordes et basse continue; choeur II : 2 sopranos solo et choeur (SATB) avec cordes et basse continue
Allegro (E minor)","Double Choirs I: 2 Solo Sopranos, Choir (SATB), Strings, Basso Continuo; II: 2 Solo Sopranos, Choir (SATB), Strings, Basso Continuo",Texte: Psaume 110 et Doxologie
RV 610,Magnificat,Magnificat,G minor,"I. Magnificat anima mea Dominum
choeur (SATB) avec cordes et basse continue
Adagio (G minor)
[voir 1er mouvement RV 610b et RV 611]
II. Et exultavit spiritus meus
solistes (SAT) et choeur (SATB) avec cordes et basse continue
Allegro (B-flat major)
[voir 2e mouvement de RV 610b]
III. Et misericordia ejus
choeur (SATB) avec cordes et basse continue
Andante molto (C minor)
[voir 3e mouvement de RV 610b et 5e mouvement RV 611]
IV. Fecit potentiam
choeur (SATB) avec cordes et basse continue
Presto (G minor)
[voir 4e mouvement RV 610b et 6e mouvement 611]
V. Esurientes implevit bonus
solistes (SS) avec basse continue
Allegro (B-flat major)
[voir 5e mouvement de RV 610b]
VI. Suscepit Israel puerum suum
choeur (SATB) avec cordes et basse continue
Largo (D minor) /Allegro
[voir 6er mouvement RV 610b et 8e mouvement RV 611]
VII. Sicut lucutus est ad Patres nostris
choeur (SAB) avec 2 hautbois, violons I/II, alto et basse continue
Allegro ma poco (F major)
VIII. Gloria Patri, et Filio
choeur (SATB) avec cordes et basse continue
Largo (G minor) /Andante /Allegro
[voir 8e mouvement RV 610b et 10e mouvement RV 611]","Soloists (SSAT), Choir (SATB), 2 Oboes, Strings, Basso Continuo",Texte: ¨¦vangile (Luc I) et Doxologie
RV 611,Magnificat,Magnificat,G minor,"I. Magnificat anima mea Dominus
choeur (SATB) avec cordes et basse continue
Adagio (G minor)
[voir 1er mouvement de RV 610]
II. Et exultavit spiritus meus
soprano solo avec cordes et basse continue
Allegro (B-flat major)
III. Quia respecit humilitatem
soprano solo avec cordes et basse continue
Andante molto (G minor)
IV. Quia fecit mihi magna
soprano solo avec cordes et basse continue
Andante (E-flat major)
V. Et misericordia ejus
choeur (SATB) avec cordes et basse continue
Andante molto (C minor)
[voir 3e mouvement de RV 610]
VI. Fecit potentiam
choeur (SATB) avec cordes et basse continue)
Presto (G minor)
[voir 4e mouvement de RV 610]
VII. Esurientes implevit bonus
alto ou t¨¦nor solo avec cordes et basse continue
Andante/Allegro (D minor)
VIII. Suscepit Israel puerum suum
choeur (SATB avec cordes et basse continue
Largo (D minor) /Allegro
IX. Sicut locutus est ad Patres nostros
alto solo avec violons I/II, alto et basse continue
Andante (F major)
X. Gloria Patri, et Filio
choeur (SATB) avec cordes et basse continue
Largo (G minor) /Andante /Allegro
[voir 8e mouvement de RV 610]","Soloists (SA), Choir (SATB), Strings, Basso Continuo",Texte: ¨¦vangile (Luc I) et Doxologie
RV 612,Deus tuorum militum,Hymn,C major,"I. Deus tuorum militum
solistes (AT) avec 2 hautbois, cordes et basse continue (orgue)
Allegro (C major)","Soloists (AT), 2 Oboes, Strings, Basso Continuo (Organ)",
RV 613,Gaude Mater Ecclesia,Hymn,B-flat major,"I. Gaude Mater Ecclesia
soprano solo avec cordes et basse continue
¡­ (B-flat major)
II. Praedicatorum ordinis
soprano solo avec cordes et basse continue
¡­ (B-flat major)
III. Trino Deo et semplici
soprano solo avec cordes et basse continue
¡­ (B-flat major)","Soprano, Strings, Basso Continuo (Organ)",
RV 614,Laudate Dominum omnes gentes,Hymn,,,,
RV 615,Regina coeli,Hymn,,"I. ¡­
II. Resurrexit
t¨¦nor solo avec 2 trompettes, cordes et basse continue
¡­ (C major)
III. Ora pro bonis Deum
t¨¦nor solo avec violons I/II, alto et basse (sans orgue)
Largo (C minor)","Solo Tenor, 2 Trumpets, Strings, Basso Continuo (Organ)",[Incomplete]
RV 616,Salve Regina,Hymn,C minor,"I. Salve Regina Mater
alto solo avec choeurs I: 2 fl?tes ¨¤ bec, cordes et basse continue; II: cordes et basse continue
Andante (C minor)
II. Ad te clamamus
alto solo avec choeurs I: cordes et basse continue; II: cordes et basse continue
Allegro (E-flat major)
III. Ad te suspiramus
alto solo avec choeur I: fl?te traversi¨¨re, violons I/II, alto et basse continue
Larghetto (G minor)
IV. Eia ergo advocata
alto solo avec choeurs I/II: violons I/II, alto et basse continue
¡­ (E-flat major)
V. Et Jesum benedictum
alto solo avec choeurs I: cordes et basse continue; II: cordes et basse continue
Andante molto (G minor)
VI. O clemens, o pia, o dulcis Virgo
alto solo avec choeurs I: 2 fl?tes ¨¤ bec, cordes et basse continue; II: cordes et basse continue
Andante (C minor)","Solo Alto, Double Choirs (I: 2 Recorders, Transverse Flutes, Strings, Basso Continuo; II: Strings, Basso Continuo)",
RV 617,Salve Regina,Hymn,,"I. Salve Regina Mater
soprano solo avec violon solo et orgue
Allegro (F major)
II. Ad te clamamus
soprano solo avec violons I/II, alto et orgue
Allegro (D minor)
III. Eia ergo advocata nostra
soprano solo avec violon solo, cordes et orgue
Allegro (C major)
IV. Et Jesum benedictum
soprano solo vec violon solo, cordes et orgue
Andante (F major)","Solo Soprano, Solo Violin, Strings, Basso Continuo (Organ)",
RV 618,Salve Regina,Hymn,G minor,"I. Salve Regina Mater
alto solo avec choeurs I: cordes et basse continue; II: cordes et basse continue
Andante molto (G minor)
[voir 1er mouvement RV 319]
II. Ad te clamamus
alto solo avec choeurs I: cordes et basse continue; II: cordes et basse continue
Allegro (D minor)
III. Ad te suspiramus gementes
alto solo avec choeur I: cordes et basse continue
Larghetto (F major)
IV. Eia ergo advocata
alto solo avec choeurs I: 2 hautbois, cordes et basse continue; II: cordes et basse continue
Allegro (D minor)
V. Et Jesum benedictum
alto solo avec choeurs I:cordes et basse continue; II: cordes et basse continue
Andante (G minor)
VI. O clemens, o pia, o dulcis Virgo
alto solo avec choeurs I: cordes et basse continue; II: cordes et basse continue
Larghetto (G minor)","Solo Alto, Double Choirs (I: 2 Oboes, Strings, Basso Continuo; II: Strings, Basso Continuo)",
RV 619,Salve Regina,Hymn,,,"Solo Voice, 2 Transverse Flutes, Cello, Strings, Basso Continuo (Organ)",[Lost]
RV 620,Sanctorum meritis,Hymn,C major,"I. Sanctorum meritis inclita gaudia
soprano solo avec cordes et basse continue
Allegro (C major)","Soprano, Strings, Basso Continuo (Organ)",[Incomplet ?]
RV 621,Stabat Mater,Hymn,F minor,"I. Stabat Mater dolorosa
alto solo avec cordes et basse continue
Largo (F minor)
II. Cuius anima gemente
alto solo avec cordes et basse continue
Adagissimo (F minor)
III. O quam tristis et afflicta
solo alto avec cordes et basse continue
Andante (F minor)
IV. Quis est homo qui non fleret
alto solo avec cordes et basse continue
Largo (F minor)
[m¨ºme musique que # 1]
V. Quis non posset contristarsi
alto solo avec cordes et basse continue
Adagissimo (F minor)
[m¨ºme musique que # 2]
VI. Pro peccatis suae gentes
alto solo avec cordes et basse continue
Andante (F minor)
[m¨ºme musique que # 3]
VII. Eia Mater fons amoris
alto solo avec violons I/II et alto
Largo (F minor)
VIII. Fac ut ardeat cor meum
alto solo avec cordes et basse continue
Lento (F minor)
IX. Amen
alto solo avec cordes et basse continue
¡­ (F minor)","Solo Alto, Strings, Basso Continuo",
RV 622,Te Deum,Hymn,,,,"[Lost]
chant d'action de graces"
RV 623,Canta in prato,Motet,,"I. Canta in prato, aria pour soprano solo avec cordes et basse continue (A major)
II. Sacra fulgescit nobis, r¨¦citatif pour soprano solo avec basse continue
III. Avenae rusticae sinceri, aria pour soprano solo avec cordes et basse continue (D major)
IV. Alleluia, aria pour soprano avec cordes et basse continue (A major)","Soprano, Strings, Basso Continuo",[Voir Introduction RV 636]
RV 624,Carae rosae respirate,Motet,,"I. Carae rosae respirate
aria pour soprano avec violons I/II et basse continue
Allegro (G major)
II. Si fontes venti et flores
r¨¦citatif pour soprano et basse continue
III. Cor ardeat amore
aria pour soprano avec violons I/II et basse continue
Largo (E minor)
IV. Alleluia
aria pour soprano avec violons I/II et basse continue
Allegro (G major)","Soprano, 2 Violins, Basso Continuo",[Incomplete]
RV 625,Clarae stellae scintillate,Motet,,"I. Clarae stellae scintillate
aria pour alto avec cordes et basse continue
Allegro (F major)
II. Caeli repleti iam novo splendore
r¨¦citatif pour alto et basse continue
III. Nunc jubilare semper laetare
aria pour alto avec violons I/II, alto et basse continue
Allegro (D minor)
IV. Alleluia
aria pour alto, cordes et basse continue
Allegro (F major)","Alto, Strings, Basso Continuo",Texte: Inconnu
RV 626,In furore giustissimae irae,Motet,,"I. In furore giustissimae irae
aria pour soprano avec cordes et basse continue
Allegro (C minor)
II. Miserationum Pater piissime
r¨¦citatif pour soprano avec basse continue
III. Tunc meus fletus evadet laetus
aria pour soprano avec cordes et basse continue
Largo (G minor)
IV. Alleluia
aria pour soprano avec cordes et basse continue
¡­ (C minor)","Soprano, Strings, Basso Continuo",Texte: Inconnu
RV 627,In turbato mare,Motet,,"I. In turbato mare
aria pour soprano avec cordes et basse continue
Allegro (G major)
II. Splende serena ¨° lux amata
r¨¦citatif pour soprano avec basse continue
III. Resplende bella divina stella
aria pour soprano avec cordes et basse continue
Larghetto (A minor)
IV. Alleluia
aria pour soprano avec cordes et basse continue
Allegro (G major)","Soprano, Strings, Basso Continuo",Texte: Inconnu
RV 628,Invicti bellate,Motet,,"I. Invicti bellate
aria pour alto avec cordes et basse continue
Presto (G major)
II. Fortes estote in bello
r¨¦citatif pour alto et basse continue
III. Dux eterne, Jesu care
aria pour alto avec cordes et basse continue
Larghetto (E minor)
IV. Alleluia
aria pour alto avec cordes et basse continue
Allegro (G major)","Alto, Strings, Basso Continuo",[Incomplete]
RV 629,Longe mala umbrae terrores,Motet,,"I. Longe mala umbra terrores
aria pour soprano avec cordes et basse continue
Allegro (G minor)
II. Recedite nubes et fulgura
r¨¦citatif pour soprano avec basse continue
III. Descende ¨° coeli vos
aria pour soprano avec cordes et basse continue
Largo (C minor)
IV. Alleluia
aria pour soprano avec cordes et basse continue
¡­ (G minor)","Soprano, Strings, Basso Continuo",[Voir Introduction RV 640]
RV 630,Nulla in mundo pax,Motet,,"I. Nulla in mundo pax
aria pour soprano avec violons I/II, alto et basse continue
Largetto (E major)
II. Blando colore oculos mundus decepit
r¨¦citatif pour soprano et basse continue
III. Spirat anguis inter flores
aria pour soprano avec violons I/II, alto et basse continue
¡­ (A major)
IV. Alleluia
aria pour soprano avec violon solo, cordes et basse continue
¡­ (E major)","Soprano, Strings, Basso Continuo",Texte: Inconnu
RV 631,O qui coeli terraeque,Motet,,"I. O qui coeli terraeque
aria pour soprano avec cordes et basse continue
¡­ (mi b¨¦ml majeur)
II. Fac ut sordescar tellus
r¨¦citatif pour soprano avec basse continue
III. Rosa quae moritur
aria pour soprano avec cordes et basse continue
¡­ (C minor)
IV. Alleluia
aria pour soprano avec cordes et basse continue
¡­ (E-flat major)","Soprano, Strings, Basso Continuo",Texte: Inconnu
RV 632,Sum in medio tempestatum,Motet,,"I. Sum in medio tempestatum
aria pour soprano avec cordes et basse continue
Allegro non molto (F major)
II. Quid ergo faciam infelix anima?
r¨¦citatif pour soprano avec basse continue
III. Semper maesta sconsolata
aria pour soprano avec cordes et basse continue
Largo (B-flat major)
IV. Alleluia
aria pour soprano avec cordes et basse continue
Allegro (F major)","Soprano, Strings, Basso Continuo",Texte: Inconnu
RV 633,Vestro principi divino,Motet,,"I. Vestro principi divino
aria pour alto avec cordes et basse continue
¡­ (F major)
II. O felix culpa fortunata
r¨¦citatif pour alto et basse continue
III. Quid loqueris ad cor
aria pour alto avec violons I/II, alto et basse continue
¡­ (F major)
IV. Alleluia
aria pour alto avec violons I/II, alto et basse continue
¡­ (F major)","Alto, Strings, Basso Continuo",Texte: Inconnu
RV 634,Vos aurae per montes,Motet,,"I. Vos aurae per montes
aria pour soprano avec cordes et basse continue (orgue)
Allegro (A major)
II. Cuncta orbis creata placida quiescant
r¨¦citatif pour soprano avec basse continue (orgue)
III. Tellus astra montes prata
aria pour soprano avec cordes et basse continue (orgue)
Andante molto (D major)
IV. Alleluia
aria pour soprano avec cordes et basse continue (orgue)
¡­ (A major)","Soprano, Strings, Basso Continuo (Organ)",motet pour la solennit¨¦ de la f¨ºte S. Antoine
RV 635,Ascende laeta,Introduction,,"I. Ascende laeta montes
aria pour soprano avec cordes et basse continue
Allegro (A major)
II. Quam pulchri quam formosi
r¨¦citatif pour soprano avec basse continue
[partition perdue]
III. Sternite Angeli sternite
aria pour soprano avec cordes et basse continue
Presto (A major)","Soprano, Strings, Basso Continuo","Texte: Inconnu
introduction ¨¤ un Dixit"
RV 636,Canta in prato,Introduction,,"I. Canta in prato
aria pour soprano avec hautbois/violons I/II, alto et basse continue
¡­ (G major)
II. Sacra fulgescit
r¨¦citatif pour soprano avec basse continue
III. Avenae rusticae sinceri
aria pour soprano avec hautbois, cordes et basse continue
Allegro (G major)","Soprano, 2 or 4 Oboes, 2 String Orchestras, Basso Continuo","Texte: Inconnu
introduction ¨¤ un Dixit"
RV 637,Cur sagittas,Introduction,,"I. Cor sagittas cur tela cur faces
aria pour alto avec cordes et basse continue
Allegro (B-flat major)
II. Hostibus circumventa undique et armis
r¨¦citatif pour alto avec cordes et basse continue
III. In te beate Pater
aria pour alto avec cordes et basse continue
¡­ (B-flat major)","Alto, Strings, Basso Continuo (Organ)","Texte: Inconnu
introduction pour un Gloria"
RV 638,Filiae mestae Jerusalem,Introduction,,"I. Filiae mestae Jerusalem et Rex universorum
r¨¦citatif pour alto avec cordes et basse continue
Adagio
II. Sileant Zepheri
aria pour alto avec cordes et basse continue
Largo (C minor)
III. Sed tenebris diffusis obscuratus est Sol
r¨¦citatif pour alto avec cordes et basse continue","Alto, Strings, Basso Continuo","Texte: Inconnu
introduction ¨¤ un Miserere"
RV 639,Jubilate ¨° amaeni chori,Introduction,,"I. Jubilate ¨° amaeni chori
aria pour alto avec cordes et basse continue
Allegro (D major)
II. In tam solemni pompa
r¨¦citatif pour alto avec basse continue
[partition perdue]
III. Sonoro modulamine /Gloria in excelsis Deo
air pour solistes (SATB) avec ch?ur (SATB) avec trompette, 2 hautbois, cordes et basse continue
Allegro (D major)","Soloists (SATB), Choir (SATB), Trumpet, 2 Oboes, Strings, Basso Continuo (Organ)","Texte: Inconnu
introduction au Gloria (RV 588)"
RV 640,Longe mala umbrae terrores,Introduction,,"I. Longe mala umbrae terrores
aria pour alto avec cordes et basse continue
Allegro ma poco (G minor)
II. Recedite nubes
r¨¦citatif pour alto avec violons I/II, alto et basse continue","Alto, Strings, Basso Continuo","Texte: Inconnu
introduction ¨¤ un Gloria"
RV 641,Non in pratis,Introduction,,"I. Non in pratis
r¨¦citatif pour alto avec basse continue
II. Ibi spinio confixus
r¨¦citatif pour alto avec cordes et basse continue
Adagio
III. Pro me caput spinas habet
aria pour alto avec cordes et basse continue
Largo non molto (D minor)","Alto, Strings, Basso Continuo","Texte: Inconnu
introduction ¨¤ un Miserere"
RV 642,Ostro picta armata spina,Introduction,,"I. Ostro picta armata spina
aria pour soprano avec violons I/II, alto et basse continue
Allegro (D major)
II. Sic transit vana et brevis gloria mundi
r¨¦citatif pour sorano avec basse continue
partition perdue]
III. Linguis favete omnes silete
aria pour soprano avec violons I/II, alto et basse continue
Allegro (D major)","Soprano, 2 Violins, Viola, Basso Continuo","Texte: Inconnu
introduction ¨¤ un Gloria"
RV 643,Moyses Deus Pharaonis,Oratario,,,,"[Lost]
Texte: Giovanni Cendoni"
RV 644,Juditha triumphans devicta Holofernes Barbarie,Oratario,,,"Soloists (SSAAA), Choir (SATB), Orchestra",Texte: Giacomo Cassetti
RV 645,L'adorazione delli tre re magi al bambino Gesu,Oratario,,,"Soloists, Choir, Orchestra","[Lost]
Texte: Inconnu"
RV 646,Concertus italicus: Ihr Himmel nun,Aria,E major,,"Alto, Solo Violin, Strings, Basso Continuo","Voir Anh 59:19
[parodie de l'air ""Son come farfalletta"", RV 700,II:12]"
RV 647,Aria de Sanctis: Nato pastor pro me /Eja voces plausum date,Aria,E-flat major,,"Bass, Strings, Basso Continuo","Voir Anh 59:23
[parodie de l'air ""Benche nasconda"", RV 728, II:2]"
RV 648,Concertus italicus: Ad corda reclina,Aria,F major,,"Alto, Strings, Basso Continuo","Voir Anh 59:15
[parodie de l'air ""Vedrai nel volto"", RV 700, II:8]"
RV 649,All'ombra d'un bel faggio,Cantata,,,"Solo Soprano, Basso Continuo",
RV 650,All'or che lo sguardo,Cantata,,,"Solo Soprano, Basso Continuo",
RV 651,Amor hai vinto,Cantata,,,"Solo Soprano, Basso Continuo",
RV 652,Aure voi piu non siete,Cantata,,,"Solo Soprano, Basso Continuo",
RV 653,Del suo natio rigore,Cantata,,,"Solo Soprano, Basso Continuo",
RV 654,"Elvira, Elvira anima mea",Cantata,,,"Solo Soprano, Basso Continuo",
RV 655,Era la notte,Cantata,,,"Solo Soprano, Basso Continuo",
RV 656,Fonti di pianto piangete,Cantata,,,"Solo Soprano, Basso Continuo",
RV 657,Geme l'onda che parte,Cantata,,,"Solo Soprano, Basso Continuo",
RV 658,Il povero mio cor,Cantata,,,"Solo Soprano, Basso Continuo",
RV 659,Indarno cerca la tortorella,Cantata,,,"Solo Soprano, Basso Continuo",[Authenticit¨¦ douteuse]
RV 660,La farfalletta s'aggira,Cantata,,,"Solo Soprano, Basso Continuo",
RV 661,Nel partir da te mio caro,Cantata,,,"Solo Soprano, Basso Continuo",
RV 662,Par che tardo,Cantata,,,"Solo Soprano, Basso Continuo",
RV 663,Scherza di fronda,Cantata,,,"Solo Soprano, Basso Continuo",
RV 664,Seben vivono senz'alma,Cantata,,,"Solo Soprano, Basso Continuo",
RV 665,Si levi dal pensier,Cantata,,,"Solo Soprano, Basso Continuo",
RV 666,Si si luce adorate,Cantata,,,"Solo Soprano, Basso Continuo",
RV 667,Sorge vermiglia in ciel,Cantata,,,"Solo Soprano, Basso Continuo",
RV 668,T'intendo si mio cor,Cantata,,,"Solo Soprano, Basso Continuo",
RV 669,"Tra l'erbe, i zeffiri",Cantata,,,"Solo Soprano, Basso Continuo",
RV 670,"Alla caccia, alla caccia",Cantata,,,"Solo Alto, Basso Continuo",
RV 671,Care selve amici prati,Cantata,,,"Solo Alto, Basso Continuo",
RV 672,Filli di gioia,Cantata,,,"Solo Alto, Basso Continuo",
RV 673,Ingrata lidia hai vinto,Cantata,,,"Solo Alto, Basso Continuo",
RV 674,Perfidissimo cor!,Cantata,,,"Solo Alto, Basso Continuo",
RV 675,"Piango, gemo, sospiro",Cantata,,,"Solo Alto, Basso Continuo",
RV 676,"Pianti, sospiri",Cantata,,,"Solo Alto, Basso Continuo",
RV 677,Qual per ignoto,Cantata,,,"Solo Alto, Basso Continuo",
RV 678,All'ombra di sospetto,Cantata,,,"Soprano, Transverse Flute, Basso Continuo",
RV 679,Che giova il sospirar,Cantata,,,"Soprano, Solo Violin, Strings, Basso Continuo",
RV 680,Lundi dal vago,Cantata,,,"Soprano, Solo Violin, Basso Continuo",
RV 681,Perche son molli,Cantata,,,"Soprano, 2 Solo Violins, 2 Violins, Basso Continuo",
RV 682,Vengo a voi luci adorate,Cantata,,,"Solo Soprano, Strings, Basso Continuo",
RV 683,Amor hai vinto,Cantata,,,"Solo Alto, Strings, Basso Continuo",[Inventori¨¦ aussi sous RN 302/2]
RV 684,Cessate omnai cessate,Cantata,,,"Solo Alto, Strings, Basso Continuo",
RV 685,O mie porpore piu belle,Cantata,,,"Solo Alto, Strings, Basso Continuo",
RV 686,Qual in pioggia dorata,Cantata,,,"Solo Alto, 2 Horns, Strings, Basso Continuo",
RV 687,La Gloria e Himeneo,Cantata,,,"Soprano (Imeneo), Alto (Gloria), Strings, Basso Continuo",cantate du marriage
RV 688,Le gare del dovere,Serenta,,,"5 Soloists (Notte, Rovigo, Tempo, Adige, Fama), Choir (Populo), Instruments",
RV 689,Le gare della giustitia e della pace,Serenta,,,,[Lost]
RV 690,Mio cor povero cor,Serenta,,,"2 Sopranos (Eurilla, Nice), Tenor (Alcindo), 2 Oboes, 2 Horns, Solo Violin, Strings, Basso Continuo",
RV 691,Il Mopso (Egloga pescatoria),Serenta,,,,[Lost]
RV 692,Questa Eurilla gentil,Serenta,,,"4 Voices (Eurilla, Elpino, Fillide, Tirsi), Instruments",[Lost]
RV 693,La sena festeggiante,Serenta,,,"3 Voices (La Sena, Bass; L'Et¨¤ dell'Oro, Soprano; La Virt¨´, Alto), 2 or More Flutes, 2 or More Oboes, Strings, Basso Continuo (Harpsichord)",[Reli¨¦e ¨¤ RV 117]
RV 694,L'unione della Pace e di Marte,Serenta,,,"3 Voices (Apollo, Marte, Lucina), Instruments",[Lost]
RV 695,V¨¦rone,Opera,,,,
RV 696,"Alvilda, regina de' Goti",Opera,,,,[Voir Anh. 88]
RV 697,Argippo,Opera,,,,[Lost]
RV 698,Aristide,Opera,,,,[voir Anh. 89]
RV 699,Armida al campo d'Egitto,Opera,,,,
RV 700,"Arsilda, regina di Ponto",Opera,,,,
RV 701,"Artabano, re de' Parti",Opera,,,,
RV 702,L'Atenaide,Opera,,,,
RV 703,Bajazet (Tamerlano),Opera,,,,
RV 704,La Candace o Siano li Veri Amici,Opera,,,,
RV 705,Catone in Utica,Opera,,,,
RV 706,La costanza trionfante degl'amori e degl'odii,Opera,,,,
RV 707,Cunegonda,Opera,,,,
RV 708,Doriclea,Opera,,,,
RV 709,Dorilla in Tempe,Opera,,,,
RV 710,Ercole sul Termodonte,Opera,,,,
RV 711,Farnace,Opera,,,,
RV 712,La fede tradita e vendicata,Opera,,,,
RV 713,Feraspe,Opera,,,,
RV 714,La fida ninfa,Opera,,,,
RV 715,Filippo re di Macedonia,Opera,,,,
RV 716,Ginevra principessa di Scozia,Opera,,,,
RV 717,Il Giustino,Opera,,,,
RV 718,Griselda,Opera,,,,
RV 719,L'incoronazione di Dario,Opera,,,,
RV 720,Gli'inganni per vendetta,Opera,,,,
RV 721,L'inganno trionfante in amore,Opera,,,,
RV 722,Ipermestra,Opera,,,,
RV 723,Motezuma,Opera,,,,
RV 724,Nerone fatto Cesare,Opera,,,,
RV 725,L'Olimpiade,Opera,,,,
RV 726,L'oracolo in Messenia,Opera,,,,
RV 727,Orlando finto pazzo,Opera,,,,
RV 728,Orlando (furioso),Opera,,,,
RV 729,Ottone in villa,Opera,,,,
RV 730,Rosilena ed Oronta,Opera,,,,
RV 731,Rosmira (fedele),Opera,,,,
RV 732,Scanderbeg,Opera,,,,
RV 733,Semiramide,Opera,,,,
RV 734,La Silvia,Opera,,,,
RV 735,Siroe re di Persia,Opera,,,,
RV 736,Il Teuzzone,Opera,,,,
RV 737,Tieteberga,Opera,,,,
RV 738,Tito Manlio,Opera,,,,
RV 739,La verit¨¤ in cimento,Opera,,,,
RV 740,La virt¨´ trionfante dell'amore e dell'odio vero il Tigrane,Opera,,,,
RV 741,,Sinfonia,C major,,Strings,[Lost]
RV 742,,Concerto,D major,,"Violin, Strings, Basso Continuo",[fragment]
RV 743,Composition instrumentale,,F major,,,
RV 744,,Sonata,A major,"I. ...
II. mouvement lent","Violin, Strings, Basso Continuo",
RV 745,,Sonata,B-flat major,I. Finale (en B-flat major),"Violin, Strings, Basso Continuo",[5¨¨ mouvement de RI 38/1]
RV 746,2 Pi¨¨ces (2),,A major,,Organ,
RV 747,Candida Lylia,,,,,[Lost]
RV 748,,Aria,G major,,Soprano,Per la communione
RV 749,,Aria,,,,Airs d'op¨¦ra non identifiables
RV 749.33,,Aria,,,,from In quella solo in quella
RV 749.34,,Aria,,,,from Al folgorar del Armi
RV 750,Compositions diverses,,,,,
RV 751,,Concerto,D major,,"2 Transverse Flutes, 2 Violins, 2 Bassoons
Bassoon, Strings, Basso Continuo",[Lost]
RV 752,,Concerto,D major,,"Violin, Strings, Basso Continuo",
RV 753,Prendea con mandi latte,Opera,,,,[Voir Anh. 94]
RV 754,,Sonata,D major,"I. Preludio. Largo (C major)
II. Allemanda. Allegro (C major)
III. Sarabanda. Largo (C minor)
IV. Corrente. Allegro (C major)","Violin, Basso Continuo (Harpsichord)",
RV 755,,Sonata,,"I. Preludio. Andante (D major)
II. Corrente. Allegro (D major)
III. Andante (B minor)
[voir 2e mouvement de RV 229]
IV. Corrente. Allegro (D major)
[voir3e mouvement de RV 229]","Violin, Basso Continuo (Harpsichord)",
RV 756,,Sonata,,"I. Preludio. Largo (E-flat major)
II. Allemanda. Allegro (E-flat major)
III. Sarabanda. Andante (C minor)
IV. Giga. Allegro (E-flat major)","Violin, Basso Continuo (Harpsichord)",
RV 757,,Sonata,,"I. Preludio.Largo (G minor)
II. Allemanda. Allegro (G minor)
III. Sarabanda. Grave (E-flat major)
[voir 2e mouvement de RV 329]
IV. Corrente. Allegro (G minor)","Violin, Basso Continuo (Harpsichord)",
RV 758,,Sonata,,"I. Preludio. Largo (A major)
II. Corrente. Allegro (A major)
III. Andante (A major)
IV. Corrente. Presto (A major)","Violin, Basso Continuo",[Reli¨¦e ¨¤ 746]
RV 759,,Sonata,,"I. Preludio. Largo (B-flat major)
II. Allemanda. Allegro (B-flat major)
III. Sarabanda. Largo (E-flat major)
IV. Corrente. Allegro (B-flat major)","Violin, Basso Continuo (Harpsichord)",
RV 760,,Sonata,,"I. Preludio. Andante (B minor)
II. Corrente. Allegro (B minor)
III. Largo (F-sharp minor)
IV. Giga. Allegro (B minor)","Violin, Basso Continuo (Harpsichord)",
RV 761,,Concerto,C minor,,"Violin, Strings, Basso Continuo (Harpsichord)","""Amato bene"""
RV 762,,Concerto,E major,,"Violin, Strings, Basso Cotinuo (Organ)",
RV 763,,Concerto,A major,,"Violin, Strings, Basso Cotinuo",L'Ottavina
RV 764,,Concerto,B-flat major,,"2 Violins, Strings, Basso Continuo",
RV 765,,Concerto,F major,,"2 Violins, Strings, Basso Continuo",
RV 766,,Concerto,C minor,,"Violin, Organ, Strings, Basso Continuo",
RV 767,,Concerto,F major,,"Violin, Organ, Strings, Basso Continuo",
RV 768,,Concerto,A major,,"Violin, Strings, Basso Cotinuo",
RV 769,,Concerto,D minor,,"Violin, Strings, Basso Continuo","[M¨ºme ?uvre que pour viole d'amour, 393]"
RV 770,,Concerto,D minor,,"Violin, Strings, Basso Continuo","[M¨ºme oeuvre pour viole de gambe, 395]"
RV 771,,Concerto,C minor,,"Violin, Strings, Basso Continuo",
RV 772,,Concerto,D major,,"Violin, Strings, Basso Continuo",
RV 773,,Concerto,F major,,"Violin, Strings, Basso Cotinuo",
RV 774,,Concerto,C major,,"Violin, Organ, Strings, Basso Continuo",
RV 775,,Concerto,F major,,"Violin, Organ, Strings, Basso Continuo",
RV 776,,Sonata,,,"Violin, Basso Continuo",[voir Anh. 98]
RV 777,Il giorno felice,Opera,,,,[voir Anh. 92]
RV 778,Tito Manlio,Opera,,,,
RV 779,,Sonata,,"I. Andante (C major)
II. Allegro (C major)
III. Largo cantabile (A minor)
IV. Allegro (C major)","Violin, Oboe, Organ, Basso continuo (Salmoe ad libitum)",[M¨ºme ?uvre que 779a mais avec diff¨¦rents instruments]
RV 780,,Harpsichord Concerto,A major,,"Harpsichord, Strings, Basso Continuo",
RV 781,,Concerto,D major,,"2 Trumpets(/Oboes), Strings, Basso Continuo",
RV 782,La vittoria navale,Oratario,,,"Soloists, Choir, Orchestra","[Lost]
Texte: Inconnu"
RV 783,,Concerto,D major,,"Transverse Flute, Strings, Basso Continuo",
RV 784,,Concerto,G major,,"Transverse Flute, Strings, Basso Continuo",
RV 785,,Sonata,D major,,"Violin, Basso Continuo",[voir Anh. 134]
RV 786,,Sinfonia,D major,"I. Allegro molto (D major)
II. Andante (D major)
III. Minuetto (D major)","Strings, Basso Continuo",[Incomplete]
RV 787,,Concerto,E major,,"Cello, Strings, Basso Continuo",
RV 788,,Concerto,B-flat major,,"Cello, Strings, Basso Continuo",
RV 789,Confitebor tibi Domine,Psalm,B-flat major,"I. Magna opera Domini
Allegro (B-flat major)
II. Sanctum et terribnile nomen ejus
Adagio (G minor)
III. Gloria Patri et Filio
Allegro (B-flat major)","Voices, Instruments Unspecified",[Incomplete]
RV 790,,Concerto,B-flat major,,"Violin, Strings, Basso Continuo",
RV 791,,Sonata,B-flat major,I. ...(en B-flat major),"Violin, Basso Continuo",[fragment]
RV 792,,Concerto,A major,,"Violin, Strings, Basso Cotinuo",
RV 793,,Concerto,C major,,"2 Organs, 2 String Orchestras, Basso Continuo",
RV 794,,Concerto,F major,,"Violin, Strings, Basso Cotinuo",
RV 795,"Beatus vir, psaume 111",Psalm,C major,"I. Beatus vir
choeur (SATB) avec cordes et basse continue
Allegro (C major)
II. Gloria et divitiae
soprano solo avec cordes et basse continue
Allegro (A minor)
[2 versions]
III. Beatus vir qui timet Dominum
choeur (SATB) avec cordes et basse continue
¡­ (C major)
IV. Exortum est in tenebris
soprano solo avec cordes et basse continue
Andante molto (F major)
V. Beatus vir qui timet Dominum
choeur (SATB) avec cordes et basse continue
¡­ (C major)
[reprise du choeur # 3]
VI. Jucundus homo
soprano solo avec violon I solo et basse continue
Allegro (A minor)
VII. Beatus vir qui timet Dominum
choeur (SATB) avec cordes et basse continue
¡­ (C major)
[reprise du choeur # 3]
VIII. In memoria aeterna
solistes (AAT) avec cordes et basse continue
Andante molto (C minor)
IX. Beatus vir qui timet Dominum
choeur (SATB) avec cordes et basse continue
¡­ (C major)
[reprise du choeur # 3]
X. Paratum cor ejus
alto solo avec cordes et basse continue
Andante (F major)
XI. Beatus vir qui timet Dominum
choeur (SATB) avec cordes et basse continue
¡­ (C major)
[reprise du choeur # 3]
XII. Dispersit dedit pauperibus
alto solo avec violons I/II, alto/violoncelle solo
Andante (A minor)
XIII. Beatus vir qui timet Dominum
choeur (SATB) avec cordes et basse continue
¡­ (C major)
[reprise du choeur # 3]
XIV. Peccator videbit
t¨¦nor solo avec cordes et basse continue
Largo e spiccato (F major) /Allegro /Largo
XV. Gloria Patri et Filio
choeur (SATB) avec cordes et basse continue
Allegro (C major)","Soloists (SAAT), Choir (SSATB), Strings, Basso Continuo",[Version de RV 597]
RV 796,Unsignoletto bello,Cantata,,,"Solo Soprano, Basso Continuo",
RV 797,Credo,Mass,G major,,,[Lost] [non sp¨¦cifi¨¦]
RV 798,,Sonata,D major,"I. Andante (D major)
II. ... (D major)
III. Adagio (D major)
IV. Allegro (D major)","Violin, Basso Continuo",
RV 799,Tremori al braccio,Cantata,,,"Solo Soprano, Basso Continuo",
RV 800,,Sonata,A major,"I. Allegro (A major)
II. Andante (A major)
III. Allegro (A major)","2 Transverse Flutes, Basso Continuo",
RV 801,,Sonata,C major,"I. Largo (C major)
II. Allegro (C major)
III. Largo (C minor)
IV. Allegro (C major)","Transverse Flute, Oboe, Bassoon, Harpsichord",
RV 802,"""Improvisata""",Sinfonia,C major,"I. Allegro (C major)
II. Menuet. Allegro assai (C major)","Strings, Basso Continuo",
RV 804,Salve Regina,Hymn,E-flat major/E minor,,"Solo Alto, 2 Transverse Flutes, Solo Organ, Strings, Basso Continuo",[Lost]
RV 805,,Concerto,G major,,"Transverse Flute, Strings, Basso Continuo",
RV 806,,Sonata,G major,"I. Andante (G major)
II. Allegro (G major)
III. Largo (G major)
IV. Allegro (G major)","Recorder, Basso Continuo (Harpsichord)",
RV 808,,Concerto,C major,,"Violin, Organ, Strings, Basso Continuo",
RV 809,,Sonata,C major,"I. Adagio (C major)
II. Allegro (C major)
III. Adagio (F major)
IV. Allegro (C major)","Recorder, Basso Continuo",
RV 810,,Sonata,D major,,"Violin, Basso Continuo",
RV 811,"Vos invito, barbarae faces",Motet,,,"Alto, Strings",listed after RV 634
RV 812,,Concerto,G minor,,"Oboe, Violin, Cello, Strings",
RV 813,,Concerto,D minor,,"Violin, Strings, Basso Continuo",
RV 814,,Concerto,G major,,"Violin, Cello, Strings",
RV 815,,Sonata,C major,,"Violin, Basso Continuo",[version pour clavier seulement]
RV 816,,Sonata,D major,,"Violin, Basso Continuo",[version pour orgue seulement]
RV 817,,Concerto,A major,,,previously RV Anh. 86
RV 818,,Concerto,D major,,,"[Incomplet]
previously RV Anh. 72"
RV 819,Orlando (furioso),Opera,,,,"first music setting, 1714"
RV 820,,Sonata,G major,,"Violin, Cello, Basso Continuo",
RV 821,La Francia,Concerto,,,,[Lost]
RV 822,L¡®Inghilterra,Concerto,,,,[Lost]
RV 823,L'Olanda,Concerto,,,,[Lost]
RV 824,La Germania,Concerto,,,,[Lost]
RV 825,La Spagna,Concerto,,,,[Lost]
RV 826,L'Intalia,Concerto,,,,[Lost]
RV 827,"L?tatus sum, pslam 121",Psalm,C major,,,
RV 104a,"""La Notte""",Concerto,G minor,"I. Largo (G minor)
[voir 1er mouvement de RV 104 et RV 439]
II. Presto Fantasmi (G minor)
[voir 2e mouvement de RV 104 et RV 439]
III. Largo (D minor) / Andante
[voir 3e mouvement de RV 104 et RV 439]
IV. Presto (F major)
[voir 4e mouvement de RV 104 et RV 439]
V. Lento Il Sonno (C minor)
[voir 5e mouvement de RV 104 et RV 439]
VI. Allegro (G minor)
[voir 6e mouvement de RV 104 et RV 439]","3 Violins, Bassoon/Cello, Basso Continuo",[M¨ºme oeuvre que RV 104 mais avec instruments diff¨¦rents.]
RV 106a,,Concerto,G minor,"I. ... (G minor)
II. Largo (B-flat major)
2 violons et violoncelle
III. Allegro (G minor)","2 Violins, Cello, Basso Continuo",[M¨ºme oeuvre que RV 106 mais avec instruments diff¨¦rents]
RV 111a,,Sinfonia,C major,"I. Allegro (C major)
[voir Sinfonia de RV 717]
II. Andante (G minor)
III. Allegro (C major)
[voir 3e mouvement de RV 111]","Strings, Basso Continuo (Harpsichord)",
RV 172a,,Concerto,C major,,"Violin, Strings, Basso Continuo",[version de RV 172 faussement attribu¨¦e]
RV 179a,,Concerto,C major,"I. Allegro ma poco (C major)
[voir 1er mouvement de RV 179]
II. Largo (E minor)
[voir 2e mouvement de RV 179]
III. Allegro (C major)","Violin, Strings, Basso Continuo",[Incomplete]
RV 17a,,Sonata,E minor,"I. Preludio. Largo (E minor)
[voir 1er mouvement de RV 17]
II. Corrente. Allegro (E minor)
[voir 2e mouvement de RV 17 et 2e mouvement de RV 47]
III. Sarabanda. Largo (E minor)
[voir 2e mouvement de RV 314]
IV. Allemanda. Allegro (E minor)
[voir 4e mouvement de RV 17]","Violin, Basso Continuo (Harpsichord)",[3e mouvement diff¨¦rent de RV 17]
RV 181a,,Concerto,C major,"I. Allegro (C major)
[voir 1er mouvement de RV 181]
II. Largo (E minor)
violon solo et basse continue
[voir 2e mouvement de RV 181]
III. Allegro (C major)
[voir 3e mouvement de RV 183]","Violin, Strings, Basso Continuo (Organ)",
RV 192a,,Sinfonia,C major,"I. ... (C major)
[voir 1er mouvement de RV 192]
II. ... (C major)
[voir 2e mouvement de RV 192]
III. ... (C major)
violon solo, violons I/II, alto et basse continue","Violin, Strings, Basso Continuo",
RV 198a,,Concerto,C minor,"I. ... (C minor)
[voir 1er mouvement de RV 198]
II. Adagio (F major)
III. Allegro (C minor)
[voir 3e mouvement de RV 198]","Violin, Strings, Basso Continuo (Organ)",
RV 208a,,Concerto,D major,"I. Allegro (D major)
[voir 1er mouvement de RV 208, sans cadence]
II. Grave (A major)
III. Allegro (D major)
[voir 3e mouvement de RV 208, sans cadence]","Violin, Strings, Basso Continuo (Organ)",
RV 212a,,Concerto,D major,"I. Allegro (D major)
[voir 1er mouvement de RV 212, sans cadence]
II. Largo (G major)
[voir 3e mouvement de RV 22]
III. Allegro (D major)
[voir 3e mouvement de RV 212, sans cadence]","Violin, Strings, Basso Continuo",
RV 213a,,Concerto,D major,"I. Allegro (D major)
[voir 1er mouvement de RV 213]
II. Largo (B minor)
[voir 2e mouvement (1¨¨re version) de RV 213]
III. Allegro (D major)","Violin, Strings, Basso Continuo",[Incomplete]
RV 224a,,Concerto,D major,"I. ... (D major)
[voir 1er mouvement de RV 224]
II. Largo (B minor)
[voir 2e mouvement de RV 772]
III. Allegro (D major)
[voir 3e mouvement de RV 224]","Violin, Strings, Basso Continuo (Harpsichord)",
RV 263a,,Concerto,E major,"I. Allegro non molto (E major)
[voir 1er mouvement de RV 263]
II. Largo (E major)
violon solo, alto et basse continue
[voir 2e mouvement de RV 263]
III. Allegro non molto (E major)
[voir 3e mouvement de RV 762]","Violin, Strings, Basso Continuo (Organ)",
RV 267a,,Concerto,E major,"I. Allegro (E major) / Adagio
[voir 1er mouvement de RV 267]
II. Andante (E major)
violon solo et basse continue
III. Allegro (E major)
[voir 3e mouvement de RV 267]","Violin, Strings, Basso Continuo",[Incomplete]
RV 270a,,Concerto,E major,"I. Allegro (E major)
[voir 1er mouvement de RV 270]
II. ... (E major)
III. Allegro (E major)
[voir 3e mouvement de RV 270]","Violin, Strings, Basso Continuo",[Incomplete]
RV 275a,,Concerto,E minor,"I. Vivace (E minor)
[voir 1er mouvement de RV 275]
II. Largo (E minor)
violon solo et basse continue
III. Allegro ( E minor)
[voir 3e mouvement de RV 275]","Violin, Strings, Basso Continuo",
RV 285a,,Concerto,F major,"I. Allegro (F major)
II. Grave (D minor)
[voir 2e mouvement de RV 285]
III. Allegro (F major)
[voir 3e mouvement de RV 285]","Violin, Strings, Basso Continuo (Organ)",
RV 294a,"""Il Rittiro""",Concerto,F major,"I. Allegro (F major)
[voir 1er mouvement de RV 294]
II. Grave (D minor)
violon solo et basse
III. Allegro (F major)
[voir 3e mouvement de RV 294]","Violin, Strings, Basso Continuo (Harpsichord)",[Index¨¦ aussi sous RN 61/12]
RV 314a,,Concerto,G major,"I. ¡­ (G major)
[voir 1er mouvement de RV 314]
II. Adagio (G minor)
III. Vivace (G major)
[voir 3e mouvement de RV 314]","Violin, Strings, Basso Continuo",
RV 316a,,Concerto,G minor,"I. Allegro (G minor)
[voir 1er mouvement de RV 316]
II. Largo (D minor)
III. Allegro (G minor)","Violin, Strings, Basso Continuo (Organ)",
RV 335a,"""Il Rosignuolo""",Concerto,A major,,"Violin, Strings, Basso Continuo",[M¨ºme oeuvre que RV 335]
RV 355a,,Concerto,A minor,,,
RV 35a,,Sonata,B minor,"I. Adagio (B minor)
II. Allegro (B minor)
[voir 2e mouvement de RV 35]
III. Allegro (B minor)
[voir 3e mouvement de RV 35]","Violin, Basso Continuo",[1er mouvement diff¨¦rent de RV 35]
RV 364a,,Concerto,B-flat major,"I. Allegro (B-flat major)
[voir 1er mouvement de RV 364 et Anh. 18]
II. Adagio (B-flat major)
III. Presto (B-flat major)
[voir 3e mouvement de RV 364]","Violin, Strings, Basso Continuo (Organ)",
RV 372a,,Concerto,B-flat major,"I. Allegro molto e spiritoso (B-flat major)
[voir 1er mouvement de RV 372]
II. Andante (B-flat major)
violon solo, violon I et ?
[voir 2e mouvement de RV 583]
III. Allegro (B-flat major)
[voir 3e mouvement de RV 372]","Violin, Strings, Basso Continuo",[Incomplete]
RV 383a,,Concerto,B-flat major,"I. Allegro (B-flat major)
[voir 1er mouvement de RV 381 et RV 528]
II. Largo e cantabile (B-flat major)
III. Allegro (B-flat major)
[voir 3e mouvement de RV 383]","Violin, Strings, Basso Continuo (Organ)",
RV 395a,,Concerto,D minor,,"Viola d'amore, Strings, Basso Continuo",
RV 431a,Il Gran Mogol,Concerto,D minor,,Transverse Flute,
RV 438a,,Concerto,G major,,Transverse Flute,
RV 522a,,Concerto,A minor,,2 Violins,
RV 554a,,Concerto,C major,,"Violin, Organ/Violin, Cello, Strings, Basso Continuo",
RV 556a,"""Per la Solennita di San Lorenzo""",Concerto,C major,,,
RV 562a,,Concerto,D major,,"Violin, 2 Oboes, 2 Horns, Timpani, Strings, Basso Continuo",
RV 564a,,Concerto,D major,,"2 Violins, 2 Oboe, Bassoon, Strings, Basso Continuo",
RV 578a,,Concerto,G minor,,"2 Violins, Cello",
RV 602a,Laudate pueri Dominum,Psalm,A major,"I. Laudate pueri Dominun
choeur I : soprano solo et choeur (SATB) avec cordes et basse continue; choeur II : soprano solo avec cordes et basse continue
Allegro (A major)
[voir RV 602 (1)]
II. A sol;is ortu
choeur II : soprano solo avec cordes et basse continue
Andante (A major)
[voir RV 602 (2)]
III. Excelsus super omnes
choeur II : soprano solo avec cordes et basse continue
Andante (A major)
[voir RV 602 (3)]
IV. Quis sicut Dominus Deus noster
choeur I : soprano solo avec cordes et basse continue
¡­ (A major)
[voir RV 602 (4)]
V. Sit nomen Domini benedictum
choeur I : choeur (SATB) avec cordes et basse continue; choeur II : soprano solo avec cordes et basse continue
¡­ (A major)
[voir RV 602 (5)]
VI. Suscitans a terra inopem
choeur I : soprano solo avec cordes et basse continue; choeur II : soprano solo avec cordes et basse continue
Allegro (B minor)
[voir RV 602 (6)]
VII. Ut collocet eum
choeur II : soprano solo avec cordes et basse continue
Allegro molto (G major)
VIII. Sit nomen Domini benedictum
choeur I : choeur (SATB) avec cordes et basse continue; choeur II : soprano solo avec cordes et basse continue
¡­ (A major)
[reprise du choeur # 5, voir RV 602 (5)]
IX. Gloria Patri et Filio
choeur I : soprano solo avec fl?te traversi¨¨re et basse continue
Andante (D major)
[voir RV 603 (9)]
X. Sicut erat in pricipio
choeur I : soprano solo et choeur (SATB) avec cordes et basse continue; choeur II : soprano solo avec cordes et basse continue
Allegro (A major)
[voir RV 602 (10)]","Double Choirs I: Solo Soprano, Choir (SATB), Transverse Flute, Strings, Basso Continuo (Organ); II: Solo Soprano, Strings, Basso Continuo (Organ)","Texte: Psaume 112, Doxologie et Antiphone
[Version de RV 602 et RV 603]"
RV 610a,Magnificat,Magnificat,G minor,,"Double Choirs I: Soloists (ST), Choir (SATB), 2 Oboes, Strings, Basso Continuo; II: Soloists (SSA), Choir (SATB), Strings, Basso Continuo","Texte: ¨¦vangile (Luc I) et Doxologie
[m¨ºme oeuvre que RV 610]"
RV 610b,Magnificat,Magnificat,G minor,"I. Magnificat anima mea Dominus
choeur (SATB) avec 2 clarini ad lilb, cordes et basse continue
Adagio (G minor)
[voir 1er mouvement RV 610 et RV 611]
II. Et exultavit spiritus meus
solistes (SAT) et choeur (SATB) avec 2 clarini ad lib, cordes et basse continue
Allegro (B-flat major)
III. Et misericordia ejus
choeur (SATB) avec cordes et basse continue
Andante molto (C minor)
[voir 3e mouvement de RV 610]
IV. Fecit potentiam
choeur (SATB) avec 2 clarini ad lib, cordes et basse continue
Presto/Allegro (G minor)
V. Esurientes implevit bonus
solistes (SS) avec basse continue
Allegro (B-flat major)
[voir 5e mouvement de RV 610]
VI. Suscepit Israel puerum suum
choeur (SATB) avec cordes et basse continue
Largo (D minor) /Allegro
[voir 6e mouvement de RV 610 et 8e mouvement RV 611]
VII. Sicut locutus est ad Patres nostris
choeur (SATB) avec cordes et basse continue
Andante (F major)
VIII. Gloria Patri, et Filio
choeur (SATB) avec 2 clairons, cordes et basse continue
Largo (G minor) /Allegro(Presto)
[voir 8e mouvement RV 610 et 10e mouvement RV 611]","2 Choirs (SSATB, SATB), 2 Clarions, Strings, Basso Continuo (Organ)",Texte: ¨¦vangile (Luc I) et Doxologie
RV 639a,Jubilate ¨° amaeni chori,Introduction,,"I. Jubilate ¨° amaeni chori
aria pour soprano avec cordes et basse continue
Allegro (D major)
II. In tam solemni pompa
r¨¦citatif pour soprano avec basse continue
[partition perdue]
3.Sonoro modulamine /Gloria in excelsis Deo
aria pour solistes (STAB) et ch?ur (SATB) avec trompette, 2 hautbois, cordes et basse continue
Allegro (D major)","Soloists (SATB), Choir (SATB), Trumpet, 2 Oboes, Strings, Basso Continuo (Organ)","[m¨ºme que RV 639 mais pour soprano]
introduction au Gloria (RV 588)"
RV 697A,Argippo,Opera,,,,"Viennese version, 1730"
RV 699a,Armida al campo d'Egitto,,,,,[Incomplete]
RV 699b,Armida al campo d'Egitto,,,,,[Lost]
RV 699c,Armida al campo d'Egitto : Gl'inganni per vendetta,,,,,[Lost]
RV 699d,Armida al campo d'Egitto,,,,,[Incomplete]
RV 702a,L'Atenaide,Opera,,,,
RV 702b,L'At¨¦naide,Opera,,,,
RV 706a,La costanza trionfante,Opera,,,,
RV 706b,"Artabano, re dei Parti",Opera,,,,
RV 706c,"Atabano, re dei Parti",Opera,,,,
RV 706d,L'Artabano,Opera,,,,
RV 706e,Doriclea,Opera,,,,
RV 709a,Dorilla in Tempe,Opera,,,,
RV 709b,Dorilla in Tempe,Opera,,,,
RV 709c,Dorilla in Tempe,Opera,,,,
RV 709d,Dorilla in Tempe,Opera,,,,
RV 711a,Farnace,Opera,,,,
RV 711b,Farnace,Opera,,,,
RV 711c,Farnace,Opera,,,,
RV 711d,Farnace,Opera,,,,
RV 711e,Farnace,Opera,,,,
RV 711f,Farnace,Opera,,,,
RV 711g,Farnace,Opera,,,,
RV 729a,Ottone in Villa,Opera,,,,
RV 729b,Ottone in Villa,Opera,,,,
RV 732B,Scanderbeg,Opera,,,,"Sienese version, summer 1718"
RV 735a,Siroe re di Persia,Opera,,,,
RV 735b,Siroe re di Persia,Opera,,,,
RV 735c,Siroe re di Persia,Opera,,,,
RV 749.16a,,Aria,,,,from Non trova mai riposo
RV 779a,,Sonata,C major,"I. Andante (C major)
II. Allegro (C major)
III. Largo cantabile (A minor)
IV. Allegro (C major)","2 Violins, Oboe, Basso Continuo",[M¨ºme oeuvre que RV 779 mais avec diff¨¦rents instruments]
RV 7a,,Sonata,C minor,"I. Preludio. Largo (C minor)
[voir 1er mouvement de RV 7]
II. Allemanda. Allegro (C minor)
[voir 2e mouvement de RV 7]
III. Grave (C minor)
IV. Vivace (C minor)
[voir 4e mouvement de RV 7]","Violin, Basso Continuo",
RV 90a,"""Il Gardellino""",Concerto,D major,"I. Allegro (D major)
[voir 1er mouvement de RV 90, RV 90b, RV 428]
II. Largo (C major)
fl?te ¨¤ bec et basson
[voir 2e mouvement de RV 90, RV 90b, RV 428]
III. Allegro (C major)
[voir 3e mouvement de RV 90, RV 90b, RV 428]","Recorder, Oboe, Violin, Bassoon, Basso Continuo",[M¨ºme oeuvre que RV 90 et 90b mais avec instruments diff¨¦rents.]
RV 90b,"""Il Gardellino""",Concerto,D major,"I. Allegro (C major)
[voir 1er mouvement de RV 90, RV 90a, RV 428]
II. Largo (C major)
violon et violoncelle
[voir 2e mouvement de RV 90, RV 90a, RV 428]
III. Allegro (C major)
[voir 3e mouvement de RV 90, RV 90a, RV 428]","3 Violins, Cello,, Basso Continuo",[M¨ºme oeuvre que RV 90 et 90a mais avec instruments diff¨¦rents.]
RV 92a,,Concerto,D major,"I. Allegro (D major)
II. ... (D major)
III. Allegro (D major)","Recorder, Violin, Cello",[M¨ºme oeuvre que RV 92 mais avec instruments diff¨¦rents]
RV 95a,"""La Pastorella""",Concerto,D major,"I. Allegro (D major)
II. Largo (D major)
violon et basse continue
III. Allegro (D major)","3 Violins, Cello, Basso Continuo",[M¨ºme oeuvre que RV 95 mais instruments diff¨¦rents]
RV Anh. 1,,Sonata,A major,,"Cello, Basso Continuo",
RV Anh. 10,,Concerto,D minor,,"Violin, Strings, Basso Continuo",
RV Anh. 11,,Concerto,G major,,"Violin, Strings, Basso Continuo",
RV Anh. 116a,Da trionfo le perdite,Oratario-Pasticcio,,,,after RV. Anh. 116
RV Anh. 12,,Concerto,G major,,"Violin, Strings, Basso Continuo",
RV Anh. 128,,Concerto,B-flat major,,"Violin, Strings, Basso Continuo",
RV Anh. 129,,Concerto,C major,,"Violin, Strings, Basso Continuo",
RV Anh. 13,,Concerto,A major,,"Violin, Strings, Basso Continuo",
RV Anh. 130,,Concerto,F major,,"Violin, Strings, Basso Continuo (Organ)",
RV Anh. 131,,Concerto,F major,,"Violin, Strings, Basso Continuo",
RV Anh. 132,,Concerto,F major,,"Violin, Strings, Basso Continuo",
RV Anh. 133,,Concerto,B-flat major,,"Violin, Strings, Basso Continuo",
RV Anh. 134,,Sonata,D major,,"Violin, Basso Continuo",
RV Anh. 135,,Sinfonia,C major,,,
RV Anh. 136,,Sonata,C major,,Recorder,"Gaetano Meneghetto's work
previously RV 809"
RV Anh. 137,Argippo,Pasticcio,,,,by Antonio Denzio?
RV Anh. 138,Creso tolto ¨¤ le Fiamme,Opera,,,,[Lost]
RV Anh. 139,Venezia(nascente?),Opera,,,,[Lost]
RV Anh. 14,,Concerto,A major,,"Violin, Strings, Basso Continuo",
RV Anh. 140,,Sonata,G major,,,previously RV 24
RV Anh. 141,,Concerto,B-flat major,,,"op. 7, libro 2, no. 1 (=7)
previously RV 464"
RV Anh. 142,,Concerto,B-flat major,,,"op. 7, libro 1, no. 1
previously RV 465"
RV Anh. 143,,Concerto,C major,,,"Carlo Tessarini's work
previously RV 174"
RV Anh. 144,,Sinfonia,C major,,,previously RV 116
RV Anh. 145,,Concerto,D major,,,previously RV 404
RV Anh. 146,,Concerto,G major,,,previously RV 415
RV Anh. 147,Filli di gioia vuoi farmi morir,Cantata,,,,previously RV 672
RV Anh. 148,Ingrata Lidia ha vinto il tuo rigore,Cantata,,,,previously RV 673
RV Anh. 149,Piango gemo sospiro e peno,Cantata,,,,previously RV 675
RV Anh. 15,,Concerto,A minor,,"Violin, Strings, Basso Continuo",
RV Anh. 150,,Concerto,A major,,,"Gaetano Meneghetto's work
previously RV 351"
RV Anh. 151,"La ninfa infelice, e fortunata",Opera,,,,"Melodrama pastorale
[lost]"
RV Anh. 152,,Concerto,F major,,,previously RV 458
RV Anh. 153,,Concerto,B-flat major,,,"op. 7, libro 2, no. 3 (=9)
previously RV 373"
RV Anh. 154,,Concerto,F major,,,previously RV 773
RV Anh. 155,,Sinfonia,D major,,,previously RV 122
RV Anh. 156,,Sinfonia,D major,,,previously RV 125
RV Anh. 157,,Sinfonia,F major,,,previously RV 137
RV Anh. 158,,Sonata,A major,,,
RV Anh. 16,,Concerto,D minor,,"Oboe, Strings, Basso Continuo",
RV Anh. 17,,Concerto,G minor,,"Violin, Oboe, Strings, Basso Continuo",
RV Anh. 18,,Concerto,B-flat major,,"Violin, Oboe, Strings, Basso Continuo",
RV Anh. 19a,,Sonata,D major,,"3 Violins, Trumpet, Basso Continuo",
RV Anh. 19b,,Sonata,C major,,"2 Violins, Violin, Haute-contre, Basso Continuo",
RV Anh. 19c,,Sonata,A major,,"2 Violins, Haute-contre, Basso Continuo",
RV Anh. 19d,,Sonata,C major,,"4 Violins, Haute-contre, Basso Continuo",
RV Anh. 19e,,Sonata,A major,,"4 Violins, Haute-contre, Basso Continuo",
RV Anh. 19f,,Sonata,D major,,"2 Violins, Trumpet, Haute-contre, Basso Continuo",
RV Anh. 19g,,Sonata,F major,,"2 Violins, Haute-contre, Basso Continuo",
RV Anh. 19h,,Sonata,E minor,,"3 Violins, Basso Continuo",
RV Anh. 19i,,Sonata,D major,,"2 Violins, Haute-contre, Basso Continuo",
RV Anh. 19j,,Sonata,F major,,"2 Violins, Haute-contre, Basso Continuo",
RV Anh. 19k,,Sonata,C major,,"2 Violins, Haute-contre, Basso Continuo",
RV Anh. 19l,,Sonata,E major,,"2 Violins, Basso Continuo",
RV Anh. 19m,,Sonata,D major,,"2 Violins, Basso Continuo",
RV Anh. 19n,,Sonata,D minor,,"2 Violins, Basso Continuo",
RV Anh. 2,,Concerto / Sinfonia,C major,,"Strings, Basso Continuo",
RV Anh. 3,,Concerto,D minor,,"Strings, Basso Continuo",
RV Anh. 4,,Sinfonia,G major,,"Strings, Basso Continuo",
RV Anh. 5,,Sonata,A major,,"Strings, Basso Continuo",
RV Anh. 6,,Sinfonia,A major,,Strings,
RV Anh. 7,,Concerto,C major,,"Violin, Strings, Basso Continuo",
RV Anh. 8,,Concerto,D major,,"Violin, Strings, Basso Continuo",
RV Anh. 9,,Concerto,D major,,"Violin, Strings, Basso Continuo",
,Nisi Dominus,Hymn,A major,"I. Nisi Dominus
solistes (SAT) avec cordes et basse continue
Allegro (A major)
II. Nisi Dominus custodierit
alto solo avec viole d'amour, 2 violons et orgue
Allegro (D major)
III. Vanum est vobis ante lucem
alto solo avec cordes et basse continue
Allegro (G major)
IV. Cum dederit dilectis suis somnum
alto solo avec chalumeau, 2 violons et orgue
V. Sicut sagittae in manu potentis
t¨¦nor solo avec tromba marina, cordes et basse continue
Allegro (G major)
VI. Beatus vir qui implevit desiderium
soprano solo avec violoncelle solo et orgue
¡­ (D major)
VII. Gloria Patri et Filio
soprano solo avec cordes et orgue oblig¨¦
Larghetto (E minor)
VIII. Sicut erat in principio
solistes (SAT) avec cordes et basse continue
Allegro (A major)","Soloists (SAT), Viola d'Amore, Chalumeau, Tromba Marina, Solo Cello, Obligato Organ, Strings, Basso Continuo",Texte: Psaume 110 et Doxologie
,Dixit Dominus,Hymn,D major,"I. Nisi Dominus
solistes (SAT) avec cordes et basse continue
Allegro (A major)
II. Nisi Dominus custodierit
alto solo avec viole d'amour, 2 violons et orgue
Allegro (D major)
III. Vanum est vobis ante lucem
alto solo avec cordes et basse continue
Allegro (G major)
IV. Cum dederit dilectis suis somnum
alto solo avec chalumeau, 2 violons et orgue
V. Sicut sagittae in manu potentis
t¨¦nor solo avec tromba marina, cordes et basse continue
Allegro (G major)
VI. Beatus vir qui implevit desiderium
soprano solo avec violoncelle solo et orgue
¡­ (D major)
VII. Gloria Patri et Filio
soprano solo avec cordes et orgue oblig¨¦
Larghetto (E minor)
VIII. Sicut erat in principio
solistes (SAT) avec cordes et basse continue
Allegro (A major)
solistes (SAT) avec cordes et basse continue
Allegro (A major)
II. Nisi Dominus custodierit
alto solo avec viole d'amour, 2 violons et orgue
Allegro (D major)
III. Vanum est vobis ante lucem
alto solo avec cordes et basse continue
Allegro (G major)
IV. Cum dederit dilectis suis somnum
alto solo avec chalumeau, 2 violons et orgue
V. Sicut sagittae in manu potentis
t¨¦nor solo avec tromba marina, cordes et basse continue
Allegro (G major)
VI. Beatus vir qui implevit desiderium
soprano solo avec violoncelle solo et orgue
¡­ (D major)
VII. Gloria Patri et Filio
soprano solo avec cordes et orgue oblig¨¦
Larghetto (E minor)
VIII. Sicut erat in principio
solistes (SAT) avec cordes et basse continue
Allegro (A major)","Soloists (SSATT), Choir (SATB), Trumpet, 2 Oboes, Strings, Basso Continuo",Texte: Inconnu
