SORT,Date,Catalogue,Title,Type,Key,Movement,Instrumentation,Note
1,,BWV 1,Wie schön leuchtet der Morgenstern,Cantata,,"1
Wie schön leuchtet der Morgenstern
Choeur, en fa majeur, pour choeur, tous les instruments
c.f. soprano
2
Du wahrer Gottes und Marien Sohn
Récitatif, en ré mineur/sol mineur, pour ténor, Basso Continuo
3
Erfüllet, ihr himmlischen göttlichen Flammen
Aria, en si bémol majeur, pour soprano, English Horn, Basso Continuo
4
Ein ird' scher Glanz, ein leiblich Licht
Récitatif, en sol mineur/si bémol majeur, pour basse, Basso Continuo
5
Unser Mund und Ton der Saiten
Aria, en fa majeur, pour ténor, 2 Violins concertants, Strings, Basso Continuo
6
Wie bin ich doch so herzlich froh
Choral, en fa majeur, pour choeur, tous les instruments","S, T, B, SATB , 2 Horns,  2 English Horns, 2 Violins concertante, 2 Violins, Viola, Basso Continuo",fête de l'Annonciation de Marie
2,,BWV 2,"Ach Gott, von Himmel sieh darein",Cantata,,"1
Ach Gott, von Himmel sieh' darein
Choeur, en sol mineur/ré mineur, pour choeur , tous les instruments
soprano -> vln1, tromb1; Viola -> vln2, 2 htb, tromb2; ténor -> Viola, tromb3; basse -> tromb4
[c.f. Viola]
2
Sie lehren eitel falsche List
Récitatif, en do mineur/ré mineur, pour ténor , Basso Continuo
3
Tilg', o Gott, die Lehren
Aria, en si bémol majeur, pour Viola , Violin solo, Basso Continuo
4
Die Armen sind verstört
Récitatif, en mi bémol majeur/sol mineur, pour basse , Strings, Basso Continuo
5
Durch's Feuer wird das Silber rein
Aria, en sol mineur, pour ténor , 2 Oboes, Violin 1, Basso Continuo
6
Das woll'st du, Gott, bewahren rein
Choral, en sol mineur/ré majeur, pour choeur , tous les instruments
soprano -> vln1, 2 htb, tromb1; Viola -> vln2, tromb2; ténor -> Viola, tromb3; basse -> tromb4","A, T, B, SATB , 4 Trombones, 2 Oboes, 2 Violins, Viola, Basso Continuo",2è dimanche après la Trinité
3,,BWV 3,"Ach Gott, wir manches Herzeleid",Cantata,,"1
Ach Gott, wie manches Herzeleid
Choeur, en la majeur, pour choeur , trombone, 2 Oboes d'Amore, Strings, Basso Continuo
basse -> trombone
[c.f. basse]
Mélodie: O Jesu Christ, meins Lebens Licht
2
Wie schwerlich lässt sich Fleisch und Blut
Récitatif, en ré majeur/la majeur, pour soprano, Viola, ténor, basse , Basso Continuo
3
Empfind' ich Höllenangst und Pein
Aria, en fa dièse mineur, pour basse , Basso Continuo
[Version pour continuo seul]
4
Es mag mir Leib und Geist verschmachten
Récitatif, en do dièse mineur/mi majeur, pour ténor , Basso Continuo
5
Wenn Sorgen auf mich dringen
Duo, en mi majeur, pour soprano, Viola , 2 Oboes d'amore + Violins à l'unisson, Basso Continuo
6
Erhalt' mein Herz im Glauben rein
Choral, en la majeur, pour choeur , tous les instruments
soprano -> vln1, Horn, 2 htba; Viola -> vln2; ténor -> Viola","S, A, T, B, SATB , Horn, Trombone, 2 Oboes d'Amore, 2 Violins, Viola, Basso Continuo","2è dimanche après l'Épiphanie
[BWV 58 porte le même titre]"
4,,BWV 4,Christ lag in Todesbanden,Cantata,,"1
Sinfonia, en mi mineur, pour Strings, Basso Continuo
2
Christ lag in Todesbanden
Choeur, en mi mineur, pour choeur, tous les instruments
soprano -> cornet; Viola -> tromb1; ténor -> tromb2; basse -> tromb3
[c.f. soprano]
3
Den Tod niemand zwingen kunnt
Duo, en mi mineur, pour soprano, Viola , cornet, trombone, Basso Continuo
soprano -> cornet; Viola -> tombonne
[Peut être chanté en duo ou par le choeur]
4
Jesus Christus, Gottes Sohn
Aria, en mi mineur, pour ténor , Violins à l'unisson, Basso Continuo
5
Es war ein wunderlicher Krieg
Choeur, en mi mineur, pour choeur, Basso Continuo
c.f. Viola
6
Hier ist das rechte Osterlamm
Aria, en mi mineur, pour basse , Strings, Basso Continuo
7
So feiern wir das hohe Fest
Duo, en mi mineur, pour soprano, ténor , Basso Continuo
[Peut être chanté en duo ou par le choeur]
8
Wir essen und leben wohl
Choral, en mi mineur, pour choeur, tous les instruments
soprano -> 2vln, cornet; Viola -> Viola1, tromb1; ténor -> Viola2, tromb2; basse -> tromb3","S, A, T, B, SATB , cornet, 3 Trombones, 2 Violins, 2 Violas, Basso Continuo",1er jour de la fête de Pâques
5,,BWV 5,Wo soll ich fliehen hin,Cantata,,"1
Wo soll ich fliehen hin
Choeur, en sol mineur, pour choeur , tous les instruments
soprano -> Trumpet
[c.f. soprano]
Mélodie: Auf meinen lieben Gott
2
Der Sünden Wust hat mich nicht nur befleckt
Récitatif, en ré mineur/sol mineur, pour basse , Basso Continuo
3
Ergiesse dich reichlich, du göttliche Quelle
Aria, en mi bémol majeur, pour ténor , Viola solo, Basso Continuo
4
Mein treuer Heiland tröstet mich
Récitatif, en do mineur, pour Viola , 1 Oboes, Basso Continuo
5
Verstumme, Höllenheer
Aria, en si bémol majeur, pour basse , Trumpet, 2 Oboes, Violin 1 à l'unisson, Violin 2, Viola, Basso Continuo
6
Ich bin ja nur das kleinste Teil der Welt
Récitatif, en sol mineur, pour soprano , Basso Continuo
7
Führ' auch mein Herz und Sinn
Choral, en sol mineur, pour choeur , tous les instruments
soprano -> vln1, 2 htb, trpte; Viola -> vln2; ténor -> Viola","S, A, T, B, SATB, Trumpet, 2 Oboes, 2 Violins, Viola, Basso Continuo",19è dimanche après la Trinité
6,,BWV 6,"Bleib bei uns, denn es will Abend werden",Cantata,,"1
Bleib bei uns, denn es will Abend werden
Choeur, en do mineur, pour choeur , 2 Oboes, English Horn, Violins, Viola, Basso Continuo
2
Hochgelobter Gottes-Sohn
Aria, en mi bémol majeur, pour Viola , English Horn, Basso Continuo
[Possibilité de ressemblance , l'air ""Himmel, und wielange noch"" (Anh. 19)]
3
Ach bleib' bei uns, Herr Jesu Christ
Choral, en si bémol majeur, pour soprano , Cello piccolo, Basso Continuo
[Arrangé comme Schubler-Chorale # 5 (BWV 649)]
4
Es hat die Dunkelheit an vielen Orten überhandgenommen
Récitatif, en ré mineur/sol mineur, pour basse , Basso Continuo
5
Jesu, lass uns auf dich sehen
Aria, en sol mineur, pour ténor , 2 Violins, Viola, Basso Continuo
6
Beweis' dein' Macht, Herr Jesu Christ
Choral, en sol mineur, pour choeur , 2 Oboes, English Horn, Violins, Viola, Basso Continuo
soprano -> vln1, 2 htb; Viola -> vln2, English Horn; ténor -> Viola
Mélodie: Erhalt uns, Herr, bei deinem Wort","S, A, T, B, SATB , 2 Oboes, English Horn, 2 Violins, Viola, Cello piccolo, Basso Continuo",2è jour de la fête de Pâques
7,,BWV 7,Christ unser Herr zum Jordan kam,Cantata,,"1
Christ unser Herr zum Jordan kam
Choeur, en mi mineur, pour choeur , 2 Oboes d'Amore, 1 Violin concertant, Strings, Basso Continuo
[c.f. ténor]
2
Merkt und hört, ihr Menschenkinder
Aria, en sol majeur, pour basse , Basso Continuo
3
Dies hat Gott klar mit Worten
Récitatif, en mi mineur/ré mineur, pour ténor , Basso Continuo
4
Des Vaters Stimme liess sich hören
Aria, en la mineur, pour ténor , 2 Violins concertants, Basso Continuo
5
Als Jesus dort nach seinen Leiden
Récitatif, en mi mineur/si mineur, pour basse , Strings, Basso Continuo
6
Menschen, glaubt doch dieser Gnade
Aria, en mi mineur, pour Viola , 2 Oboes d'Amore, Violin 1 à l'unisson, Violin 2, Viola, Basso Continuo
7
Das Aug' allein das Wasser sieht
Choral, en mi mineur/si mineur, pour choeur , tous les instruments
soprano -> 2 htba, vln1; Viola -> vln2; ténor -> Viola","A, T, B, SATB , 2 Oboes d'Amore, 2 Violins concertante, 2 Violins, Viola, Basso Continuo",fête de la St-Jean-Baptiste
8,,BWV 8,"Liebster Gott, wenn werd ich sterben?",Cantata,,"1
Liebster Gott, wenn werd ich sterben?
Choeur, en mi majeur, pour choeur , tous les instruments
soprano -> cor
2
Was willst du dich, mein Geist, entsetzen
Aria, en do dièse mineur, pour ténor , 1 Oboes d'Amore, Basso Continuo
[Thème tiré de ""Almira"" de Handel]
3
Zwar fühlt mein schwaches Herz Furcht
Récitatif, en sol dièse mineur/la majeur, pour Viola , Strings, Basso Continuo
4
Doch weichet, ihr tollen, vergeblichen Sorgen!
Aria, en la majeur, pour basse , Transverse Flute, Strings, Basso Continuo
[Thème tiré de ""Almira"" de Handel]
5
Behalte nur, o Welt, das Meine!
Récitatif, en fa dièse mineur/sol dièse mineur, pour soprano , Basso Continuo
6
Herrscher über Tor und Leben
Choral, en mi majeur, pour choeur , tous les instruments
soprano -> vln1, flûte, htba1, cor; Viola -> vln2, htba2; ténor -> Viola","S, A, T, B, SATB , Horn, Transverse Flute, 2 Oboes d'Amore, 2 Violins, Viola, Basso Continuo",16è dimanche après la Trinité
9,,BWV 9,Es ist das Heil uns kommen her,Cantata,,"1
Es ist das Heil uns kommen her
Choeur, en mi majeur, pour choeur , tous les instruments
[c.f. soprano]
2
Gott gab uns ein Gesetz
Récitatif, en do dièse mineur/si mineur, pour basse , Basso Continuo
3
Wir waren schon zu tief gesunken
Aria, en mi mineur, pour ténor , 1 Violin, Basso Continuo
4
Doch musste das Gesetz erfüllet werden
Récitatif, en si mineur/la majeur, pour basse , Basso Continuo
5
Herr, du siehst statt guter Werke
Duetto, en la majeur, pour soprano, Viola , Transverse Flute, Oboe d'Amore, Basso Continuo
6
Wenn wir die Sünd' aus dem Gesetz erkennen
Récitatif, en fa dièse mineur/mi majeur, pour basse , Basso Continuo
7
Ob sich's anliess, als wollt' er nicht
Choral, en mi majeur, pour choeur , tous les instruments
soprano -> flûte, htba, vln1; Viola -> vln2; ténor -> Viola","S, A, T, B, SATB , Transverse Flute, Oboe d'Amore, 2 Violins, Viola, Basso Continuo",6è dimanche après la Trinité
10,,BWV 10,Meine Seel' erhebt den Herren,Cantata,,"1
Meine Seel' erhebt den Herren
Choeur, en sol mineur, pour choeur , tous les instruments
2
Herr, der du stark und mächtig bist
Aria, en si bémol majeur, pour soprano , 2 Oboes à l'unisson, Strings, Basso Continuo
3
Des Höchsten Güt' und Treu' wird alle Morden neu
Récitatif, en sol mineur/ré mineur, pour ténor , Basso Continuo
4
Gewaltige stösst Gott vom Stuhl hinunter
Aria, en fa majeur, pour basse , Basso Continuo
5
Er denket der Barmherzigkeit
Duetto, en ré mineur, pour Viola, ténor , Trumpet, 2 Oboes à l'unisson, Basso Continuo
[Transcrit comme Schubler-Chorale # 4 (BWV 648)]
6
Was Gott den Vätern alter Zeiten geredet
Récitatif, en si bémol majeur/sol mineur, pour ténor , Strings, Basso Continuo
7
Lob und Preis sei Gott dem Vater
Choral, en sol mineur, pour choeur , tous les instruments
soprano -> vln1, 2 htb, trpte; Viola -> vln2; ténor -> Viola","S, A, T, B, SATB, Trumpet, 2 Oboes, 2 Violins, Viola, Basso Continuo",fête de la Visitation de Marie
11,,BWV 11,Lobet Gott in seinen Reichen,Cantata,,"1
Lobet Gott in seinen Reichen
Choeur, en ré majeur, pour choeur , tous les instruments
2
Der Herr Jesus hub seine Hände auf
Récitatif, en si mineur/la majeur, pour ténor , Basso Continuo
3
Ach, Jesu, ist dein Abschied schon so nach?
Récitatif, en fa dièse mineur/la mineur, pour basse , 2 Transverse Flutes, Basso Continuo
4
Ach, bleibe doch, mein liebstes Leben
Aria, en la mineur, pour Viola , Violins à l'unisson, Basso Continuo
[Réutilisé dans ""Agnus Dei"" de la Messe BWV 232]
5
Und ward aufgehoben zusehends
Récitatif, en mi mineur/fa dièse mineur, pour ténor , Basso Continuo
6
Nun lieget alles unter dir
Choral, en ré majeur, pour choeur , 2 Transverse Flutes, 2 Oboes, Strings, Basso Continuo
soprano -> 2 flûtes, htb1, vln1; Viola -> htb2, vln2; ténor -> Viola
Mélodie: Ermuntre dich, mein schwacher Geist
7
Und da sie ihm nachsahen gen Himmel fahren / Ihr Manner von Galilaa
Récitatif en duo, en ré majeur, pour ténor, basse , Basso Continuo
8
Ach ja! so komme bald zurück
Récitatif, en sol majeur/si mineur, pour Viola , 2 Transverse Flutes, Basso Continuo
9
Sie aber beteten ihn an
Récitatif, en ré majeur/sol majeur, pour ténor , Basso Continuo
10
Jesu, deine Gnadenblicke
Aria, en sol majeur, pour soprano , 2 Transverse Flutes à l'unisson, 1 Oboes, Strings à l'unisson
11
Wann soll es doch geschehen
Choral, en ré majeur, pour choeur , tous les instruments
[c.f. soprano]
Mélodie: Von Gott will ich nicht lassen","S, A, T, B, SATB , 3 Trumpets, Timpani, 2 Transverse Flutes, 2 Oboes, 2 Violins, Viola, Basso Continuo","fête de l'Ascension
Oratorio de l'Ascension"
12,,BWV 12,"Weinen, Klagen, Sorgen, Zagen",Cantata,,"1
Sinfonia, en fa majeur, pour Oboes, Strings, Basso Continuo (Bassoon)
[Adagio assai]
2
Weinen, Klagen, Sorgen, Zagen
Choeur, en fa mineur, pour choeur , Strings, Bassoon, Basso Continuo
[Réutilisé dans: Adagissimo BWV 992, Choral #1 BWV 78, Crucifixus BWV 232.
Utilisé comme thème pour variations par Franz Liszt]
3
Wir müssen durch viel Trübsal
Récitatif, en do mineur, pour Viola , Strings, Basso Continuo (Bassoon)
4
Kreuz und Krone sind verbunden
Aria, en do mineur, pour Viola , Oboes, Basso Continuo
5
Ich folge Christo nach
Aria, en mi bémol majeur, pour basse , Violins, Basso Continuo
6
Sei getreu, alle Pein
Aria, en sol mineur, pour ténor , Trumpet, Basso Continuo
[c.f. Trumpet]
Mélodie: Jesu, meine Freude
7
Was Gott tut, das ist wohlgetan, dabei will ich verbleiben
Choral, en si bémol majeur, pour choeur , Trumpet ou Oboes, Strings, Basso Continuo (Bassoon)
soprano -> vln1; Viola -> vln2; ténor -> Viola
[Voir choral # 6 de BWV 69a]","A, T, B, SATB , Trumpet, Oboes, Bassoon, 2 Violins, 2 Violas, Basso Continuo",3è dimanche après Pâques (Jubilate)
13,,BWV 13,"Meine Seufzer, meine Tränen",Cantata,,"1
Meine Seufzer, meine Tränen
Aria, en ré mineur, pour ténor , 2 Recorders, English Horn, Basso Continuo
2
Mein liebster Gott lässt mich annoch
Récitatif, en si bémol majeur/fa majeur, pour Viola , Basso Continuo
3
Der Gott, der mir hat versprochen
Choral, en fa majeur, pour Viola , 2 Recorders + English Horn + Viola à l'unisson, 2 Violins, Basso Continuo
Mélodie: Freu dich sehr, o meine Seele
4
Mein Kummer nimmet zu
Récitatif, en si bémol majeur, pour soprano , Basso Continuo
5
Ächzen und erbärmlich Weinen
Aria, en sol mineur, pour basse , Violin solo + 2 Recorders à l'unisson, Basso Continuo
6
So sei nun, Seele, deine
Choral, en si bémol majeur, pour choeur , 2 Recorders, English Horn, Strings, Basso Continuo
soprano -> 2 flûtes, htb, vln1, English Horn; Viola -> vln2; ténor -> Viola
Mélodie: O Welt, ich muss dich lassen","S, A, T, B, SATB , 2 Recorders, English Horn, Violin solo, 2 Violins, Viola, Basso Continuo",2è dimanche après l'Épiphanie
14,,BWV 14,Wär Gott nicht mit uns diese Zeit,Cantata,,"1
Wär Gott nicht mit uns diese Zeit
Choeur, en sol mineur, pour choeur , tous les instruments (2 Oboes à l'unisson)
2
Unsre Stärke heisst zu schwach
Aria, en si bémol majeur, pour soprano , Horn, Strings, Basso Continuo
3
Ja, hätt' es Gott nur zugegeben
Récitatif, en sol mineur/ré mineur, pour ténor , Basso Continuo
4
Gott, bei deinem starken Schützen
Aria, en sol mineur, pour basse , 2 Oboes, Basso Continuo
5
Gott Lob und Dank, der nicht zugab
Choral, en sol mineur, pour choeur , tous les instruments
soprano -> cor, 2 htb, vln1; Viola -> vln2; ténor ->Viola","S, T, B, SATB , Horn, 2 Oboes, 2 Violins, Viola, Basso Continuo",4è dimanche après l'Épiphanie
15,,BWV 15,Denn du wirst meine Seele nicht in der Hölle lassen,Cantata,,"1
Denn du wirst meine Seele nicht in der Hölle lassen
Introduction, en do majeur, pour basse , tous les instruments
2
Meine Jesu ware todt
Récitatif, en la mineur, pour soprano , Basso Continuo
3
Weichet, Furcht und Schrecken
Duetto, en la mineur, pour soprano, Viola , Strings, Basso Continuo
4
Entsetzet euch nicht
Aria, en do majeur, pour ténor , tous les instruments
5
Auf, freue dich, Seele, du bist nun getröst
Aria, en do majeur, pour soprano , Strings, Basso Continuo
6
Wo bleibet dein Rasen
Arioso, en fa majeur, pour Viola, ténor, basse , 2 Clairons, 3 Trumpets, Timpani, Basso Continuo
7
Ich jauchze, ich lache
Duetto, en sol majeur, pour soprano, Viola , Strings, Basso Continuo
8
Sonata, en do majeur, pour tous les instruments
09a
Drum danket
Récitatif, en do majeur, pour ténor , Basso Continuo
09b
Sprich, Seele, mein Jesu, mein Helfer
Récitatif, en ré majeur, pour basse , Basso Continuo
09c
Dir schenk ich mich eigen, vertilge die Sünd'
Choeur, en do majeur, pour SATB , tous les instruments
09d
Weil du vom Tod' erstanden bist
Choral, en do majeur, pour choeur , tous les instruments","S, A, T, B, SATB , 2 Clairons, 3 Trumpets, Timpani, 2 Violins, Viola, Basso Continuo","1er jour de la fête de Pâques
[Composition de Johann Ludwig Bach]"
16,,BWV 16,"Herr Gott, dich loben wir",Cantata,,"1
Herr Gott, dich loben wir
Choeur, en la mineur/sol majeur, pour choeur , Horn, 2 Oboes, Strings, Basso Continuo
soprano -> cor; htb1 , vln1, htb2 , vln2
[c.f. soprano]
2
So stimmen wir bei dieser frohen Zeit
Récitatif, en do majeur/sol majeur, pour basse , Basso Continuo
03a
Lasst uns jauchzen, lasst uns freuen
Choeur, en do majeur, pour choeur , Horn, 2 Oboes, Strings, Basso Continuo
htb1 , vln1, htb2 , vln2
03b
Krönt und segnet seine Hand
Aria, en do majeur, pour basse , Horn, 2 Oboes, Strings, Basso Continuo
4
Ach, treuer Hort, beschütz' auch fernerhin
Récitatif, en mi mineur/do majeur, pour Viola , Basso Continuo
5
Geliebter Jesu, du allein
Aria, en fa majeur, pour ténor , English Horn, Basso Continuo
Viola -> English Horn
6
All' solch' dein' Güt' wir preisen
Choral, en la mineur, pour choeur , tous les instruments
soprano -> cor, htb1, vln1; Viola -> htb2, vln2, Viola
Mélodie: Helft mir Gotts Güte preisen","A, T, B, SATB , Horn, 2 Oboes, English Horn, 2 Violins, Viola, Basso Continuo",fête de la Circoncision (Nouvel An)
17,,BWV 17,"Wer Dank opfert, der preiset mich",Cantata,,"1
Wer Dank opfert, der preiset mich
Choeur, en la majeur, pour choeur , tous les instruments
[Réutilisé dans le Cum Sancto Spiritu de la Messe BWV 236]
2
Es muss die gauze Welt ein stummer Zeuge werden
Récitatif, en fa dièse mineur/do dièse mineur, pour Viola , Basso Continuo
3
Herr, deine Güte reicht, so weit der Himmel ist
Aria, en mi majeur, pour soprano , Violins, Basso Continuo
4
Einer aber unter ihnen, da er sahe
Récitatif, en do dièse mineur/fa dièse mineur, pour ténor , Basso Continuo
5
Welch Übermass der Güte schenkst du mir
Aria, en ré majeur, pour ténor , Strings, Basso Continuo
6
Sieh' meinem Willen an
Récitatif, en si mineur/do dièse mineur, pour basse , Basso Continuo
7
Wie sich ein Vat'r erbarmet
Choral, en la majeur, pour choeur , tous les instruments
soprano -> 2 htb, vln1; Viola -> vln2; ténor -> Viola
Mélodie: Nun lob, mein Seel, den Herren","S, A, T, B, SATB , 2 Oboes, 2 Violins, Viola, Basso Continuo",14è dimanche après la Trinité
18,,BWV 18,Gleichwie der Regen und Schnee vom Himmel fällt,Cantata,,"1
Sinfonia, en sol mineur/la mineur, pour tous les instruments
[en forme de chaconne]
2
Gleichwie der Regen und Schnee vom Himmel fallt
Récitatif, en sol mineur/la mineur, pour basse , Bassoon, Basso Continuo
03a
Mein Gott, hier wird mein Herze sein
Récitatif, en mi bémol majeur, pour ténor , tous les instruments sauf le Cello
03b
Du wollest deinen Geist und Kraft zum Worte geben
Choeur, en sol mineur, pour choeur, tous les instruments sauf le Cello
03c
Nun wehre, treuer Vater
Récitatif, en sol mineur, pour basse , tous les instruments sauf le Cello
03d
Ach! Viel' verlaugnen Wort und Glauben
Récitatif, en ré mineur, pour ténor , tous les instruments sauf le Cello
03e
Ein And'rer sorgt nur für den Bauch
Récitatif, en mi bémol majeur, pour basse , tous les instruments sauf le Cello
4
Mein Seelenschatz ist Gottes Wort
Aria, en mi bémol majeur/fa majeur, pour soprano , 2 flûtes à l'unisson, 4 Violas,  à l'unisson etcontinuo
5
Ich bitt, o Herr, aus Herzensgrund
Choral, en sol mineur/la mineur, pour choeur , tous les instruments sauf le Cello
soprano -> 2 flûtes, Viola1, Viola2; Viola -> Viola3; ténor -> Viola4; basse -> Bassoon
Mélodie: Durch Adams Fall ist ganz verdebt","S, T, B, SATB , 2 Recorders, 4 Violas, Cello, Bassoon, Basso Continuo",Dimanche de la Sexagésime
19,,BWV 19,Es erhub sich ein Streit,Cantata,,"1
Es erhub sich ein Streit
htb1 , vln1, htb2 , vln2, English Horn , Viola
2
Gottlob! der Drache liegt
Récitatif, en mi mineur, pour basse , Basso Continuo
3
Gott schickt uns Mahanaim zu
Aria, en sol majeur, pour soprano , 2 Oboes d'Amore, Basso Continuo
4
Was ist der schnöde Mensh, das Erdenkind
Récitatif, en mi mineur/si mineur, pour ténor , Strings, Basso Continuo
5
Bleibt, ihr Engel, bleibt bei mir!
Aria, en mi mineur, pour ténor , 1 Trumpet, Strings, Basso Continuo
6
Lasst und das Angesicht der frommen Engel lieben
Récitatif, en do majeur/fa majeur, pour soprano , Basso Continuo
7
Lass dein' Engel mit mir fahren
Choral, en do majeur, pour choeur , 3 Trumpets, Timpani, 2 Oboes, English Horn, Strings, Basso Continuo
htb1 , vln1, htb2 , vln2, English Horn , Viola
Mélodie: Freu dich sehr, o meine Seele","S, T, B, SATB , 3 Trumpets, Timpani, 2 Oboes, 2 Oboes d'Amore, English Horn, 2 Violins, Viola, Basso Continuo",fête de St-Michel
20,,BWV 20,"O Ewigkeit, du Donnerwort",Cantata,,"1
O Ewigkeit, du Donnerwort
Choeur, en fa majeur, pour choeur , tous les instruments
soprano -> trpte
[c.f. soprano]
2
Kein Unglück ist in aller Welt zu finden
Récitatif, en la mineur/do mineur, pour ténor , Basso Continuo
3
Ewigkeit, du machst mir bange
Aria, en do mineur, pour ténor , Strings, Basso Continuo
4
Gesetzt, es dau'rte der Verdammten Qual
Récitatif, en sol mineur/ré mineur, pour basse , Basso Continuo
5
Gott ist gerecht in seinen Werken
Aria, en si bémol majeur, pour basse , 3 Oboes, Basso Continuo
6
O Mensch, errette deine Seele
Aria, en ré mineur, pour Viola , Strings, Basso Continuo
7
So lang ein Gott im Himmel lebt
Choral, en fa majeur, pour choeur , tous les instruments
soprano -> trpte, htb1, htb2, vln1; Viola -> htb3, vln2; ténor -> Viola
8
Wacht auf, wacht auf, verlornen Schafe
Aria, en do majeur, pour basse , tous les instruments
htb1 , vln1, htb2 , vln2, htb3 , Viola
9
Verlass, o Mensch, die Wollust dieser Welt
Récitatif, en la mineur, pour Viola , Basso Continuo
10
O Menschenkind, hör auf geschwind
Duetto, en la mineur, pour Viola, ténor , Basso Continuo
11
O Ewigkeit, du Donnerwort
Choral, en fa majeur, pour choeur , tous les instruments
soprano -> trpte, htb1, htb2, vln1; Viola -> htb3, vln3; ténor -> Viola
[Voir # 7 ci-devant]","A, T, B, SATB , Trumpet, 3 Oboes, 2 Violins, Viola, Basso Continuo","1er dimanche après la Trinité
[BWV 60 porte le même titre, utilise le même cantique]"
21,,BWV 21,Ich hatte viel Bekümmerniss,Cantata,,,"solistes (S,T,B) et choeur (SATB) avec 3 trompettes, timbales, 4 trombones, hautbois, basson, 2 violons, alto, orgue et continuo",3è dimanche après la Trinité
22,,BWV 22,Jesus nahm zu sich die Zwölfe,Cantata,,,"solistes (A,T,B) et choeur (SATB) avec hautbois, 2 violons, alto et continuo",dimanche de la Quinquagésime (Estomihi)
23,,BWV 23,Du wahrer Gott und Davids Sohn,Cantata,,,"solistes (S,A,T) et choeur (SATB) avec cornet, 3 trombones, 2 hautbois, 2 violons, alto et continuo",dimanche de la Quinquagésime (Estomihi)
24,,BWV 24,Ein ungefärbt Gemüte,Cantata,,,"solistes (A,T,B) et choeur (SATB) avec clairon, 2 hautbois, 2 hautbois d'amour, 2 violons, alto et continuo",4è dimanche après la Trinité
25,,BWV 25,Es ist nichts Gesundes an meinem Liebe,Cantata,,,"solistes (S,T,B) et choeur (SATB) avec cornet, 3 trombones, 3 flûtes à bec, 2 hautbois, 2 violons, alto et continuo",14è dimanche après la Trinité
26,,BWV 26,"Ach wie flüchtig, ach wie nichtig",Cantata,,,"solistes (S,A,T,B) et choeur (SATB) avec cor, flûte traversière, 3 hautbois, violon solo, 2 violons, alto et continuo (orgue)",24è dimanche après la Trinité
27,,BWV 27,"Wer weiss, wie nahe mir meine Ende",Cantata,,,"solistes (S,A,T,B) et choeur (SATB/SSATB) avec cor, 2 hautbois, cor anglais, orgue obligé, 2 violons, alto et continuo",16è dimanche après la Trinité
28,,BWV 28,Gottlob! Nun geht das Jahr zu Ende,Cantata,,,"solistes (S,A,T,B) et choeur (SATB) avec cornet, 3 trombones, 2 hautbois, cor anglais, 2 violons, alto et continuo",dimanche après Noël
29,,BWV 29,"Wir danken dir Gott, wir danken dir",Cantata,,,"solistes (S,A,T,B) et choeur (SATB) avec 3 trompettes, timbales, 2 hautbois, orgue obligé, violon solo, 2 violons, alto et continuo",élection du conseil municipal de Leipzig (1731)
30,,BWV 30,"Freue dich, erlöste Schar",Cantata,,,"solistes (S,A,T,B) et choeur (SATB) avec 3 trompettes, timbales, 2 flûtes traversières, 2 hautbois, hautbois d'amour, 2 violons, alto, orgue, et continuo",fête de St-Jean-Baptiste
30.1,,BWV 30a,Angenehmes Wiederau,Cantata,,,"solistes (S,A,T,B) et choeur (SATB) avec 3 trompettes, timbales, 2 flûtes traversières, 2 hautbois, hautbois d'amour, 2 violons, alto et continuo",hommage à Johann Christian von Hinnecke auf Wiedreau (1737)
31,,BWV 31,"Der Himmel lacht, die Erde jubilieret",Cantata,,,"solistes (S,T,B) et choeur (SSATB) avec 3 trompettes, timbales, 3 hautbois, cor anglais, basson, 2 violons, 2 altos, 2 violoncelles et continuo",1er jour de la fête de Pâques
32,,BWV 32,"Liebster Jesu, mein Verlangen",Cantata,,,"solistes (S,B) et choeur (SATB) avec hautbois, violon solo, 2 violons, alto et continuo",1er dimanche après l'Épiphanie
33,,BWV 33,"Allein zu dir, Herr Jesu Christ",Cantata,,,"solistes (A,T,B) et choeur (SATB) avec 2 hautbois, 2 violons, alto et continuo (orgue)",13è dimanche après la Trinité
34,,BWV 34,"O ewiges Feuer, o Ursprung der Liebe",Cantata,,,"solistes (A,T,B) et choeur (SATB) avec 3 trompettes, timbales, 2 flûtes traversières, 2 hautbois, 2 violons, alto et continuo",1er jour de la fête de la Pentecôte
34.1,,BWV 34a,"O ewiges Feuer, o Ursprung der Liebe",Cantata,,,"solistes (S,A,T,B) et choeur (SATB) avec 3 trompettes, timbales, 2 flûtes traversières, 2 hautbois, 2 violons, alto et continuo",mariage
35,,BWV 35,Geist und Seele wird verwirret,Cantata,,,"soliste (A) avec 2 hautbois, cor anglais, orgue obligé, 2 violons, alto et continuo",12è dimanche après la Trinité
36,,BWV 36,Schwingt freudig euch empor,Cantata,,,"solistes (S,A,T,B) et choeur (SATB) avec 2 hautbois d'amour, 2 violons, alto et continuo (orgue)",1er dimanche de l'Avent
36.1,,BWV 36a,Steigt freudig in die Luft,#N/A,,,anniversaire de Charlotte Fridericke Wilhelmine (1726),Musique perdue
36.2,,BWV 36b,Die Freude reget sich,Cantata,,,"solistes (S,A,T) et choeur (SATB) avec flûte traversière, hautbois d'amour, 2 violons, alto et continuo",anniversaire de Johann Florens Rivinus
36.3,,BWV 36c,Schwingt freudig euch empor,Cantata,,,"solistes (S,T,B) et choeur (SATB) avec hautbois d'amour, viole d'amour, 2 violons, alto et continuo",anniversaire pour un professeur de l'Université de Leipzig
37,,BWV 37,Wer da gläubet und getauft wird,Cantata,,,"solistes (S,A,T,B) et choeur (SATB) avec 2 hautbois d'amour, 2 violons, alto et continuo",fête de l'Ascension
38,,BWV 38,Aus tiefer Not schrei ich zu dir,Cantata,,,"solistes (S,A,T,B) et choeur (SATB) avec 4 trombones, 2 hautbois, 2 violons, alto et continuo",21è dimanche après la Trinité
39,,BWV 39,Brich dem Hungrigen dein Brot,Cantata,,,"solistes (S,A,B) et choeur (SATB) avec 2 flûtes à bec, 2 hautbois, 2 violons, alto et continuo",1er dimanche après la Trinité
40,,BWV 40,Dazu ist erschienen der Sohn Gottes,Cantata,,,"solistes (A,T,B) et choeur (SATB) avec 2 cors, 2 hautbois, 2 violons, alto et continuo",2è jour de la fête de Noël
41,,BWV 41,"Jesu, nun sei gepreiset",Cantata,,,"solistes (S,A,T,B) et choeur (SATB) avec 3 trompettes, timbales, 3 hautbois, violoncelle piccolo solo, 2 violons, alto et continuo (orgue)",fête de la Circoncision (Nouvel An)
42,,BWV 42,Am Abend aber desselbigen Sabbats,Cantata,,,"solistes (S,A,T,B) et choeur (SATB) avec 2 hautbois, basson, 2 violons, alto, violoncelle et continuo (orgue)",1er dimanche après Pâques (Quasimodo)
43,,BWV 43,Gott fähret auf mit Jauchzen,Cantata,,,"solistes (S,A,T,B) et choeur (SATB) avec 3 trompettes, timbales, 2 hautbois, 2 violons, alto et continuo",fête de l'Ascension
44,,BWV 44,Sie werden euch in den Bann tun,Cantata,,,"solistes (S,A,T,B) et choeur (SATB) avec 2 hautbois, basson, 2 violons, alto et continuo","6è dimanche après Pâques (Exaudi)
[BWV 183 porte le même titre et pour la même occasion]"
45,,BWV 45,"Es ist dir gesagt, Mensch, was gut ist",Cantata,,,"solistes (A,T,B) et choeur (SATB) avec 2 flûtes traversières, 2 hautbois, 2 violons, alto et continuo",8è dimanche après la Trinité
46,,BWV 46,"Schauet doch und sehet, ob irgend ein Schmerz sei",Cantata,,,"solistes (A,T,B) et choeur (SATB) avec trompette ou cor, 2 flûtes à bec, 2 cors anglais, 2 violons, alto et continuo",10è dimanche après la Trinité
47,,BWV 47,"Wer sich selbst erhöhet, der soll erniedriget werden",Cantata,,,"solistes (S,B) et choeur (SATB) avec 2 hautbois, orgue obligé, 2 violons, alto et continuo",17è dimanche après la Trinité
48,,BWV 48,"Ich elender Mensch, wer wird mich erlösen",Cantata,,,"solistes (A,T) et choeur (SATB) avec trompette, hautbois solo, 2 hautbois, 2 violons, alto et continuo",19è dimanche après la Trinité
49,,BWV 49,Ich geh' und suche mit Verlangen,Cantata,,,"solistes (S,B) avec hautbois d'amour, 2 violons, alto, violoncelle piccolo, orgue obligé et continuo",20è dimanche après la Trinité
50,,BWV 50,"Nun ist das Heil, und die Kraft",Cantata,,,"choeur (SSAATTBB) avec 3 trompettes, timbales, 3 hautbois, 2 violons, alto et continuo (orgue)","fête de St-Michel
[Fragment d'une cantate perdue]"
51,,BWV 51,Jauchzet Gott in allen Landen,Cantata,,,"soliste (S) avec trompette, 2 violons, alto et continuo",15è dimanche après la Trinité et pour tous les temps
52,,BWV 52,"Falsche Welt, dir trau' ich nicht",Cantata,,,"soliste (S) et choeur (SATB) avec 2 cors, 3 hautbois, basson, 2 violons, alto et continuo (orgue)",23è dimanche après la Trinité
53,,BWV 53,"Schlage doch, gewünschte Stunde",Cantata,,,"soliste (A) avec 2 violons, alto, 2 clochettes et continuo","cantate funèbre
[Composition de Georg Melchior Hoffmann]"
54,,BWV 54,Widerstehe doch der Sünde,Cantata,,,"soliste (A) avec 2 violons, 2 altos et continuo",7è dimanche après la Trinité / non spécifié
55,,BWV 55,"Ich armer Mensch, ich Sündenknecht",Cantata,,,"soliste (T) et choeur (SATB) avec flûte traversière, hautbois d'amour, 2 violons, alto et continuo",22è dimanche après la Trinité
56,,BWV 56,Ich will den Kreuzstab gerne tragen,Cantata,,,"soliste (B) et choeur (SATB) avec hautbois solo, 2 hautbois, cor anglais, 2 violons, alto, violoncelle et continuo",19è dimanche après la Trinité
57,,BWV 57,Selig ist der Mann,Cantata,,,"solistes (S,B) et choeur (SATB) avec 2 hautbois, cor anglais, violon solo, 2 violons, alto et continuo (orgue)",2è jour de la fête de Noël
58,,BWV 58,"Ach Gott, wie manches Herzeleid",Cantata,,,"solistes (S,B) avec 2 hautbois, cor anglais, violon solo, 2 violons, alto et continuo","dimanche après le Nouvel An
[BWV 3 porte le même titre]"
59,,BWV 59,"Wer mich liebet, der wird mein Wort halten",Cantata,,,"solistes (S,B) et choeur (SATB) avec 2 trompettes, timbales, 2 violons, alto et continuo","1er jour de la fête de la Pentecôte
[BWV 74 porte le même titre]"
60,,BWV 60,"O Ewigkeit, du Donnerwort",Cantata,,,"solistes (A,T,B) et choeur (SATB) avec cor, 2 hautbois d'amour, 2 violons, alto et continuo","24è dimanche après la Trinité
[BWV 20 porte le même titre et reprend le même cantique]"
61,,BWV 61,"Nun komm, der Heiden Heiland",Cantata,,,"solistes (S,T,B) et choeur (SATB) avec 2 violons, 2 altos, violoncelle et continuo (basson, orgue)","1er dimanche de l'Avent
[BWV 62 porte le même titre]"
62,,BWV 62,"Nun komm, der Heiden Heiland",Cantata,,,"solistes (S,A,T,B) et choeur (SATB) avec cor, 2 hautbois, 2 violons, alto, violoncelle et continuo","1er dimanche de l'Avent
[BWV 61 porte le même titre]"
63,,BWV 63,"Christen, ätzet diesen Tag",Cantata,,,"solistes (S,A,T,B) et choeur (SATB) avec 4 trompettes, timbales, 3 hautbois, basson, 2 violons, alto, violoncelle et continuo (orgue)",1er jour de la fête de Noël
64,,BWV 64,"Sehet, welch eine Liebe hat uns der Vater erzeiget",Cantata,,,"solistes (S,A,B) et choeur (SATB) avec cornet, 3 trombones, hautbois d'amour, 2 violons, alto, violoncelle, orgue et continuo",3è jour de la fête de Noël
65,,BWV 65,Sie werden aus Saba alle kommen,Cantata,,,"solistes (T,B) et choeur (SATB) avec 2 cors, 2 flûtes à bec, 2 cors anglais, 2 violons, alto et continuo",fête de l'Épiphanie
66,,BWV 66,"Erfreut euch, ihr Herzen",Cantata,,,"solistes (A,T,B) et choeur (SATB) avec trompette, 2 hautbois, basson, violon solo, 2 violons, alto et continuo",2è jour de la fête de Pâques
66.1,,BWV 66a,Der Himmel dacht auf Anhalts Ruhm und Glück,Cantata,,,"solistes (S,A,T,B) et choeur (SATB) avec trompette, 2 hautbois, basson, 2 violons, alto et continuo",anniversaire du Prince Leopold d'Anhalt-Cothen
67,,BWV 67,Halt im Gedächtnis Jesum Christ,Cantata,,,"solistes (A,T,B) et choeur (SATB) avec cor, flûte traversière, 2 hautbois d'amour, 2 violons, alto et continuo (orgue)",1er dimanche après Pâques (Quasimodo)
68,,BWV 68,Also hat Gott die Welt geliebt,Cantata,,,"solistes (S,B) et choeur (SATB) avec cor, cornet, 3 trombones, 2 hautbois, cor anglais, 2 violons, alto, violoncelle piccolo, basse et continuo",2è jour de la fête de la Pentecôte
69,,BWV 69,"Lobe den Herrn, meine Seele",Cantata,,,"solistes (S,A,T,B) et choeur (SATB) avec 3 trompettes, timbales, 3 hautbois, hautbois d'amour, basson, 2 violons, alto, violoncelle et continuo","élection du conseil municipal de Leipzig (1730)
[BWV 69a et 143 portent le même titre]"
69.1,,BWV 69a,"Lobe den Herrn, meine Seele",Cantata,,,"solistes (S,A,T,B) et choeur (SATB) avec 3 trompettes, timbales, flûte à bec, 3 hautbois, cor anglais, basson, 2 violons, alto et continuo","12è dimanche après la Trinité
[BWV 69 et 143 portent le même titre]"
70,,BWV 70,"Wachet, betet, seid bereit allezeit",Cantata,,,"solistes (S,A,T,B) et choeur (SATB) avec trompette, hautbois, basson, violoncelle obligé, 2 violons, alto et continuo",26è dimanche après la Trinité
70.1,,BWV 70a,"Wachet, betet, seid bereit allezeit",Cantata,,,"solistes (S,A,T,B) et choeur (SATB) avec trompette, hautbois, basson, violoncelle obligé, 2 violons, alto, continuo",2è dimanche de l'Avent
71,,BWV 71,Gott ist mein König,Cantata,,,"solistes (S,A,T,B) et choeur (SATB) avec 3 trompettes, timbales, 2 flûtes à bec, 2 hautbois, basson, 2 violons, alto, violoncelle, violone et orgue",élection du conseil municipal de Mulhausen (1708)
72,,BWV 72,Alles nur nach Gottes Willen,Cantata,,,"solistes (S,A,B) et choeur (SATB) avec 2 hautbois, 2 violons, alto et continuo",3è dimanche après l'Épiphanie
73,,BWV 73,"Herr, wie du willt, so schicks mit mir",Cantata,,,"solistes (S,T,B) et choeur (SATB) avec cor, orgue obligé, 2 hautbois, 2 violons, alto et continuo",3è dimanche après l'Épiphanie
74,,BWV 74,"Wer mich liebet, der wird mein Wort halten",Cantata,,,"solistes (S,A,T,B) et choeur (SATB) avec 3 trompettes, timbales, 2 hautbois, cor anglais, violon solo, 2 violons, alto et continuo","1er jour de la fête de la Pentecôte
[BWV 59 porte le même titre]"
75,,BWV 75,Die Elenden sollen essen,Cantata,,,"solistes (S,A,T,B) et choeur (SATB) avec trompette, 2 hautbois, hautbois d'amour, basson, 2 violons, alto, violoncelle et continuo",1er dimanche après la Trinité
76,,BWV 76,Die Himmel erzählen die Ehre Gottes,Cantata,,,"solistes (S,A,T,B) et choeur (SATB) avec trompette, 2 hautbois, hautbois d'amour, viole de gambe, violon solo, 2 violons, alto et continuo",2è dimanche après la Trinité
77,,BWV 77,"Du sollst Gott, deinem Herren, lieben",Cantata,,,"solistes (S,A,T,B) et choeur (SATB) avec trompette, 2 hautbois, 2 violons, alto et continuo",13è dimanche après la Trinité
78,,BWV 78,"Jesu, der du meine Seele",Cantata,,,"solistes (S,A,T,B) et choeur (SATB) avec cor, flûte traversière, 2 hautbois, 2 violons, alto, violoncelle, violone, orgue et continuo",14è dimanche après la Trinité
79,,BWV 79,"Gott, der Herr, ist Sonn' und Schild",Cantata,,,"solistes (S,A,B) et choeur (SATB) avec 2 cors, timbales, 2 flûtes traversières, hautbois solo, 2 hautbois, 2 violons, alto et continuo",fête de la Réformation
80,,BWV 80,Ein' feste Burg ist unser Gott,Cantata,,,"solistes (S,A,T,B) et choeur (SATB) avec 3 trompettes, timbales, 2 hautbois, 2 hautbois d'amour, cor anglais, 2 violons, alto, violoncelle, violone, orgue et contiuo","fête de la Réformation (1730)
[Adaptation de la cantate BWV 80a]"
80.1,,BWV 80a,"Alles, was von Gott geboren",Cantata,,,"solistes (S,A,T,B) et choeur (SATB) avec 3 trompettes, timbales, 2 hautbois, cor anglais, 2 violons, alto, violoncelle, orgue et continuo",3è dimanche du Carême (Oculi)
81,,BWV 81,"Jesus schläft, was soll ich hoffen?",Cantata,,,"solistes (A,T,B) et choeur (SATB) avec 2 flûtes à bec, 2 hautbois d'amour, 2 violons, alto et continuo",4è dimanche après l'Épiphanie
82,,BWV 82,Ich habe genug,Cantata,,,"soliste (B) avec hautbois, 2 violons, alto, orgue et continuo",fête de la Purification de Marie
83,,BWV 83,Erfreute Zeit im neuen Bunde,Cantata,,,"solistes (A,T,B) et choeur (SATB) avec 2 cors, 2 hautbois, violon solo, 2 violons, alto et continuo",fête de la Purification de Marie
84,,BWV 84,Ich bin vergnügt mit meinem Glücke,Cantata,,,"soliste (S) et choeur (SATB) avec hautbois, violon solo, 2 violons, alto et continuo",dimanche de la Septuagésime
85,,BWV 85,Ich bin ein guter Hirt,Cantata,,,"solistes (S,A,T,B) et choeur (SATB) avec 2 hautbois, 2 violons, alto, violoncelle piccolo et continuo",2è dimanche après Pâques (Misericordias)
86,,BWV 86,"Wahrlich, wahrlich, ich sage euch",Cantata,,,"solistes (S,A,T,B) et choeur (SATB) avec 2 hautbois d'amour, violon solo, 2 violons, alto et continuo",5è dimanche après Pâques (Rogate)
87,,BWV 87,Bisher habt ihr nichts gebeten in meinem Namen,Cantata,,,"solistes (A,T,B) et choeur (SATB) avec 2 hautbois, 2 cor anglais, 2 violons, alto et continuo",5è dimanche après Pâques (Rogate)
88,,BWV 88,"Siehe, ich will viel Fischer aussenden, spricht der Herr",Cantata,,,"solistes (S,A,T,B) et choeur (SATB) avec 2 cors, 2 hautbois d'amour, cor anglais, 2 violons, alto et continuo",5è dimanche après la Trinité
89,,BWV 89,"Was soll ich aus dir machen, Ephraïm?",Cantata,,,"solistes (S,A,B) et choeur (SATB) avec cor, 2 hautbois, 2 violons, alto et continuo",22è dimanche après la Trinité
90,,BWV 90,Es reifet euch ein schrecklich Ende,Cantata,,,"solistes (A,T,B) et choeur (SATB) avec trompette, 2 violons, alto et continuo",25è dimanche après la Trinité
91,,BWV 91,"Gelobet seist du, Jesu Christ",Cantata,,,"solistes (S,A,T,B) et choeur (SATB) avec 2 cors, timbales, 3 hautbois, 2 violons, alto et continuo",1er jour de la fête de Noël
92,,BWV 92,Ich hab' in Gottes Herz und Sinn,Cantata,,,"solistes (S,A,T,B) et choeur (SATB) avec 2 hautbois d'amour, 2 violons, alto et continuo",dimanche de la Septuagésime
93,,BWV 93,Wer nur den lieben Gott lässt walten,Cantata,,,"solistes (S,A,T,B) et choeur (SATB) avec 2 hautbois, 2 violons, alto et continuo",5è dimanche après la Trinité
94,,BWV 94,Was frag' ich nach der Welt,Cantata,,,"solistes (S,A,T,B) et choeur (SATB) avec flûte traversière, 2 hautbois, hautbois d'amour, 2 violons, alto, orgue et continuo",9è dimanche après la Trinité
95,,BWV 95,"Christus, der ist mein Leben",Cantata,,,"solistes (S,T,B) et choeur (SATB) avec cor, 2 hautbois / 2 hautbois d'amour, 2 violons, alto et continuo",16è dimanche après la Trinité
96,,BWV 96,"Herr Christ, der ein'ge Gottes-Sohn",Cantata,,,"solistes (S,A,T,B) et choeur (SATB) avec cor, trompette, flûte piccolo, flûte traversière solo, 2 hautbois, 2 violons, alto et continuo",18è dimanche après la Trinité
97,,BWV 97,In allen meinen Taten,Cantata,,,"solistes (S,A,T,B) et choeur (SATB) avec 2 hautbois, basson, violon solo, 2 violons, alto, violoncelle, violone, orgue et continuo",occasion non précisée
98,,BWV 98,"Was Gott tut, das ist wohlgetan",Cantata,,,"solistes (S,A,T,B) et choeur (SATB) avec hautbois solo, 2 hautbois, cor anglais, 2 violons, alto et continuo","21è dimanche après la Trinité
[BWV 99 et 100 portent le même titre]"
99,,BWV 99,"Was Gott tut, das ist wohlgetan",Cantata,,,"solistes (S,A,T,B) et choeur (SATB) avec cor, flûte traversière, hautbois d'amour, 2 violons, alto et continuo","15è dimanche après la Trinité
[BWV 98 et 100 portent le même titre]"
100,,BWV 100,"Was Gott tut, das ist wohlgetan",Cantata,,,"solistes (S,A,T,B) et choeur (SATB) avec 2 cors, timbales, flûte traversière solo, hautbois d'amour, 2 violons, alto, violoncelle, violone et continuo (orgue)","15è dimanche après la Trinité et pour tous les temps
[BWV 98 et 99 portent le même titre]"
101,,BWV 101,"Nimm von uns, Herr, du treuer Gott",Cantata,,,"solistes (S,A,T,B) et choeur (SATB) avec cornet, 3 trombones, flûte traversière, 2 hautbois, cor anglais, violon solo, 2 violons, alto, violoncelle, violone et continuo",10è dimanche après la Trinité
102,,BWV 102,"Herr, deine Augen sehen nach dem Glauben",Cantata,,,"solistes (A,T,B) et choeur (SATB) avec flûte traversière solo, 2 hautbois, 2 violons, alto et continuo",10è dimanche après la Trinité
103,,BWV 103,Ihr werdet weinen und heulen,Cantata,,,"solistes (A,T) et choeur (SATB) avec trompette, piccolo, flûte traversière, 2 hautbois d'amour, 2 violons, alto et continuo",3è dimanche après Pâques (Jubilate)
104,,BWV 104,"Du Hirte Israel, höre",Cantata,,,"solistes (T,B) et choeur (SATB) avec 2 hautbois, 2 hautbois d'amour, cor anglais, 2 violons, alto et continuo",2è dimanche après Pâques (Misericordias)
105,,BWV 105,"Herr, gehe nicht in's Gericht",Cantata,,,"solistes (S,A,T,B) et choeur (SATB) avec cor, 2 hautbois, 2 violons, alto et continuo",9è dimanche après la Trinité
106,,BWV 106,Gottes Zeit ist die allerbeste Zeit,Cantata,,,"solistes (A,B) et choeur (SATB) avec 2 flûtes à bec, 2 violes de gambe et continuo",cantate funèbre - Actus tragicus
107,,BWV 107,Was willst du dich betrüben,Cantata,,,"solistes (S,T,B) et choeur (SATB) avec cor, 2 flûtes traversières, 2 hautbois d'amour, 2 violons, alto et continuo (orgue)",7è dimanche après la Trinité
108,,BWV 108,"Es ist euch gut, dass ich hingehe",Cantata,,,"solistes (A,T,B) et choeur (SATB) avec 2 hautbois d'amour, violon solo, 2 violons, alto et continuo",4è dimanche après Pâques (Cantate)
109,,BWV 109,"Ich glaube, lieber Herr, hilf meimem Unglauben",Cantata,,,"solistes (A,T) et choeur (SATB) avec cor, 2 hautbois, 2 violons, alto et continuo",21è dimanche après la Trinité
110,,BWV 110,Unser Mund sei voll Lachens,Cantata,,,"solistes (S,A,T,B) et choeur (SATB) avec 3 trompettes, timbales, 2 flûtes traversières, 3 hautbois, hautbois d'amour, cor anglais, basson, 2 violons, alto, orgue et continuo",1er jour de la fête de Noël
111,,BWV 111,"Was mein Gott will, das g'scheh' allzeit",Cantata,,,"solistes (S,A,T,B) et choeur (SATB) avec 2 hautbois, 2 violons, alto et continuo",3è dimanche après l'Épiphanie
112,,BWV 112,Der Herr ist mein getreuer Hirt,Cantata,,,"solistes (S,A,T,B) et choeur (SATB) avec 2 cors, 2 hautbois d'amour, 2 violons, alto et continuo",2è dimanche après Pâques
113,,BWV 113,"Herr Jesu Christ, du höchstes Gut",Cantata,,,"solistes (S,A,T,B) et choeur (SATB) avec flûte traversière, 2 hautbois ou 2 hautbois d'amour, 2 violons, alto et continuo",11è dimanche après la Trinité
114,,BWV 114,"Ach, lieben Christen, seid getrost",Cantata,,,"solistes (S,A,T,B) et choeur (SATB) avec cor, flûte traversière solo, 2 hautbois, 2 violons, alto et continuo",17è dimanche après la Trinité
115,,BWV 115,"Mache dich, mein Geist, bereit",Cantata,,,"solistes (S,A,T,B) et choeur (SATB) avec cor, flûte traversière, hautbois d'amour, 2 violons, alto, violoncelle piccolo et continuo",22è dimanche après la Trinité
116,,BWV 116,"Du Friedefürst, Herr Jesu Christ",Cantata,,,"solistes (S,A,T,B) et choeur (SATB) avec cor, 2 hautbois d'amour, 2 violons, alto et continuo",25è dimanche après la Trinité
117,,BWV 117,Sei Lob' und Ehr' dem höchsten Gut,Cantata,,,"solistes (A,T,B) et choeur (SATB) avec 2 flûtes traversières, 2 hautbois, 2 hautbois d'amour, 2 violons, alto et continuo",occasion non précisée
118,,BWV 118,"O Jesu Christ, mein's Lebens Licht",Cantata,,,"choeur (SATB) avec 2 cors, cornet et 3 trombones / 2 cors, 2 violons et alto / 2 luths, cornet et 3 trombones / 3 hautbois et basson",motet pour le décès de Joachim Friedrich von Flemming (1740)
119,,BWV 119,"Preise, Jerusalem, den Herrn",Cantata,,,"solistes (S,A,T,B) et choeur (SATB) avec 4 trompettes, timbales, 2 flûtes à bec, 3 hautbois, 2 cors anglais, 2 violons, alto et continuo",élection du conseil municipal de Leipzig (1723)
120,,BWV 120,"Gott, man lobet dich in der Stille",Cantata,,,"solistes (S,A,T,B) et choeur (SATB) avec 3 trompettes, timbales, 2 hautbois d'amour, violon solo, 2 violons, alto et continuo",élection du conseil municipal de Leipzig (1728 ou 1729)
120.1,,BWV 120a,"Herr Gott, Beherrscher aller Dinge",Cantata,,,"solistes (S,A,T,B) et choeur (SATB) avec 3 trompettes, timbales, 2 hautbois, 2 hautbois d'amour, orgue, violon solo, 2 violons, alto et continuo","mariage
[Adaptation de la cantate BWV 120]"
120.2,,BWV 120b,"Gott, man lobet dich in der Stille",Cantata,,,"solistes (S,A,T,B) et choeur (SATB) avec 3 trompettes, timbales, 2 hautbois d'amour, 2 violons, alto et continuo","200e anniversaire de la Confession d'Augsburger
[Arrangement de la cantate BWV 120]"
121,,BWV 121,Christum wir sollen loben schon,Cantata,,,"solistes (S,A,T,B) et choeur (SATB) avec cornet, 3 trombones, hautbois d'amour, 2 violons, alto et continuo",2è jour de la fête de Noël
122,,BWV 122,Das neugebor'ne Kindelein,Cantata,,,"solistes (S,A,T,B) et choeur (SATB) avec 3 flûtes à bec, 2 hautbois, cor anglais, 2 violons, alto et continuo",dimanche après Noël
123,,BWV 123,"Liebster Immanuel, Herzog der Frommen",Cantata,,,"solistes (A,T,B) et choeur (SATB) avec 2 flûtes traversières, 2 hautbois d'amour, 2 violons, alto et continuo",fête de l'Épiphanie
124,,BWV 124,Meinen Jesum lass' ich nicht,Cantata,,,"solistes (S,A,T,B) et choeur (SATB) avec cor, hautbois d'amour, 2 violons, alto et continuo",1er dimanche après l'Épiphanie
125,,BWV 125,Mit Fried' und Freud' ich fahr' dahin,Cantata,,,"solistes (A,T,B) et choeur (SATB) avec cor, flûte traversière, hautbois, hautbois d'amour, 2 violons, alto et continuo",fête de la Purification de Marie
126,,BWV 126,"Erhalt' uns, Herr, bei deinem Wort",Cantata,,,"solistes (A,T,B) et choeur (SATB) avec trompette, 2 hautbois, 2 violons, alto et continuo",dimanche de la Sexagésime
127,,BWV 127,"Herr Jesu Christ, wahr'r Mensch und Gott",Cantata,,,"solistes (S,T,B) et choeur (SATB) avec trompette, 2 flûtes à bec, 2 hautbois, 2 violons, alto et continuo",dimanche de la Quinquagésime (Estomihi)
128,,BWV 128,Auf Christi Himmelfahrt allein,Cantata,,,"solistes (A,T,B) et choeur (SATB) avec trompette, 2 cors, 2 hautbois, hautbois d'amour, cor anglais, 2 violons, alto et continuo",fête de l'Ascension
129,,BWV 129,"Gelobet sei der Herr, mein Gott",Cantata,,,"solistes (S,A,B) et choeur (SATB) avec 3 trompettes, timbales, flûte traversière, 2 hautbois, hautbois d'amour, 2 violons, alto et continuo",fête de la Trinité
130,,BWV 130,"Herr Gott, dich loben alle wir",Cantata,,,"solistes (S,A,T,B) et choeur (SATB) avec 3 trompettes, timbales, flûte traversière, 3 hautbois, 2 violons, alto et continuo",fête de St-Michel
131,,BWV 131,"Aus der Tiefe rufe ich, Herr, zu dir",Cantata,,,"solistes (S,A,T,B) et choeur (SATB) avec hautbois, basson, violon, 2 altos et continuo",occasion non précisée; probablement pour des funérailles
131.1,,BWV 131a,Fuge in g-moll,,,,,
132,,BWV 132,"Bereitet die Wege, bereitet die Bahn",Cantata,,,"solistes (S,A,T,B) et choeur (SATB) avec hautbois, basson, 2 violons, alto, violoncelle et continuo",4è dimanche de l'Avent
133,,BWV 133,Ich freue mich in dir,Cantata,,,"solistes (S,A,T,B) et choeur (SATB) avec cornet, 2 hautbois d'amour, 2 violons, alto et continuo",3è jour de la fête de Noël
134,,BWV 134,"Ein Herz, das seinen Jesum lebend weiss",Cantata,,,"solistes (A,T) et choeur (SATB) avec 2 hautbois, 2 violons, alto et continuo","3è jour de la fête de Pâques
[Réutilisation de la cantate BWV 134a]"
134.1,,BWV 134a,"Die Zeit, die Tag und Jahre macht",Cantata,,,"solistes (A,T) et choeur (SATB) avec 2 hautbois, 2 violons, alto et continuo",voeux du nouvel an à la Maison d'Anhalt-Cothen (1719)
135,,BWV 135,"Ach Herr, mich armer Sünder",Cantata,,,"solistes (A,T,B) et choeur (SATB) avec cornet, trombone, 2 hautbois, 2 violons, alto et continuo",3è dimanche après la Trinité
136,,BWV 136,"Erforsche mich, Gott, und erfahre mein Herz",Cantata,,,"solistes (A,T,B) et choeur (SATB) avec cor, 2 hautbois d'amour, 2 violons, alto et continuo",8è dimanche après la Trinité
137,,BWV 137,"Lobe den Herren, den mächtigen König der Ehren",Cantata,,,"solistes (S,A,T,B) et choeur (SATB) avec 3 trompettes, timbales, 2 hautbois, 2 violons, alto et continuo",12è dimanche après la Trinité
138,,BWV 138,"Warum betrübst du dich, mein Herz",Cantata,,,"solistes (S,A,T,B) et choeur (SATB) avec 2 hautbois d'amour, 2 violons, alto et continuo",15è dimanche après la Trinité
139,,BWV 139,"Wohl dem, der sich auf seinen Gott",Cantata,,,"solistes (S,A,T,B) et choeur (SATB) avec 2 hautbois d'amour, 2 violons, alto et continuo (orgue)",23è dimanche après la Trinité
140,,BWV 140,"Wachet auf, ruft und die Stimme",Cantata,,,"solistes (S,T,B) et choeur (SATB) avec cor, 2 hautbois, cor anglais, 2 violons, alto, violoncelle piccolo et continuo",27è dimanche après la Trinité
141,,BWV 141,Das ist je gewisslich wahr,Cantata,,,"solistes (A,T,B) et choeur (SATB) avec 2 hautbois, 2 violons, alto et continuo","3è dimanche de l'Avent
[Composition de Georg Philip Telemann]"
142,,BWV 142,Uns ist ein Kind geboren,Cantata,,,"solistes (A,T,B) et choeur (SATB) avec 2 flûtes à bec, 2 hautbois, 2 violons, alto et continuo","1er jour de la fête de Noël
[Composition de Johann Kuhnau]"
143,,BWV 143,"Lobe den Herrn, meine Seele",Cantata,,,"solistes (S,T,B) et choeur (SATB) avec 3 cors, timbales, basson, 2 violons, alto et continuo","circoncision (Nouvel An)
[BWV 69 et 69a portent le même titre]"
144,,BWV 144,"Nimm, was dein ist, und gehe hin",Cantata,,,"solistes (S,A,T) et choeur (SATB) avec hautbois d'amour, 2 violons, alto et continuo",dimanche de la Septuagésime
145,,BWV 145,"Auf, mein Herz! Des Herren Tag (So du mit deinem Munde bekennest)",Cantata,,,"solistes (S,T,B) et choeur (SATB) avec trompette, flûte traversière, 2 hautbois d'amour, 2 violons, alto et continuo",fête de Pâques
146,,BWV 146,Wir müssen durch viel Trübsal in das Reich Gottes eingehen,Cantata,,,"solistes (S,A,T,B) et choeur (SATB) avec flûte traversière, 2 hautbois, 2 hautbois d'amour, cor anglais, orgue concertant, 2 violons, alto et continuo",3è dimanche après Pâques (Jubilate)
147,,BWV 147,Herz und Mund und Tat und Leben,Cantata,,,"solistes (S,A,T,B) et choeur (SATB) avec trompette, 2 hautbois, hautbois d'amour, 2 cors anglais, basson, 2 violons, alto, violone et continuo",fête de la Visitation de Marie
147.1,,BWV 147a,Herz und Mund und Tat und Lebem,Cantata,,,"solistes (S,A,T) et choeur (SATB) avec trompette, 2 hautbois, hautbois d'amour, 2 cors anglais, basson, 2 violons, alto, violoncelle et continuo",4è dimanche de l'Avent
148,,BWV 148,Bringet dem Herrn Ehre seines Namens,Cantata,,,"solistes (A,T) et choeur (SATB) avec trompette, 3 hautbois, 2 violons, alto et continuo",17è dimanche après la Trinité
149,,BWV 149,Man singet mir Freuden vom Sieg,Cantata,,,"solistes (S,A,T,B) et choeur (SATB) avec 3 trompettes, timbales, 3 hautbois, basson, 2 violons, alto et continuo",fête de St-Michel
150,,BWV 150,"Nach dir, Herr, verlanget mich",Cantata,,,"solistes (S,A,T,B) et choeur (SATB) avec basson, 2 violons et continuo",occasion non spécifiée; probablement pour des funérailles
151,,BWV 151,"Süsser Trost, mein Jesus kömmt",Cantata,,,"solistes (S,A,T,B) et choeur (SATB) avec flûte traversière, hautbois d'amour, 2 violons, alto et continuo",3è jour de la fête de Noël
152,,BWV 152,Tritt auf die Glaubensbahn,Cantata,,,"solistes (S,B) avec flûte à bec, hautbois, viole d'amour, viole de gambe et continuo",dimanche après Noël
153,,BWV 153,"Schau', lieber Gott, wie meine Feind'",Cantata,,,"solistes (A,T,B) et choeur (SATB) avec 2 violons, alto et continuo",dimanche après le Nouvel An
154,,BWV 154,Mein liebster Jesus ist verloren,Cantata,,,"solistes (A,T,B) et choeur (SATB) avec 2 hautbois, 2 hautbois d'amour, 2 violons, alto et continuo",1er dimanche après l'Épiphanie
155,,BWV 155,"Mein Gott, wie lang', ach lange?",Cantata,,,"solistes (S,A,T,B) et choeur (SATB) avec basson, 2 violons, alto et continuo",2è dimanche après l'Épiphanie
156,,BWV 156,Ich steh' mit einem Fuss im Grabe,Cantata,,,"solistes (A,T,B) et choeur (SATB) avec hautbois, 2 violons, alto et continuo",3è dimanche après l'Épiphanie
157,,BWV 157,"Ich lasse dich nicht, du segnest mich denn",Cantata,,,"solistes (T,B) et choeur (SATB) avec flûte traversière, hautbois, hautbois d'amour, violon solo, 2 violons, alto/violetta et continuo","fête de la Purification de Marie
[Cantate funèbre pour Johann Christoph von Ponickau (1726)]"
158,,BWV 158,Der Friede sei mit dir,Cantata,,,"solistes (S,B) et choeur (SATB) avec hautbois, violon solo et continuo",3è jour de la fête de Pâques et de la Purification de Marie
159,,BWV 159,"Sehet, wir geh'n hinauf gen Jerusalem",Cantata,,,"solistes (A,T,B) et choeur (SATB) avec hautbois, 2 violons, alto, basson et continuo",dimanche de la Quinquagésime (Estomihi)
160,,BWV 160,"Ich weiss, dass mein Erlöser lebt",Cantata,,,"soliste (T) avec violon, basson et continuo","1er jour de la fête de Pâques
[Composition de Georg Philip Telemann]"
161,,BWV 161,"Komm, du süsse Todesstunde",Cantata,,,"solistes (A,T) et choeur (SATB) avec 2 flûtes à bec, 2 violons, alto, orgue et continuo",16è dimanche après la Trinité et Visitation de Marie
162,,BWV 162,"Ach!, ich sehe, itzt da ich zur Hochzeit gehe",Cantata,,,"solistes (S,A,T,B) et choeur (SATB) avec trompette, basson, 2 violons, alto et continuo",20è dimanche après la Trinité
163,,BWV 163,Nur jedem das Seine,Cantata,,,"solistes (S,A,T,B) et choeur (SATB) avec hautbois d'amour, violons, alto, 2 violoncelles et continuo",23è dimanche après la Trinité
164,,BWV 164,"Ihr, die ihr euch von Christo nennet",Cantata,,,"solistes (S,A,T,B) et choeur (SATB) avec 2 flûtes traversières, 2 hautbois, 2 violons, alto et continuo",13è dimanche après la Trinité
165,,BWV 165,O heil'ges Geist- und Wasserbad,Cantata,,,"solistes (S,A,T,B) et choeur (SATB) avec basson, 2 violons, alto et continuo",fête de la Trinité
166,,BWV 166,Wo gehest du hin?,Cantata,,,"solistes (A,T,B) et choeur (SATB) avec hautbois, 2 violons, alto et continuo",4è dimanche après Pâques (Cantate)
167,,BWV 167,"Ihr Menschen, rühmet Gottes Liebe",Cantata,,,"solistes (S,A,T,B) et choeur (SATB) avec trompette, hautbois, cor anglais, 2 violons, alto, continuo",fête de St-Jean-Baptiste
168,,BWV 168,Tue Rechnung! Donnerwort,Cantata,,,"solistes (S,A,T,B) et choeur (SATB) avec 2 hautbois d'amour, 2 violons, alto et continuo",9è dimanche après la Trinité
169,,BWV 169,Gott soll allein mein Herze haben,Cantata,,,"soliste (A) et choeur (SATB) avec 2 hautbois, cor anglais, orgue obligé, 2 violons, alto et continuo",18è dimanche après la Trinité
170,,BWV 170,"Vergnügte Ruh', beliebte Seelenlust",Cantata,,,"soliste (A) avec hautbois d'amour, orgue obligé, 2 violons, alto et continuo",6è dimanche après la Trinité
171,,BWV 171,"Gott, wie dien Name, so ist auch dein Ruhm",Cantata,,,"solistes (S,A,T,B) et choeur (SATB) avec 3 trompettes, timbales, 2 hautbois, 2 violons, alto et continuo",fête de la Circoncision (Nouvel An)
172,,BWV 172,"Erschallet, ihr Lieder",Cantata,,,"solistes (S,A,T,B) et choeur (SATB) avec 3 trompettes, timbales, hautbois/orgue ou violoncelle, basson, 2 violons, 2 altos et continuo",1er jour de la fête de la Pentecôte
173,,BWV 173,Erhöhtes Fleisch und Blut,Cantata,,,"solistes (S,A,T,B) et choeur (SATB) avec 2 flûtes traversières, 2 violons, alto et continuo",2è jour de la fête de la Pentecôte
173.1,,BWV 173a,Durchlaucht'ster Leopold,Cantata,,,"solistes (S,B) et choeur (SATB) avec 2 flûtes traversières, basson, 2 violons, alto, violoncelle et continuo","anniversaire de naissance du prince Leopold (1717)
[Sérénade]"
174,,BWV 174,Ich liebe den Höchsten von ganzem Gemüte,Cantata,,,"solistes (A,T,B) et choeur (SATB) avec 2 cors, 2 hautbois, cor anglais, 3 violons, 3 altos, 3 violoncelles et continuo (basson, violone)",2è jour de la fête de la Pentecôte
175,,BWV 175,Er rufet seinen Schafen mit Namen,Cantata,,,"solistes (A,T,B) et choeur (SATB) avec 2 trompettes, 3 flûtes à bec, 2 violons, alto, violoncelle piccolo et continuo",3è jour de la fête de la Pentecôte
176,,BWV 176,Es ist ein trotzig und verzagt Ding,Cantata,,,"solistes (S,A,B) et choeur (SATB) avec 2 hautbois, cor anglais, 2 violons, alto et continuo",fête de la Trinité
177,,BWV 177,"Ich ruf' zu dir, Herr Jesu Christ",Cantata,,,"solistes (S,A,T) et choeur (SATB) avec 2 hautbois, cor anglais, basson, violon concertant, 2 violons, alto et continuo",4è dimanche après la Trinité
178,,BWV 178,"Wo Gott, der Herr, nicht bei uns hält",Cantata,,,"solistes (A,T,B) et choeur (SATB) avec cor, 2 hautbois, 2 hautbois d'amour, 2 violons, alto et continuo",8è dimanche après la Trinité
179,,BWV 179,"Siehe zu, dass deine Gottesfurcht nicht Heuchelei sei",Cantata,,,"solistes (S,T,B) et choeur (SATB) avec 2 hautbois, 2 cors anglais, 2 violons, alto et continuo",11è dimanche après la Trinité
180,,BWV 180,"Schmücke dich, o liebe Seele",Cantata,,,"solistes (S,A,T,B) et choeur (SATB) avec flûte traversière, 2 flûtes à bec, hautbois, cor anglais, 2 violons, alto, violoncelle piccolo et continuo",20è dimanche après la Trinité
181,,BWV 181,Leichtgesinnte Flattergeister,Cantata,,,"solistes (S,A,T,B) et choeur (SATB) avec trompette, flûte traversière, hautbois, 2 violons, alto et continuo",dimanche de la Sexagésime
182,,BWV 182,"Himmelskönig, sei willkommen",Cantata,,,"solistes (A,T,B) et choeur (SATB) avec flûte à bec, violon concertant, violon, 2 altos, violoncelle et continuo",dimanche des Rameaux et fête de l'Annonciation de Marie
183,,BWV 183,Sie werden euch in den Bann tun,Cantata,,,"solistes (S,A,T,B) et choeur (SATB) avec 2 hautbois d'amour, 2 cors anglais, 2 violons, alto, violoncelle piccolo et continuo","6è dimanche après Pâques (Exaudi)
[BWV 44 porte le même titre et pour la même occasion]"
184,,BWV 184,Erwünschtes Freudenlicht,Cantata,,,"solistes (S,A,T,B) et choeur (SATB) avec 2 flûtes traversières, violon solo, 2 violons, alto et continuo","3è jour de la fête de la Pentecôte
[Adaptation d'une cantate perdue, BWV 184a]"
184.1,,BWV 184a,Erwünschtes Freudenlicht,Cantata,,,"solistes (S,A,T,B) et choeur (SATB) avec 2 flûte traversières, violon solo, 2 violons, alto et continuo","Voeux du Nouvel An à Anhalt-Kothen
[Cantate perdue à part des portions provenant de BWV 184]"
185,,BWV 185,Barmherziges Herze der eweigen Liebe,Cantata,,,"solistes (S,A,T,B) et choeur (SATB) avec trompette, hautbois, basson, 2 violons, alto et continuo",4è dimanche après la Trinité
186,,BWV 186,"Ärg're dich, o Seele, nicht",Cantata,,,"solistes (S,A,T,B) et choeur (SATB) avec 2 hautbois, cor anglais, basson, 2 violons, alto et continuo",7è dimanche après la Trinité
186.1,,BWV 186a,"Ärg're dich, o Seele, nicht",Cantata,,,"solistes (S,A,T,B) et choeur (SATB) avec 2 hautbois, cor anglais, basson, 2 violons, alto et continuo",3è dimanche de l'Avent
187,,BWV 187,Es wartet Alles auf dich,Cantata,,,"solistes (S,A,B) et choeur (SATB) avec hautbois solo, 2 hautbois, 2 violons, alto et continuo",7è dimanche après la Trinité
188,,BWV 188,Ich habe meine Zuversicht,Cantata,,,"solistes (S,A,T,B) et choeur (SATB) avec hautbois, orgue obligé, 2 violons, altos, violoncelle et continuo",21è dimanche après la Trinité
189,,BWV 189,Meine Seele rühmt und preist,Cantata,,,"soliste (T) avec flûte à bec, hautbois, violon et continuo","occasion non spécifiée; probablement pour la fête de la Visitation
[Composition de Georg Melchior Hoffmann]"
190,,BWV 190,Singet dem Herrn ein neues Lied,Cantata,,,"solistes (A,T,B) et choeur (SATB) avec 3 trompettes, timbales, 3 hautbois, hautbois d'amour, 2 violons, alto et continuo",fête de la Circoncision (Nouvel An)
190.1,,BWV 190a,Singet dem Herrn ein neues Lied,Cantata,,,"solistes (A,T,B) et choeur (SATB) avec 3 trompettes, timbales, 3 hautbois, hautbois d'amour, 2 violons, alto et continuo",200è anniversaire de la confession d'Augsburg
191,,BWV 191,Gloria in excelsis Deo,Cantata,,,"solistes (S,T) et choeur (SSATB) avec 3 trompettes, timbales, 2 flûtes traversières, 2 hautbois, 2 violons, alto et continuo",1er jour de la fête de Noël
192,,BWV 192,Nun danket alle Gott,Cantata,,,"solistes (S,B) et choeur (SATB) avec 2 flûtes traversières, 2 hautbois, 2 violons, alto et continuo",fête de la Réformation
193,,BWV 193,Ihr Tore (Pforten) zu Zion,Cantata,,,"solistes (S,A) et choeur (SATB) avec 2 hautbois, 2 violons, alto et continuo","élection du conseil municipal de Leipzig (1738)
[Partitions du ténor et basse ainsi que du continuo perdues]"
193.1,,BWV 193a,"Ihr Häuser des Himmels, ihr scheinenden Lichter",Cantata,,,"solistes (S,A,T,B) et choeur (SATB) avec 2 hautbois, 2 violons, alto et continuo","fête d'Auguste III (1727)
[Musique perdue sauf portions provenant de BWV 193]"
194,,BWV 194,Höchsterwünschtes Freudenfest,Cantata,,,"solistes (S,T,B) et choeur (SATB) avec 3 hautbois, basson, 2 violons, alto et continuo",fête de la Trinité (Inauguration de l'orgue de Stormthal)
194.1,,BWV 194a,Höchsterwünschtes Freudenfest,Cantata,,,"solistes (S,T,B) et choeur (SATB) avec 3 hautbois, basson, 2 flûtes à bec, 2 violons, alto et continuo","voeux de bonheur à Anhalt-Kothen
[Musique perdue à part celle reconstruite à partir de BWV 194"
195,,BWV 195,Dem Gerechten muss dach Licht,Cantata,,,"solistes (S,B) et choeur (SATB) avec 3 trompettes, timbales, 2 cors, 2 flûtes traversières, 2 hautbois, 2 hautbois d'amour, 2 violons, alto et continuo",mariage
196,,BWV 196,Der Herr denket an uns,Cantata,,,"solistes (S,T,B) et choeur (SATB) avec 2 violons, alto, violoncelle et continuo (orgue)",mariage
197,,BWV 197,Gott ist uns're Zuversicht,Cantata,,,"solistes (S,A,B) et choeur (SATB) avec 3 trompettes, timbales, 2 hautbois, 2 hautbois d'amour, basson, 2 violons, alto et continuo","mariage
[Adaptation de la cantate BWV 197a]"
197.1,,BWV 197a,Ehre sei Gott in der Höhe,Cantata,,,"solistes (A,B) et choeur (SATB) avec 2 flûtes traversières, hautbois d'amour, violoncelle et continuo",1er jour de la fête de Noël
198,,BWV 198,"Lass Fürstin, lass noch einen Strahl",Cantata,,,"solistes (S,A,T,B) et choeur (SATB) avec 2 flûtes traversières, 2 hautbois, 2 hautbois d'amour, 2 violons, alto, 2 violes de gambe, 2 luths et continuo (orgue, clavecin)",cantate (Ode) funèbre
199,,BWV 199,Mein Herze schwimmt im Blut,Cantata,,,"soliste (S) avec hautbois, basson, 2 violons, alto, violone et continuo",11è dimanche après la Trinité
200,,BWV 200,Bekennen will ich seinen Namen,Cantata,,,soliste (A) avec 2 violons et continuo,"fête de la Purification de Marie
[Fragment d'une cantate perdue]"
201,,BWV 201,"Geschwinde, geschwinde, ihr wirbelnden Winde",Cantata,,,"solistes (SATTBB) et choeur (SATBB) avec 3 trompettes, timbales, 2 flûtes traversières, 2 hautbois, hautbois d'amour, 2 violons, alto et continuo","occasion non précisée
Der Streit zwischen Phoebus und Pan [drame musical]"
202,,BWV 202,"Weichet nur, betrübte Schatten",Cantata,,,"soliste (S) avec hautbois, 2 violons, alto et continuo",mariage
203,,BWV 203,Amore traditore,Cantata,,,soliste (B) avec clavecin,occasion non précisée
204,,BWV 204,Ich bin in mir vergnügt,Cantata,,,"soliste (S) avec flûte traversière, 2 hautbois, 2 violons, alto et continuo","réunions domestiques en famille ou entre amis
Cantate de la satisfaction"
205,,BWV 205,"Zerreisset, zersprenget, zertrümmert die Gruft",Cantata,,,"solistes (S,A,T,B) et choeur (SATB) avec 3 trompettes, timbales, 2 cors, 2 flûtes traversières, 2 hautbois, hautbois d'amour, viole d'amour, viole de gambe, 2 violons, alto et continuo","fête du Dr. August Friedrich Muller
L'apaisement d'Éole [drame musical]"
205.1,,BWV 205a,"Blast Lärmen, ihr Feinde! verstärket die Macht",Cantata,,,"solistes (S,A,T,B) et choeur (SATB) avec 3 trompettes, timbales, 2 cors, 2 flûtes traversières, 2 hautbois, hautbois d'amour, viole d'amour, viole de gambe, 2 violons, alto et continuo","fête d'Auguste III (1734)
[Musique perdue sauf portions provenant de BWV 205]"
206,,BWV 206,"Schleicht, spielende Wellen",Cantata,,,"solistes (S,A,T,B) et choeur (SATB) avec 3 trompettes, timbales, 3 flûtes traversières, 2 hautbois, 2 hautbois d'amour, 2 violons, alto et continuo",anniversaire de naissance d'Auguste III (1733)
207,,BWV 207,Vereinigte Zwietracht der wechselnden Saiten,Cantata,,,"solistes (S,A,T,B) et choeur (SATB) avec 3 trompettes, timbales, 2 flûtes traversières, 2 hautbois d'amour, cor anglais, 2 violons, alto et continuo",intronisation du Dr. Gottlieb Kortte (1726)
207.1,,BWV 207a,"Auf, schmetternde Töne der muntern Trompeten",Cantata,,,"solistes (S,A,T,B) et choeur (SATB) avec 3 trompettes, timbales, 2 flûtes traversières, 2 hautbois d'amour, cor anglais, 2 violons, alto et continuo",fête d'Auguste III (1734)
208,,BWV 208,"Was mir behagt, ist nur die muntre Jagd!",Cantata,,,"solistes (S,S,T,B) et choeur (solistes) avec 2 cors, 2 flûtes à bec, 2 hautbois, cor anglais, basson, 2 violons, alto, violoncelle, violone et continuo","anniversaire naissance de Christian von Sachsen-Weissenfels
Cantate de la chasse"
208.1,,BWV 208a,"Was mir behagt, ist nur die muntre Jagd!",Cantata,,,"solistes (S,S,T,B) et choeur (solistes) avec 2 cors, 2 flûtes à bec, 2 hautbois, cor anglais, basson, 2 violons, alto, violoncelle et continuo","fête patronale d'Auguste III (1740 ou 1742)
[Musique perdue sauf portions provenant de BWV 208]"
209,,BWV 209,Non sa che sia dolore,Cantata,,,"soliste (S) avec flute traversière, 2 violons, alto et continuo","occasion non spécifiée, Cantate d'adieu"
210,,BWV 210,"O holder Tag, erwünschte Zeit",Cantata,,,"soliste (S) avec flûte traversière, hautbois d'amour, 2 violons, alto et continuo",mariage
210.1,,BWV 210a,O angenehme Melodei,Cantata,,,"soliste (S) avec flûte traversière, hautbois d'amour, 2 violons, alto et continuo","hommage au comte Joachim Friedrich von Flemming
[Parodie de BWV 210]"
211,,BWV 211,"Schweigt stille, plaudert nicht",Cantata,,,"solistes (S,T,B) et choeur (solistes) avec flûte traversière, 2 violons, alto, clavecin et continuo","occasion non précisée, Cantate du café"
212,,BWV 212,Mer hahn en neue Oberkeet,Cantata,,,"solistes (S,B) avec cor, flûte traversière, 2 violons, alto et continuo","hommage à Carl Heinrich von Dieskau (1742)
Cantate des paysans / burlesque"
213,,BWV 213,"Lasst uns sorgen, lasst uns wachen",Cantata,,,"solistes (S,A,T,B) et choeur (SATB) avec 2 cors, 2 hautbois, hautbois d'amour, 2 violons, 2 altos et continuo","anniversaire du Prince Friedrich Christian (1733)
Hercules auf dem Scheidemege"
214,,BWV 214,"Tönet, ihr Pauken! Erschallet, Trompeten!",Cantata,,,"solistes (S,A,T,B) et choeur (SATB) avec 3 trompettes, timbales, 2 flûtes traversières, 2 hautbois, 2 violons, alto et continuo",anniversaire de naissance de Maria Josepha (1733)
215,,BWV 215,"Preise dein Glücke, gesegnetes Sachsen",Cantata,,,"solistes (S,T,B) et choeur (4/8 voix) avec 3 trompettes, timbales, 2 flûtes traversières, 2 hautbois, 2 hautbois d'amour, basson, 2 violons, alto et continuo",1er anniversaire du couronnement de Friedrich-August III (1734)
216,,BWV 216,Vergnugte Pleissen-Stadt,Cantata,,,"solistes (S,A) avec flûte traversière, 2 violons, alto et continuo","mariage de Johann Heinrich Wolff et Susanna Regina Hempel
[Musique incomplète]"
216.1,,BWV 216a,Erwählte/Vergnügte Pleissen-Stadt,Cantata,,,"solistes (A,T) avec flûte traversière, 2 violons, alto et continuo","élection du conseil municipal de Leipzig (1728)
[Musique perdue sauf portions provenant de BWV 216]"
217,,BWV 217,"Gedenke, Herr, wie es uns gehet",Cantata,,,"solistes (S,A,T,B), SATB, flûte traversière, 2 violons, alto, continuo","1er dimanche après l'Épiphanie
[Compositeur inconnu]"
218,,BWV 218,Gott der Hoffnung erfülle euch,Cantata,,,"solistes (S,A,T,B), SATB, 2 cors, 2 violons, alto, continuo","1er jour de la fête de la Pentecôte
[Composition de Georg Philip Telemann]"
219,,BWV 219,"Siehe, es hat überwunden der Löwe",Cantata,,,"solistes (S,A,B), SATB, 2 trompettes, 2 violons, alto, continuo","fête de St-Michel
[Composition de Georg Philip Telemann]"
220,,BWV 220,Lobt ihn Herz und Munde,Cantata,,,"solistes (A,T,B), SATB, flûte traversière, 2 hautbois, 2 violons, alto, continuo","fête de St-Jean-Baptiste
[Compositeur inconnu]"
221,,BWV 221,"Wer sucht die Pracht, wer wünscht den Glanz",Cantata,,,"solistes (T,B), basson, violon solo, 2 violons, alto, violoncelle, orgue","occasion non précisée
[Compositeur inconnu]"
222,,BWV 222,Mein Odem ist schwach,Cantata,,,"solistes (S,A,B), SATB, 2 violons, alto, orgue","occasion non précisée
[Composition de Johann Ernst Bach - Voir Anh. 165.]"
223,,BWV 223,Meine Seele soll Gott loben,Cantata,,,,"occasion non précisée
[Cantate perdue sauf pour la fugue finale]"
224,,BWV 224,"Reisst euch los, bedrängte Sinnen",Cantata,,,,"occasion non précisée
[Cantate perdue sauf pour un aria pour soprano]"
232,,BWV 232,,Mass,B minor,,"S, A, T, B, SAATTBB, 2 flûtes traversières, 2 hautbois d'amour, 3 hautbois, 2 bassons, 3 trombones, cor, timpani, cordes, continuo",
233,,BWV 233,,Mass,F major,,"S, A, B, SATB, 2 hautbois, 2 cors, basson, 2 violons, alto, continuo",
233.1,,BWV 233a,"Kyrie eleison, Christe du Lamm Gottes",Mass,,,"SSATB, continuo",Autre version pour le Kyrie de la Messe BWV 233
234,,BWV 234,,Mass,A major,,"S, A, B, SATB, 2 flûtes traversières, 2 violons, alto, continuo",
235,,BWV 235,,Mass,G minor,,"A, T, B, SATB, 2 hautbois, 2 violons, alto, continuo",
236,,BWV 236,,Mass,G major,,"S, A,T,B, SATB, 2 hautbois, 2 violons, alto, continuo",
237,,BWV 237,Sanctus,Mass,C major,,"SATB, 2 hautbois, 3 trombones, timpani, 2 violons, alto, continuo (orgue)",
238,,BWV 238,Sanctus,Mass,D major,,"SATB, cornet, 2 violons, alto, continuo (orgue)",
239,,BWV 239,Sanctus,Mass,D minor,,"SATB, 2 violons, alto, continuo (orgue)",
240,,BWV 240,Sanctus,Mass,G major,,"SATB, 2 hautbois, 2 violons, alto, violoncelle, orgue",
241,,BWV 241,Sanctus,Mass,D major,,"SSAATTBB, 2 hautbois d'amour, basson, 2 violons, 3 altos, violoncelle, continuo",
242,,BWV 242,Christe eleison,Mass,G minor,,,Voir Anh. 26
244,,BWV 244,Matthauspassion,Passion,,,"S, A,T,B, SSAATTBB, 2 flûtes traversières, 2 hautbois, 2 hautbois d'amour, 2 cors anglais, 2 violons, alto, viole de gambe, violoncelle, orgue, continuo",
244.1,,BWV 244a,"Klagt Kinder, klagt es aller Welt",,,,"S, A, T, B, SSAATTBB, 2 flûtes traversières, 2 hautbois, 2 hautbois d'amour, 2 cors anglais, 2 violons, alto, viole de gambe, orgue, continuo",cantate funèbre pour le prince Leopold von Anhalt-Kothen
244.2,,BWV 244b,Jesum lass' ich nicht von mir,,E major,1. Jesum lass' ich nicht von mir,"SATB, continuo",Choral original pour la fin de 1ère partie de BWV 244.
245,,BWV 245,Johannespassion,Passion,,,"S, A, T, B, SATB, 2 flûtes traversières, 2 hautbois, hautbois d'amour, 2 corsanglais, 2 violons, alto, 2 violes d'amour, luth, viole de gambe, orgue, continuo",
245.1,,BWV 245a,"Himmel reisse, Welt erbebe",Aria,F-sharp minor,"01 Himmel reisse / Jesu, deine Passion Aria, en fa dièse mineur, pour soprano, basse, 2 flûtes traversières, orgue, continuo","S, B, 2 flûtes traversières, orgue, continuo",Remplace le # 15 de BWV 245 dans la 2è version
245.2,,BWV 245b,"Zerschmettert mich, ihr Felsen und ihr Hügel",Aria,A major,"01 Zerschmettert mich, ihr Felsen une ihr Hügel Aria, en la majeur, pour ténor, 2 violons, alto, orgue, continuo","T, cordes, orgue, continuo",Remplace le # 19 de BWV 245 dans la 2è version
245.3,,BWV 245c,"Ach, windet euch nicht so, geplagte Seelen",Aria,C minor,"01 Ach, windet euch nicht so","T, 2 hautbois, orgue, continuo","Remplace les # 31, 32 de BWV 245 dans la 2è version"
246,,BWV 246,Lukaspassion,Passion,,,,
247,,BWV 247,Markuspassion,Passion,,"01 Mein Heiland, dich vergess ich nicht Aria # 27, pour alto
Voir # 5 de BWV 198.
02 Er kommt, er kommt, er ist vorhanden! Aria # 49, pour soprano
Voir # 3 de BWV 198.
03 Falsche Welt, dein schmeichelnd Kussen Aria # 53
Voir # 1 de BWV 54.
04 Mein Troster ist nicht mehr bei mir Aria # 59, pour ténor
Voir # 8 de BWV 198.
05 Pfui dich, wie fein zerbrichst du den Tempel Choeur #114
Voir # 45 de l'Oratorio de Noël, BWV 248(e).",,Musique perdue sauf pour les numéros suivants:
248,,BWV 248,Weihnachts Oratorium,oratorio,,,,
248.1,,BWV 248a,"Jauchzet, frohlocket!",oratorio,,,"solistes (S,A,T,B) et choeur (SATB) avec 2 flûtes traversières, 2 hautbois, 2 hautbois d'amour, timbales, 3 trompettes, 2 violons, alto, violoncelle, basson et orgue",fête de Noël
248.2,,BWV 248b,Und es waren Hirten,oratorio,,,"solistes (S,A,T,B) et choeur (SATB) avec 2 flûtes traversières, 2 hautbois d'amour, 2 cors anglais, 2 violons, alto et orgue",deuxième jour de la fête de Noël
248.3,,BWV 248c,"Herrscher des Himmels, erhöre das Lallen",,,,"solistes (S,A,T,B) et choeur (SATB) avec 2 flûtes traversières, 2 hautbois, 2 hautbois d'amour, 3 trompettes, timbales, 2 violons, alto et orgue",troisième jour de la fête de Noël
248.4,,BWV 248d,"Fallt mit Danken, fallt mit Loben",,,,"solistes (S,A,T,B) et choeur (SATB) avec 2 hautbois, 2 cors, 2 violons, alto et orgue",fête de la Circoncision du Christ
248.5,,BWV 248e,"Ehre sei dir, Gott! gesiugen",,,,"solistes (S,A,T,B) et choeur (SATB) avec 2 hautbois d'amour, 2 violons, alto et orgue",dimanche après la fête de la Circoncision du Christ
248.6,,BWV 248f,"Herr, wenn die stolzen Feinde schnauben",,,,"solistes (S,A,T,B) et choeur (SATB) avec 2 hautbois d'amour, 3 trompettes, timbales, 2 violons, alto et orgue",fête de l'Épiphanie
249,,BWV 249,Oster Oratorium,,,,"solistes (S,A,T,B) et choeur (SATB) avec flûte traversière, 2 flûtes à bec, 2 hautbois, hautbois d'amour, 3 trompettes, timbales, 2 violons, alto, basson et continuo",dimanche de Pâques
249.1,,BWV 249a,"Entfliehet, verschwindet, entweichet, ihr Sorgen ""Schaferkantate""",,,,"solistes (S,A,T,B) avec 2 flûtes à bec, flûte traversière, 2 hautbois, basson, 3 trombones, timpani, 2 violons, alto et continuo",anniversaire de naissance de Christian von Sachsen
249.2,,BWV 249b,"Verjaget, zerstreuet, zerrüttet, ihr Sterne
""Die Feier des Genius""",,,,,"Reprise de BWV 249 (nouveau texte)
anniversaire de naissance de Grafen von Flemming"
250,,BWV 250,"Was Gott tut, das ist wohlgetan",,,,"choral, en sol majeur, pour choeur (SATB) avec hautbois, hautbois d'amour, 2 cors, 2 violons, alto, orgue et continuo",chorale avant le mariage
251,,BWV 251,Sei Lob' und Ehr' dem höchsten Gut,,,,"choral, en sol majeur, pour choeur (SATB) avec hautbois, hautbois d'amour, 2 cors, 2 violons, alto, orgue et continuo",chorale après le mariage
252,,BWV 252,Nun danket alle Gott,,,,"choral, en sol majeur, pour choeur (SATB) avec hautbois, hautbois d'amour, 2 cors, 2 violons, alto, orgue et continuo",chorale après la bénédiction
253,,BWV 253,"Ach bleib' bei uns, Herr Jesu Christ",,,,"choral, en la majeur, pour choeur (SATB)",
254,,BWV 254,"Ach Gott, erhör' mein Seufzen und Wehklagen",,,,"choral, en ré mineur, pour choeur (SATB)",
255,,BWV 255,"Ach Gott und Herr, wie gross und schwer",,,,"choral, en do majeur, pour choeur (SATB)",
256,,BWV 256,"Ach, lieben Christen, seid getrost",,,,"choral, en la mineur, pour choeur (SATB)",
257,,BWV 257,War Gott nicht mit uns diese Zeit,,,,"choral, en la mineur, pour choeur (SATB)",
258,,BWV 258,"Wo Gott, der Herr, nicht bei uns hält",,,,"choral, en si mineur, pour choeur (SATB)",
259,,BWV 259,"Ach, was soll ich Sünder machen?",,,,"choral, en mi mineur, pour choeur (SATB)",
260,,BWV 260,Allein Gott in der Höh' sei Ehr',,,,"choral, en sol majeur, pour choeur (SATB)",
261,,BWV 261,"Allein zu dir, Herr Jesu Christ",,,,"choral, en ré majeur, pour choeur (SATB)",
262,,BWV 262,Alle Menschen müssen sterben,,,,"choral, en ré majeur, pour choeur (SATB)",
263,,BWV 263,Alles ist an Gottes Segen,,,,"choral, en sol majeur, pour choeur (SATB)",
264,,BWV 264,Als der gütige Gott,,,,"choral, en sol majeur, pour choeur (SATB)",
265,,BWV 265,Als Jesus Christus in der Nacht,,,,"choral, en ré mineur, pour choeur (SATB)",
266,,BWV 266,Als vierzig Tag' nach Ostern war,,,,"choral, en mi mineur, pour choeur (SATB)",
267,,BWV 267,An Wasserflüssen Babylon / Ein Lämmlein geht und trägt die Schuld,,,,"choral, en sol majeur, pour choeur (SATB)",
268,,BWV 268,"Auf, auf, mein Herz, und du mein ganzer Sinn",,,,"choral, en sol majeur, pour choeur (SATB)",
269,,BWV 269,Aus meines Herzens Grunde,,,,"choral, en sol majeur, pour choeur (SATB)",
270,,BWV 270,Befiehl du deine Wege,,,,"choral, en si mineur, pour choeur (SATB)",
271,,BWV 271,Befiehl du deine Wege,,,,"choral, en ré majeur, pour choeur (SATB)",
272,,BWV 272,Befiehl du deine Wege,,,,"choral, en ré mineur, pour choeur (SATB)",
273,,BWV 273,"Christ, der du bist der helle Tag",,,,"choral, en sol mineur, pour choeur (SATB)",
274,,BWV 274,"Christe, der du bist Tag und Licht",,,,"choral, en sol mineur, pour choeur (SATB)",
275,,BWV 275,"Christe, du Beistand deiner Kreuzgemeine",,,,"choral, en ré mineur, pour choeur (SATB)",
276,,BWV 276,Christ ist erstanden,,,,"choral, en ré mineur, pour choeur (SATB)",
277,,BWV 277,Christ lag in Todesbanden,,,,"choral, en la mineur, pour choeur (SATB)",
278,,BWV 278,Christ lag in Todesbanden,,,,"choral, en mi mineur, pour choeur (SATB)",
279,,BWV 279,Christ lag in Todesbanden,,,,"choral, en mi mineur, pour choeur (SATB)",Variante de BWV 278 
280,,BWV 280,"Christ, unser Herr, zum Jordan kam",,,,"choral, en la mineur, pour choeur (SATB)",
281,,BWV 281,"Christus, der ist mein Leben",,,,"choral, en fa majeur, pour choeur (SATB)",
282,,BWV 282,"Christus, der ist mein Leben",,,,"choral, en sol majeur, pour choeur (SATB)",
283,,BWV 283,"Christus, der uns selig macht",,,,"choral, en la mineur, pour choeur (SATB)",
284,,BWV 284,Christus ist erstanden hat uberwunden,,,,"choral, en do majeur, pour choeur (SATB)",
285,,BWV 285,Da der Herr Christ zu Tische sass,,,,"choral, en do mineur, pour choeur (SATB)",
286,,BWV 286,"Danket dem Herren, denn er ist sehr freundlich",,,,"choral, en la mineur, pour choeur (SATB)",
287,,BWV 287,Dank sei Gott in der Höhe,,,,"choral, en fa majeur, pour choeur (SATB)",
288,,BWV 288,Das alte Jahr vergangen ist,,,,"choral, en ré mineur, pour choeur (SATB)",
289,,BWV 289,Das alte Jahr vergangen ist,,,,"choral, en mi mineur, pour choeur (SATB)",
290,,BWV 290,Das walt' Gott Vater und Gott Sohn,,,,"choral, en fa majeur, pour choeur (SATB)",
291,,BWV 291,"Das walt' mein Gott, Gott Vater Sohn und Heil'ger Geist",,,,"choral, en ré mineur, pour choeur (SATB)",
292,,BWV 292,Den Vater dort oben,,,,"choral, en do majeur, pour choeur (SATB)",
293,,BWV 293,Der du bist drei in Einigkeit,,,,"choral, en ré mineur, pour choeur (SATB)",
294,,BWV 294,"Der Tag, der ist so freudenreich",,,,"choral, en sol majeur, pour choeur (SATB)",
295,,BWV 295,Des Heil'gen Geistes reiche Gnad',,,,"choral, en ré mineur, pour choeur (SATB)",
296,,BWV 296,"Die Nacht ist kommen, drin wir ruhen sollen",,,,"choral, en la mineur, pour choeur (SATB)",
297,,BWV 297,Die Sonn' hat sich mit ihrem Glanz gewendet,,,,"choral, en ré mineur, pour choeur (SATB)",
298,,BWV 298,Dies sind die heil'gen zehn Gebot',,,,"choral, en do majeur, pour choeur (SATB)",
299,,BWV 299,"Dir, dir, Jehova, will ich singen",,,,"choral, en si bémol majeur, pour choeur (SATB)",
300,,BWV 300,"Du grosser Schmerzensmann, von Vater so geschlagen",,,,"choral, en mi mineur, pour choeur (SATB)",
301,,BWV 301,"Du, o schönes Weltgebäude",,,,"choral, en ré mineur, pour choeur (SATB)",
302,,BWV 302,Ein' feste Burg ist unser Gott,,,,"choral, en ré majeur, pour choeur (SATB)",
303,,BWV 303,Ein' feste Burg ist unser Gott,,,,"choral, en ré majeur, pour choeur (SATB)",
304,,BWV 304,"Eins ist Not, ach Herr, dies Eine",,,,"choral, en ré majeur, pour choeur (SATB)",
305,,BWV 305,"Erbarm' dich mein, o Herre Gott",,,,"choral, en la mineur, pour choeur (SATB)",
306,,BWV 306,Erstanden ist der heil'ge Christ,,,,"choral, en fa majeur, pour choeur (SATB)",
307,,BWV 307,Es ist gewisslich an der Zeit,,,,"choral, en si bémol majeur, pour choeur (SATB)",
308,,BWV 308,Es spricht der Unweisen Mund wohl,,,,"choral, en si bémol majeur, pour choeur (SATB)",
309,,BWV 309,Es steh'n vor Gottes Throne,,,,"choral, en sol mineur, pour choeur (SATB)",
310,,BWV 310,Es wird schier des letzte Tag herkommen,,,,"choral, en mi mineur, pour choeur (SATB)",
311,,BWV 311,Es woll' uns Gott genädig sein,,,,"choral, en si mineur, pour choeur (SATB)",
312,,BWV 312,Es woll' uns Gott genädig sein,,,,"choral, en mi mineur, pour choeur (SATB)",
313,,BWV 313,Für Freuden lasst uns springen,,,,"choral, en sol mineur, pour choeur (SATB)",
314,,BWV 314,"Gelobet seist du, Jesu Christ",,,,"choral, en ré majeur, pour choeur (SATB)",
315,,BWV 315,Gib dich zufrieden und sei stille,,,,"choral, en mi mineur, pour choeur (SATB)",
316,,BWV 316,"Gott, der du selber bist das Licht",,,,"choral, en sol mineur, pour choeur (SATB)",
317,,BWV 317,Gott der Vater wohn' bei uns,,,,"choral, en ré majeur, pour choeur (SATB)",
318,,BWV 318,Gottes Sohn ist kommen,,,,"choral, en sol majeur, pour choeur (SATB)",
319,,BWV 319,Gott hat das Evangelium,,,,"choral, en mi mineur, pour choeur (SATB)",
320,,BWV 320,"Gott lebet noch: Seele, was verzagst du doch",,,,"choral, en da majeur, pour choeur (SATB)",
321,,BWV 321,"Gottlob, es geht nunmehr zu Ende",,,,"choral, en si bémol majeur, pour choeur (SATB)",
322,,BWV 322,Gott sei gelobet und gebenedeiet,,,,"choral, en sol majeur, pour choeur (SATB)",
323,,BWV 323,Gott sei uns gnädig und barmherzig,,,,"choral, en fa dièse mineur, pour choeur (SATB)",
324,,BWV 324,Meine Seele erhebet den Herrn,,,,"choral, en sol majeur, pour choeur (SATB)",
325,,BWV 325,"Heilig, heilig, heilig",,,,"choral, en fa majeur, pour choeur (SATB)",
326,,BWV 326,"Herr Gott, dich loben alle wir",,,,"choral, en si bémol majeur, pour choeur (SATB)",
327,,BWV 327,Für deinen Thron tret' ich hiermit,,,,"choral, en ré majeur, pour choeur (SATB)",
328,,BWV 328,"Herr Gott, dich loben wir",,,,"choral, en la mineur, pour choeur (SATB)",
329,,BWV 329,"Herr, ich denk' an jene Zeit",,,,"choral, en mi bémol majeur, pour choeur (SATB)",
330,,BWV 330,"Herr, ich habe missgehandelt",,,,"choral, en la mineur, pour choeur (SATB)",
331,,BWV 331,"Herr, ich habe missgehandelt",,,,"choral, en la mineur, pour choeur (SATB)",
332,,BWV 332,"Herr Jesu Christ, dich zu uns wend'",,,,"choral, en sol majeur, pour choeur (SATB)",
333,,BWV 333,"Herr Jesu Christ, du hast bereit't",,,,"choral, en sol mineur, pour choeur (SATB)",
334,,BWV 334,"Herr Jesu Christ, du höchstes Gut",,,,"choral, en sol mineur, pour choeur (SATB)",
335,,BWV 335,"Herr Jesu Christ, mein's Lebens Licht",,,,"choral, en mi mineur, pour choeur (SATB)",
336,,BWV 336,"Herr Jesu Christ, wahr' Mensch und Gott",,,,"choral, en la majeur, pour choeur (SATB)",
337,,BWV 337,"Herr, nun lass in Friede",,,,"choral, en mi mineur, pour choeur (SATB)",
338,,BWV 338,"Herr, straf' mich nicht in deinem Zorn",,,,"choral, en la mineur, pour choeur (SATB)",
339,,BWV 339,"Herr, wie du willt, so schick's mit mir",,,,"choral, en la majeur, pour choeur (SATB)",
340,,BWV 340,"Herzlich lieb hab' ich dich, o Herr",,,,"choral, en do majeur, pour choeur (SATB)",
341,,BWV 341,"Heut' ist, o Mensch, ein grosser Trauertag",,,,"choral, en ré mineur, pour choeur (SATB)",
342,,BWV 342,Heut' triumphieret Gottes Sohn,,,,"choral, en la mineur, pour choeur (SATB)",
343,,BWV 343,"Hilf, Gott, lass mir's gelinge",,,,"choral, en ré mineur, pour choeur (SATB)",
344,,BWV 344,"Hilf, Herr Jesu, lass gelingen",,,,"choral, en ré mineur, pour choeur (SATB)",
345,,BWV 345,"Ich bin ja, Herr, in deiner Macht",,,,"choral, en sol mineur, pour choeur (SATB)",
346,,BWV 346,Ich dank' dir Gott fur all' Wohltat,,,,"choral, en do majeur, pour choeur (SATB)",
347,,BWV 347,"Ich dank' dir, lieber Herre",,,,"choral, en la majeur, pour choeur (SATB)",
348,,BWV 348,"Ich dank' dir, lieber Herre",,,,"choral, en si bémol majeur, pour choeur (SATB)",
349,,BWV 349,Ich dank' dir schon durch seinen Sohn,,,,"choral, en fa majeur, pour choeur (SATB)",
350,,BWV 350,"Ich danke dir, o Gott, in deinem Throne",,,,"choral, en sol mineur, pour choeur (SATB)",
351,,BWV 351,Ich hab' mein Sach' Gott heimgestellt,,,,"choral, en sol mineur, pour choeur (SATB)",
352,,BWV 352,"Jesu, der du meine Seele",,,,"choral, en la mineur, pour choeur (SATB)",
353,,BWV 353,"Jesu, der du meine Seele",,,,"choral, en sol mineur, pour choeur (SATB)",
354,,BWV 354,"Jesu, der du meine Seele",,,,"choral, en fa mineur, pour choeur (SATB)",
355,,BWV 355,"Jesu, der du selbsten wohl",,,,"choral, en la majeur, pour choeur (SATB)",
356,,BWV 356,"Jesu, du mein liebstes Leben",,,,"choral, en sol mineur, pour choeur (SATB)",
357,,BWV 357,"Jesu, Jesu, du bist mein",,,,"choral, en do mineur, pour choeur (SATB)",
358,,BWV 358,"Jesu, meine Freude",,,,"choral, en ré mineur, pour choeur (SATB)",
359,,BWV 359,"Jesu, meiner Seelen Wonne",,,,"choral, en la majeur, pour choeur (SATB)",
360,,BWV 360,"Jesu, meiner Freuden Freude",,,,"choral, en si bémol majeur, pour choeur (SATB)",
361,,BWV 361,"Jesu, meines Herzens Freud'",,,,"choral, en si bémol majeur, pour choeur (SATB)",
362,,BWV 362,"Jesu, nun sei gepreiset",,,,"choral, en si bémol majeur, pour choeur (SATB)",
363,,BWV 363,"Jesus Christus, unser Heiland, der von uns",,,,"choral, en mi mineur, pour choeur (SATB)",
364,,BWV 364,"Jesus Christus, unser Heiland, der den Tod",,,,"choral, en ré mineur, pour choeur (SATB)",
365,,BWV 365,"Jesus, meine Zuversicht",,,,"choral, en do majeur, pour choeur (SATB)",
366,,BWV 366,"Ihr Gestirn', ihr hohen Lüfte",,,,"choral, en ré mineur, pour choeur (SATB)",
367,,BWV 367,In allen meinen Taten,,,,"choral, en do majeur, pour choeur (SATB)",
368,,BWV 368,In dulci jubilo,,,,"choral, en fa majeur, pour choeur (SATB)",
369,,BWV 369,Keinen hat Gott verlassen,,,,"choral, en mi mineur, pour choeur (SATB)",
370,,BWV 370,"Komm, Gott Schöpfer, heiliger Geist",,,,"choral, en do majeur, pour choeur (SATB)",
371,,BWV 371,Kyrie! Gott Vater in Ewigkeit,,,,"choral, en sol majeur, pour choeur (SATB)",
372,,BWV 372,"Lass, o Herr, dein Ohr sich neigen",,,,"choral, en sol mineur, pour choeur (SATB)",
373,,BWV 373,"Liebster Jesu, wir sind hier",,,,"choral, en sol majeur, pour choeur (SATB)",
374,,BWV 374,"Lobet den Herren, denn er ist freundlich",,,,"choral, en ré mineur, pour choeur (SATB)",
375,,BWV 375,"Lobt Gott, ihr Christen, allzugleich",,,,"choral, en sol majeur, pour choeur (SATB)",
376,,BWV 376,"Lobt Gott, ihr Christen, allzugleich",,,,"choral, en la majeur, pour choeur (SATB)",
377,,BWV 377,"Mach's mit mir, Gott, nach deiner Güt'",,,,"choral, en ré majeur, pour choeur (SATB)",
378,,BWV 378,Mein' Augen schliess' ich jetzt,,,,"choral, en sol majeur, pour choeur (SATB)",
379,,BWV 379,"Meinen Jesum lass ich nicht, Jesus",,,,"choral, en sol majeur, pour choeur (SATB)",
380,,BWV 380,"Meinen Jesum lass ich nicht, weil",,,,"choral, en mi bémol majeur, pour choeur (SATB)",
381,,BWV 381,Meines Lebens letzte Zeit,,,,"choral, en mi mineur, pour choeur (SATB)",
382,,BWV 382,Mit Fried' und Freud' ich fahr' dahin,,,,"choral, en la mineur, pour choeur (SATB)",
383,,BWV 383,Mitten wir im Leben sind,,,,"choral, en la mineur, pour choeur (SATB)",
384,,BWV 384,"Nicht so traurig, nicht so sehr",,,,"choral, en do mineur, pour choeur (SATB)",
385,,BWV 385,Nun bitten wir den heiligen Geist,,,,"choral, en la majeur, pour choeur (SATB)",
386,,BWV 386,Nun danket alle Gott,,,,"choral, en la majeur, pour choeur (SATB)",
387,,BWV 387,"Nun freut euch, Gottes Kinder all",,,,"choral, en la mineur, pour choeur (SATB)",
388,,BWV 388,"Nun freut euch, lieben Christen g'mein",,,,"choral, en sol majeur, pour choeur (SATB)",
389,,BWV 389,"Nun lob', mein' Seel', den Herren",,,,"choral, en do majeur, pour choeur (SATB)",
390,,BWV 390,"Nun lob', mein' Seel', den Herren",,,,"choral, en do majeur, pour choeur (SATB)",
391,,BWV 391,Nun preiset alle Gottes Barmherzigkeit,,,,"choral, en sol majeur, pour choeur (SATB)",
392,,BWV 392,Nun ruhen alle Wälder,,,,"choral, en si bémol majeur, pour choeur (SATB)",
393,,BWV 393,"O Welt, sieh' hier dein Leben",,,,"choral, en la majeur, pour choeur (SATB)",
394,,BWV 394,"O Welt, sieh' hier dein Leben",,,,"choral, en la majeur, pour choeur (SATB)",
395,,BWV 395,"O Welt, sieh' hier dein Leben",,,,"choral, en la majeur, pour choeur (SATB)",
396,,BWV 396,Nun sich der Tag geendet hat,,,,"choral, en la mineur, pour choeur (SATB)",
397,,BWV 397,"O Ewigkeit, du Donnerwort",,,,"choral, en fa majeur, pour choeur (SATB)",
398,,BWV 398,"O Gott, du frommer Gott",,,,"choral, en ré majeur, pour choeur (SATB)",
399,,BWV 399,"O Gott, du frommer Gott",,,,"choral, en sol majeur, pour choeur (SATB)",
400,,BWV 400,"O Herzensangst, o Bangigkeit und Zagen",,,,"choral, en mi bémol majeur, pour choeur (SATB)",
401,,BWV 401,O Lamm Gottes unschuldig,,,,"choral, en fa majeur, pour choeur (SATB)",
402,,BWV 402,"O Mensch, bewein' dein' Sünde gross",,,,"choral, en mi bémol majeur, pour choeur (SATB)",
403,,BWV 403,"O Mensch, schau Jesum Christum an",,,,"choral, en sol mineur, pour choeur (SATB)",
404,,BWV 404,"O Traurigkeit, o Herzeleid",,,,"choral, en la mineur, pour choeur (SATB)",
405,,BWV 405,"O wie selig seid ihr doch, ihr Frommen",,,,"choral, en ré mineur, pour choeur (SATB)",
406,,BWV 406,"O wie selig seid ihr doch, ihr Frommen",,,,"choral, en ré mineur, pour choeur (SATB)",
407,,BWV 407,O wir armen Sünder,,,,"choral, en ré majeur, pour choeur (SATB)",
408,,BWV 408,"Schaut, ihr Sünder! Ihr macht mir grosse Pein!",,,,"choral, en ré mineur, pour choeur (SATB)",
409,,BWV 409,"Seelenbräutigam, Jesu, Gottes Lamm",,,,"choral, en la majeur, pour choeur (SATB)",
410,,BWV 410,"Sei gegrüsset, Jesu gütig",,,,"choral, en ré mineur, pour choeur (SATB)",
411,,BWV 411,Singt dem Herrn ein neues Lied Singet,,,,"choral, en sol majeur, pour choeur (SATB)",
412,,BWV 412,"So gibst du nun, mein Jesu, gute Nacht",,,,"choral, en sol mineur, pour choeur (SATB)",
413,,BWV 413,Sollt' ich meinem Gott nicht singen,,,,"choral, en ré mineur, pour choeur (SATB)",
414,,BWV 414,Uns ist ein Kindlein heut' gebor'n,,,,"choral, en sol majeur, pour choeur (SATB)",
415,,BWV 415,Valet will ich dir geben,,,,"choral, en ré majeur, pour choeur (SATB)",
416,,BWV 416,Vater unser im Himmelreich,,,,"choral, en ré mineur, pour choeur (SATB)",
417,,BWV 417,Von Gott will ich nicht lassen,,,,"choral, en si mineur, pour choeur (SATB)",
418,,BWV 418,Von Gott will ich nicht lassen,,,,"choral, en la mineur, pour choeur (SATB)",
419,,BWV 419,Von Gott will ich nicht lassen,,,,"choral, en la mineur, pour choeur (SATB)",
420,,BWV 420,"Warum betrübst du dich, mein Herz",,,,"choral, en la mineur, pour choeur (SATB)",
421,,BWV 421,"Warum betrübst du dich, mein Herz",,,,"choral, en la mineur, pour choeur (SATB)",
422,,BWV 422,Warum sollt' ich mich denn grämen,,,,"choral, en do majeur, pour choeur (SATB)",
423,,BWV 423,"Was betrübst du dich, mein Herze",,,,"choral, en sol mineur, pour choeur (SATB)",
424,,BWV 424,"Was bist du doch, o Seele, so betrübet",,,,"choral, en la mineur, pour choeur (SATB)",
425,,BWV 425,"Was willst du dich, o meine Seele, kränken",,,,"choral, en la mineur, pour choeur (SATB)",
426,,BWV 426,Weltlich Ehr' und zeitlich Gut,,,,"choral, en do majeur, pour choeur (SATB)",
427,,BWV 427,Wenn ich in Angst und Not mein' Augen heb' empor,,,,"choral, en mi bémol majeur, pour choeur (SATB)",
428,,BWV 428,Wenn mein Stündlein vorhanden ist,,,,"choral, en sol majeur, pour choeur (SATB)",
429,,BWV 429,Wenn mein Stündlein vorhanden ist,,,,"choral, en la majeur, pour choeur (SATB)",
430,,BWV 430,Wenn mein Stündlein vorhanden ist,,,,"choral, en fa dièse mineur, pour choeur (SATB)",
431,,BWV 431,Wenn wir in höchsten Nöten sein,,,,"choral, en fa majeur, pour choeur (SATB)",
432,,BWV 432,Wenn wir in höchsten Nöten sein,,,,"choral, en sol majeur, pour choeur (SATB)",
433,,BWV 433,"Wer Gott vertraut, hat wohl gebaut",,,,"choral, en sol majeur, pour choeur (SATB)",
434,,BWV 434,Wer nur den lieben Gott lässt walten,,,,"choral, en la mineur, pour choeur (SATB)",
435,,BWV 435,"Wie bist du, Seele, in mir so gar betrübt?",,,,"choral, en mi mineur, pour choeur (SATB)",
436,,BWV 436,Wie schön leuchtet der Morgenstern,,,,"choral, en mi majeur, pour choeur (SATB)",
437,,BWV 437,Wir glauben all' an einen Gott,,,,"choral, en ré mineur, pour choeur (SATB)",
438,,BWV 438,Wo Gott zum Haus nicht gibt sein' Gunst,,,,"choral, en fa majeur, pour choeur (SATB)",
439,,BWV 439,"Ach, dass nicht die letzte Stunde meines Lebens",,,,"air spirituel, en mi mineur, pour soliste (V) avec continuo",
440,,BWV 440,"Auf, auf! die rechte Zeit ist hier",,,,"air spirituel, en do majeur, pour soliste (V) avec continuo",
441,,BWV 441,"Auf, auf! mein Herz, mit Freuden",,,,"air spirituel, en fa majeur, pour soliste (V) avec continuo",
442,,BWV 442,Beglückter Stand getreuer Seelen,,,,"air spirituel, en ré mineur, pour soliste (V) avec continuo",
443,,BWV 443,"Beschränkt, ihr Weisen dieser Welt",,,,"air spirituel, en la majeur, pour soliste (V) avec continuo",
444,,BWV 444,"Brich entzwei, mein armes Herze",,,,"air spirituel, en sol majeur, pour soliste (V) avec continuo",
445,,BWV 445,"Brunnquell aller Güter, Herrscher der Gemüter",,,,"air spirituel, en sol mineur, pour soliste (V) avec continuo",
446,,BWV 446,Der lieben Sonne Licht und Pracht,,,,"air spirituel, en si bémol majeur, pour soliste (V) avec continuo",
447,,BWV 447,"Der Tag ist hin, die Sonne gehet nieder",,,,"air spirituel, en ré mineur, pour soliste (V) avec continuo",
448,,BWV 448,Der Tag mit seinem Lichte,,,,"air spirituel, en la mineur, pour soliste (V) avec continuo",
449,,BWV 449,"Dich bet' ich an, mein höchster Gott",,,,"air spirituel, en ré majeur, pour soliste (V) avec continuo",
450,,BWV 450,Die bittre Leidenszeit beginnet abermal,,,,"air spirituel, en do mineur, pour soliste (V) avec continuo",
451,,BWV 451,"Die goldne Sonne, voll Freud' und Wonne",,,,"air spirituel, en sol mineur, pour soliste (V) avec continuo",
452,,BWV 452,"Dir, dir, Jehova, will ich singen",,,,"air spirituel, en si bémol majeur, pour soliste (V) avec continuo",Extrait de: Anna Magdalena Bach Notebook (1725) # 39b
453,,BWV 453,"Eins ist Not! ach Herr, dies Eine",,,,"air spirituel, en do majeur, pour soliste (V) avec continuo",
454,,BWV 454,"Ermuntre dich, mein schwacher Geist",,,,,
455,,BWV 455,"Erwürgtes Lamm, das die verwahrten Siegel",,,,"air spirituel, en ré mineur, pour soliste (V) avec continuo",
456,,BWV 456,Es glänzet der Christen inwendiges Leben,,,,"air spirituel, en sol mineur, pour soliste (V) avec continuo",
457,,BWV 457,Es ist nun aus mit meinem Leben,,,,"air spirituel, en mi bémol majeur, pour soliste (V) avec continuo",
458,,BWV 458,Es ist vollbracht! Vergiss ja nicht dies Wort,,,,"air spirituel, en si mineur, pour soliste (V) avec continuo",
459,,BWV 459,"Es kostet viel, ein Christ zu sein",,,,"air spirituel, en la mineur, pour soliste (V) avec continuo",
460,,BWV 460,Gib dich zufrieden und sei stille,,,,"air spirituel, en do mineur, pour soliste (V) avec continuo",
461,,BWV 461,"Gott lebet noch. Seele, was verzagst du doch?",,,,"air spirituel, en fa majeur, pour soliste (V) avec continuo",
462,,BWV 462,"Gott, wie gross ist deine Güte",,,,"air spirituel, en si bémol majeur, pour soliste (V) avec continuo",
463,,BWV 463,"Herr, nicht schicke deine Rache",,,,"air spirituel, en sol mineur, pour soliste (V) avec continuo",
464,,BWV 464,"Ich bin ja, Herr, in deiner Macht",,,,"air spirituel, en fa majeur, pour soliste (V) avec continuo",
465,,BWV 465,Ich freue mich in dir,,,,"air spirituel, en do mineur, pour soliste (V) avec continuo",
466,,BWV 466,Ich halte treulich still,,,,"air spirituel, en da majeur, pour soliste (V) avec continuo",
467,,BWV 467,Ich lass' dich nicht,,,,"air spirituel, en fa majeur, pour soliste (V) avec continuo",
468,,BWV 468,Ich liebe Jesum alle Stund',,,,"air spirituel, en sol majeur, pour soliste (V) avec continuo",
469,,BWV 469,Ich steh' an deiner Krippen hier,,,,"air spirituel, en do mineur, pour soliste (V) avec continuo",
470,,BWV 470,"Jesu, Jesu, du bist mein",,,,"air spirituel, en do mineur, pour soliste (V) avec continuo",
471,,BWV 471,"Jesu, deine Liebeswunden",,,,"air spirituel, en la mineur, pour soliste (V) avec continuo",
472,,BWV 472,"Jesu, meines Glaubens Zier",,,,"air spirituel, en sol majeur, pour soliste (V) avec continuo",
473,,BWV 473,"Jesu, meines Herzens Freud'",,,,"air spirituel, en la mineur, pour soliste (V) avec continuo",
474,,BWV 474,Jesus ist das schönste Licht,,,,"air spirituel, en do majeur, pour soliste (V) avec continuo",
475,,BWV 475,"Jesus, unser Trost und Leben",,,,"air spirituel, en si bémol majeur, pour soliste (V) avec continuo",
476,,BWV 476,"Ihr Gestirn', ihr hohen Lüfte",,,,"air spirituel, en ré mineur, pour soliste (V) avec continuo",
477,,BWV 477,Kein Stündlein geht dahin,,,,"air spirituel, en sol majeur, pour soliste (V) avec continuo",
478,,BWV 478,"Komm, süsser Tod, komm, sel'ge Ruh!",,,,"air spirituel, en do mineur, pour soliste (V) avec continuo",
479,,BWV 479,"Kommt, Seelen, dieser Tag",,,,"air spirituel, en fa majeur, pour soliste (V) avec continuo",
480,,BWV 480,Kommt wieder aus der finstern Gruft,,,,"air spirituel, en mi majeur, pour soliste (V) avec continuo",
481,,BWV 481,Lasset uns mit Jesu ziehen,,,,"air spirituel, en ré mineur, pour soliste (V) avec continuo",
482,,BWV 482,"Liebes Herz, bedenke doch",,,,"air spirituel, en sol majeur, pour soliste (V) avec continuo",
483,,BWV 483,"Liebster Gott, wann wer'd ich sterben?",,,,"air spirituel, en mi bémol majeur, pour soliste (V) avec continuo",
484,,BWV 484,"Liebster Herr Jesu, wo bleibst du so lange?",,,,"air spirituel, en ré mineur, pour soliste (V) avec continuo",
485,,BWV 485,"Liebster Immanuel, Herzog der Frommen",,,,"air spirituel, en ré mineur, pour soliste (V) avec continuo",
486,,BWV 486,"Mein Jesu, dem die Seraphinen",,,,"air spirituel, en fa majeur, pour soliste (V) avec continuo",
487,,BWV 487,"Mein Jesu, was für Seelenweh",,,,"air spirituel, en ré mineur, pour soliste (V) avec continuo",
488,,BWV 488,Meines Lebens letzte Zeit,,,,"air spirituel, en mi mineur, pour soliste (V) avec continuo",
489,,BWV 489,"Nicht so traurig, nicht so sehr",,,,"air spirituel, en si mineur, pour soliste (V) avec continuo",
490,,BWV 490,Nur mein Jesus ist mein Leben,,,,"air spirituel, en sol mineur, pour soliste (V) avec continuo",
491,,BWV 491,O du Liebe meiner Liebe,,,,"air spirituel, en la mineur, pour soliste (V) avec continuo",
492,,BWV 492,"O finstre Nacht, wann wirst du doch vergehen",,,,"air spirituel, en si mineur, pour soliste (V) avec continuo",
493,,BWV 493,"O Jesulein süss, o Jesulein mild",,,,"air spirituel, en sol mineur, pour soliste (V) avec continuo",
494,,BWV 494,"O liebe Seele, zieh' die Sinnen",,,,"air spirituel, en sol majeur, pour soliste (V) avec continuo",
495,,BWV 495,"O wie selig seid ihr doch, ihr Frommen",,,,"air spirituel, en ré mineur, pour soliste (V) avec continuo",
496,,BWV 496,"Seelenbräutigam, Jesu, Gottes Lamm",,,,"air spirituel, en si bémol majeur, pour soliste (V) avec continuo",
497,,BWV 497,"Seelenweide, meine Freude",,,,"air spirituel, en mi mineur, pour soliste (V) avec continuo",
498,,BWV 498,"Selig, wer an Jesum denkt",,,,"air spirituel, en do mineur, pour soliste (V) avec continuo",
499,,BWV 499,"Sei gegrüsset, Jesu gütig",,,,"air spirituel, en sol mineur, pour soliste (V) avec continuo",
500,,BWV 500,"So gehst du nun, mein Jesu, hin",,,,"air spirituel, en sol mineur, pour soliste (V) avec continuo",
501,,BWV 501,"So gibst du nun, mein Jesu, gute Nacht",,,,"air spirituel, en sol mineur, pour soliste (V) avec continuo",
502,,BWV 502,So wünsch' ich mir zu guter Letzt ein selig Stündlein,,,,"air spirituel, en sol majeur, pour soliste (V) avec continuo",
503,,BWV 503,Steh' ich bei meinem Gott,,,,"air spirituel, en mi mineur, pour soliste (V) avec continuo",
504,,BWV 504,"Vergiss mein nicht, dass ich dein nicht vergesse",,,,"air spirituel, en sol mineur, pour soliste (V) avec continuo",
505,,BWV 505,"Vergiss mein nicht, dass ich dein nicht vergesse",,,,"air spirituel, en la mineur, pour soliste (V) avec continuo",
506,,BWV 506,"Was bist du doch, o Seele, so betrübet",,,,"air spirituel, en la mineur, pour soliste (V) avec continuo",
507,,BWV 507,"Wo ist mein Schäflein, das ich liebe",,,,"air spirituel, en mi bémol majeur, pour soliste (V) avec continuo",
508,,BWV 508,"Bist du bei mir, geh' ich mit Freuden",,,,"air/lieder, en mi bémol majeur, pour soliste (V) avec continuo",Extrait de: Anna Magdalena Bach Notebook (1725) # 25
509,,BWV 509,"Gedenke doch, mein Geist, zurucke",,,,"air/lieder, en mi bémol majeur, pour soliste (V) avec continuo",Extrait de: Anna Magdalena Bach Notebook (1725) # 41
510,,BWV 510,Gib dich zufrieden und sei stille,,,,"air/lieder, en fa majeur, pour soliste (V) avec continuo",Extrait de: Anna Magdalena Bach Notebook (1725) # 12
511,,BWV 511,Gib dich zufrieden und sei stille,,,,"air/lieder, en sol mineur, pour soliste (V) avec continuo",Extrait de: Anna Magdalena Bach Notebook (1725) # 13a
512,,BWV 512,Gib dich zufrieden und sei stille,,,,"air/lieder, en mi mineur, pour soliste (V) avec continuo",Extrait de: Anna Magdalena Bach Notebook (1725) # 13b
513,,BWV 513,"O Ewigkeit, du Donnerwort",,,,"air/lieder, en fa majeur, pour soliste (V) avec continuo",Extrait de: Anna Magdalena Bach Notebook (1725) # 42
514,,BWV 514,"Schaff's mit mir, Gott, nach deinem Willen",,,,"air/lieder, en do majeur, pour soliste (V) avec continuo",Extrait de: Anna Magdalena Bach Notebook (1725) #
515,,BWV 515,So oft ich meine Tabakspfeife mit gutem Knaster angelfullt,,,,"air/lieder, en sol mineur, pour soliste (V) avec continuo",Extrait de: Anna Magdalena Bach Notebook (1725) # 20b
515.1,,BWV 515a,So oft ich meine Tabakspfeife mit gutem Knaster angelfullt,,,,"air/lieder, en en ré mineur, pour soliste (V) avec continuo",Extrait de: Anna Magdalena Bach Notebook (1725) # 20a
516,,BWV 516,"Warum betrübst du dich, mein Herz",,,,"air/lieder, en fa mineur, pour soliste (V) avec continuo",Extrait de: Anna Magdalena Bach Notebook (1725) # 33
517,,BWV 517,"Wie wohl ist mir, o Freund der Seelen",,,,"air/lieder, en fa majeur, pour soliste (V) avec continuo",Extrait de: Anna Magdalena Bach Notebook (1725) # 40
518,,BWV 518,Willst du dein Herz mir schenken,,,,"air/lieder, en mi bémol majeur, pour soliste (V) avec continuo",Extrait de: Anna Magdalena Bach Notebook (1725) # 37
519,,BWV 519,Hier lieg' ich nun,,,,"chant sacré, en fa mineur, pour soliste (V) avec continuo",
520,,BWV 520,"Das walt' mein Gott, Gott Vater Sohn und Heil'ger Geist",,,,"chant sacré, en ré majeur, pour soliste (V) avec continuo",
521,,BWV 521,"Gott, mein Herz dir Dank zusendet",,,,"chant sacré, en sol majeur, pour soliste (V) avec continuo",
522,,BWV 522,"Meine Seele, lass es gehen",,,,"chant sacré, en fa mineur, pour soliste (V) avec continuo",
523,,BWV 523,Ich gnüge mich an meinem Stände,,,,"chant sacré, en mi mineur, pour soliste (V) avec continuo",
523.1,,BWV 532a,,Fugue,D major,,Organ,Variante à la Fugue de BWV 532
524,,BWV 524,Der Backtrog,Quodlibet,F-e-g,,"solistes (S,A,T,B) avec continuo",fragment
525,,BWV 525,,Sonata,E-flat major,"1. Allegro moderato
2. Adagio (do mineur)
3. Allegro",Organ,
526,,BWV 526,,Sonata,C minor,"1. Vivace
2. Largo (mi bémol majeur)
3. Allegro",Organ,
527,,BWV 527,,Sonata,D minor,"1. Andante
2. Adagio e dolce (fa majeur)
repris du 2è mouvement de BWV 1044
3. Vivace",Organ,
528,,BWV 528,,Sonata,E minor,"1. Adagio repris de la Sinfonia # 8 de BWV 76
2. Vivace (si mineur) repris de la Sinfonia # 8 de BWV 76
3. Andante (si mineur) apparenté à BWV 541
4. Un poco Allegro",Organ,
528.1,,BWV 528a,Andante,,D minor,,Organ,Variante de l'Andante (3è mouvement) de BWV 528
529,,BWV 529,,Sonata,C major,"1. Allegro
2. Largo (la mineur)
3. Allegro",Organ,
530,,BWV 530,,Sonata,G major,"1. Vivace
2. Lento (mi mineur)
3. Allegro",Organ,
531,,BWV 531,Prélude & Fugue,,C major,,Organ,
532,,BWV 532,Prélude & Fugue,,D major,,Organ,
533,,BWV 533,"Prélude, fugue ""Petite""",,E minor,,Organ,
534,,BWV 534,Prélude & Fugue,,F minor,,Organ,
535,,BWV 535,Prélude & Fugue,,G minor,,Organ,
535.1,,BWV 535a,Prélude & Fugue,,G minor,,Organ,Version antérieure simplifiée de BWV 535
536,,BWV 536,Prélude & Fugue,,A major,,Organ,
536.1,,BWV 536a,Prélude & Fugue,,A major,,Organ,Variante basée le manuscrit original de BWV 536
537,,BWV 537,"Prélude (Fantaisie), fugue",,C minor,,Organ,
538,,BWV 538,"Prélude (Toccate), fugue ""Dorisch""",,D minor,,Organ,
539,,BWV 539,Prélude & Fugue,,D minor,,Organ,
539.1,,BWV 539a,,Fugue,D minor,,Organ,Variante fur violine allein (Repris dans BWV 1001 # 2)
540,,BWV 540,"Prélude (Toccate), fugue",,F major,,Organ,
541,,BWV 541,Prélude & Fugue,,G major,,Organ,
542,,BWV 542,"Prélude (Fantaisie), fugue ""Grand""",,G minor,,Organ,
542.1,,BWV 542a,,Fugue,G minor,,Organ,Variante de BWV 542 (basé sur manuscrit de J.L. Krebs)
543,,BWV 543,Prélude & Fugue,,A minor,,Organ,
544,,BWV 544,Prélude & Fugue,,B minor,,Organ,
545,,BWV 545,Prélude & Fugue,,C major,,Organ,
545.1,,BWV 545a,,Prelude,C major,,Organ,Variante de BWV 545 (Basé sur un manuscrit de Forkel)
546,,BWV 546,Prélude & Fugue,,C minor,,Organ,
547,,BWV 547,Prélude & Fugue,,C major,,Organ,
548,,BWV 548,"Prélude, fugue ""Grand""",,E minor,,Organ,
549,,BWV 549,Prélude & Fugue,,C minor,,Organ,
550,,BWV 550,Prélude & Fugue,,G major,,Organ,
551,,BWV 551,Prélude & Fugue,,A minor,,Organ,
552,,BWV 552,"Clavier-Übung III/1, Prélude, fugue ""Ste-Anne""",,E-flat major,,Organ,Extrait du Harpsichordburg III - Fugue BWV 686
553,,BWV 553,"Petit prélude, fugue",,C major,,Organ,
554,,BWV 554,"Petit prélude, fugue",,D minor,,Organ,
555,,BWV 555,"Petit prélude, fugue",,E minor,,Organ,
556,,BWV 556,"Petit prélude, fugue",,F major,,Organ,
557,,BWV 557,"Petit prélude, fugue",,G major,,Organ,
558,,BWV 558,"Petit prélude, fugue",,G minor,,Organ,
559,,BWV 559,"Petit prélude, fugue",,A minor,,Organ,
560,,BWV 560,"Petit prélude, fugue",,B-flat major,,,
561,,BWV 561,,Fantasia,A minor,,Organ,
562,,BWV 562,,Fantasia,C minor,,Organ,Fugue inachevée
563,,BWV 563,,Fantasia,B minor,,Organ,imitation
564,,BWV 564,"Toccate, adagio, fugue",,C major,,Organ,
565,,BWV 565,"Toccate, fugue ""Célèbre""",,D minor,,Organ,
566,,BWV 566,"Toccate, fugue",,E major,,Organ,
566.1,,BWV 566a,,Tocatta,C major,,Organ,Version antérieure à BWV 566
567,,BWV 567,,Prelude,C major,,Organ,
568,,BWV 568,,Prelude,G major,,Organ,
569,,BWV 569,,Prelude,A minor,,Organ,
570,,BWV 570,,Fantasia,C major,,Organ,
571,,BWV 571,,Fantasia,G major,,Organ,(Concerto)
572,,BWV 572,,Fantasia,G major,,Organ,
573,,BWV 573,,Fantasia,C major,,Organ,"(inachevée)
Extrait de: Anna Magdalena Bach Notebook (1722) # 6"
574,,BWV 574,Fugue sur un thème de Giovanni Legrenzi,Fugue,C minor,,Organ,
574.1,,BWV 574a,,Fugue,C minor,,Organ,Variante de BWV 574
575,,BWV 575,,Fugue,C minor,,Organ,
576,,BWV 576,,Fugue,G major,,Organ,
577,,BWV 577,,Fugue,G major,,Organ,(Gigue)
578,,BWV 578,"Fugue ""Célèbre""",Fugue,G minor,,Organ,
579,,BWV 579,Fugue sur un thème d'Arcangelo Corelli,Fugue,B minor,,Organ,Tiré de l'opus 3 # 4
580,,BWV 580,,Fugue,D major,,Organ,
581,,BWV 581,,Fugue,G major,,Organ,
581.1,,BWV 581a,,Fugue,G minor,,Organ,Basée sur le Choeur # 1 de BWV 131
582,,BWV 582,Passacaglia,,C minor,,Organ,
583,,BWV 583,,Sonata,D minor,,Organ,(Adagio)
584,,BWV 584,,Sonata,G minor,,Organ,Basé sur l'Aria # 2 (Adagio) de BWV 166
585,,BWV 585,,Sonata,C minor,,Organ,Basé sur 2 mouvements d'une sonate à 3 de J.F. Fasch
586,,BWV 586,,Sonata,G major,,Organ,Transcription d'une sonate à 3 de Georg Philip Telemann
586.1,,BWV 586a,,Sonata,G major,,Organ,Transcription du 4è mouvement de la sonate BWV 1027a
587,,BWV 587,,Aria,F major,,Organ,"Basé sur ""L'impériale"" (4è mouvement) de ""Les Nations"" de François Couperin"
588,,BWV 588,Canzona,,D minor,,,
589,,BWV 589,Allabreve,,D major,,Organ,
590,,BWV 590,Pastorale,,F major,,Organ,
591,,BWV 591,Petit labyrinthe harmonique,,C major,,Organ,
592,,BWV 592,,Concerto,G major,"1. ...
2. Grave (mi mineur)
3. Presto",Organ,"Transcription d'un concerto pour Violin, Strings, Basso Continuo
d'après Johann Ernst von Sachsen-Weimar"
592.1,,BWV 592a,,Concerto,G major,"1. ...
2. Grave (mi mineur)
3. Presto",Organ,"Arrangement pour Harpsichord
d'après Johann Ernst von Sachsen-Weimar"
593,,BWV 593,,Concerto,A minor,"1. ...
2. Adagio (ré mineur) senza pedale a due Harpsichorde
3. Allegro",Organ,"Basé sur Op.3 # 8 pour 2 Violins, Basso Continuo (RV 522)"
594,,BWV 594,,Concerto,C major,"1. ...
2. Recitativ. Adagio (la mineur)
3. Allegro",Organ,"Basé sur Op. 7 # 5 pour Violin, Basso Continuo (RV 208)
d'après Antonio Vivaldi"
595,,BWV 595,,Concerto,C major,,Organ,"Utilisation du 1er mouvement seulement. Pour Harpsichord BWV 944
d'après Johann Ernst von Sachsen-Weimar"
596,,BWV 596,,Concerto,D minor,"1. ...
2. Fuga
3. Largo
4. Finale.",Organ,"Basé sur Op. 3/11 - RV 565 de Vivaldi ou Op. X11 de Wilhelm Friedeman Bach
d'après Antonio Vivaldi ou W.F. Bach"
597,,BWV 597,,Concerto,E-flat major,"1. ...
2. Gigue",Organ,d'un auteur inconnu
598,,BWV 598,Pedal Exercitium,,G minor,,Organ,[fragment]
599,,BWV 599,Nun komm' der Heiden Heiland,Choralvorspiel,A minor,,Organ,
600,,BWV 600,"Gott, durch deine Güte / Gottes Sohn ist kommen",Choralvorspiel,F major,,Organ,In canone all' ottava
601,,BWV 601,"Herr Christ, der ein'ge Gottes-Sohn / Herr Gott, nun sei grepreiset",Choralvorspiel,A major,,Organ,
602,,BWV 602,Lob sei dem allmächtigen Gott,Choralvorspiel,F major,,Organ,
603,,BWV 603,Puer natus in Bethlehem,Choralvorspiel,G minor,,Organ,
604,,BWV 604,"Gelobet seist du, Jesu Christ",Choralvorspiel,G major,,Organ,
605,,BWV 605,"Der Tag, der ist so freudenreich",Choralvorspiel,G major,,Organ,
606,,BWV 606,"Vom Himmel hoch, da komm' ich her",Choralvorspiel,D minor,,Organ,
607,,BWV 607,Vom Himmel kam der Engel Schar,Choralvorspiel,G minor,,Organ,
608,,BWV 608,In dulci jubilo,Choralvorspiel,A major,,Organ,In canone all' ottava
609,,BWV 609,"Lobt Gott, ihr Christen, allzugleich",Choralvorspiel,G major,,Organ,
610,,BWV 610,"Jesu, meine Freude",Choralvorspiel,C minor,,Organ,Largo
611,,BWV 611,Christum wir sollen loben schon,Choralvorspiel,D minor,,Organ,Adagio c.f. Viola
612,,BWV 612,Wir Christenleut',Choralvorspiel,G minor,,Organ,
613,,BWV 613,Helft mir Gottes Güte preisen,Choralvorspiel,B minor,,Organ,
614,,BWV 614,Das alte Jahr vergangen ist,Choralvorspiel,A minor,,Organ,
615,,BWV 615,In dir ist Freude,Choralvorspiel,G major,,Organ,
616,,BWV 616,Mit Fried' und Freud' ich fahr' dahin,Choralvorspiel,D minor,,Organ,
617,,BWV 617,"Herr Gott, nun schleuss den Himmel auf",Choralvorspiel,A minor,,Organ,
618,,BWV 618,O Lamm Gottes unschuldig,Choralvorspiel,F major,,Organ,Adagio Canone alla quinta
619,,BWV 619,"Christe, du Lamm Gottes",Choralvorspiel,F major,,Organ,In canone alla duodecima
620,,BWV 620,"Christus, der uns selig macht",Choralvorspiel,A minor,,Organ,
620.1,,BWV 620a,"Christus, der uns selig macht",Choralvorspiel,A minor,,Organ,In canone all' ottava
621,,BWV 621,Da Jesus an dem Kreuze stund',Choralvorspiel,E minor,,Organ,
622,,BWV 622,"O Mensch, bewein' dein' Sunde gross",Choralvorspiel,E-flat major,,Organ,Adagio assai
623,,BWV 623,"Wir danken dir, Herr Jesu Christ",Choralvorspiel,G major,,Organ,
624,,BWV 624,"Hilf Gott, dass mir's gelinge",Choralvorspiel,G minor,,Organ,In canone alla quinta
625,,BWV 625,Christ lag in Todesbanden,Choralvorspiel,D minor,,Organ,
626,,BWV 626,"Jesus Christus, unser Heiland",Choralvorspiel,A minor,,Organ,
627,,BWV 627,Christ ist erstanden,Choralvorspiel,D minor,,Organ,[3 versets]
628,,BWV 628,Erstanden ist der heil'ge Christ,Choralvorspiel,D minor,,Organ,
629,,BWV 629,Erschienen ist der herrliche Tag,Choralvorspiel,D minor,,Organ,In canone all' ottava
630,,BWV 630,Heut' triumphieret Gottes-Sohn,Choralvorspiel,G minor,,Organ,
631,,BWV 631,"Komm, Gott Schöpfer, Heiliger Geist",Choralvorspiel,G major,,Organ,
631.1,,BWV 631a,"Komm, Gott Schöpfer, Heiliger Geist",Choralvorspiel,G major,,Organ,
632,,BWV 632,"Herr Jesu Christ, dich zu uns wend'",Choralvorspiel,F major,,Organ,
633,,BWV 633,"Liebster Jesu, wir sind hier",Choralvorspiel,A major,,Organ,In canone alla quinta
634,,BWV 634,"Liebster Jesu, wir sind hier",Choralvorspiel,A major,,Organ,
635,,BWV 635,Dies sind die heil'gen zehn Gebot',Choralvorspiel,G major,,Organ,
636,,BWV 636,Vater unser im Himmelreich,Choralvorspiel,D minor,,Organ,
637,,BWV 637,Durch Adam's Fall ist ganz verderbt,Choralvorspiel,A minor,,Organ,
638,,BWV 638,Es ist das Heil uns hommen her,Choralvorspiel,D minor,,Organ,
639,,BWV 639,"Ich ruf' zu dir, Herr Jesu Christ",Choralvorspiel,F minor,,Organ,
640,,BWV 640,"In dich hab' ich gehoffet, Herr",Choralvorspiel,E minor,,Organ,
641,,BWV 641,Wenn wir in höchsten Nöten sein,Choralvorspiel,G major,,Organ,
642,,BWV 642,Wer nur den lieben Gott lässt walten,Choralvorspiel,A minor,,Organ,
643,,BWV 643,Alle Menschen müssen sterben,Choralvorspiel,G major,,Organ,
644,,BWV 644,"Ach wie nichtig, ach wie flüchtig",Choralvorspiel,G minor,,Organ,
645,,BWV 645,"Wachet auf, ruft uns die Stimme",Choralvorspiel,E-flat major,,Organ,c.f. tenor
646,,BWV 646,Wo soll ich fliehen hin / Auf meinen lieben Gott,Choralvorspiel,E minor,,Organ,c.f. basse
647,,BWV 647,Wer nur den lieben Gott lässt walten,Choralvorspiel,C minor,,Organ,c.f. basse
648,,BWV 648,Meine Seele erhebet den Herren,Choralvorspiel,D minor,,Organ,c.f. soprano
649,,BWV 649,"Ach bleib' bei uns, Herr Jesu Christ",Choralvorspiel,G minor,,Organ,c.f. soprano
650,,BWV 650,"Kommst du nun, Jesu, von Himmel herunter",Choralvorspiel,G major,,Organ,c.f. basse
651,,BWV 651,"Komm, Heiliger Geist, Herre Gott",Choralvorspiel,F major,,Organ,c.f. pedale
651.1,,BWV 651a,"Komm, Heiliger Geist, Herre Gott",Choralvorspiel,F major,,Organ,c.f. pedale
652,,BWV 652,"Komm, Heiliger Geist, Herre Gott",Choralvorspiel,E minor,,Organ,
652.1,,BWV 652a,"Komm, Heiliger Geist, Herre Gott",Choralvorspiel,E minor,,Organ,
653,,BWV 653,An Wasserflüssen Babylon,Choralvorspiel,G major,,Organ,
653.1,,BWV 653a,An Wasserflüssen Babylon,Choralvorspiel,G major,,Organ,
653.2,,BWV 653b,An Wasserflüssen Babylon,Choralvorspiel,G major,,Organ,
654,,BWV 654,"Schmücke dich, o liebe Seele",Choralvorspiel,E-flat major,,Organ,c.f. soprano
655,,BWV 655,"Herr Jesu Christ, dich zu uns wend'",Choralvorspiel,G major,,Organ,
655.1,,BWV 655a,"Herr Jesu Christ, dich zu uns wend'",Choralvorspiel,G major,,Organ,
655.2,,BWV 655b,"Herr Jesu Christ, dich zu uns wend'",Choralvorspiel,G major,,Organ,
655.3,,BWV 655c,"Herr Jesu Christ, dich zu uns wend'",Choralvorspiel,G major,,Organ,
656,,BWV 656,O Lamm Gottes unschuldig,Choralvorspiel,A major,,Organ,[3 versets]
656.1,,BWV 656a,O Lamm Gottes unschuldig,Choralvorspiel,A major,,Organ,[3 versets]
657,,BWV 657,Nun danket alle Gott,Choralvorspiel,G major,,Organ,c.f. soprano
658,,BWV 658,Von Gott will ich nicht lassen,Choralvorspiel,F minor,,Organ,c.f. pedale
658.1,,BWV 658a,Von Gott will ich nicht lassen,Choralvorspiel,F minor,,Organ,
659,,BWV 659,Nun komm' der Heiden Heiland,Choralvorspiel,G minor,,Organ,
659.1,,BWV 659a,Nun komm' der Heiden Heiland,Choralvorspiel,G minor,,Organ,
660,,BWV 660,Nun komm' der Heiden Heiland,Choralvorspiel,G minor,,Organ,
660.1,,BWV 660a,Nun komm' der Heiden Heiland,Choralvorspiel,G minor,,Organ,
660.2,,BWV 660b,Nun komm' der Heiden Heiland,Choralvorspiel,G minor,,Organ,c.f. pedale
661,,BWV 661,Nun komm' der Heiden Heiland,Choralvorspiel,G minor,,Organ,c.f. pedale
661.1,,BWV 661a,Nun komm' der Heiden Heiland,Choralvorspiel,G minor,,Organ,c.f. pedale
662,,BWV 662,Allein Gott in der Höh' sei Ehr',Choralvorspiel,A major,,Organ,c.f. soprano - Adagio
663,,BWV 663,Allein Gott in der Höh' sei Ehr',Choralvorspiel,G major,,Organ,c.f. tenore
663.1,,BWV 663a,Allein Gott in der Höh' sei Ehr',Choralvorspiel,G major,,Organ,c.f. tenore
664,,BWV 664,Allein Gott in der Höh' sei Ehr',Choralvorspiel,A major,,Organ,
664.1,,BWV 664a,Allein Gott in der Höh' sei Ehr',Choralvorspiel,A major,,Organ,
665,,BWV 665,"Jesus Christus, unser Heiland",Choralvorspiel,E minor,,Organ,
665.1,,BWV 665a,"Jesus Christus, unser Heiland",Choralvorspiel,E minor,,Organ,
666,,BWV 666,"Jesus Christus, unser Heiland",Choralvorspiel,E minor,,Organ,
667,,BWV 667,"Komm, Gott Schöpfer, Heiliger Geist",Choralvorspiel,G major,,Organ,
668,,BWV 668,Vor deinen Thron tret' ich hiermit,Choralvorspiel,G major,,Organ,c.f. soprano
669,,BWV 669,"Clavier-Übung III/2, Kyrie, Gott Vater in Ewigkeit",Choralvorspiel,C minor,,Organ,c.f. soprano
670,,BWV 670,"Clavier-Übung III/3, Christe, aller Welt Trost",Choralvorspiel,C minor,,Organ,c.f. tenor
671,,BWV 671,"Clavier-Übung III/4, Kyrie, Gott Heiliger Geist",Choralvorspiel,C minor,,Organ,c.f. basse
672,,BWV 672,"Clavier-Übung III/5, Kyrie, Gott Vater in Ewigkeit",Choralvorspiel,G major,,Organ,
673,,BWV 673,"Clavier-Übung III/6, Christe, aller Welt Trost",Choralvorspiel,C major,,Organ,
674,,BWV 674,"Clavier-Übung III/7, Kyrie, Gott Heiliger Geist",Choralvorspiel,A minor,,Organ,
675,,BWV 675,"Clavier-Übung III/8, Allein Gott in der Höh' sei Ehr'",Choralvorspiel,F major,,Organ,c.f. alto
676,,BWV 676,"Clavier-Übung III/9, Allein Gott in der Höh' sei Ehr'",Choralvorspiel,G major,,Organ,
676.1,,BWV 676a,Allein Gott in der Höh' sei Ehr',Choralvorspiel,G major,,Organ,
677,,BWV 677,"Clavier-Übung III/10, Allein Gott in der Höh' sei Ehr'",Choralvorspiel,F-sharp minor,,Organ,
678,,BWV 678,"Clavier-Übung III/11, Dies sind die heil'gen zehn Gebot'",Choralvorspiel,G major,,Organ,c.f. in canone
679,,BWV 679,"Clavier-Übung III/12, Dies sind die heil'gen zehn Gebot'",Choralvorspiel,G major,,Organ,
680,,BWV 680,"Clavier-Übung III/13, Wir glauben all' an einen Gott",Choralvorspiel,D minor,,Organ,
681,,BWV 681,"Clavier-Übung III/14, Wir glauben all' an einen Gott",Choralvorspiel,E minor,,Organ,
682,,BWV 682,"Clavier-Übung III/15, Vater unser im Himmelreich",Choralvorspiel,B minor,,Organ,c.f. in canone
683,,BWV 683,"Clavier-Übung III/16, Vater unser im Himmelreich",Choralvorspiel,D minor,,Organ,
683.1,,BWV 683a,Vater unser im Himmelreich,Choralvorspiel,D minor,,Organ,
684,,BWV 684,"Clavier-Übung III/17, Christ unser Herr, zum Jordan kam",Choralvorspiel,G minor,,Organ,c.f. pedale
685,,BWV 685,"Clavier-Übung III/18, Christ unser Herr, zum Jordan kam",Choralvorspiel,D minor,,Organ,
686,,BWV 686,"Clavier-Übung III/19, Aus tiefer Not schrei' ich zu dir",Choralvorspiel,E minor,,Organ,
687,,BWV 687,"Clavier-Übung III/20, Aus tiefer Not schrei' ich zu dir",Choralvorspiel,F-sharp minor,,Organ,
688,,BWV 688,"Clavier-Übung III/21, Jesus Christus, unser Heiland",Choralvorspiel,D minor,,Organ,c.f. pedale
689,,BWV 689,"Clavier-Übung III/22, Jesus Christus, unser Heiland",Choralvorspiel,F minor,,Organ,
690,,BWV 690,Wer nur den lieben Gott lässt walten,Choralvorspiel,A minor,,Organ,
691,,BWV 691,Wer nur den lieben Gott lässt walten,Choralvorspiel,A minor,,Organ,
691.1,,BWV 691a,Wer nur den lieben Gott lässt walten,Choralvorspiel,A minor,,Organ,
692,,BWV 692,Ach Gott und Herr,Choralvorspiel,C major,,Organ,
692.1,,BWV 692a,Ach Gott und Herr,Choralvorspiel,C major,,Organ,
693,,BWV 693,Ach Gott und Herr,Choralvorspiel,C major,,Organ,
694,,BWV 694,Wo soll ich fliehen hin,Choralvorspiel,G minor,,Organ,
695,,BWV 695,Christ lag in Todesbanden,Choralvorspiel,D minor,,Organ,
695.1,,BWV 695a,Christ lag in Todesbanden,Choralvorspiel,D minor,,Organ,c.f. alto
696,,BWV 696,Christum wir sollen loben schon,Choralvorspiel,D minor,,Organ,
697,,BWV 697,"Gelobet seist du, Jesu Christ",Choralvorspiel,C major,,Organ,
698,,BWV 698,"Herr Christ, der ein'ge Gottes-Sohn",Choralvorspiel,G major,,Organ,
699,,BWV 699,Nun komm' der Heiden Heiland,Choralvorspiel,G minor,,Organ,
700,,BWV 700,"Vom Himmel hoch, da komm' ich her",Choralvorspiel,C major,,Organ,
701,,BWV 701,"Vom Himmel hoch, da komm' ich her",Choralvorspiel,C major,,Organ,
702,,BWV 702,Das Jesulein soll doch mein Trost,Choralvorspiel,G minor,,Organ,
703,,BWV 703,Gottes Sohn ist kommen,Choralvorspiel,F major,,Organ,
704,,BWV 704,Lob sei dem allmächtigen Gott,Choralvorspiel,F major,,Organ,
705,,BWV 705,Durch Adam's Fall ist ganz verderbt,Choralvorspiel,D minor,,Organ,
706,,BWV 706,"Liebster Jesu, wir sind hier",Choralvorspiel,A major,,Organ,
707,,BWV 707,Ich hab' mein' Sach' Gott heimgestellt,Choralvorspiel,A minor,,Organ,
708,,BWV 708,Ich hab' mein' Sach' Gott heimgestellt,Choralvorspiel,A minor,,Organ,
708.1,,BWV 708a,Ich hab' mein' Sach' Gott heimgestellt,Choralvorspiel,A minor,,Organ,
709,,BWV 709,"Herr Jesu Christ, dich zu uns wend'",Choralvorspiel,G major,,Organ,
710,,BWV 710,Wir Christenleut',Choralvorspiel,G minor,,Organ,
711,,BWV 711,Allein Gott in der Höh' sei Ehr',Choralvorspiel,G major,,Organ,
712,,BWV 712,"In dich hab' ich gehoffet, Herr",Choralvorspiel,A major,,Organ,
713,,BWV 713,"Jesu, meine Freude",Choralvorspiel,D minor,,Organ,
713.1,,BWV 713a,"Jesu, meine Freude",Choralvorspiel,E minor,,Organ,
714,,BWV 714,Ach Gott und Herr,Choralvorspiel,B major,,Organ,per canonem
715,,BWV 715,Allein Gott in der Höh' sei Ehr',Choralvorspiel,G major,,Organ,
716,,BWV 716,Allein Gott in der Höh' sei Ehr',Choralvorspiel,G major,,Organ,
717,,BWV 717,Allein Gott in der Höh' sei Ehr',Choralvorspiel,G major,,Organ,
718,,BWV 718,Christ lag in Todesbanden,Choralvorspiel,E minor,,Organ,
719,,BWV 719,"Der Tag, der ist so freudenreich",Choralvorspiel,G major,,Organ,
720,,BWV 720,Ein' feste Burg ist unser Gott,Choralvorspiel,D minor,,Organ,
721,,BWV 721,"Erbam' dich mein, o Herre Gott",Choralvorspiel,D minor,,Organ,
722,,BWV 722,"Gelobet seist du, Jesu Christ",Choralvorspiel,G major,,Organ,
722.1,,BWV 722a,"Gelobet seist du, Jesu Christ",Choralvorspiel,A minor,,Organ,
723,,BWV 723,"Gelobet seist du, Jesu Christ",Choralvorspiel,G major,,Organ,
724,,BWV 724,Gottes Sohn ist kommen,Choralvorspiel,G major,,Organ,
725,,BWV 725,"Herr, Gott, dich loben wir",Choralvorspiel,A minor,,Organ,
726,,BWV 726,"Herr Jesu Christ, dich zu uns wend'",Choralvorspiel,G major,,Organ,
727,,BWV 727,Herzlich tut mich verlangen,Choralvorspiel,B minor,,Organ,
728,,BWV 728,"Jesus, meine Zuversicht",Choralvorspiel,C major,,Organ,
729,,BWV 729,In dulci jubilo,Choralvorspiel,A major,,Organ,
729.1,,BWV 729a,In dulci jubilo,Choralvorspiel,A major,,Organ,
730,,BWV 730,"Liebster Jesu, wir sind hier",Choralvorspiel,G major,,Organ,
731,,BWV 731,"Liebster Jesu, wir sind hier",Choralvorspiel,G major,,Organ,
732,,BWV 732,"Lobt Gott, ihr Christen, allzugleich",Choralvorspiel,E major,,Organ,
732.1,,BWV 732a,"Lobt Gott, ihr Christen, allzugleich",Choralvorspiel,E major,,Organ,
733,,BWV 733,Magnificat,Choralvorspiel,D minor,,Organ,
734,,BWV 734,"Nun freut euch, lieben Christen g'mein",Choralvorspiel,G major,,Organ,c.f. tenor
734.1,,BWV 734a,"Nun freut euch, lieben Christen g'mein",Choralvorspiel,G major,,Organ,
735,,BWV 735,Valet will ich dir geben,Choralvorspiel,B-flat major,,Organ,
735.1,,BWV 735a,Valet will ich dir geben,Choralvorspiel,B-flat major,,Organ,
736,,BWV 736,Valet will ich dir geben,Choralvorspiel,D minor,,Organ,choral in pedal
737,,BWV 737,Vater unser im Himmelreich,Choralvorspiel,D minor,,Organ,
738,,BWV 738,"Vom Himmel hoch, da komm' ich her",Choralvorspiel,D minor,,Organ,
738.1,,BWV 738a,"Vom Himmel hoch, da komm' ich her",Choralvorspiel,D minor,,Organ,
739,,BWV 739,Wie schön leuchtet uns der Morgenstern,Choralvorspiel,G major,,Organ,
740,,BWV 740,Wir glauben all' an einen Gott,Choralvorspiel,F major,,Organ,
741,,BWV 741,"Ach Gott, vom Himmel sieh' darein",Choralvorspiel,D minor,,Organ,
742,,BWV 742,"Ach Herr, mich armen Sünder",Choralvorspiel,B minor,,Organ,
743,,BWV 743,"Ach, was ist doch unser Leben",Choralvorspiel,A minor,,Organ,
744,,BWV 744,Auf meinen lieben Gott,Choralvorspiel,A minor,,Organ,
745,,BWV 745,Aus der Tiefe rufe ich,Choralvorspiel,E minor,,Organ,
746,,BWV 746,Christ ist erstanden,Choralvorspiel,D minor,,Organ,
747,,BWV 747,"Christus, der uns selig macht",Choralvorspiel,G minor,,Organ,
748,,BWV 748,Gott der Vater wohn' uns bei,Choralvorspiel,D minor,,Organ,
748.1,,BWV 748a,Gott der Vater wohn' uns bei,Choralvorspiel,D minor,,Organ,
749,,BWV 749,"Herr Jesu Christ, dich zu uns wend'",Choralvorspiel,G major,,Organ,
750,,BWV 750,"Herr Jesu Christ, mein's Lebens Licht",Choralvorspiel,G major,,Organ,
751,,BWV 751,In dulci jubilo,Choralvorspiel,G major,,Organ,
752,,BWV 752,"Jesu, der du meine Seele",Choralvorspiel,G major,,Organ,
753,,BWV 753,"Jesu, meine Freude",Choralvorspiel,D minor,,Organ,
754,,BWV 754,"Liebster Jesu, wir sind hier",Choralvorspiel,B-flat major,,Organ,
755,,BWV 755,"Nun freut euch, lieben Christen g'mein",Choralvorspiel,G major,,Organ,
756,,BWV 756,Nun ruhen alle Wälder,Choralvorspiel,G major,,Organ,
757,,BWV 757,"O Herre Gott, dein göttlich's Wort",Choralvorspiel,G major,,Organ,
758,,BWV 758,"O Vater, allmächtiger Gott",Choralvorspiel,G major,,Organ,[3 versets]
759,,BWV 759,"Schmücke dich, o liebe Seele",Choralvorspiel,F major,,Organ,
760,,BWV 760,Vater unser im Himmelreich,Choralvorspiel,D minor,,Organ,
761,,BWV 761,Vater unser im Himmelreich,Choralvorspiel,D minor,,Organ,
762,,BWV 762,Vater unser im Himmelreich,Choralvorspiel,D minor,,Organ,
763,,BWV 763,Wie schön leuchtet uns der Morgenstern,Choralvorspiel,D minor,,Organ,
764,,BWV 764,Wie schön leuchtet uns der Morgenstern,Choralvorspiel,G major,,Organ,
765,,BWV 765,Wir glauben all' an einen Gott,Choralvorspiel,D minor,,Organ,
766,,BWV 766,"Christ, der du bist der helle Tag",Choralpartita,F minor,,Organ,[8 variations]
767,,BWV 767,"O Gott, du frommer Gott",Choralpartita,C minor,,Organ,[9 variations]
768,,BWV 768,"Sei gegrüsset, Jesu gütig",Choralpartita,G minor,,Organ,[11 variations]
769,,BWV 769,"Vom Himmel hoch, da komm' ich her",Choralpartita,C major,,Organ,[5 variations canoniques]
770,,BWV 770,"Ach, was soll ich Sünder machen?",Choralpartita,E minor,,Organ,[10 variations]
771,,BWV 771,Allein Gott in der Höh' sei Ehr',Choralpartita,G major,,Organ,[17 variations]
772,,BWV 772,,Invention,C major,,Keyboard,
772.1,,BWV 772a,,Invention,C major,,Keyboard,Variante
773,,BWV 773,,Invention,C minor,,Keyboard,
774,,BWV 774,,Invention,D major,,Keyboard,
775,,BWV 775,,Invention,D minor,,Keyboard,
776,,BWV 776,,Invention,E-flat major,,Keyboard,
777,,BWV 777,,Invention,E major,,Keyboard,
778,,BWV 778,,Invention,E minor,,Keyboard,
779,,BWV 779,,Invention,F major,,Keyboard,
780,,BWV 780,,Invention,F minor,,Keyboard,
781,,BWV 781,,Invention,G major,,Keyboard,
782,,BWV 782,,Invention,G minor,,Keyboard,
783,,BWV 783,,Invention,A major,,Keyboard,
784,,BWV 784,,Invention,A minor,,Keyboard,
785,,BWV 785,,Invention,B-flat major,,Keyboard,
786,,BWV 786,,Invention,B minor,,Keyboard,
787,,BWV 787,,Sinfonia,C major,,Keyboard,
788,,BWV 788,,Sinfonia,C minor,,Keyboard,
789,,BWV 789,,Sinfonia,D major,,Keyboard,
790,,BWV 790,,Sinfonia,D minor,,Keyboard,
791,,BWV 791,,Sinfonia,E-flat major,,Keyboard,
792,,BWV 792,,Sinfonia,E major,,Keyboard,
793,,BWV 793,,Sinfonia,E minor,,Keyboard,
794,,BWV 794,,Sinfonia,F major,,Keyboard,
795,,BWV 795,,Sinfonia,F minor,,Keyboard,
796,,BWV 796,,Sinfonia,G major,,Keyboard,
797,,BWV 797,,Sinfonia,G major,,Keyboard,
798,,BWV 798,,Sinfonia,A major,,Keyboard,
799,,BWV 799,,Sinfonia,A minor,,Keyboard,
800,,BWV 800,,Sinfonia,B-flat major,,Keyboard,
801,,BWV 801,,Sinfonia,B minor,,Keyboard,
802,,BWV 802,"Clavier-Übung III, 4 Duetti Nr. 1",Duo,E minor,,Keyboard,
803,,BWV 803,"Clavier-Übung III, 4 Duetti Nr. 2",Duo,F major,,Keyboard,
804,,BWV 804,"Clavier-Übung III, 4 Duetti Nr. 3",Duo,G major,,Keyboard,
805,,BWV 805,"Clavier-Übung III, 4 Duetti Nr. 4",Duo,A minor,,Keyboard,
806,,BWV 806,,Suite,A major,"1. Prélude
2. Allemande
3. Courante I
4. Courante II
5. Double I
6. Double II
7. Sarabande
8. Bourrée I
9. Bourrée II (la mineur)
10. Gigue",Keyboard,
807,,BWV 807,,Suite,A minor,"1. Prélude
2. Allemande
3. Courante
4. Sarabande
5. Bourrée I
6. Bourrée II (la majeur)
7. Gigue",Keyboard,
808,,BWV 808,,Suite,G minor,"1. Prélude
2. Allemande
3. Courante
4. Sarabande
5. Gavotte I
6. Gavotte II ""La Musette"" (sol majeur)
7. Gigue",Keyboard,
809,,BWV 809,,Suite,F major,"1. Prélude
2. Allemande
3. Courante
4. Sarabande
5. Menuet I
6. Menuet II (ré mineur)
7. Gigue",Keyboard,
810,,BWV 810,,Suite,E minor,"1. Prélude
2. Allemande
3. Courante
4. Sarabande
5. Passepied I en rondeau
6. Passepied II (mi majeur)
7. Gigue",Keyboard,
811,,BWV 811,,Suite,D minor,"1. Prélude. Allegro
2. Allemande
3. Courante
4. Sarabande
5. Double
6. Gavotte I
7. Gavotte II (ré majeur)
8. Gigue",Keyboard,
812,,BWV 812,,Suite,A minor,"1. Allemande
2. Courante
3. Sarabande
4. Menuet I
5. Menuet II
6. Gigue",Keyboard,
813,,BWV 813,,Suite,C minor,"1. Allemande
2. Courante
3. Sarabande
4. Air
5. Menuet
6. Gigue",Keyboard,
813.1,,BWV 813a,,Suite,C minor,,Keyboard,Mouvement additionnel
814,,BWV 814,,Suite,B minor,"1. Allemande
2. Courante
3. Sarabande
4. Menuet
5. Trio
6. Anglaise
7. Gigue",Keyboard,
815,,BWV 815,,Suite,E-flat major,"1. Allemande
2. Courante
3. Sarabande
4. Gavotte
5. Air",,
815.1,,BWV 815a,,Suite,E-flat major,"1. Praeludium. Gavotte I
2. Gavotte II
3. Menuet",,Mouvements additionnels
816,,BWV 816,,Suite,G major,"1. Allemande
2. Courante
3. Sarabande
4. Gavotte
5. Bourrée
6. Loure
7. Gigue",Keyboard,
817,,BWV 817,,Suite,E major,"1. Allemande
2. Courante
3. Sarabande
4. Gavotte
5. Polonaise
6. Bourrée
7. Menuet
8. Gigue",Keyboard,
818,,BWV 818,,Suite,A minor,"1. Allemande
2. Courante
3. Sarabande simple
4. Sarabande double
5. Gigue",Keyboard,
818.1,,BWV 818a,,Suite,A minor,"1. Prélude
2. Allemande
3. Courante
4. Sarabande
5. Menuet
6. Gigue",Keyboard,2è version
819,,BWV 819,,Suite,E-flat major,"1. Allemande
2. Courante
3. Sarabande
4. Bourrée
5. Manuet I - alternatif
6. Manuet II - trio (mi bémol mineur)",,
819.1,,BWV 819a,,Suite,E-flat major,1. Allemande,,Mouvement alternatif
820,,BWV 820,,Ouverture-Suite,F major,"1. (Prélude)
2. Entrée
3. Menuet
4. Trio
5. Bourrée
6. Gigue",Keyboard,
821,,BWV 821,,Suite,B major,"1. (Praeludium)
2. Allemande
3. Courante
4. Sarabande
7. Echo. Allegro",Keyboard,
822,,BWV 822,,Suite,G minor,"1. Ouverture
2. Aria
3. Gavotte en rondeau
4. ...
5. Menuet I
6. Menuet II
7. Menuet - trio (sol majeur)
8. Gigue",Keyboard,
823,,BWV 823,,Suite,F minor,"1. Prélude
2. Sarabande
3. Gigue",Keyboard,Fragment
824,,BWV 824,,Suite,A major,"1. Allemande
2. Courante
3. Gigue",Keyboard,Fragment
825,,BWV 825,Clavier-Übung I/1,Partita,B-flat major,"1. Praeludium
2. Allemande
3. Courante
4. Sarabande
5. Menuet I",,
826,,BWV 826,Clavier-Übung I/2,Partita,C minor,"1. Sinfonia. Grave Adagio...Andante
2. Allemande
3. Courante
4. Sarabande
5. Rondeau
6. Capriccio",Keyboard,
827,,BWV 827,Clavier-Übung I/3,Partita,A minor,"1. Fantasia
2. Allemande
3. Courante
4. Sarabande
5. Burlesca
6. Scherzo
7. Gigue",Keyboard,Extrait de: Anna Magdalena Bach Notebook 1725 # 1
828,,BWV 828,Clavier-Übung I/4,Partita,D major,"1. Ouverture
2. Allemande
3. Courante
4. Aria
5. Sarabande
6. Menuet
7. Gigue",Keyboard,
829,,BWV 829,Clavier-Übung I/5,Partita,G major,"1. Praeambulum
2. Allemande
3. Courante
4. Sarabande
5. Tempo di Minuetto
6. Passepied
7. Gigue",Keyboard,
830,,BWV 830,Clavier-Übung I/6,Partita,E minor,"1. Toccata
2. Allemande
3. Courante
4. Air
5. Sarabande
6. Tempo di Gavotta
7. Gigue",Keyboard,Extrait de: Anna Magdalena Bach Notebook 1725 # 2
831,,BWV 831,Clavier-Übung II/2,Ouverture-Suite,B minor,"1. Ouverture
2. Courante
3. Gavotte I
4. Gavotte II (ré majeur)
5. Passepied I
6. Passepied II
7. Sarabande
8. Bourrée I
9. Bourrée II
10. Gigue
11. Echo",,
832,,BWV 832,,Partita,A major,"1. Allemande
2. Air pour les trompettes
3. Sarabande
4. Bourrée
5. Gigue",,
833,,BWV 833,"Prélude, Partita du 3è ton",,F major,"1. Praeludium. Andante
2. Allemande
3. Courante
4. Sarabande
5. Double. Allegro
6. Air. Allegro",Keyboard,
834,,BWV 834,Allemande,,C minor,,Keyboard,
835,,BWV 835,Allemande,,A minor,,Keyboard,
836,,BWV 836,Allemande,,G minor,,Keyboard,Extrait de: Klavierbuchlein fur Wilhelm Friedeman Bach
837,,BWV 837,Allemande,,G minor,,Keyboard,"(fragment)
Extrait de: Klavierbuchlein fur Wilhelm Friedeman Bach"
838,,BWV 838,"Allemande, Courante",,A major,,Keyboard,
839,,BWV 839,Sarabande,,G minor,,Keyboard,Extrait de: Notenbuch der Zeumerin
840,,BWV 840,Courante,,G major,,Keyboard,Extrait de: Notenbuch der Zeumerin
841,,BWV 841,Menuet,,G major,,Keyboard,Extrait de: Klavierbuchlein de W.F. Bach (A.M. Bach 1722/9)
842,,BWV 842,Menuet,,G minor,,Keyboard,Extrait de: Klavierbuchlein fur W.F. Bach
846,,BWV 846,"Prélude & Fugue, The Well-Tempered Clavier I/1",,C major,,Keyboard,
846.1,,BWV 846a,"Prélude & Fugue, The Well-Tempered Clavier I/2",Prelude,C major,,Keyboard,Variante de BWV 846
847,,BWV 847,"Prélude & Fugue, The Well-Tempered Clavier I/2",,C minor,,Keyboard,
848,,BWV 848,"Prélude & Fugue, The Well-Tempered Clavier I/3",,C-sharp major,,Keyboard,
849,,BWV 849,"Prélude & Fugue, The Well-Tempered Clavier I/4",,C-sharp minor,,Keyboard,
850,,BWV 850,"Prélude & Fugue, The Well-Tempered Clavier I/5",,D major,,Keyboard,
851,,BWV 851,"Prélude & Fugue, The Well-Tempered Clavier I/6",,D minor,,Keyboard,
852,,BWV 852,"Prélude & Fugue, The Well-Tempered Clavier I/7",,E-flat major,,Keyboard,
853,,BWV 853,"Prélude & Fugue, The Well-Tempered Clavier I/8",,E-flat minor,,Keyboard,Fugue en ré dièse mineur (dis-moll)
854,,BWV 854,"Prélude & Fugue, The Well-Tempered Clavier I/9",,E major,,Keyboard,
855,,BWV 855,"Prélude & Fugue, The Well-Tempered Clavier I/10",,E minor,,Keyboard,
855.1,,BWV 855a,"Prélude & Fugue, The Well-Tempered Clavier I/11",Prelude,E minor,,Keyboard,Variante de BWV 855
856,,BWV 856,"Prélude & Fugue, The Well-Tempered Clavier I/11",,F major,,Keyboard,
857,,BWV 857,"Prélude & Fugue, The Well-Tempered Clavier I/12",,F minor,,Keyboard,
858,,BWV 858,"Prélude & Fugue, The Well-Tempered Clavier I/13",,F-sharp major,,Keyboard,
859,,BWV 859,"Prélude & Fugue, The Well-Tempered Clavier I/14",,F-sharp minor,,Keyboard,
860,,BWV 860,"Prélude & Fugue, The Well-Tempered Clavier I/15",,G major,,Keyboard,
861,,BWV 861,"Prélude & Fugue, The Well-Tempered Clavier I/16",,G minor,,Keyboard,
862,,BWV 862,"Prélude & Fugue, The Well-Tempered Clavier I/17",,A-flat major,,Keyboard,
863,,BWV 863,"Prélude & Fugue, The Well-Tempered Clavier I/18",,G-sharp minor,,Keyboard,
864,,BWV 864,"Prélude & Fugue, The Well-Tempered Clavier I/19",,A major,,Keyboard,
865,,BWV 865,"Prélude & Fugue, The Well-Tempered Clavier I/20",,A minor,,Keyboard,
866,,BWV 866,"Prélude & Fugue, The Well-Tempered Clavier I/21",,B-flat major,,Keyboard,
867,,BWV 867,"Prélude & Fugue, The Well-Tempered Clavier I/22",,B-flat minor,,Keyboard,
868,,BWV 868,"Prélude & Fugue, The Well-Tempered Clavier I/23",,B major,,Keyboard,
869,,BWV 869,"Prélude & Fugue, The Well-Tempered Clavier I/24",,B minor,,Keyboard,
870,,BWV 870,"Prélude & Fugue, The Well-Tempered Clavier II/1",,C major,,Keyboard,
870.1,,BWV 870a,Prélude & Fugue,,C major,,Keyboard,Variante de BWV 870
870.2,,BWV 870b,,Prelude,C major,,Keyboard,Variante de BWV 870
871,,BWV 871,"Prélude & Fugue, The Well-Tempered Clavier II/2",,C minor,,Keyboard,
872,,BWV 872,"Prélude & Fugue, The Well-Tempered Clavier II/3",,C-sharp major,,Keyboard,
872.1,,BWV 872a,"Prélude, fugue",,C-sharp major,,Keyboard,Variante de BWV 872
873,,BWV 873,"Prélude & Fugue, The Well-Tempered Clavier II/4",,C-sharp minor,,Keyboard,
874,,BWV 874,"Prélude & Fugue, The Well-Tempered Clavier II/5",,D major,,Keyboard,
875,,BWV 875,"Prélude & Fugue, The Well-Tempered Clavier II/6",,D minor,,Keyboard,
875.1,,BWV 875a,Préambule,,D minor,,Keyboard,Variante de BWV 875
876,,BWV 876,"Prélude & Fugue, The Well-Tempered Clavier II/7",,E-flat major,,Keyboard,
877,,BWV 877,"Prélude & Fugue, The Well-Tempered Clavier II/8",,D-flat minor,,Keyboard,
878,,BWV 878,"Prélude & Fugue, The Well-Tempered Clavier II/9",,E major,,Keyboard,
879,,BWV 879,"Prélude & Fugue, The Well-Tempered Clavier II/10",,E minor,,Keyboard,
880,,BWV 880,"Prélude & Fugue, The Well-Tempered Clavier II/11",,F major,,Keyboard,
881,,BWV 881,"Prélude & Fugue, The Well-Tempered Clavier II/12",,F minor,,Keyboard,
882,,BWV 882,"Prélude & Fugue, The Well-Tempered Clavier II/13",,F-sharp major,,Keyboard,
883,,BWV 883,"Prélude & Fugue, The Well-Tempered Clavier II/14",,F-sharp minor,,Keyboard,
884,,BWV 884,"Prélude & Fugue, The Well-Tempered Clavier II/15",,G major,,Keyboard,Reprise dans la Fugue BWV 902
885,,BWV 885,"Prélude & Fugue, The Well-Tempered Clavier II/16",,G minor,,Keyboard,
886,,BWV 886,"Prélude & Fugue, The Well-Tempered Clavier II/17",,A-flat major,,Keyboard,Fugue repris dans BWV 901
887,,BWV 887,"Prélude & Fugue, The Well-Tempered Clavier II/18",,G-sharp minor,,Keyboard,
888,,BWV 888,"Prélude & Fugue, The Well-Tempered Clavier II/19",,A major,,Keyboard,
889,,BWV 889,"Prélude & Fugue, The Well-Tempered Clavier II/20",,A minor,,Keyboard,
890,,BWV 890,"Prélude & Fugue, The Well-Tempered Clavier II/21",,B-flat major,,Keyboard,
891,,BWV 891,"Prélude & Fugue, The Well-Tempered Clavier II/22",,B-flat minor,,Keyboard,
892,,BWV 892,"Prélude & Fugue, The Well-Tempered Clavier II/23",,B major,,Keyboard,
893,,BWV 893,"Prélude & Fugue, The Well-Tempered Clavier II/24",,B minor,,Keyboard,
894,,BWV 894,Prélude & Fugue,,A minor,,Keyboard,
895,,BWV 895,Prélude & Fugue,,A minor,,Keyboard,
896,,BWV 896,Prélude & Fugue,,A major,,Keyboard,
897,,BWV 897,Prélude & Fugue,,A minor,,Keyboard,
898,,BWV 898,"Prélude, fuguesur le nom de BACH",,B-flat major,,Keyboard,
899,,BWV 899,Prélude & Fugue,,D minor,,Keyboard,
900,,BWV 900,Prélude & Fugue,,E minor,,Keyboard,
901,,BWV 901,Prélude & Fugue,,F major,,Keyboard,Reprise de la Fugue de BWV 886
902,,BWV 902,Prélude & Fugue,,G major,,Keyboard,"Variante de la Fugue de BWV 884, du Prélude de BWV 902a"
902.1,,BWV 902a,Prélude sur la fugue de BWV 902,Prelude,G major,,Keyboard,
903,,BWV 903,"Fantaisie chromatique, fugue",,D minor,,Keyboard,Fantaisie reprise en variante dans BWV 903a
903.1,,BWV 903a,,Fantasia,D minor,,Keyboard,Variante de BWV 903
904,,BWV 904,"Fantaisie, fugue",,A minor,,Keyboard,
905,,BWV 905,"Fantaisie, fugue",,D minor,,Keyboard,
906,,BWV 906,"Fantaisie, fugue",,C minor,,Keyboard,
907,,BWV 907,"Fantaisie, fugue",,B-flat major,,Keyboard,
908,,BWV 908,"Fantaisie, fugue",,D major,,Keyboard,
909,,BWV 909,"Concerto, fugue",Fantasia,C minor,,Keyboard,
910,,BWV 910,,Tocatta,F-sharp minor,,Keyboard,
911,,BWV 911,,Tocatta,C minor,,Keyboard,
912,,BWV 912,,Tocatta,D major,,Keyboard,Inspiré du Prélude BWV 532
912.1,,BWV 912a,Variations sur un mouvement de la Toccata BWV 912,Tocatta,D major,,Keyboard,
913,,BWV 913,,Tocatta,D minor,,Keyboard,
914,,BWV 914,,Tocatta,E minor,,Keyboard,
915,,BWV 915,,Tocatta,G minor,,Keyboard,
916,,BWV 916,,Tocatta,G major,,Keyboard,
917,,BWV 917,,Fantasia,G minor,,Keyboard,
918,,BWV 918,Fantaisie sur un Rondo,Fantasia,C minor,,Keyboard,
919,,BWV 919,,Fantasia,C minor,,Keyboard,
920,,BWV 920,,Fantasia,G minor,,Keyboard,
921,,BWV 921,Prélude (Fantaisie),Prelude,C minor,,Keyboard,
922,,BWV 922,Prélude (Fantaisie),Prelude,A minor,,Keyboard,
923,,BWV 923,Prélude sur un thème d'Albinoni,Prelude,B minor,,Keyboard,Voir BWV 951
923.1,,BWV 923a,,Prelude,A minor,,Keyboard,Variante de BWV 923
924,,BWV 924,,Prelude,C major,,Keyboard,Variante de BWV 924
924.1,,BWV 924a,,Prelude,C major,,Keyboard,
925,,BWV 925,,Prelude,D major,,Keyboard,
926,,BWV 926,,Prelude,D minor,,Keyboard,
927,,BWV 927,,Prelude,F major,,Keyboard,
928,,BWV 928,,Prelude,F major,,Keyboard,
929,,BWV 929,,Prelude,G minor,,Keyboard,
930,,BWV 930,,Prelude,G minor,,Keyboard,
931,,BWV 931,,Prelude,A minor,,Keyboard,
932,,BWV 932,,Prelude,E minor,,Keyboard,
933,,BWV 933,,Prelude,C major,,Keyboard,
934,,BWV 934,,Prelude,C minor,,Keyboard,
935,,BWV 935,,Prelude,D minor,,Keyboard,
936,,BWV 936,,Prelude,D major,,Keyboard,
937,,BWV 937,,Prelude,E major,,Keyboard,
938,,BWV 938,,Prelude,E minor,,Keyboard,
939,,BWV 939,,Prelude,C major,,Keyboard,
940,,BWV 940,,Prelude,D minor,,Keyboard,
941,,BWV 941,,Prelude,E minor,,Keyboard,
942,,BWV 942,,Prelude,A minor,,Keyboard,
943,,BWV 943,,Prelude,C major,,Keyboard,
944,,BWV 944,,Fugue,A minor,,Keyboard,Variante de la Fugue de BWV 543
945,,BWV 945,,Fugue,E minor,,Keyboard,
946,,BWV 946,,Fugue,C major,,Keyboard,
947,,BWV 947,,Fugue,A minor,,Keyboard,
948,,BWV 948,,Fugue,D minor,,Keyboard,
949,,BWV 949,,Fugue,A major,,Keyboard,
950,,BWV 950,Fugue sur un thème de Tomaso Albinoni,Fugue,A major,,Keyboard,"Basé sur la Sonate en trio, Op. 1"
951,,BWV 951,Fugue sur un thème de Tomaso Albinoni,Fugue,B minor,,Keyboard,"Basé sur la Sonate en trio, Op. 1. Voir aussi BWV 923"
951.1,,BWV 951a,,Fugue,B minor,,Keyboard,Variante de BWV 951
952,,BWV 952,,Fugue,C major,,Keyboard,
953,,BWV 953,,Fugue,C major,,Keyboard,Extrait de: Klavierbuchlein fur Wilhelm Fridemann Bach
954,,BWV 954,Fugue sur un thème de Jan Adams Reinkens,Fugue,B-flat major,,Keyboard,"Basé sur l'Allegro de la Sonate # 6 ""Hortus musicus"""
955,,BWV 955,Fugue sur un fugue de J.C. Erselius,Fugue,B-flat major,,Keyboard,
956,,BWV 956,,Fugue,E minor,,Keyboard,
957,,BWV 957,,Fugue,G major,,Keyboard,
958,,BWV 958,,Fugue,A minor,,Keyboard,
959,,BWV 959,,Fugue,A minor,,Keyboard,
960,,BWV 960,,Fugue,E minor,,Keyboard,(inachevée)
961,,BWV 961,,Fugue,C minor,,Keyboard,
962,,BWV 962,,Fugue,E minor,,Keyboard,
963,,BWV 963,,Sonata,D major,"1. ...
2. ...(si mineur)
3. Adagio (si mineur)
4. Thema all'Imitatio Gallina Cucoa",Keyboard,
964,,BWV 964,,Sonata,D minor,"1. Adagio
2. Fuga. Allegro
3. Andante (fa majeur)
4. Allegro",Keyboard,"Arrangement de la Sonate en la mineur pour violon, BWV 1003"
965,,BWV 965,,Sonata,A minor,"1. Adagio
2. Fuga. Allegro
3. Adagio
4. Allemande
5. Courante
6. Sarabande
7. Gigue",Keyboard,"Basé sur la Sonate # 1 de Jan Adams Reinkens ""Hotus musicus"""
966,,BWV 966,,Sonata,D major,"1. Praeludium
2. Fugue
3. Adagio
4. Allemande",Keyboard,"Basé sur la Sonate #11 de Jan Adams Reinkens ""Hotus musicus"""
967,,BWV 967,,Sonata,A minor,(1 mouvement),Keyboard,"Adaptation pour clavier d'une sonate pour instrument, clavecin"
968,,BWV 968,Adagio,,G major,,Keyboard,"Adaptation du 1er mouvement de la 3e sonate pour violon, BWV1005"
969,,BWV 969,Andante,,G minor,,Keyboard,
970,,BWV 970,Presto,,D minor,,Keyboard,
971,,BWV 971,Clavier-Übung II/1,Concerto,F major,"1. ...
2. Andante (ré mineur)
3. Presto",Keyboard,
972,,BWV 972,,Concerto,D major,"1. ...
2. Larghetto
3. Allegro",Keyboard,"Basé sur Concerto Op. 3, # 7 de Vivaldi"
973,,BWV 973,,Concerto,G major,"1. ...
2. Largo (mi mineur)
3. Allegro",Keyboard,"Basé sur le Concerto Op. 7, # 2 de Vivaldi"
974,,BWV 974,,Concerto,D minor,"1. ...
2. Adagio
3. Presto",Keyboard,Basé sur Concerto pour hautbois de Benedetto Marcello
975,,BWV 975,,Concerto,G minor,"1. ...
2. Largo (ré mineur)
3. Gigue. Presto",Keyboard,"Basé sur Concerto, Op. 4, # 6 de Vivaldi"
976,,BWV 976,,Concerto,C major,"1. ...
2. Largo
3. Allegro",Keyboard,"Basé sur Concerto, Op. 3, # 12 de Vivaldi"
977,,BWV 977,,Concerto,C major,"1. ...
2. Adagio (la mineur)
3. Gigue",Keyboard,Basé sur un oeuvre non identifiée de Benedetto Marcello
978,,BWV 978,,Concerto,F major,"1. Allegro
2. Largo (ré mineur)
3. Allegro",Keyboard,"Basé sur Concerto, Op. 3, # 3 de Vivaldi"
979,,BWV 979,,Concerto,B minor,"1. ...Allegro
2. Adagio
3. Allegro
4. Andante
5. Adagio
6. Allegro",Keyboard,Basé sur une oeuvre d'auteur inconnu
980,,BWV 980,,Concerto,G major,"1. ...
2. Largo (si mineur)
3. Allegro",Keyboard,Basé sur Concerto Op. 4 # 1 de Vivaldi
981,,BWV 981,,Concerto,C minor,"1. Adagio
2. Vivace
3. ...
4. Prestissimo",Keyboard,Basé sur une oeuvre d'un auteur inconnu
982,,BWV 982,,Concerto,B-flat major,"1. ...
2. Adagio (sol mineur)
3. Allegro (sol mineur)
4. Allegro",Keyboard,Basé sur Op. 1 de John Ernst von Sachen-Weimar
983,,BWV 983,,Concerto,G minor,"1. ...
2. Adagio (sol mineur)
3. Allegro",Keyboard,Basé sur une oeuvre d'un auteur inconnu
984,,BWV 984,,Concerto,C major,"1. ...
2. Adagio e affettuoso (fa mineur)
3. Allegro assai",Keyboard,Reprise de BWV 595
985,,BWV 985,,Concerto,G minor,"1. ...
2. Adagio (do mineur)
3. Allegro",Keyboard,Basé sur un concerto perdu pour violon de Telemann
986,,BWV 986,,Concerto,G major,"1. ...
2. Adagio (mi mineur)
3. Allegro",Keyboard,Basé sur une oeuvre attribuée à Telemann
987,,BWV 987,,Concerto,D minor,"1. ...
2. Presto
3. Allegro
4. Adagio
5. Vivace",Keyboard,Basé sur l'Op. 1 de John Ernst von Sachen-Weimar
988,,BWV 988,"Clavier-Übung IV, Goldberg Variations",,G major,"0. Aria
1. Variation 1 - a 1 clavier
2. Variation 2 - a 1 clavier
3. Variation 3 - canone all'unisono a 1 clavier
4. Variation 4 - a 1 clavier
5. Variation 5 - a 1 ovvero 2 claviere
6. Variation 6 - canone alla seconda a 1 clavier
7. Variation 7 - a 1 ovvero 2 claviere
8. Variation 8 - a 2 claviere
9. Variation 9 - canone alla terza a 1 clavier
10. Variation 10 - fughetta a 1 clavier
11. Variation 11 - a 2 claviere
12. Variation 12 - canone alla quarta
13. Variation 13 - a 2 claviere
14. Variation 14 - a 2 claviere
15. Variation 15 - canone alla quinta in moto contrario a 1 clavier. Andante (sol mineur)
16. Variation 16 - ouverture a 1 clavier
17. Variation 17 - a 2 claviere
18. Variation 18 - canone alla sesta a 1 clavier
19. Variation 19 - a 1 clavier
20. Variation 20 - a 2 claviere
21. Variation 21 - canone alla settima (sol mineur)
22. Variation 22 - alla breve a 1 clavier
23. Variation 23 - a 2 claviere
24. Variation 24 - canone all'ottava a 1 clavier
25. Variation 25 - a 2 claviere (sol mineur)
26. Variation 26 - a 2 claviere
27. Variation 27 - canone alla nona
28. Variation 28 - a 2 claviere
29. Variation 29 - a 1 ovvero 2 claviere
30. Variation 30 - quodlibet a 1 clavier",Keyboard,
989,,BWV 989,Air varié à la manière italienne,,A minor,"0. Aria
1. Variation 1 - Largo
2. Variation 2
3. Variation 3
4. Variation 4 - Allegro
5. Variation 5 - Un poco Allegro
6. Variation 6 - Andante
7. Variation 7 - Allegro
8. Variation 8 - Allegro
9. Variation 9
10. Variation 10",Keyboard,
990,,BWV 990,"Sarabande, partita",,C major,"1. ...
2. ...
3. ...
4. ...
5. ...
6. ...
7. ...
8. ...
9. ...
10. ...
11. ...
12. ...
13. Allemande
14. Courante
15. ...
16. L'ultima Partita o Giguetta",Keyboard,
991,,BWV 991,"Aria, variations",Aria,C minor,"0. Air (unvollstandig)
1. Variation 1 (bass fehlt)
2. Variation 2 (unvollstandig",Keyboard,"(Fragment)
Provient de: Anna Magdalena Bach Notebook - 1722 # 7"
992,,BWV 992,Cappricio sur le départ d'un frère,,B-flat major,"1. Arioso. Adagio
2. Andante
3. Adagissimo
4. ...
5. Aria di Postiglione. Adagio poco
6. Fuga all'imitazione della cornetta di Postiglione",Keyboard,
993,,BWV 993,Cappricio en l'honneur de Johann Christoph Bach,,E major,,Keyboard,Klavierbuchlein fur Widhelm Friedemann Bach
995,,BWV 995,,Suite,G minor,"1. Praludium
2. Presto
3. Allemande
4. Courante
5. Sarabande
6. Gavotte I
7. Gavotte II
8. Gigue",Lute,"Adaptation de la suite # 5 pour Cello, BWV 1011"
996,,BWV 996,,Suite,E minor,"1. Passaggio. ...Presto
2. Allemande
3. Courante
4. Sarabande
5. Bourrée
6. Gigue",Lute,
997,,BWV 997,,Partita,C minor,"1. Preludio
2. Fuga
3. Sarabande
4. Gigue
5. Double",Lute,
998,,BWV 998,"Prélude, fugue, adagio",,E-flat major,"1. Praludium
2. Fuga
3. Allegro",Lute,
999,,BWV 999,,Prelude,C minor,,Lute,
1000,,BWV 1000,,Fugue,G minor,,Lute,"Adaptation du 2è mouvement de Sonate pour Violin, BWV 1001"
1001,,BWV 1001,,Sonata,G minor,"1. Adagio
2. Fuga. Allegro
Repris dans la Fugue BWV 539, BWV 1000
3. Siciliano
4. Presto
2. Fuga. Allegro
Repris dans la Fugue BWV 539, BWV 1000
3. Siciliano
4. Presto",Solo Violin solo,
1002,,BWV 1002,,Partita,B minor,"1. Allemande
2. Double
3. Courante
4. Double. Presto
5. Sarabande
6. Double
7. Tempo di Bourrée
8. Double",Solo Violin solo,
1003,,BWV 1003,,Sonata,A minor,"1. Grave
2. Fuga
3. Andante
Repris dans la sonate BWV 964
4. Allegro",Solo Violin solo,
1004,,BWV 1004,,Partita,D minor,"1. Allemande
2. Courante
3. Sarabande
4. Gigue
5. Chaconne",Solo Violin solo,
1005,,BWV 1005,,Sonata,C major,"1. Adagio
Repris de l'Adagio, BWV 968
2. Fuga. Alla breve
3. Largo (fa majeur)
4. Allegro assai",Solo Violin solo,
1006,,BWV 1006,,Partita,E major,"1. Preludio
Repris de la Sinfonia # 1 de BWV 29, du Choeur # 1 de BWV 120a
2. Loure
3. Gavotte en rondeau
4. Menuet I
5. Menuet II
6. Bourrée
7. Gigue",Solo Violin solo,
1006.1,,BWV 1006a,,Partita,E major,"1. Prélude
2. Loure
3. Gavotte en rondeau
4. Menuet I
5. Menuet II
6. Bourrée
7. Gigue",Harp,Transcription probablement pour harpe
1007,,BWV 1007,,Suite,G major,"1. Prélude
2. Allemande
3. Courante
4. Sarabande
5. Menuet I
6. Menuet II (sol mineur)
7. Gigue",Solo Cello,
1008,,BWV 1008,,Suite,D minor,"1. Prélude
2. Allemande
3. Courante
4. Sarabande
5. Menuet I
6. Menuet II (ré majeur)
7. Gigue",Solo Cello,
1009,,BWV 1009,,Suite,C major,"1. Prélude
2. Allemande
3. Courante
4. Sarabande
5. Bourrée I
6. Bourrée II (do mineur)
7. Gigue",Solo Cello,
1010,,BWV 1010,,Suite,E-flat major,"1. Prélude
2. Allemande
3. Courante
4. Sarabande
5. Bourrée I
6. Bourrée II
7. Gigue",Solo Cello,
1011,,BWV 1011,,Suite,C minor,"1. Prélude
2. Allemande
3. Courante
4. Sarabande
5. Gavotte I
6. Gavotte II
7. Gigue",Solo Cello,"Adaptation de la Suite en sol mineur, BWV 995"
1012,,BWV 1012,,Suite,D major,"1. Prélude
2. Allemande
3. Courante
4. Sarabande
5. Gavotte I
6. Gavotte II
7. Gigue",Solo Cello,
1013,,BWV 1013,,Sonata,A minor,"1. Allemande
2. Courante
3. Sarabande
4. Bourrée anglaise",Solo Flute,
1014,,BWV 1014,,Sonata,B minor,"1. Adagio
2. Allegro
3. Andante (ré majeur)
4. Allegro","Violin, Harpsichord",
1015,,BWV 1015,,Sonata,A major,"1. ...
2. Allegro assai
3. Andante un poco (fa dièse mineur)
4. Presto","Violin, Harpsichord",
1016,,BWV 1016,,Sonata,E major,"1. Adagio
2. Allegro
3. Adagio ma non tanto (do dièse mineur)
4. Allegro","Violin, Harpsichord",
1017,,BWV 1017,,Sonata,C minor,"1. Siciliano. Largo
2. Allegro
3. Adagio (mi bémol majeur)
4. Allegro","Violin, Harpsichord",
1018,,BWV 1018,,Sonata,F minor,"1. Largo
2. Allegro
3. Adagio (do mineur)
4. Vivace","Violin, Harpsichord",
1018.1,,BWV 1018a,Adagio,Sonata,F minor,,"Violin, Harpsichord","Mouvement alternatif pour l'Adagio, BWV 1018"
1019,,BWV 1019,,Sonata,G major,"1. Allegro
2. Largo (mi mineur)
3. Allegro (mi mineur)
4. Adagio (si mineur)
5. Allegro
Basé sur l'Aria # 3 de BWV 202","Violin, Harpsichord",
1019.1,,BWV 1019a,"Allegro, Adagio",Sonata,G major,"1. Cantabile, ma non poco Adagio
Alternatif pour le 3è mouvement (Allegro)
Basé sur l'Aria # 4 de BWV 120
2. Adagio
Mouvement alternatif pout le 4è mouvement (Adagio)
Variation de la Courante, Gavotte de BWV 830","Violin, Keyboard",Mouvements alternatifs pour BWV 1019
1020,,BWV 1020,,Sonata,G minor,"1. Allegro moderato
2. Adagio (mi bémol majeur)
3. Allegro","Violin/Flute , Harpsichord",
1021,,BWV 1021,,Sonata,G major,"1. Adagio
2. Vivace
3. Largo (mi mineur)
4. Presto
Repris dans le Presto de BWV 1022, BWV 1038","Violin, Harpsichord",
1022,,BWV 1022,,Sonata,F major,"1. ...
2. Allegro e presto
3. Adagio (ré mineur)
4. Presto
Repris du Presto de BWV 1021, BWV 1038","Violin, Harpsichord",
1023,,BWV 1023,,Sonata,E minor,"1. Preludio
2. Adagio ma non tanto
3. Allemande
4. Gigue","Violin, Harpsichord",
1024,,BWV 1024,,Sonata,C minor,,"Violin, Harpsichord",
1025,,BWV 1025,,Sonata,A major,"1. Fantasia
2. Courante
3. Entrée
4. Rondeau
5. Sarabande
6. Menuet
7. Allegro","Violin, Harpsichord",
1026,,BWV 1026,Fugue,Sonata,G minor,,"Violin, Harpsichord",
1027,,BWV 1027,,Sonata,G major,"1. Adagio
2. Allegro ma non tanto
3. Andante (mi mineur)
4. Allegro moderato","Cello, Harpsichord",Adaptation de BWV 1039.
1027.1,,BWV 1027a,,Sonata,G major,,Organ,Arrangement de l'Allegro moderato de BWV 1027.
1028,,BWV 1028,,Sonata,D major,"1. Adagio
2. Allegro
3. Andante (si mineur)
4. Allegro","Cello, Harpsichord",
1029,,BWV 1029,,Sonata,G minor,"1. Vivace
2. Adagio (si bémol majeur)
3. Allegro","Cello, Harpsichord",
1030,,BWV 1030,,Sonata,B minor,"1. Andante
2. Largo e dolce (ré majeur)
3. Presto
4. Allegro","Transverse Flute, Harpsichord",
1031,,BWV 1031,,Sonata,E-flat major,"1. Allegro
2. Siciliano (sol mineur)
3. Allegro","Transverse Flute, Harpsichord",
1032,,BWV 1032,,Sonata,A major,,"Transverse Flute, Harpsichord",
1033,,BWV 1033,,Sonata,C major,"1. Andante...Presto
2. Allegro
3. Adagio (la mineur)
4. Menuetto I
5. Menuetto II (la mineur)","Transverse Flute, Harpsichord",
1034,,BWV 1034,,Sonata,E minor,"1. Adagio ma non tanto
2. Allegro
3. Andante (aol majeur)
4. Allegro","Transverse Flute, Harpsichord",
1035,,BWV 1035,,Sonata,E major,"1. Adagio ma non tanto
2. Allegro
3. Siciliano (do dièse mineur)
4. Allegro assai","Transverse Flute, Harpsichord",
1036,,BWV 1036,,Sonata,D minor,"1. Adagio
2. Allegro
3. Largo (fa majeur)
4. Vivace","2 Violins, Harpsichord",
1037,,BWV 1037,,Sonata,C major,"1. Adagio
2. Alla breve
3. Largo (la mineur)
4. Gigue. Presto","2 Violins, Harpsichord",
1038,,BWV 1038,,Sonata,G major,"1. Largo
2. Vivace
3. Adagio (mi mineur)
4. Presto
Repris du Presto de BWV 1021, BWV 1022","Transverse Flute, Violin, Harpsichord",
1039,,BWV 1039,,Sonata,G major,"1. Adagio
2. Allegro ma non presto
3. Adagio e piano (mi mineur)
4. Presto","2 Transverse Flutes, Harpsichord",Arrangement de BWV 1027.
1040,,BWV 1040,Mouvement instrumental,Sonata,F major,,"Violin, Oboes, Harpsichord","Inspiré de l'Air # 13 de BWV 208, l'Air # 2 de BWV 68."
1041,,BWV 1041,,Concerto,A minor,"1. ...
2. Andante (do majeur)
3. Allegro assai","Violin , Strings (2 Violins, Viola), Harpsichord","Transcrit pour clavecin, en sol mineur, BWV 1058"
1042,,BWV 1042,,Concerto,E major,"1. Allegro
2. Adagio (do dièse mineur)
3. Allegro assai","Violin , Strings (2 Violins, Viola), Harpsichord","Transcrit pour clavecin, en ré majeur, BWV 1054."
1043,,BWV 1043,,Concerto,D minor,"1. Vivace
2. Largo ma non tanto (fa majeur)
3. Allegro","Violin , Strings (2 Violins, Viola), Harpsichord","Transcrit pour 2 clavecins, en do mineur, BWV 1062"
1044,,BWV 1044,,Concerto,A minor,"1. Allegro
Repris du Praeludium, en la mineur, BWV 894
2. Adagio ma non tanto e dolce (do majeur)
Repris de l'Adagio, en ré mineur, BWV 527
3. Alla breve
Repris de la Fugue, en la mineur, BWV 894","Transverse Flute, Violin, clavecin , Strings (2 Violins, Viola), Basso Continuo",
1045,,BWV 1045,Concerto brandebourgeois,Concerto,D major,,"Violin, 3 Trumpets, Timpani, 2 Oboes, 2 Violins, Viola, Basso Continuo",Fagment d'une sinfonia.
1046,,BWV 1046,Concerto brandebourgeois,Concerto,F major,"1. Allegro
2. Adagio (ré mineur)
3. Allegro Inspiré du Choeur # 1 de BWV 207
4. Menuetto
5. Trio I (2 Oboes, Bassoon)
6. Polacca (Violins, Violas)
7. Trio II (2 Horns,  3 Oboes à l'unisson）Repris de la Ritournelle # 7 de BWV 207","2 Corni da caccia,  Bassoon, 3 Oboes, Violin piccolo concertante, Strings (2 Violins, Viola, Cello), Basso Continuo","Mouvements 1,2,4,5, 7: repris dans BWV 1071"
1047,,BWV 1047,Concerto brandebourgeois,Concerto,F major,"1. Allegro
2. Andante (ré mineur)
3. Allegro assai
1. Allegro
Repris de la Sinfonia de BWV 174
2. Adagio
3. Allegro
Inspité de la Pastorale, BWV 590","Trumpet, Recorder, Oboes, Violin concertante , Strings (2 Violins, Viola, Cello), Basso Continuo",
1048,,BWV 1048,Concerto brandebourgeois,Concerto,G major,"1. Allegro
Repris de la Sinfonia de BWV 174
2. Adagio
3. Allegro
Inspité de la Pastorale, BWV 590","3 Violins, 3 Violas, 3 Cellos, Basso Continuo",
1049,,BWV 1049,Concerto brandebourgeois,Concerto,G major,"1. Allegro
2. Andante (mi mineur)
3. Presto","Violin principal, 2 Recorders , Strings (2 Violins, Viola, Cello), Basso Continuo","Transcrit pour clavecin en fa majeur, BWV 1057"
1050,,BWV 1050,Concerto brandebourgeois,Concerto,D major,"1. Allegro
2. Affettuoso (si mineur)
3. Allegro","Transverse Flute , Strings (2 Violins, Viola, Cello), Basso Continuo",
1051,,BWV 1051,Concerto brandebourgeois,Concerto,B-flat major,"1. Moderato
2. Adagio ma non tanto (mi bémol majeur)
3. Allegro","2 Violas, 2 Violas da Gamba, Cello, Basso Continuo",
1052,,BWV 1052,,Concerto,D minor,"1. Allegro
Repris de l'Instrumentalstatz # 1 de BWV 146
2. Adagio (sol mineur)
3. Allegro","Harpsichord, 2 Violins, Viola, Basso Continuo",Servi d'inspiration pour l'introduction de BWV 188
1052.1,,BWV 1052a,,Concerto,D minor,"1. Allegro
2. Adagio (sol mineur)
3. Allegro","Harpsichord, 2 Violins, Viola, Basso Continuo",Variante de BWV 1052
1053,,BWV 1053,,Concerto,E major,"1. Allegro
Repris de la Sinfonia de BWV 169
2. Siciliano (do dièse mineur)
Repris de l'Aria # 5 de BWV 169
3. Allegro
Repris de la Sinfonia de BWV 49","Harpsichord, 2 Violins, Viola, Basso Continuo",
1054,,BWV 1054,,Concerto,D major,"1. Allegro
2. Adagio e piano sempre (si mineur)
3. Allegro","Harpsichord, 2 Violins, Viola, Basso Continuo","Transcrit pour Violin en mi majeur, BWV 1042"
1055,,BWV 1055,,Concerto,A major,"1. Allegro
2. Larghetto (fa dièse mineur)
3. Allegro ma non tanto","Harpsichord, 2 Violins, Viola, Basso Continuo",
1056,,BWV 1056,,Concerto,F minor,"1. Allegro moderato
2. Largo (la bémol majeur) Repris de la Sinfonia de BWV 156
3. Presto","Harpsichord, 2 Violins, Viola, Basso Continuo",
1057,,BWV 1057,,Concerto,F major,"1. Allegro
2. Andante (ré mineur)
3. Allegro assai","Harpsichord, 2 Recorders, 2 Violins, Viola, Basso Continuo","Transcription du concerto # 4, BWV 1049"
1058,,BWV 1058,,Concerto,G minor,"1. Allegro
2. Andante (si bémol majeur)
3. Allegro assai","Harpsichord, 2 Violins, Viola, Basso Continuo","Transcription du concerto pour Violin en la mineur, BWV 1041"
1059,,BWV 1059,,Concerto,D minor,,"Harpsichord, Oboe, 2 Violins, Viola, Basso Continuo","Adaptation partielle de Sinfonia # 1, Aria # 2 de BWV 35"
1060,,BWV 1060,,Concerto,C minor,"1. Allegro
2. Adagio (mi bémol majeur)
3. Allegro","2 Harpsichords, 2 Violins, Viola, Basso Continuo","Based on a lost concerto, possibly for oboe and violin or two violins"
1060.1,,BWV 1060R,,Concerto,C minor,"1. Allegro
2. Adagio (mi bémol majeur)
3. Allegro","Solo Oboe, Solo Violin, 2 Violins, Viola, Basso Continuo",Reconstruction of the lost original concerto
1061,,BWV 1061,,Concerto,C major,"1. Allegro
2. Adagio ovvero Largo (la mineur)
3. Fuga","2 Harpsichords, 2 Violins, Viola, Basso Continuo",
1062,,BWV 1062,,Concerto,C minor,"1. Allegro
2. Andante (mi bémol majeur)
3. Allegro assai","2 Harpsichords, 2 Violins, Viola, Basso Continuo","Adaptation du concerto pour 2 Violins, BWV 1043"
1063,,BWV 1063,,Concerto,D minor,"1. Allegro
2. Alla Siciliano (fa majeur)
3. Allegro","3 Harpsichords, 2 Violins, Viola, Basso Continuo",
1064,,BWV 1064,,Concerto,C major,"1. Allegro
2. Adagio (la mineur)
3. Allegro assai","3 Harpsichords, 2 Violins, Viola, Basso Continuo",
1065,,BWV 1065,,Concerto,A minor,"1. Allegro
2. Largo
3. Allegro","4 Harpsichords, 2 Violins, Viola, Basso Continuo","based on concerto b-Moll, Op 3/10 by Vivaldi"
1066,,BWV 1066,,Ouverture-Suite,C major,"1. Ouverture
2. Courante
3. Gavotte I - alternativement
4. Gavotte II
5. Forlane
6. Menuet I - alternativement
7. Menuet II
8. Bourrée I - alternativement
9. Bourrée II (do mineur)
10. Passepied I
11. Passepied II","2 Oboes, Bassoon, 2 Violins, Viola, Basso Continuo",
1067,,BWV 1067,,Ouverture-Suite,B minor,"1. Ouverture
2. Lentement
3. Rondeau
4. Sarabande
5. Bourrée I - alternativement
6. Bourrée II
7. Polonaise
8. Double
9. Menuet
10. Badinerie","Transverse Flute, 2 Violins, Viola, Basso Continuo",
1068,,BWV 1068,,Ouverture-Suite,D major,"1. Ouverture
2. Air
3. Gavotte I
4. Gavotte II
5. Bourrée
6. Gigue","3 Trumpets, timpani, 2 Oboes, 2 Violins, Viola, Basso Continuo",
1069,,BWV 1069,,Ouverture-Suite,D major,"1. Ouverture
Repris du Choeur # 1 de BWV 110
2. Bourrée I
3. Bourrée II (si mineur)
4. Gavotte
5. Menuet I - alternativement
6. Menuet II (2 Violins, Viola), Basso Continuo)
7. Réjouissance","3 Trumpets, timpani, 3 Oboes, Bassoon, 2 Violins, Viola, Basso Continuo",
1070,,BWV 1070,,Ouverture-Suite,G minor,"1. Larghetto...Un poco Allegro
2. Torneo
3. Aria. Adagio (mi bémol majeur)
4. Menuetto alternativo
5. Trio (sol majeur)
6. Capriccio",,
1071,,BWV 1071,,Sinfonia,F major,"1. Allegro
Repris de l'Allegro de BWV 1046, de la Sinfonia de BWV 52
2. Adagio (ré mineur)
Repris de l'Adagio de BWV 1046
3. Menuet
Repris du Menuet de BWV 1046
4. Trio I (2 Oboes, Bassoon)
Repris du Trio I de BWV 1046>
5. Trio II (2 Horns,  Violin)
Repris du Trio II de BWV 1046",,
1072,,BWV 1072,,Canon,C major,,"V1, V2, V3, V4, V5, V6, V7, V8",
1073,,BWV 1073,,Canon,A minor,,"V1, V2, V3, V4",
1074,,BWV 1074,,Canon,D minor,,"V1, V2, V3, V4, V5",
1075,,BWV 1075,,Canon,C major,,"V1, V2",
1076,,BWV 1076,,Canon,G major,,"V1, V2, V3, V4, V5, V6",
1077,,BWV 1077,,Canon,G major,,"V1, V2, V3",
1078,,BWV 1078,,Canon,F major,,"V1, V2, V3, V4, V5, V6, V7",
1079,,BWV 1079,Offrande musicale,,C minor,"1. Ricercare a 3 voci, pour clavecin
2. Canon perpetuus super thema regium, pour instruments à Strings
3. Canones diversi
3a. Canon a 2, pour instruments à Strings
3b. Canon a 2, pour 2 Violins à l'unisson
3c. Canon a 2, per motum contrarium, pour instruments à Strings
3d. Canon a 2, per augmentationem, contrario motu, pour instruments à Strings
3e. Canon a 2, per tonos, pour instruments à Strings
4. Fuga canonica in Epidiapente, pour instruments à Strings
5. Ricercare a 6, pour clavecin
6. Canon a 3 (Quaerando invenietis, pour clavecin
7. Canon a 4, pour clavecin
8. Trio pour flûte, Violin, Basso Continuo
8a. Largo
8b. Allegro
8c. Andante (mi bémol majeur)
8d. Allegro
9. Canone perpetuo, pour flûte, Violin, Basso Continuo",,
1080,,BWV 1080,L'Art de la fugue,,D major,"1. Contrapunctus # 1, pour clavecin
2. Contrapunctus # 2, pour clavecin
3. Contrapunctus # 3, pour clavecin
4. Contrapunctus # 4, pour clavecin
5. Contrapunctus # 5, pour clavecin , pédalier
6. Contrapunctus # 6, a 4 in stile francese, pour clavecin , pédalier
7. Contrapunctus # 7, a 4 per augmentationem, diminutionem, pour clavecin , pédalier
8. Contrapunctus # 8, a 3, pour clavecin
9. Contrapunctus # 9, a 4 alla duodecima, pour clavecin
10. Contrapunctus # 10, a 4 alla decima, pour clavecin
10a. Contrapunctus # 10a, a 4, pour clavecin
11. Contrapunctus # 11, pour clavecin
12a. Contrapunctus # 12a, a 4 (rectus, pour 2 clavecins
12b. Contrapunctus # 12b, a 4 (inversus, pour 2 clavecins
13a. Contrapunctus # 13a, a 3 (rectus, pour 2 clavecins ou orgue
13b. Contrapunctus # 13b, a 3 (inversus, pour 2 clavecins ou orgue
14. Canon per augmentationem in contrario motu, pour clavecin
15. Canon alla ottava, pour clavecin
16. Canon alla decima (contrapuncto alla terza)
17. Canon alla duodecima (contrapuncto alla quinta)
18a. Fuga, pour 2 clavecins
18b. Ali modo Fuga, pour 2 clavecins
19. Fuga a 3 soggetti, pour clavecin",Harpsichords,
1081,,BWV 1081,Credo in unun Deum,Mass,F minor,1. Credo in unum Deum,"SATB , Basso Continuo",intonnation pour choeur pour une messe brève de Giovanni Battista Bassani
1082,,BWV 1082,Suscepit Israel puerum suum,,G major,01 Suscepit Israel puerum suum,"SATB , 2 Violins, Viola, Basso Continuo","3è strophe d'un Magnificat, en do majeur, d'Antonio Caldara"
1083,,BWV 1083,"Tilge, Höchster, meine Sünden",Motet,,"01 Tilge, Höchster, meine Sünden pour soprano, en fa mineur (Largo)
02 Ist mein Herz Missetaten pour soprano, en do mineur
03 Missetaten, die mich drükken pour soprano, Viola, en sol mineur
04 Dich erzürnt mein Tun und Lassen pour Viola, en mi bémol majeur
05 Wer wird seine Schuld pour soprano, Viola, en do mineur
06 Sieh, ich bin in Sünd empfangen pour soprano, Viola, en mi bémol majeur
07 Sieh, du willst die Wahrheit pour soprano, en fa mineur
08 Wasche mich doch rein pour Viola, en sol mineur
09 Lass mich Freud und Wonne spüren pour soprano, Viola, en sol mineur
10 Schaue nicht auf meine Sünden pour soprano, Viola, en mi bémol majeur
11 Öffne Lippen Mund und Seele pour Viola, en sol mineur
12 Denn du willst kein Opfer pour soprano, Viola, en fa mineur (Largo)
13 Lass dein Zion blühend dauern pour soprano, Viola, en si bémol majeur (Vivace)
14 Amen pour soprano, Viola, en fa mineur / fa majeur","V1, V2, 2 Violins, Viola, Basso Continuo.",Parodie du Stabat mater de Giovanni Battista Pergolesi
1084,,BWV 1084,"O hilf, Christe, Gottes Sohn",Choralvorspiel,G minor,,SATB,
1085,,BWV 1085,"O Lamm Gottes, unschuldig",Choralvorspiel,F major,,Organ,
1086,,BWV 1086,,Canon,C major,,"V1, V2",
1087,,BWV 1087,14 Canons sur les 8 premières notes fondamentales de l'Air des Variations Goldberg,,G major,"1. Canon simplex
2. All' roverscio
3. Beede vorigen Canones zugleich, motu recto e contrario
4. Moru contrario e recto
5. Canon duplex à 4
6. Canon simplex über besagtes Fundament
7. Idem à 3
8. Canon simplex à 3, il soggetto in Alto
9. Canon in unisono post semifusam à 3
10. Alio modo, per syncopationes, per ligaturas à 2
11. Canon duplez übers Fundament à 5
12. Canon duplex über besagte Fundamental - Noten à 5
13. Canon triplex à 6
14. Canon à 4 per Augmentationem, Diminutionem",,
1088,,BWV 1088,So heb ich denn mein Auge sehnlich auf,Aria,G minor/E-flat major,,B,d'une Passion-pastiche d'après Carl Heinrich Graun
1089,,BWV 1089,Da Jesus an dem Kreutze stund,Choralvorspiel,A minor,,SATB,
1090,,BWV 1090,Wir Christenleut',,G minor,,Organ,Manuscrit Johann Gottfried Neumeister - Yale University
1091,,BWV 1091,Das alte Jahr vergangen ist,,A minor,,Organ,Manuscrit Johann Gottfried Neumeister - Yale University
1092,,BWV 1092,"Herr Gott, nun schleuss den Himmel auf",,A minor,,Organ,Manuscrit Johann Gottfried Neumeister - Yale University
1093,,BWV 1093,"Herzliebster Jesu, was hast du verbrochen",,G minor,,Organ,Manuscrit Johann Gottfried Neumeister - Yale University
1094,,BWV 1094,"O Jesu, wie ist dein Gestalt",,D minor,,Organ,Manuscrit Johann Gottfried Neumeister - Yale University
1095,,BWV 1095,O Lamm Gottes unschuldig,,F major,,Organ,Manuscrit Johann Gottfried Neumeister - Yale University
1096,,BWV 1096,"Christe, der du bist Tag und Licht / oder / Wir danken dir, Herr Jesu Christ",,A minor,,Organ,Manuscrit Johann Gottfried Neumeister - Yale University
1097,,BWV 1097,"Ehre sei dir, Christe, der du leidest Not",,D major,,Organ,Manuscrit Johann Gottfried Neumeister - Yale University
1098,,BWV 1098,Wir glauben all an einen Gott,,D minor,,Organ,Manuscrit Johann Gottfried Neumeister - Yale University
1099,,BWV 1099,Aus tiefer Not schrei' ich zu dir,,G major,,Organ,Manuscrit Johann Gottfried Neumeister - Yale University
1100,,BWV 1100,"Allein zu dir, Herr Jesu Christ",,C major,,Organ,Manuscrit Johann Gottfried Neumeister - Yale University
1101,,BWV 1101,Durch Adams Fall ist ganz verderbt,,G major,,Organ,Manuscrit Johann Gottfried Neumeister - Yale University
1102,,BWV 1102,"Du Friedefürst, Herr Jesu Christ",,B-flat major,,Organ,Manuscrit Johann Gottfried Neumeister - Yale University
1103,,BWV 1103,"Erhalt uns, Herr, bei deinem Wort",,D minor,,Organ,Manuscrit Johann Gottfried Neumeister - Yale University
1104,,BWV 1104,Wenn dich Unglück tut greifen,,E minor,,Organ,Manuscrit Johann Gottfried Neumeister - Yale University
1105,,BWV 1105,"Jesu, meine Freude",,D minor,,Organ,Manuscrit Johann Gottfried Neumeister - Yale University
1106,,BWV 1106,"Gott ist mein Heil, Hilf und Trost",,G major,,Organ,Manuscrit Johann Gottfried Neumeister - Yale University
1107,,BWV 1107,"Jesu, meines Lebens Leben",,G major,,Organ,Manuscrit Johann Gottfried Neumeister - Yale University
1108,,BWV 1108,Als Jesus Christus in der Nacht,,G major,,Organ,Manuscrit Johann Gottfried Neumeister - Yale University
1109,,BWV 1109,"Ach Gott, tu dich erbarmen",,A minor,,Organ,Manuscrit Johann Gottfried Neumeister - Yale University
1110,,BWV 1110,"O Herre Gott, dein göttlich Wort",,F major,,Organ,Manuscrit Johann Gottfried Neumeister - Yale University
1111,,BWV 1111,Nun lasset uns den Leib begrab'n,,G major,,Organ,Manuscrit Johann Gottfried Neumeister - Yale University
1112,,BWV 1112,"Christus, der ist mein Leben",,F major,,Organ,Manuscrit Johann Gottfried Neumeister - Yale University
1113,,BWV 1113,Ich hab mein Sach Gott heimgestellt,,B minor,,Organ,Manuscrit Johann Gottfried Neumeister - Yale University
1114,,BWV 1114,"Herr Jesu Christ, du höchstes Gut",,F minor,,Organ,Manuscrit Johann Gottfried Neumeister - Yale University
1115,,BWV 1115,"Herzlich lieb hab ich dich, o Herr",,C major,,Organ,Manuscrit Johann Gottfried Neumeister - Yale University
1116,,BWV 1116,"Was Gott tut, das ist wohlgetan",,G major,,Organ,Manuscrit Johann Gottfried Neumeister - Yale University
1117,,BWV 1117,Alle Menschen müssen sterben,,B-flat major,,Organ,Manuscrit Johann Gottfried Neumeister - Yale University
1118,,BWV 1118,"Werde munter, mein Gemüte",,D major,,Organ,Manuscrit Johann Gottfried Neumeister - Yale University
1119,,BWV 1119,Wie nach einer Wasserquelle,,A minor,,Organ,Manuscrit Johann Gottfried Neumeister - Yale University
1120,,BWV 1120,"Christ, der du bist der helle Tag",,E minor,,Organ,Manuscrit Johann Gottfried Neumeister - Yale University
1121,,BWV 1121,,Fantasia,C minor,,Organ,Anciennement Anh 205
1122,,BWV 1122,"Denket doch, Ihr Menschenkinder",,,,SATB,"texte: Johann Hübner
d'après une copie de J.L. Dietel"
1123,,BWV 1123,Wo Gott zum Haus nicht gibt sein Gut,,,,SATB,"texte: Johann Kolrose, 1535
d'après une copie de J.L. Dietel"
1124,,BWV 1124,"Ich ruf zu Dir, Herr Jesu Christ",,,,SATB,"texte: Johann Agricola, 1529/1531
d'après une copie de J.L. Dietel"
1125,,BWV 1125,"O Gott, du frommer Gott",,,,SATB,"texte: Johann Heermann, 1630
d'après une copie de J.L. Dietel"
1126,,BWV 1126,"Lobet Gott, unsern Herrn",,,,S,
1127,,BWV 1127,"Alles mit Gott, und nichts ohn' ihn",,,,"S, Violin, Viola, Basso Continuo",découvert en juin 2005 à la Librairie Anna Amalia de Weimar par Michael Maul
1128,,BWV 1128,"Wo Gott, der Herr, nicht bei uns hält",,G minor,,Organ,"fantaisie sur un choral,
antérieurement Anh 71
découvert en mars 2008 à la Universitäts- und Landesbibliothek Sachsen-Anhalt de Halle par Stephan Blaut, Michael Pacholke."