SORT,Series,No.,Catalogue,Opus,Date,Title,Type,Key,Movement,Instrumentation,Note
1,Hob. I,1,Hob. I:1,,1759,,Symphony,D major,"1. Presto (D major)
2. Andante (G major)
3. Finale: Presto (D major)","2 Oboes, 2 Horns, 2 Violins, Viola, Cello, Basso",
1,Hob. I,2,Hob. I:2,,1760,,Symphony,C major,"1. Allegro (C major)
2. Andante (G major)
3. Finale: Presto (C major)","2 Oboes, 2 Horns, 2 Violins, Viola, Cello, Basso",
1,Hob. I,3,Hob. I:3,,1762,,Symphony,G major,"1. Allegro (G major)
2. Andante moderato (G minor)
3. Menuetto (G major), Trio
4. Finale: Presto (G major)","2 Oboes, 2 Horns, 2 Violins, Viola, Cello, Basso",
1,Hob. I,4,Hob. I:4,,1762,,Symphony,D major,"1. Presto (D major)
2. Andante (D minor)
3. Finale: Tempo di Menuetto (D major)","2 Oboes, 2 Horns, 2 Violins, Viola, Cello, Basso",
1,Hob. I,5,Hob. I:5,,1762,,Symphony,A major,"1. Adagio non troppo (A major)
2. Allegro (A major)
3. Menuetto (A major), Trio
4. Finale: Presto (A major)","2 Oboes, 2 Horns, 2 Violins, Viola, Cello, Basso",
1,Hob. I,6,Hob. I:6,,1761,Le Matin,Symphony,D major,"1. Adagio (D major); Allegro
2. Adagio (G major); Andante; Adagio
[Strings seulement]
3. Menuetto (D major), Trio (la mineur)
4. Finale: Allegro (D major)","Flute, 2 Oboes, Bassoon, 2 Horns, Violin concertant, Cello concertant, 2 Violins, Viola, Cello, Basso",
1,Hob. I,7,Hob. I:7,,1761,Le Midi,Symphony,C major,"1. Adagio (C major); Allegro
2. Recitativo: Adagio (C minor); Allegro; Adagio
3. Adagio (G major)
4. Menuetto (C major), Trio
5. Finale: Allegro (C major)","2 Flutes, 2 Oboes, Bassoon, 2 Horns, Violin I concertant, Violin II concertant, Cello obligé,2 Violins, Viola, Cello, Basso",
1,Hob. I,8,Hob. I:8,,1761,Le Soir,Symphony,G major,"1. Allegro molto (G major)
2. Andante (C major)
3. Menuetto (G major), Trio (C major)
4. La Tempesta: Presto (G major)","Flute, 2 Oboes,  Bassoon[Solo], 2 Horns, 2 Solo Violins, 2 Violins, Viola, Cello, Basso",
1,Hob. I,9,Hob. I:9,,1762,,Symphony,C major,"1. Allegro molto (C major)
2. Andante (G major)
3. Finale: Menuetto, trio (C major)","2 Oboes, 2 Horns, 2 Violins, Viola, Cello, Basso",
1,Hob. I,10,Hob. I:10,,1763,,Symphony,D major,"1. Allegro (D major)
2. Andante (G major)
3. Finale: Vivace (D major)","2 Oboes, 2 Horns, 2 Violins, Viola, Cello, Basso",
1,Hob. I,11,Hob. I:11,,1763,,Symphony,E-flat major,"1. Adagio cantabile (E-flat major)
2. Allegro (E-flat major)
3. Menuetto (E-flat major), Trio (B-flat major)
4. Finale: Presto (E-flat major)","2 Oboes, 2 Horns, 2 Violins, Viola, Cello, Basso",
1,Hob. I,12,Hob. I:12,,1763,,Symphony,E major,"1. Allegro (E major)
2. Adagio (E minor)
3. Finale: Presto (E major)","2 Oboes, 2 Horns, 2 Violins, Viola, Cello, Basso",
1,Hob. I,13,Hob. I:13,,1763,,Symphony,D major,"1. Allegro molto (D major)
2. Adagio cantabile (G major)
3. Menuet (D major), Trio (G major)
4. Finale: Allegro molto (D major)","Flute, 2 Oboes, 4 Horns, (Timpani), Solo Cello, 2 Violins, Viola, Cello, Basso",
1,Hob. I,14,Hob. I:14,,1764,,Symphony,A major,"1. Allegro molto (A major)
2. Andante (D major)
3. Menuetto (A major), Trio (la mineur)
4. Finale: Allegro (A major)","2 Oboes, 2 Horns, 2 Violins, Viola, Cello, Basso",
1,Hob. I,15,Hob. I:15,,1764,,Symphony,D major,"1. Adagio (D major); Presto; Adagio
2. Menuetto (D major), trio (G major)
3. Andante (G major)
4. Presto (D major)","2 Oboes, 2 Horns, 2 Violins, Viola, Cello, Basso",
1,Hob. I,16,Hob. I:16,,1766,,Symphony,B-flat major,"1. Allegro (B-flat major)
2. Andante (E-flat major)
3. Finale: Presto (B-flat major)","2 Oboes, (2 Horns), 2 Violins, Viola, Cello, Basso",
1,Hob. I,17,Hob. I:17,,1764,,Symphony,F major,"1. Allegro (F major)
2. Andante (F minor)
3. Finale: Allegro molto (F major)","(2 Oboes), 2 Horns, 2 Violins, Viola, Cello, Basso",
1,Hob. I,18,Hob. I:18,,1764,,Symphony,G major,"1. Andante molto (G major)
2. Allegro molto (G major)
3. Tempo di Menuetto (G major / G minor)","2 Oboes, 2 Horns, 2 Violins, Viola, Cello, Basso",
1,Hob. I,19,Hob. I:19,,1764,,Symphony,D major,"1. Allegro molto (D major)
2. Andante (D minor)
3. Presto (D major)","2 Oboes, 2 Horns, 2 Violins, Viola, Cello, Basso",
1,Hob. I,20,Hob. I:20,,1764,,Symphony,C major,"1. Allegro molto (C major)
2. Andante cantabile (G major)
3. Menuetto (C major), Trio (F major)
4. Presto (C major)","2 Oboes, 2 Horns, 2 Trumpets, Timpani, 2 Violins, Viola, Cello, Basso",
1,Hob. I,21,Hob. I:21,,1764,Brukenthal,Symphony,A major,"1. Adagio (A major)
2. Presto (A major)
3. Menuetto (A major), Trio (la mineur)
4. Finale: Allegro molto (A major)","2 Oboes, 2 Horns, 2 Violins, Viola, Cello, Basso",
1,Hob. I,22,Hob. I:22,,1764,Der Philosoph,Symphony,E-flat major,"1. Adagio (E-flat major)
2. Presto (E-flat major)
3. Menuetto (E-flat major), Trio
4. Finale: Presto (E-flat major)
*. Andante grazioso (la bémol majeur)
2 Oboes, 2 Horns, Strings
mouvement supplémentaire
alternatif","2 English Horns, 2 Horns, 2 Violins, Viola, Cello, Basso",
1,Hob. I,23,Hob. I:23,,1764,,Symphony,G major,"1. Allegro (G major)
2. Andante (C major)
3. Menuet (G major), Trio (C major)
4. Finale: Presto assai (G major)","2 Oboes, 2 Horns, 2 Violins, Viola, Cello, Basso",
1,Hob. I,24,Hob. I:24,,1764,,Symphony,D major,"1. Allegro (D major)
2. Adagio cantabile (G major)
3. Menuet (D major), Trio
4. Finale: Allegro (D major)","Solo Flute, 2 Oboes, 2 Horns, 2 Violins, Viola, Cello, Basso",
1,Hob. I,25,Hob. I:25,,1765,,Symphony,C major,"1. Adagio (C major); Allegro molto
2. Menuetto (C major), Trio
3. Presto (C major)","2 Oboes, 2 Horns, 2 Violins, Viola, Cello, Basso",
1,Hob. I,26,Hob. I:26,,1765,Lamentatione / Weihnacht,Symphony,D minor,"1. Allegro assai con spirito (D minor)
2. Adagio (F major)
3. Menuetto (D minor), Trio (D major)","2 Oboes, 2 Horns, 2 Violins, Viola, Cello, Basso",
1,Hob. I,27,Hob. I:27,,1765,,Symphony,G major,"1. Allegro molto (G major)
2. Andante: Siciliano (C major)
3. Finale: Presto (G major)","2 Oboes, (2 Horns), 2 Violins, Viola, Cello, Basso",
1,Hob. I,28,Hob. I:28,,1765,,Symphony,A major,"1. Allegro di molto (A major)
2. Poco Adagio (D major)
3. Menuet: Allegro molto (A major), Trio (la mineur)
4. Presto assai (A major)","2 Oboes, 2 Horns, 2 Violins, Viola, Cello, Basso",
1,Hob. I,29,Hob. I:29,,1765,,Symphony,E major,"1. Allegro di molto (E major)
2. Andante (A major)
3. Menuet: Allegretto (E major), Trio (E minor)
4. Finale: Presto (E major)","2 Oboes, 2 Horns, 2 Violins, Viola, Cello, Basso",
1,Hob. I,30,Hob. I:30,,1765,Alleluja,Symphony,C major,"1. Allegro (C major)
2. Andante (G major)
3. Finale: Tempo di Menuet piu tosto Allegretto (C major)","Flute, 2 Oboes, 2 Horns, 2 Violins, Viola, Cello, Basso",
1,Hob. I,31,Hob. I:31,,1765,Hornsignal,Symphony,D major,"1. Allegro (D major)
2. Adagio (G major)
3. Menuetto (D major), Trio
4. Finale: Moderato molto (D major), 7 variations; Presto","Flute, 2 Oboes, 4 Horns, Violin concertant, 2 Violins, Viola, Cello obligé, Basso (, Bassoon)",
1,Hob. I,32,Hob. I:32,,1766,,Symphony,C major,"1. Allegro molto (C major)
2. Menuetto (C major), Trio (C minor)
3. Adagio ma non troppo (F major)
4. Presto (C major)","2 Oboes, 2 Horns, 2 Trumpets, Timpani, 2 Violins, Viola, Cello, Basso",
1,Hob. I,33,Hob. I:33,,1767,,Symphony,C major,"1. Vivace (C major)
2. Andante (C minor)
3. Menuetto (C major), Trio (F major)
4. Finale: Allegro (C major)","2 Oboes, 2 Horns, (2 Trumpets, Timpani), 2 Violins, Viola, Cello, Basso",
1,Hob. I,34,Hob. I:34,,1766,,Symphony,D minor,"1. Adagio (D minor)
2. Allegro (D major)
3. Menuetto (D major), Trio
4. Presto assai (D major)","2 Oboes, 2 Horns, 2 Violins, Viola, Cello, Basso",
1,Hob. I,35,Hob. I:35,,1767,,Symphony,B-flat major,"1. Allegro di molto (B-flat major)
2. Andante (E-flat major)
3. Menuet: Un poco Allegretto (B-flat major), Trio (E-flat major)
4. Finale: Presto (B-flat major)","2 Oboes, 2 Horns, 2 Violins, Viola, Cello, Basso",
1,Hob. I,36,Hob. I:36,,1765,,Symphony,E-flat major,"1. Vivace (E-flat major)
2. Adagio (E-flat major)
3. Menuetto (E-flat major), Trio (B-flat major)
4. Allegro (E-flat major)","2 Oboes, 2 Horns, Violin, Cello obligés, 2 Violins, Viola, Cello, Basso",
1,Hob. I,37,Hob. I:37,,1758,,Symphony,C major,"1. Presto (C major)
2. Andante (C minor)
3. Menuetto (C major), Trio (C minor)
4. Presto (C major)","2 Oboes, 2 Horns, (2 Trumpets, Timpani), 2 Violins, Viola, Cello, Basso",
1,Hob. I,38,Hob. I:38,,1766,,Symphony,C major,"1. Allegro molto (C major)
2. Andante molto (F major)
3. Menuetto (C major), Trio (F major)
4. Allegro (C major)","2 Oboes, 2 Horns, 2 Trumpets, Timpani, 2 Violins, Viola, Cello, Basso",
1,Hob. I,39,Hob. I:39,,1770,Tempesta di mare,Symphony,G minor,"1. Allegro assai (G minor)
2. Andante (E-flat major)
3. Menuetto (G minor), Trio (B-flat major)
4. Finale: Allegro molto (G minor)","2 Oboes, 4 Horns, 2 Violins, Viola, Cello, Basso",
1,Hob. I,40,Hob. I:40,,1763,,Symphony,F major,"1. Allegro (F major)
2. Andante piu tosto Allegretto (B-flat major)
3. Menuet (F major), Trio
4. Finale: Fugue - Allegro (F major)","2 Oboes, 2 Horns, 2 Violins, Viola, Cello, Basso",
1,Hob. I,41,Hob. I:41,,1771,,Symphony,C major,"1. Allegro con spirito (C major)
2. Poco Andante (F major)
3. Menuetto (C major), Trio
4. Presto (C major)","Solo Flute, 2 Oboes, 2 Horns, 2 Trumpets, Timpani, 2 Violins, Viola, Cello, Basso",
1,Hob. I,42,Hob. I:42,,1771,,Symphony,D major,"1. Moderato e maestoso (D major)
2. Andantino (A major)
3. Menuet: Allegretto (D major), Trio
4. Finale: Scherzando e Presto (D major)","2 Oboes, 2 Horns, (2 Trumpets, Timpani), 2 Violins, Viola, Cello, Basso",
1,Hob. I,43,Hob. I:43,,1772,Mercury,Symphony,E-flat major,"1. Allegro (E-flat major)
2. Adagio (la bémol majeur)
3. Menuetto (E-flat major), Trio (C minor)
4. Finale: Allegro (E-flat major)","2 Oboes, 2 Horns, 2 Violins, Viola, Cello, Basso",
1,Hob. I,44,Hob. I:44,,1772,Trauer,Symphony,E minor,"1. Allegro con brio (E minor)
2. Menuet: Allegretto - Canone in diapason (E minor), Trio (E major)
3. Adagio (E major)
4. Finale: Presto (E minor)","2 Oboes, 2 Horns, 2 Violins, Viola, Cello, Basso",
1,Hob. I,45,Hob. I:45,,1772,Abschieds,Symphony,F-sharp minor,"1. Allegro assai (fa dièse mineur)
2. Adagio (A major)
3. Menuet: Allegretto (fa dièse majeur), Trio
4. Finale: Presto (fa dièse mineur); Adagio (A major)","2 Oboes, 2 Horns, 2 Violins, Viola, Cello, Basso",
1,Hob. I,46,Hob. I:46,,1772,,Symphony,B major,"1. Vivace (B major)
2. Poco Adagio (B minor)
3. Menuet: Allegretto (B major), Trio (B minor)
4. Finale: Presto e Scherzando (B major)","2 Oboes, 2 Horns, 2 Violins, Viola, Cello, Basso",
1,Hob. I,47,Hob. I:47,,1772,Palindrome,Symphony,G major,"1. Allegro (G major)
2. Un pco Adagio (D major)
3. Menuet al Roverso (G major), Trio al Roverso
4. Finale: Presto assai (G major)","2 Oboes, 2 Horns, 2 Violins, Viola, Cello, Basso",
1,Hob. I,48,Hob. I:48,,1773?,Maria Theresia,Symphony,C major,"1. Allegro (C major)
2. Adagio (F major)
3. Menuetto (C major), Trio (C minor)
4. Finale: Allegro (C major)","2 Oboes, 2 Horns, (2 Trumpets, Timpani), 2 Violins, Viola, Cello, Basso",
1,Hob. I,49,Hob. I:49,,1768,La Passione,Symphony,F major,"1. Adagio (F minor)
2. Allegro di molto (F minor)
3. Menuet (F minor), Trio (F major)
4. Finale: Presto (F minor)","2 Oboes, 2 Horns, 2 Violins, Viola, Cello, Basso",
1,Hob. I,50,Hob. I:50,,1773,,Symphony,C major,"1. Adagio e maestoso (C major); Allegro di molto
2. Andante moderato (G major)
3. Menuetto (C major), Trio (F major)
4. Finale: Presto (C major)","2 Oboes, 2 Horns, 2 Trumpets, Timpani, 2 Violins, Viola, Cello, Basso",
1,Hob. I,51,Hob. I:51,,1772-1774,,Symphony,B-flat major,"1. Vivace (B-flat major)
2. Adagio (E-flat major)
3. Menuetto (B-flat major), Trios I, II
4. Finale: Allegro (B-flat major)","2 Oboes, 2 Horns, 2 Violins, Viola, Cello, Basso",
1,Hob. I,52,Hob. I:52,,1772-1774,,Symphony,C minor,"1. Allegro assai (C minor)
2. Andante (C major)
3. Menuetto (C minor), Trio (C major)
4. Finale: Presto (C minor)","2 Oboes, Bassoon, 2 Horns, 2 Violins, Viola, Cello, Basso",
1,Hob. I,53,Hob. I:53,,1775,L'Impériale,Symphony,D major,"1. Largo maestoso (D major); Vivace
2. Andante (A major)
3. Menuet (D major), Trio
4. Finale: Presto (D major)
(finale: 1ère version)
*. Capriccio: Moderato (D major)
(finale: 2è version)
*. Presto (D major)
(finale: 3è version)
*. Presto (D major)
(finale: 4è version)","Flute, 2 Oboes, Bassoon (1st version: 2 Bassoons), 2 Horns, (2 Trumpets, Timpani), 2 Violins, Viola, Cello, Basso",
1,Hob. I,54,Hob. I:54,,1774,,Symphony,G major,"1. Adagio maestoso (G major); Presto
2. Adagio assai (C major)
3. Menuet: Allegretto (G major), Trio
4. Finale: Presto (G major)","(2 Flutes), 2 Oboes, 2 Bassoons, 2 Horns, (2 Trumpets, Timpani), 2 Violins, Viola, Cello, Basso",
1,Hob. I,55,Hob. I:55,,1774,Der Schulmeister,Symphony,E-flat major,"1. Allegro di molto (E-flat major)
2. Adagio, ma semplicemente (B-flat major)
3. Menuetto (E-flat major), Trio
4. Finale: Presto (E-flat major)","2 Oboes, 2 Horns, 2 Violins, Viola, Basso (, Bassoon)",
1,Hob. I,56,Hob. I:56,,1774,,Symphony,C major,"1. Allegro di molto (C major)
2. Adagio (F major)
3. Menuetto (C major), Trio (F major)
4. Finale: Prestissimo (C major)","2 Oboes, Solo Bassoon, 2 Horns, 2 Trumpets, Timpani, 2 Violins, Viola, Cello, Basso",
1,Hob. I,57,Hob. I:57,,1774,,Symphony,D major,"1. Adagio (D major); Allegro di molto
2. Adagio (G major)
3. Menuet: Allegretto (D major), Trio (D minor)
4. Finale: Prestissimo (D major)","2 Oboes, 2 Horns, (Timpani), 2 Violins, Viola, Cello, Basso",
1,Hob. I,58,Hob. I:58,,1766?,,Symphony,F major,"1. Allegro moderato (F major)
2. Andante (B-flat major)
3. Menuetto alla Zoppo un poco Allegretto (F major), Trio
4. Presto (F major)","2 Oboes, 2 Horns, 2 Violins, Viola, Cello, Basso",
1,Hob. I,59,Hob. I:59,,1769,Feuer,Symphony,A major,"1. Presto (A major)
2. Andante piu tosto Allegretto (la mineur)
3. Menuetto (A major), Trio (la mineur)
4. Allegro assai (A major)","2 Oboes, 2 Horns, 2 Violins, Viola, Cello, Basso",
1,Hob. I,60,Hob. I:60,,1775,Il Distratto,Symphony,C major,"1. Adagio (C major); Allegro di molto
2. Adagio (G major)
3. Menuetto (C major), Trio (C minor)
4. Presto (C minor)
5. Adagio (F major)
6. Finale: Prestissimo (C major)","2 Oboes, 2 Horns, (2 Trumpets), Timpani, 2 Violins, Viola, Cello, Basso",
1,Hob. I,61,Hob. I:61,,1776,,Symphony,D major,"1. Vivace (D major)
2. Adagio (A major)
3. Menuet: Allegretto (D major), Trio
4. Finale: Prestissimo (D major)","Flute, 2 Oboes, 2 Bassoons, 2 Horns, (2 Trumpets), Timpani, 2 Violins, Viola, Cello, Basso",
1,Hob. I,62,Hob. I:62,,1780,,Symphony,D major,"1. Allegro (D major)
2. Allegretto (D major)
3. Menuetto (D major), Trio (G major)
4. Allegro (D major)","Flute, 2 Oboes, Bassoon, 2 Horns, 2 Violins, Viola, Cello, Basso",
1,Hob. I,63,Hob. I:63,,1777,La Roxelane,Symphony,C major,"1. Vivace (C major)
2. Allegretto piu tosto Allegro (C minor)
3a. Menuetto (C major), Trio
(version initiale)
3b. Menuetto (C major), Trio
(version révisée)
4a. Finale: Presto (C major)
(version initiale)
4b. Finale: Prestissimo (C major)
(version révisée)","Flute, 2 Oboes, 2 Bassoons (Revised version: Bassoon), 2 Horns, (Initial version: 2 Trumpets), Timpani, 2 Violins, Viola, Cello, Basso",
1,Hob. I,64,Hob. I:64,,1775,Tempora mutantur,Symphony,A major,"1. Allegro con spirito (A major)
2. Largo (D major)
3. Menuetto (A major), Trio
4. Finale: Presto (A major)","2 Oboes, 2 Horns, 2 Violins, Viola, Cello, Basso",
1,Hob. I,65,Hob. I:65,,1772-1774,,Symphony,A major,"1. Vivace con spirito (A major)
2. Andante (D major)
3. Menuetto (A major), Trio (la mineur)
4. Finale: Presto (A major)","2 Oboes, 2 Horns, 2 Violins, Viola, Cello, Basso",
1,Hob. I,66,Hob. I:66,,1778-1779,,Symphony,B-flat major,"1. Allegro con brio (B-flat major)
2. Adagio (F major)
3. Menuetto (B-flat major), Trio
4. Finale: Presto (B-flat major)","2 Oboes, 2 Bassoons, 2 Horns, 2 Violins, Viola, Cello, Basso",
1,Hob. I,67,Hob. I:67,,1778-1779,,Symphony,F major,"1. Presto (F major)
2. Adagio (B-flat major)
3. Menuetto (F major), Trio
4. Finale: Allegro di molto (F major)","2 Oboes, 2 Bassoons, 2 Horns, 2 Violins, Viola, Cello, Basso",
1,Hob. I,68,Hob. I:68,,1778-1779,,Symphony,B-flat major,"1. Vivace (B-flat major)
2. Adagio cantabile (E-flat major)
3. Menuetto (B-flat major), Trio
4. Finale: Presto (B-flat major)","2 Oboes, 2 Bassoons, 2 Horns, (2 Trumpets), 2 Violins, Viola, Cello obligé, Basso",
1,Hob. I,69,Hob. I:69,,1778-1779,,Symphony,C major,"1. Allegro vivace (C major)
2. Un poco Adagio, piu tosto Andante (F major)
3. Menuetto (C major), Trio
4. Finale: Presto (C major)","2 Oboes, 2 Bassoons, 2 Horns, 2 Trumpets, timpani, 2 Violins, Viola, Cello, Basso",Loudon (Laudon)
1,Hob. I,70,Hob. I:70,,1779,,Symphony,D major,"1. Vivace con brio (D major)
2. Andante (D minor)
3. Menuetto (D major), Trio
4. Finale: Allegro con brio (D minor); Fugato. Allegro","Flute, 2 Oboes, Bassoon, 2 Horns, (2 Trumpets, Timpani), 2 Violins, Viola, Cello, Basso",
1,Hob. I,71,Hob. I:71,,1780,,Symphony,B-flat major,"1. Adagio (B-flat major); Allegro con brio
2. Adagio con Variazioni (F major)
3 variations, coda
3. Menuetto (B-flat major), Trio
4. Finale: Vivace (B-flat major)","Flute, 2 Oboes, Bassoon, 2 Horns, 2 Violins, Viola, Cello, Basso",
1,Hob. I,72,Hob. I:72,,,,Symphony,D major,"1. Allegro (D major)
2. Andante (G major)
3. Menuetto (D major), Trio
4. Andante (D major); 6 variations; Presto",Orchestra,
1,Hob. I,73,Hob. I:73,,1781?,La Chasse,Symphony,D major,"1. Adagio (D major); Allegro
2. Andante (G major)
3. Menuetto (D major), Trio
4. Presto (D major)","Flute, 2 Oboes, 2 Bassoons, 2 Horns, 2 Trumpets, Timpani, 2 Violins, Viola, Cello, Basso",
1,Hob. I,74,Hob. I:74,,1781,,Symphony,E-flat major,"1. Allegro (E-flat major)
2. Adagio cantabile (B-flat major)
3. Menuetto (E-flat major), Trio
4. Allegro assai (E-flat major)","Flute, 2 Oboes, Bassoon, 2 Horns, 2 Violins, Viola, Cello, Basso",
1,Hob. I,75,Hob. I:75,,1781,,Symphony,D major,"1. Grave (D major); Presto
2. Andante con Variazioni (G major)
4 variations
3. Menuetto (D major), Trio
4. Finale. Vivace (D major)","Flute, 2 Oboes, Bassoon, 2 Horns, 2 Trumpets, Timpani, 2 Violins, Viola, Cello obligé, Basso",
1,Hob. I,76,Hob. I:76,,1782,,Symphony,E-flat major,"1. Allegro (E-flat major)
2. Adagio (B-flat major)
3. Menuetto (E-flat major), Trio
4. Finale: Allegro ma non troppo (E-flat major)","Flute, 2 Oboes, (1 ou) 2 Bassoons, 2 Horns, 2 Violins, Viola, Cello, Basso",
1,Hob. I,77,Hob. I:77,,1782,,Symphony,B-flat major,"1. Vivace (B-flat major)
2. Andante sostenuto (F major)
3. Menuetto (B-flat major), Trio
4. Finale: Presto (B-flat major)","Flute, 2 Oboes, (1 ou) 2 Bassoons, 2 Horns, 2 Violins, Viola, Cello, Basso",
1,Hob. I,78,Hob. I:78,,1782,,Symphony,C minor,"1. Vivace (C minor)
2. Adagio (E-flat major)
3. Menuetto (C major), Trio (la mineur)
4. Finale: Presto (C minor)","Flute, 2 Oboes, (1 ou) 2 Bassoons, 2 Horns, 2 Violins, Viola, Cello, Basso",
1,Hob. I,79,Hob. I:79,,1784,,Symphony,F major,"1. Allegro con spirito (F major)
2. Adagio cantabile (B-flat major); Un poco Allegro
3. Menuetto (F major), Trio
4. Finale: Vivace (F major)","Flute, 2 Oboes, 2 Bassoons, 2 Horns, 2 Violins, Viola, Cello, Basso",
1,Hob. I,80,Hob. I:80,,1784,,Symphony,D minor,"1. Allegro spirituoso (D minor)
2. Adagio (B-flat major)
3. Menuetto (D minor), Trio (D major)
4. Finale: Presto (D major)","Flute, 2 Oboes, 2 Bassoons, 2 Horns, 2 Violins, Viola, Cello, Basso",
1,Hob. I,81,Hob. I:81,,1784,,Symphony,G major,"1. Vivace (G major)
2. Andante (D major)
3. Menuetto (G major), Trio
4. Allegro (G major)","Flute, 2 Oboes, 2 Bassoons, 2 Horns, 2 Violins, Viola, Cello, Basso",
1,Hob. I,82,Hob. I:82,,1786,L'Ours,Symphony,C major,"1. Vivace (C major)
2. Allegretto (F major)
3. Menuetto (C major), Trio
4. Finale: Vivace assai (C major)","Flute, 2 Oboes, 2 Bassoons, 2 Horns/Trumpets, Timpani, 2 Violins, Viola, Cello, Basso",Paris 1
1,Hob. I,83,Hob. I:83,,1785,La Poule,Symphony,G minor,"1. Allegro (G minor)
2. Andante (E-flat major)
3. Menuetto (G major), Trio
4. Finale: Vivace (G major)","Flute, 2 Oboes, 2 Bassoons, 2 Horns, 2 Violins, Viola, Cello, Basso",Paris 2
1,Hob. I,84,Hob. I:84,,1786,In nomine Domini,Symphony,E-flat major,"1. Largo (E-flat major); Allegro
2. Andante (B-flat major)
3. Menuetto (E-flat major), Trio
4. Finale: Vivace (E-flat major)","Flute, 2 Oboes, 2 Bassoons, 2 Horns, 2 Violins, Viola, Cello, Basso",Paris 3
1,Hob. I,85,Hob. I:85,,1785-1786,La Reine,Symphony,B-flat major,"1. Adagio (B-flat major); Vivace
2. Romanze: Allegretto (E-flat major)
3. Menuetto (B-flat major), Trio
4. Finale: Presto (B-flat major)","Flute, 2 Oboes, 2 Bassoons, 2 Horns, 2 Violins, Viola, Cello, Basso",Paris 4
1,Hob. I,86,Hob. I:86,,1786,,Symphony,D major,"1. Adagio (D major); Allegro
2. Largo (G major)
3. Menuetto (D major), Trio
4. Finale: Allegro con spirito (D major)","Flute, 2 Oboes, 2 Bassoons, 2 Horns, 2 Trumpets, Timpani, 2 Violins, Viola, Cello, Basso",Paris 5
1,Hob. I,87,Hob. I:87,,1785,,Symphony,A major,"1. Vivace (A major)
2. Adagio (D major)
3. Menuetto (A major), Trio
4. Finale: Vivace (A major)","Flute, 2 Oboes, 2 Bassoons, 2 Horns, 2 Violins, Viola, Cello, Basso",Paris 6
1,Hob. I,88,Hob. I:88,,1787,,Symphony,G major,"1. Adagio (G major); Allegro
2. Largo (D major)
3. Menuetto (G major), Trio
4. Finale: Allegro con spirito (G major)","Flute, 2 Oboes, 2 Bassoons, 2 Horns, 2 tormpettes, Timpani, Solo Cello, 2 Violins, Viola, Cello, Basso",[composée pour Johann Tost]
1,Hob. I,89,Hob. I:89,,1787,,Symphony,F major,"1. Vivace (F major)
2. Andante con moto (C major)
3. Menuet: Allegretto (F major), Trio
4. Finale: Vivace assai (F major)","Flute, 2 Oboes, 2 Bassoons, 2 Horns, 2 Violins, Viola, Cello, Basso",[composée pour Johann Tost]
1,Hob. I,90,Hob. I:90,,1788,,Symphony,C major,"1. Adagio (C major); Allegro assai
2. Andante (F major)
3. Menuet (la mineur), Trio
4. Allegro assai (C major)","Flute, 2 Oboes, 2 Bassoons, 2 Horns, 2 Trumpets, Timpani, 2 Violins, Viola, Cello, Basso",[composée pour le Prince Ernst de Oettingen-Wallerstein]
1,Hob. I,91,Hob. I:91,,1788,,Symphony,E-flat major,"1. Largo (E-flat major); Allegro
2. Andante (B-flat major)
3. Menuetto (E-flat major), Trio
4. Finale: Vivace (E-flat major)","2 Oboes, 2 Bassoons, 2 Horns, 2 Violins, Viola, Cello, Basso",[composée pour le Prince Ernst de Oettingen-Wallerstein]
1,Hob. I,92,Hob. I:92,,1788?,Oxford,Symphony,G major,"1. Adagio (G major); Allegro spiritoso
2. Adagio (D major)
3. Menuet (G major), Trio
4. Finale: Presto (G major)","Flute, 2 Oboes, 2 Bassoons, 2 Horns, 2 Trumpets, Timpani, 2 Violins, Viola, Cello, Obligato Basso",[composée pour le Prince Ernst de Oettingen-Wallerstein]
1,Hob. I,93,Hob. I:93,,1791,,Symphony,D major,"1. Adagio (D major); Allegro assai
2. Largo cantabile (G major)
3. Menuetto (D major), Trio
4. Finale: Presto ma non troppo (D major)","2 Flutes, 2 Oboes, 2 Bassoons, 2 Horns, 2 tormpettes, Timpani, 2 Violins, Viola, Cello, Basso",Londres 2
1,Hob. I,94,Hob. I:94,,1791,Surprise,Symphony,G major,"1. cantabile (G major); Vivace assai
2. Andante (C major)
3. Menuetto (G major), Trio
4. Finale: Allegro molto (G major)","2 Flutes, 2 Oboes, 2 Bassoons, 2 Horns, 2 Trumpets, Timpani, 2 Violins, Viola, Cello, Basso",Londres 3
1,Hob. I,95,Hob. I:95,,1791,,Symphony,C minor,"1. Allegro (C minor)
2. Andante (E-flat major)
3. Menuetto (C minor), Trio (C major)
4. Finale: Vivace (C major)","Flute, 2 Oboes, 2 Bassoons, 2 Horns, 2 Trumpets, Timpani, 2 Violins, Viola, Obligato Cello, Basso",Londres 5
1,Hob. I,96,Hob. I:96,,1791,Le miracle,Symphony,D major,"1. Adagio (D major); Allegro
2. Andante (G major)
3. Menuetto (D major), Trio
4. Finale: Vivace assai (D major)","2 Flutes, 2 Oboes, 2 Bassoons, 2 Horns, 2 Trumpets, Timpani, 2 Violins, Viola, Cello, Basso",Londres 6
1,Hob. I,97,Hob. I:97,,1792,,Symphony,C major,"1. Adagio (C major); Vivace
2. Adagio ma non troppo (F major)
3. Menuet: Allegretto (C major), Trio
4. Finale: Spirituoso (C major)","2 Flutes, 2 Oboes, 2 Bassoons, 2 Horns, 2 Trumpets, Timpani, 2 Violins, Viola, Cello, Basso",Londres 1
1,Hob. I,98,Hob. I:98,,1792,,Symphony,B-flat major,"1. Adagio (B-flat major); Allegro
2. Adagio cantabile (F major)
3. Menuetto (B-flat major), Trio
4. Finale: Presto (B-flat major)","Flute, 2 Oboes, 2 Bassoons, 2 Horns, 2 Trumpets, Solo Timpani, 2 Violins, Viola, Cello, Basso",Londres 4
1,Hob. I,99,Hob. I:99,,1793,,Symphony,E-flat major,"1. Adagio (E-flat major); Vivace assai
2. Adagio (G major)
3. Menuet: Allegretto (E-flat major), Trio (C major
4. Finale: Vivace (E-flat major)","2 Flutes, 2 Oboes, 2 Clarinets, 2 Bassoons, 2 Horns, 2 Trumpets, Timpani, 2 Violins, Viola, Cello, Basso",Londres 10
1,Hob. I,100,Hob. I:100,,1794,Military,Symphony,G major,"1.Adagio (G major); Allegro
2. Allegretto (C major)
3. Menuet: Moderato (G major), Trio
4. Finale: Presto (G major)","2 Flutes, 2 Oboes, (2 Clarinets), 2 Bassoons, 2 Horns, 2 Trumpets, Timpani, triangle, cymbales, grosse caisse, 2 Violins, 2 Violas, Cello, Basso",Londres 12
1,Hob. I,101,Hob. I:101,,1794,The Clock,Symphony,D major,"1. Adagio (D minor); Presto (D major)
2. Andante (G major)
3. Menuet: Allegretto (D major), Trio
4. Finale: Vivace (D major)",,Londres 11
1,Hob. I,102,Hob. I:102,,1794,,Symphony,B-flat major,"1. Largo (B-flat major); Vivace
2. Adagio (F major)
3. Menuet: Allegro (B-flat major), Trio
4. Finale: Presto (B-flat major)","2 Flutes, 2 Oboes, 2 Bassoons, 2 Horns, 2 Trumpets, Timpani, Solo Cello, 2 Violins, Viola, Cello, Basso",Londres 9
1,Hob. I,103,Hob. I:103,,1795,Drum-roll,Symphony,E-flat major,"1. Adagio (E-flat major); Allegro con spirito
2. Andante piu tosto Allegretto (C minor)
3. Menuet (E-flat major), Trio
4. Finale: Allegro con spirito (E-flat major)","2 Flutes, 2 Oboes, 2 Clarinets, 2 Bassoons, 2 Horns, 2 Trumpets, Timpani, 2 Violins, Viola, Cello, Basso",Londres 8
1,Hob. I,104,Hob. I:104,,1795,London,Symphony,D major,"1. Adagio (D minor); Allegro (D major)
2. Andante (G major)
3. Menuetto. Allegro (D major), Trio (B-flat major)
4. Finale: Spirituoso (D major)","2 Flutes, 2 Oboes, 2 Clarinets, 2 Bassoons, 2 Horns, 2 Trumpets, Timpani, 2 Violins, Viola, Cello, Basso",Londres 7
1,Hob. I,105,Hob. I:105,,1792,,Symphony,B-flat major,"1. Allegro (B-flat major)
2. Andante (F major)
3. Allegro con spirito (B-flat major)","2 Oboes, Bassoon, Violin, Cello, Flute, 2 Horns, 2 Trumpets, Timpani, 2 Violins, Viola, Cello, Basso",
1,Hob. I,106,Hob. I:106,,,,Symphony,D major,1. Allegro,Orchestra,Seule une partie existe
1,Hob. I,107,Hob. I:107,,1762,Sinfonia A,Symphony,B-flat major,"1. Allegro (B-flat major)
2. Andante (E-flat major)
3. Allegro molto (B-flat major)","2 Oboes, 2 Horns, 2 Violins, Viola, Cello, Basso","[version authentique du Quatuor pour Strings, Op. 1, # 5 - Hob. III:5]"
1,Hob. I,108,Hob. I:108,,1765,Sinfonia B,Symphony,B-flat major,"1. Allegro molto moderato (B-flat major)
2. Menuetto (B-flat major), Trio (E-flat major)
3. Adagio (G minor)
4. Finale: Presto (B-flat major)","2 Oboes, Solo Bassoon, 2 Horns, 2 Violins, Viola, Cello, Basso",
1,Hob. I,A1,Hob. I:A1,,,,Symphony,A major,1. Allegro (A major),Orchestra,
1,Hob. I,A2,Hob. I:A2,,,,Symphony,A major,1. Allegro (A major),Orchestra,
1,Hob. I,A3,Hob. I:A3,,,,Symphony,A major,1. Allegro (A major),Orchestra,
1,Hob. I,A4,Hob. I:A4,,,,Symphony,A major,1. Andante (A major) / Allegro molto,Orchestra,
1,Hob. I,A5,Hob. I:A5,,,,Symphony,A major,1. Allegro (A major),Orchestra,
1,Hob. I,A6,Hob. I:A6,,,,Symphony,A major,1. Allegro (A major),Orchestra,
1,Hob. I,A7,Hob. I:A7,,,,Symphony,A major,1. Allegro molto (A major),Orchestra,
1,Hob. I,A8,Hob. I:A8,,,,Symphony,A major,1. Allegro (A major),Orchestra,
1,Hob. I,A9,Hob. I:A9,,,,Symphony,A major,1. ... (A major),Orchestra,
1,Hob. I,B1,Hob. I:B1,,,,Symphony,B-flat major,1. Grave (B-flat major),Orchestra,
1,Hob. I,B10,Hob. I:B10,,,,Symphony,B-flat major,1. Presto assai (B-flat major),Orchestra,
1,Hob. I,B11,Hob. I:B11,,,,Symphony,B-flat major,1. Allegro moderato (B-flat major),Orchestra,
1,Hob. I,B12,Hob. I:B12,,,,Symphony,B-flat major,1. ... (B-flat major),Orchestra,
1,Hob. I,B13,Hob. I:B13,,,,Symphony,B-flat major,1. Allegro moderato (B-flat major),Orchestra,
1,Hob. I,B14,Hob. I:B14,,,,Symphony,B-flat major,1. Allegro (B-flat major),Orchestra,
1,Hob. I,B15,Hob. I:B15,,,,Symphony,B-flat major,1. Allegro molto (B-flat major),Orchestra,
1,Hob. I,B16,Hob. I:B16,,,,Symphony,B-flat major,1. Allegro spirituoso (B-flat major),Orchestra,
1,Hob. I,B2,Hob. I:B2,,,,Symphony,B-flat major,1. Allegro assai (B-flat major),Orchestra,
1,Hob. I,B3,Hob. I:B3,,,,Symphony,B-flat major,1. Allegro (B-flat major),Orchestra,
1,Hob. I,B4,Hob. I:B4,,,,Symphony,B-flat major,1. Allegro assai (B-flat major),Orchestra,
1,Hob. I,B5,Hob. I:B5,,,,Symphony,B-flat major,1. Allegro (B-flat major),Orchestra,
1,Hob. I,B6,Hob. I:B6,,,,Symphony,B-flat major,1. Allegro (B-flat major),Orchestra,
1,Hob. I,B7,Hob. I:B7,,,,Symphony,B-flat major,1. Allegro assai (B-flat major),Orchestra,
1,Hob. I,B8,Hob. I:B8,,,,Symphony,B-flat major,1. Allegro assai (B-flat major),Orchestra,
1,Hob. I,B9,Hob. I:B9,,,,Symphony,B-flat major,1. Allegro assai (B-flat major),Orchestra,
1,Hob. I,C1,Hob. I:C1,,,,Symphony,C major,1. Allegro (C major),Orchestra,
1,Hob. I,c1,Hob. I:c1,,,,Symphony,C minor,1. Allegro assai (C minor),Orchestra,
1,Hob. I,C10,Hob. I:C10,,,,Symphony,C major,1. Allegro molto ( C major),Orchestra,
1,Hob. I,C11,Hob. I:C11,,,,Symphony,C major,1. Allegro (C major),Orchestra,
1,Hob. I,C12,Hob. I:C12,,,,Symphony,C major,1. Allegro (C major),Orchestra,
1,Hob. I,C13,Hob. I:C13,,,,Symphony,C major,1. Allegro (C major),Orchestra,
1,Hob. I,C14,Hob. I:C14,,,,Symphony,C major,1. Allegro molto (C major),Orchestra,
1,Hob. I,C15,Hob. I:C15,,,,Symphony,C major,1. Largo (C major) / Allegro assai,Orchestra,
1,Hob. I,C16,Hob. I:C16,,,,Symphony,C major,1. Allegro (C major),Orchestra,
1,Hob. I,C17,Hob. I:C17,,,,Symphony,C major,1. Allegro (C major),Orchestra,
1,Hob. I,C18,Hob. I:C18,,,,Symphony,C major,1. Allegro con brio (C major),Orchestra,
1,Hob. I,C19,Hob. I:C19,,,,Symphony,C major,1. Allegro (C major),Orchestra,
1,Hob. I,c2,Hob. I:c2,,,,Symphony,C minor,1. Allegro (C minor),Orchestra,
1,Hob. I,C2,Hob. I:C2,,,,Symphony,C major,1. Maestoso (C major),Orchestra,
1,Hob. I,C20,Hob. I:C20,,,,Symphony,C major,1. Allegro con molto spirito (C major),Orchestra,
1,Hob. I,C21,Hob. I:C21,,,,Symphony,C major,1. Vivace (C major),Orchestra,
1,Hob. I,C22,Hob. I:C22,,,,Symphony,C major,1. Allegro (C major),Orchestra,
1,Hob. I,C23,Hob. I:C23,,,,Symphony,C major,1. Allegro (C major),Orchestra,
1,Hob. I,C24,Hob. I:C24,,,,Symphony,C major,1. ... (C major),Orchestra,
1,Hob. I,C25,Hob. I:C25,,,,Symphony,C major,1. Grave (C minor) / Allegro molto (C major),Orchestra,
1,Hob. I,C26,Hob. I:C26,,,,Symphony,C major,1. Maestoso (C major),Orchestra,
1,Hob. I,C27,Hob. I:C27,,,,Symphony,C major,1. Adagio (C major) / Allegro assai,Orchestra,
1,Hob. I,C28,Hob. I:C28,,,,Symphony,C major,1. Allegro assai (C major),Orchestra,
1,Hob. I,C29,Hob. I:C29,,,,Symphony,C major,1. ... (C major),Orchestra,
1,Hob. I,c3,Hob. I:c3,,,,Symphony,C minor,1. Largo (C minor),Orchestra,
1,Hob. I,C3,Hob. I:C3,,,,Symphony,C major,1. Poco Adagio (C major),Orchestra,
1,Hob. I,C30,Hob. I:C30,,,,Symphony,C major,1. ... (C major),Orchestra,
1,Hob. I,C31,Hob. I:C31,,,,Symphony,C major,1. ... (C major),Orchestra,
1,Hob. I,C32,Hob. I:C32,,,,Symphony,C major,1. ... (C major),Orchestra,
1,Hob. I,C33,Hob. I:C33,,,,Symphony,C major,1. Allegro assai (C major),Orchestra,
1,Hob. I,C34,Hob. I:C34,,,,Symphony,C major,1. ... (C major),Orchestra,
1,Hob. I,C4,Hob. I:C4,,,,Symphony,C major,1. Allegro (C major),Orchestra,
1,Hob. I,c4,Hob. I:c4,,,,Symphony,C minor,1. Largo (C minor) / Allegro con fuoco,Orchestra,
1,Hob. I,C5,Hob. I:C5,,,,Symphony,C major,1. Allegro molto (C major),Orchestra,
1,Hob. I,C6,Hob. I:C6,,,,Symphony,C major,"1. Allegro (C major)
2. Adagio (F major)
3. Menuet (C major), Trio (D minor)
4. Rondo. Allegro (C major)
[see H 19:23]",Orchestra,
1,Hob. I,C7,Hob. I:C7,,,,Symphony,C major,1. Allegro (C major),Orchestra,
1,Hob. I,C8,Hob. I:C8,,,,Symphony,C major,"1. Allegro molto (C major)
2. Andante molto (C major)
3. Minuetto (so majeur), Trio (F major)
4. Finale. Allegro (C major)",Orchestra,
1,Hob. I,C9,Hob. I:C9,,,,Symphony,C major,1. Allegro molto (C major),Orchestra,
1,Hob. I,d1,Hob. I:d1,,,,Symphony,D minor,1. Allegro (D minor),Orchestra,
1,Hob. I,D1,Hob. I:D1,,,,Symphony,D major,1. Allegro spirituoso (D major),Orchestra,
1,Hob. I,D10,Hob. I:D10,,,,Symphony,D major,1. Allegro (D major),Orchestra,
1,Hob. I,D11,Hob. I:D11,,,,Symphony,D major,1. Allegro assai (D major),Orchestra,
1,Hob. I,D12,Hob. I:D12,,,,Symphony,D major,1. Allegro (D major),Orchestra,
1,Hob. I,D13,Hob. I:D13,,,,Symphony,D major,1. Allegro moderato (D major),Orchestra,
1,Hob. I,D14,Hob. I:D14,,,,Symphony,D major,1. Largo (D major) / Allegro,Orchestra,
1,Hob. I,D15,Hob. I:D15,,,,Symphony,D major,1. Allegro (D major),Orchestra,
1,Hob. I,D16,Hob. I:D16,,,,Symphony,D major,1. ... (D major),Orchestra,
1,Hob. I,D17,Hob. I:D17,,,,Symphony,D major,1. ... (D major),Orchestra,
1,Hob. I,D18,Hob. I:D18,,,,Symphony,D major,1. ... (D major),Orchestra,
1,Hob. I,D19,Hob. I:D19,,,,Symphony,D major,1. Allegro molto moderato (D major),Orchestra,
1,Hob. I,D2,Hob. I:D2,,,,Symphony,D major,1. Allegro (D major),Orchestra,
1,Hob. I,d2,Hob. I:d2,,,,Symphony,D minor,1. Allegro (D minor),Orchestra,
1,Hob. I,D20,Hob. I:D20,,,,Symphony,D major,1. ... (D major),Orchestra,
1,Hob. I,D21,Hob. I:D21,,,,Symphony,D major,1. Allegro assai (D major),Orchestra,
1,Hob. I,D22,Hob. I:D22,,,,Symphony,D major,1. Adagio (D major) / Allegro assai,Orchestra,
1,Hob. I,D23,Hob. I:D23,,,,Symphony,D major,1. Allegro con spirito (D major),Orchestra,
1,Hob. I,D24,Hob. I:D24,,,,Symphony,D major,1. Maestoso (D minor) / Allegro con spirito quasi Presto (D major),Orchestra,
1,Hob. I,D25,Hob. I:D25,,,,Symphony,D major,1. ... (D major),Orchestra,
1,Hob. I,D26,Hob. I:D26,,,,Symphony,D major,1. Allegro (D major),Orchestra,
1,Hob. I,D27,Hob. I:D27,,,,Symphony,D major,1. Adagio (D major) / Allegro,Orchestra,
1,Hob. I,D28,Hob. I:D28,,,,Symphony,D major,1. Pastorella. Tempo giusto (D major),Orchestra,
1,Hob. I,D29,Hob. I:D29,,,,Symphony,D major,1. Allegro (D major),Orchestra,
1,Hob. I,D3,Hob. I:D3,,,,Symphony,D major,1. Allegro molto (D major),Orchestra,
1,Hob. I,d3,Hob. I:d3,,,,Symphony,D minor,1. Allegro vivace (D minor),Orchestra,
1,Hob. I,D30,Hob. I:D30,,,,Symphony,D major,1. ... (D major),Orchestra,
1,Hob. I,D31,Hob. I:D31,,,,Symphony,D major,1. ... (D major),Orchestra,
1,Hob. I,D32,Hob. I:D32,,,,Symphony,D major,1. ... (D major),Orchestra,
1,Hob. I,D33,Hob. I:D33,,,,Symphony,D major,1. ... (D major),Orchestra,
1,Hob. I,D4,Hob. I:D4,,,,Symphony,D major,1. ... (D major),Orchestra,
1,Hob. I,d4,Hob. I:d4,,,,Symphony,D minor,1. Allegro brillante (D minor),Orchestra,
1,Hob. I,D5,Hob. I:D5,,,,Symphony,D major,1. Allegro (D major),Orchestra,
1,Hob. I,D6,Hob. I:D6,,,,Symphony,D major,1. Presto assai (D major),Orchestra,
1,Hob. I,D7,Hob. I:D7,,,,Symphony,D major,1. Allegro (D major),Orchestra,
1,Hob. I,D8,Hob. I:D8,,,,Symphony,D major,1. Allegro (D major),Orchestra,
1,Hob. I,D9,Hob. I:D9,,,,Symphony,D major,1. Allegro (D major),Orchestra,
1,Hob. I,E1,Hob. I:E1,,,,Symphony,E major,1. Allegro (E major),Orchestra,
1,Hob. I,e1,Hob. I:e1,,,,Symphony,E minor,1. Allegro (E minor),Orchestra,
1,Hob. I,E2,Hob. I:E2,,,,Symphony,E major,1. Allegro (E major),Orchestra,
1,Hob. I,E3,Hob. I:E3,,,,Symphony,E major,1. Allegro (E major),Orchestra,
1,Hob. I,Es1,Hob. I:Es1,,,,Symphony,E-flat major,1. Allegro molto (E-flat major),Orchestra,
1,Hob. I,Es10,Hob. I:Es10,,,,Symphony,E-flat major,1. Adagio (E-flat major) / Allegro,Orchestra,
1,Hob. I,Es11,Hob. I:Es11,,,,Symphony,E-flat major,1. Adagio (E-flat major),Orchestra,
1,Hob. I,Es12,Hob. I:Es12,,,,Symphony,E-flat major,1. Allegro moderato (E-flat major),Orchestra,
1,Hob. I,Es13,Hob. I:Es13,,,,Symphony,E-flat major,1. Allegro (E-flat major),Orchestra,
1,Hob. I,Es14,Hob. I:Es14,,,,Symphony,E-flat major,1. Andante (E-flat major),Orchestra,
1,Hob. I,Es15,Hob. I:Es15,,,,Symphony,E-flat major,1. Adagio (mi bémol mineur) / Allegro molto (E-flat major),Orchestra,
1,Hob. I,Es16,Hob. I:Es16,,,,Symphony,E-flat major,1. Allegro assai (E-flat major),Orchestra,
1,Hob. I,Es17,Hob. I:Es17,,,,Symphony,E-flat major,1. Allegro spirituoso (E-flat major),Orchestra,
1,Hob. I,Es2,Hob. I:Es2,,,,Symphony,E-flat major,1. Allegro assai (E-flat major),Orchestra,
1,Hob. I,Es3,Hob. I:Es3,,,,Symphony,E-flat major,1. Allegro (E-flat major),Orchestra,
1,Hob. I,Es4,Hob. I:Es4,,,,Symphony,E-flat major,1.Andante (E-flat major),Orchestra,
1,Hob. I,Es5,Hob. I:Es5,,,,Symphony,E-flat major,1. Allegro (E-flat major),Orchestra,
1,Hob. I,Es6,Hob. I:Es6,,,,Symphony,E-flat major,1. Adagio (E-flat major) / Allegro con spirito,Orchestra,
1,Hob. I,Es7,Hob. I:Es7,,,,Symphony,E-flat major,1. Allegro (E-flat major),Orchestra,
1,Hob. I,Es8,Hob. I:Es8,,,,Symphony,E-flat major,1. Allegro (E-flat major),Orchestra,
1,Hob. I,Es9,Hob. I:Es9,,,,Symphony,E-flat major,1. Largo e cantabile (E-flat major),Orchestra,
1,Hob. I,F1,Hob. I:F1,,,,Symphony,F major,1. Allegro (F major),Orchestra,
1,Hob. I,F10,Hob. I:F10,,,,Symphony,F major,1. ... (F major),Orchestra,
1,Hob. I,F11,Hob. I:F11,,,,Symphony,F major,1. Adagio (F major),Orchestra,
1,Hob. I,F12,Hob. I:F12,,,,Symphony,F major,1. ... (F major),Orchestra,
1,Hob. I,F13,Hob. I:F13,,,,Symphony,F major,1. ... (F major),Orchestra,
1,Hob. I,F14,Hob. I:F14,,,,Symphony,F major,1. Allegro (F major),Orchestra,
1,Hob. I,F15,Hob. I:F15,,,,Symphony,F major,1. ... (F major),Orchestra,
1,Hob. I,F2,Hob. I:F2,,,,Symphony,F major,1. Vivace (F major),Orchestra,
1,Hob. I,F3,Hob. I:F3,,,,Symphony,F major,1. Allegro (F major),Orchestra,
1,Hob. I,F4,Hob. I:F4,,,,Symphony,F major,1. Allegro assai (F major),Orchestra,
1,Hob. I,F5,Hob. I:F5,,,,Symphony,F major,1. Allegro (F major),Orchestra,
1,Hob. I,F6,Hob. I:F6,,,,Symphony,F major,1. Allegro (F major),Orchestra,
1,Hob. I,F7,Hob. I:F7,,,,Symphony,F major,1. Presto (F major),Orchestra,
1,Hob. I,F8,Hob. I:F8,,,,Symphony,F major,1. Allegro molto (F major),Orchestra,
1,Hob. I,F9,Hob. I:F9,,,,Symphony,F major,1. Allegro molto (F major),Orchestra,
1,Hob. I,G1,Hob. I:G1,,,,Symphony,G major,1. Allegro (G major),Orchestra,
1,Hob. I,g1,Hob. I:g1,,,,Symphony,G minor,1. Allegro (G minor),Orchestra,
1,Hob. I,G2,Hob. I:G2,,,,Symphony,G major,1. Allegro (G major),Orchestra,
1,Hob. I,G3,Hob. I:G3,,,,Symphony,G major,1. Allegro (G major),Orchestra,
1,Hob. I,G4,Hob. I:G4,,,,Symphony,G major,1. … (G major) / Fuga. Presto,Orchestra,
1,Hob. I,G5,Hob. I:G5,,,,Symphony,G major,1. Allegro (G major),Orchestra,
1,Hob. I,G6,Hob. I:G6,,,,Symphony,G major,1. Allegro assai (G major),Orchestra,
1,Hob. I,G7,Hob. I:G7,,,,Symphony,G major,1. Allegro (G major),Orchestra,
1,Hob. I,G8,Hob. I:G8,,,,Symphony,G major,1. Allegro (G major),Orchestra,
1,Hob. I,G9,Hob. I:G9,,,,Symphony,G major,1. Allegro (G major),Orchestra,
1,Hob. Ia,1,Hob. Ia:1,,1769-1773,Overture to L'infedelta delusa (Hob. XXVIII:5],Overture,C major,"1. Allegro (C major)
2. Poco Adagio (G major)
3. Presto (C major)","Flute, 2 Oboes, Bassoon, 2 Horns, (Timpani), 2 Violins, Viola, Cello, Basso",
1,Hob. Ia,2,Hob. Ia:2,,1774,Overture to Il Ritorno di Tobia [Hob. XXI:1],Overture,C major,1. Largo (C minor) / Allegro di molto (C major),"2 Oboes, 2 Bassoons, 2 Horns, 2 Trumpets, Timpani, 2 Violins, Viola, Cello, Basso",
1,Hob. Ia,3,Hob. Ia:3,,1794?,Overture to L'Anima del Filosofo (Hob. XXVIII:13],Overture,C major,1. Largo (C minor) / Presto (C major),Orchestra,
1,Hob. Ia,4,Hob. Ia:4,,1785,,Overture,D major,1. Presto (D major),"Flute, 2 Oboes, 2 Bassoons, 2 Horns, 2 Violins, Viola, Cello, Basso",[Relate to Symphonie no. 73]
1,Hob. Ia,5,Hob. Ia:5,,1762,Overture to Acide e Galatea (Hob. XXVIII:1],Overture,D major,"1. Allegro molto (D major)
2. Andante gazioso (A major)
3. Presto assai (D major)","2 Oboes, 2 Horns, 2 Violins, Viola, Cello, Basso",
1,Hob. Ia,6,Hob. Ia:6,,1774-1775,Overture to L'incontro improvviso ([Hob. XXVIII:6],Overture,D major,"1. Adagio maestoso (D major) / Presto
2. Andantino (G major)
3. Allegro di molto (D major)","2 Oboes, (Bassoon), 2 Horns, 2 Trumpets, Timpani, tambour, cymbales, Solo Cello, 2 Violins, Viola, Cello, Basso",
1,Hob. Ia,7,Hob. Ia:7,,1777,,Overture,D major,1. Allegro son spirito (D major),"2 Oboes, 2 Bassoons, 2 Horns, 2 Violins, Viola, Cello, Basso",[final alternatif pour la Symphonie # 53]
1,Hob. Ia,8,Hob. Ia:8,,1773,Overture to Philemon und Baucis [Hob. XXIXa/1],Overture,D minor,"1. Con espressione (D minor)
2. Andante poco Allegro (D major) / Allegro","2 Oboes, 2 Horns, 2 Violins, Viola, Cello, Basso",
1,Hob. Ia,9,Hob. Ia:9,,,Overture to Konig Lear [Hob. XXX:5],Overture,E-flat major,1. Adagio maestoso (E-flat major),Orchestra,[oeuvre de W.G. Stegmann]
1,Hob. Ia,10,Hob. Ia:10,,1782,Overture to Lo Speziale [Hob. XXVIII:3],Overture,G major,"1. Presto (G major)
2. Andante sempre Piano (C major)
3. Presto (G major)","Flute, 2 Oboes, (Bassoon), 2 Horns, 2 Violins,Viola, Cello, Basso",
1,Hob. Ia,11,Hob. Ia:11,,1780,,Overture,G major,1. ... (G major),,"[introduction orchestrale au choeur du 1er acte de ""La Fedelta premiata"", H 28:10]"
1,Hob. Ia,12,Hob. Ia:12,,1777,"Prélude to Act III in ""Il mondo della luna"", Hob. XXVIII:7",Overture,G minor,"1. Presto (G minor)
2. Grazioso. Un poco Adagio (G major)
3. Allegretto (G minor) [see H 22:8 Benedictus]",,
1,Hob. Ia,13,Hob. Ia:13,,1779,Overture to L'Isola disabitata (Hob. XXVIII:9],Overture,G minor,"1. Largo (G minor)
2. Vivace assai (G minor)
3. Allegretto (G major)
4. Vivace assai (G minor)","Flute, 2 Oboes, Bassoon, 2 Horns, 2 Violins, Viola, Cello, Basso",
1,Hob. Ia,14,Hob. Ia:14,,1783,Overture to Armida (Hob. XXVIII:13),Overture,B-flat major,"1. Vivace (B-flat major)
2. Allegretto (B-flat major)
3. Vivace (B-flat major)","Flute, 2 Oboes, 2 Bassoons, 2 Horns, 2 Violins, Viola, Cello, Basso",
1,Hob. Ia,15,Hob. Ia:15,,1777,Overture to La vera Costanza (Hob. XXVIII:8],Overture,B-flat major,"1. Presto (B-flat major)
2. Allegretto (E-flat major)
3. Moderato (B-flat major)
4. Andante (B-flat major)
5. Allegro moderato (B-flat major)","2 Oboes, Bassoon, 2 Horns, 2 Violins, Viola, Cello, Basso",
1,Hob. Ia,16,Hob. Ia:16,,1782,Overture to Orlando Paladino (Hob. XXVIII:11],Overture,B-flat major,1. Vivace assai (B-flat major),"2 Oboes, Bassoon, 2 Horns, 2 Violins, Viola, Cello, Basso",
1,Hob. Ia,C1,Hob. Ia:C1,,,,Overture,C major,1. Allegro spirituoso (C major),Orchestra,
1,Hob. Ia,C1,Hob. Ia:C1,,,,Overture,C major,1. Allegro spirituoso (C major),Orchestra,
1,Hob. Ia,C2,Hob. Ia:C2,,,,Overture,C major,1. Adagio (C minor) / Allegro molto (C major),Orchestra,
1,Hob. Ia,C2,Hob. Ia:C2,,,,Overture,C major,1. Adagio (C minor) / Allegro molto (C major),Orchestra,
1,Hob. Ia,D1,Hob. Ia:D1,,,,Overture,D major,1. Allegro assai (D major),Orchestra,
1,Hob. Ia,D1,Hob. Ia:D1,,,,Overture,D major,1. Allegro assai (D major),Orchestra,
1,Hob. Ia,D2,Hob. Ia:D2,,,,Overture,D major,1. Allegro spirituoso (D major),Orchestra,
1,Hob. Ia,D2,Hob. Ia:D2,,,,Overture,D major,1. Allegro spirituoso (D major),Orchestra,
1,Hob. Ia,D3,Hob. Ia:D3,,,,Overture,D major,1. … (D major),Orchestra,
1,Hob. Ia,D3,Hob. Ia:D3,,,,Overture,D major,1. … (D major),Orchestra,
1,Hob. Ia,D4,Hob. Ia:D4,,,,Overture,D major,1. Andante largo (D major) / Allegro vivace,Orchestra,
1,Hob. Ia,D4,Hob. Ia:D4,,,,Overture,D major,1. Andante largo (D major) / Allegro vivace,Orchestra,
1,Hob. Ia,,Hob. Ia,,1777,,Overture,C major,,,"Il mondo della luna
[1er mouvement de la Symphonie # 63]
Additions selon H.C. Robbins Landon"
1,Hob. Ia,,Hob. Ia,,1780,,Overture,D major,,,"La fedelta premiata
[dernier mouvement de la Symphonie # 73]
Additions selon H.C. Robbins Landon"
2,Hob. II,1,Hob. II:1,,1766,,Divertimento,G major,"1. Allegro (G major)
2. Andante moderato (C major)
3. Menuet (G major) avec Trio
4. La Fantasy. Moderato (G major) avec 6 variations","Flute, Oboe, 2 Violins, Cello, Basso",
2,Hob. II,2,Hob. II:2,,1754,,Divertimento,G major,"1. Presto (G major)
2. Allegro moderato
3. Menuett I (G major) avec Trio (G minor)
4. Adagio (C major)
5. Menuett II (G major) avec Trio (G minor)
6. Finale. Presto (G major)","2 Violins, 2 Violas, Basso",
2,Hob. II,3,Hob. II:3,,1766,,Divertimento,G major,1. Allegro (G major),"2 hautbois, 2 bassons, 2 cors","[Lost, redécouvert par H.C. Robbins Landon]"
2,Hob. II,4,Hob. II:4,,,,Divertimento,F major,1. Allegro non troppo (F major),"2 Clarinets, Bassoon, 2 Horns",[Lost]
2,Hob. II,5,Hob. II:5,,,,Divertimento,F major,1. Adagio (F major)[see H 10:10],"2 Clarinets, Bassoon, 2 Horns",
2,Hob. II,6,Hob. II:6,,1765,,Divertimento,E-flat major,"1. Presto (E-flat major)
2. Menuet I (E-flat major) avec Trio (C minor)
3. Adagio (B-flat major)
4. Menuet II (E-flat major) avec Trio
5. Finale. Presto (E-flat major)","2 Violins, Viola, Basso",String Quartet No. 0; identified in some editions as op. 1 no. 1
2,Hob. II,7,Hob. II:7,,1765,Divertimento (Feld Parthie),Divertimento,C major,"1. Allegro (C major)
2. Menuett I (C major) avec Trio
3. Adagio (C major)
4. Menuett II (C major) avec Trio (C minor)
5. Finale. Presto (C major)","2 hautbois, 2 bassons, 2 cors",
2,Hob. II,8,Hob. II:8,,1767,,Divertimento,D major,"1. Allegro (D major)
2. Menuett I (D major) avec Trio (G major)
3. Adagio (G major)
4. Menuett II (D major) avec Trio
5. Presto (D major)","2 Flutes, 2 Horns, 2 Violins, Basso",
2,Hob. II,9,Hob. II:9,,1764,,Divertimento,G major,"1. Allegro molto (G major)
2. Menuett I (G major) avec Trio (G minor)
3. Adagio cantabile (C major)
4. Menuett II (G major) avec Trio
5. Finale. Presto (G major)","2 Oboes/Flutes, 2 Horns, 2 Violins, 2 Violas, Basso",
2,Hob. II,10,Hob. II:10,,1766,Der verliebte Schulmeister,Divertimento,D major,1. Adagio (D major),,[Lost]
2,Hob. II,11,Hob. II:11,,1765,,Divertimento,C major,"1. Presto (C major)[see H 16:15]

2. Andante ""Mann und Weib"" (F major)
3. Menuett (C major) avec Trio (G major)[see H 16:15]

4. Tema. Moderato (C major) avec 7 variations [see H 1:14 et H 16:15]","Flute, Oboe, 2 Violins, Cello, Basso",Mann und Weib / Der Geburtstag (Anniversaire de naissance)
2,Hob. II,12,Hob. II:12,,,Divertimento (Feld Parthie),Divertimento,E minor,1. Allegro (B-flat major),"2 English Horns, 2 Horns, 2 Bassoons",
2,Hob. II,13,Hob. II:13,,,,Divertimento,D major,1. Allegro (D major),,[Lost]
2,Hob. II,14,Hob. II:14,,1761,Divertimento (Feld Parthie),Divertimento,C major,"1. Allegro (C major)
2. Menuetto (C major)
3. Adagio (C major)
4. Menuetto (C major)
5. Finale. Presto (C major)","2 Clarinets, 2 Horns, 2 Other Instruments",
2,Hob. II,15,Hob. II:15,,1760,Divertimento (Feld Parthie),Divertimento,F major,"1. Presto (F major)
2. Menuett (F major) avec Trio (B-flat major)
3. Adagio (F major)
4. Menuett (F major) avec Trio
5. Finale. Presto (F major)","2 hautbois, 2 bassons, 2 cors",
2,Hob. II,16,Hob. II:16,,1767,Divertimento (Feld Parthie),Divertimento,F major,"1. Allegro (F major)
2. Menuett moderato (F major) avec Trio
3. Adagio (F major)
4. Menuet poco vivace (F major) avec Trio
5. Finale. Presto (F major)","2 English Horns, 2 Horns, 2 Bassoons, 2 Violins",
2,Hob. II,17,Hob. II:17,,1766,,Divertimento,C major,"1. Marcia. Adagio (C major)
2. Allegro (C major)
3. Menuetto (C major) avec Trio (C minor)
4. Recitativo (C major)
5. Andante (G major)
6. Menuetto (C major) avec Trio
7. Allegro molto (C major)
8. Andante (C minor)
9. Presto (C major)","2 Oboes/Clarinets, 2 Horns, 2 Violins, 2 Violas, Basso",
2,Hob. II,18,Hob. II:18,,,,Divertimento,D major,,,"[Lost, œuvre possiblement de Vanhal]"
2,Hob. II,19,Hob. II:19,,,,Divertimento,G major,,,"[Lost, œuvre possiblement de Vanhal]"
2,Hob. II,20,Hob. II:20,,1763,,Divertimento,F major,"1. Allegro (F major)
2. Menuett (F major) avec Trio (B-flat major)
3. Adagio (B-flat major)
4. Menuett (F major) avec Trio
5. Finale. Presto (F major)","2 Oboes, 2 Horns, 2 Violins, 2 Violas, Basso",
2,Hob. II,21,Hob. II:21,,1763,Eine Abendmusik,Divertimento,E-flat major,"1. Allegro molto (E-flat major)
2. Menuetto (E-flat major) avec Trio (C minor)
3. Adagio (B-flat major)
4. Menuetto (E-flat major) avec Trio et 3 variations
5. Finale. Allegro (E-flat major)","2 cors, 2 violons, alto, basse","[version du quatuor pour cordes, Hob. III:9, Op. 2 # 3]"
2,Hob. II,22,Hob. II:22,,1765,,Divertimento,D major,"1. Presto (D major)
2. Menuetto (D major) avec Trio (D minor)
3. Largo cantabile alla Breve (G major)
4. Menuetto (D major) avec Trio
5. Finale. Presto (D major)","2 cors, 2 violons, alto, basse","[version du quatuor pour cordes, Hob. III:11, Op. 2 # 5]"
2,Hob. II,23,Hob. II:23,,1775,,Divertimento,F major,"1. Allegro (F major)
2. Menuet (F major) avec Trio
3. Adagio (F major)
4. Menuet (F major) avec Trio [see H 1:45 (Trio)]
5. Finale. Presto (F major)","2 hautbois, 2 bassons, 2 cors",
2,Hob. II,24,Hob. II:24,,1775,,Divertimento,E-flat major,"1. Variation I (E-flat major)
2. Variation II (B-flat major)
3. Variation III (E-flat major)
4. Variation IV (la bémol majeur)","Flute, 2 English Horns, Bassoon, 2 Horns, 2 Violins, Viola, Cello, Double Bass","[4 variations, partie d'une œuvre plus importante?]"
2,Hob. II,25,Hob. II:25,,1790,Divertimento (Notturno),Divertimento,C major,"1. Marcia (C major)
2. Allegro (C major)
3. Adagio (F major)
4. Finale. Presto (C major)","2 Lira organizzata/Flute and Oboe/2 Clarinets, 2 Violins, 2 Horns, 2 Violas, Basso",Notturno # 1 pour le Roi Ferdinand de Naples
2,Hob. II,26,Hob. II:26,,1790,Divertimento (Notturno),Divertimento,F major,"1. Adagio (F major) / Allegro
2. Adagio (G major)
3. Finale. Allegro con brio (F major)","2 Lira organizzata/Flute and Oboe/2 Clarinets, 2 Violins, 2 Horns, 2 Violas, Basso",Notturno # 2 pour le Roi Ferdinand de Naples
2,Hob. II,27,Hob. II:27,,1790,Divertimento (Notturno),Divertimento,G major,"1. Largo (G major) / Allegro
2. Adagio (C major)
3. Finale. Vivace assai (G major)","2 Lira organizzata/Flute and Oboe/2 Clarinets, 2 Violins, 2 Horns, 2 Violas, Basso",Notturno # 3 pour le Roi Ferdinand de Naples
2,Hob. II,28,Hob. II:28,,1790,Divertimento (Notturno),Divertimento,F major,"1. Allegro moderato (F major)
2. Adagio cantabile (G major)
3. Finale. Presto (F major)","2 Lira organizzata/Flute and Oboe/2 Clarinets, 2 Violins, 2 Horns, 2 Violas, Basso",Notturno # 4 pour le Roi Ferdinand de Naples
2,Hob. II,29,Hob. II:29,,1790,Divertimento (Notturno),Divertimento,C major,"1. Allegro moderato (C major)
2. Andante (F major)
3. Finale. Fuga (C major)","2 Lira organizzata/Flute and Oboe/2 Clarinets, 2 Violins, 2 Horns, 2 Violas, Basso",Notturno # 5 pour le Roi Ferdinand de Naples
2,Hob. II,30,Hob. II:30,,1790,Divertimento (Notturno),Divertimento,G major,"1. Presto (G major)
2. Andante (C major)","2 Lira organizzata/Flute and Oboe/2 Clarinets, 2 Violins, 2 Horns, 2 Violas, Basso",Notturno # 6 pour le Roi Ferdinand de Naples
2,Hob. II,31,Hob. II:31,,1790,Divertimento (Notturno),Divertimento,C major,"1. Allegro moderato (C major)
2. Adagio (F major)
3. Finale. Presto (C major)","2 Lira organizzata/Flute and Oboe/2 Clarinets, 2 Violins, 2 Horns, 2 Violas, Basso",Notturno # 7 pour le Roi Ferdinand de Naples
2,Hob. II,32,Hob. II:32,,1790,Divertimento (Notturno),Divertimento,C major,"1. Allegro moderato (C major)
2. Andante cantabile (F major)
3. Finale. Molto vivace (C major)","2 Lira organizzata/Flute and Oboe/2 Clarinets, 2 Violins, 2 Horns, 2 Violas, Basso",Notturno # 8 pour le Roi Ferdinand de Naples
2,Hob. II,33,Hob. II:33,,1765,Divertimento (Scherzando),Divertimento,F major,"1. Allegro (F major)
2. Menuett (F major) avec Trio (B-flat major)
3. Adagio (F minor)
4. Finale. Presto (F major)","Flute, 2 Oboes, 2 Horns, 2 Violins, Basso",Scherzando # 1
2,Hob. II,34,Hob. II:34,,1765,Divertimento (Scherzando),Divertimento,C major,"1. Allegro (C major)
2. Menuett (C major) avec Trio (C minor)
3. Andante (C minor)
4. Presto (C major)","Flute, 2 Oboes, 2 Horns, 2 Violins, Basso",Scherzando # 2
2,Hob. II,35,Hob. II:35,,1765,Divertimento (Scherzando),Divertimento,D major,"1. Allegro (D major)
2. Menuetto (D major) avec Trio (D minor)
3. Adagio (D minor)
4. Finale. Presto (D major)","Flute, 2 Oboes, 2 Horns, 2 Violins, Basso",Scherzando # 3
2,Hob. II,36,Hob. II:36,,1765,Divertimento (Scherzando),Divertimento,G major,"1. Allegro (G major)
2. Menuett (G major) avec Trio (C major)
3. Adagio (G minor)
4. Finale. Presto (G major)","Flute, 2 Oboes, 2 Horns, 2 Violins, Basso",Scherzando # 4
2,Hob. II,37,Hob. II:37,,1765,Divertimento (Scherzando),Divertimento,E major,"1. Allegro (E major)
2. Menuett (E major) avec Trio (G major)
3. Adagio (E minor)
4. Finale. Presto (E major","Flute, 2 Oboes, 2 Horns, 2 Violins, Basso",Scherzando # 5
2,Hob. II,38,Hob. II:38,,1765,Divertimento (Scherzando),Divertimento,A major,"1. Allegro (A major)
2. Menuetto (A major) avec Trio (la mineur)
3. Adagio (D major)
4. Presto (A major)","Flute, 2 Oboes, 2 Horns, 2 Violins, Basso",Scherzando # 6
2,Hob. II,39,Hob. II:39,,1761,"Divertimento (Sextuor) ""Echo""",Divertimento,E-flat major,"1. Adagio (en E-flat major)
2. Allegro (E-flat major)
3. Menuett (E-flat major) avec Trio (C minor)
4. Adagio (B-flat major)
5. Presto (E-flat major)",2 Groups of 2 Violins and Basso,Doubtful
2,Hob. II,40,Hob. II:40,,1781,Divertimento (Sextet),Divertimento,E-flat major,"1. Grazioso (E-flat major)
2. Larghetto (E-flat major)
3. Menuetto (E-flat major) avec Trio I et Trio II (C minor)","hautbois, basson, cor, violon, alto, basse",Doubtful
2,Hob. II,41,Hob. II:41,,,Divertimento (Feld Parthie),Divertimento,E-flat major,"1. Allegro non molto (E-flat major)
2. Adagio en Rondo (E-flat major)
3. Menuetto (E-flat major) avec Trio
4. Scherzando (E-flat major)","2 hautbois, 2 clarinettes, 2 bassons, 2 cors/trompettes",Doubtful
2,Hob. II,42,Hob. II:42,,,Divertimento (Feld Parthie),Divertimento,B-flat major,"1. Marcia con spirito (B-flat major)
2. Delcema l'amour. Allegretto (B-flat major)
3. Menuetto (B-flat major) avec Trio
4. Andantino (B-flat major)
5. Allemande (B-flat major)","2 hautbois, 2 clarinettes, 2 bassons, 2 cors/trompettes",Doubtful
2,Hob. II,43,Hob. II:43,,,Divertimento (Feld Parthie),Divertimento,B-flat major,"1. Allegro comodo (B-flat major)
2. Andante moderato (B-flat major)
3. Menuetto (B-flat major) avec Trio
4. Rondo. Allegretto (B-flat major)","2 hautbois, 2 clarinettes, 2 bassons, 2 cors/trompettes",Doubtful
2,Hob. II,44,Hob. II:44,,,Divertimento (Feld Parthie),Divertimento,F major,"1. Marche con spirito (F major)
2. Adagio piu Andante (F major)
3. Menuetto (F major)
4. Scherzo (F major)v","2 hautbois, 2 bassons obligés, basson continu, serpent, 2 cors",Doubtful
2,Hob. II,45,Hob. II:45,,,Divertimento (Feld Parthie),Divertimento,F major,"1. Marcia maestoso (F major)
2. Aria la vierge Marie (B-flat major)
3. Menuetto (F major) avec Trio
4. Rondo. Allegro (F major)","2 hautbois, 2 bassons obligés, basson continu, serpent, 2 cors",Doubtful
2,Hob. II,46,Hob. II:46,,,"Divertimento (Feld Parthie) ""St. Anthony""",Divertimento,B-flat major,"1. Allegro con spirito (B-flat major)
2. Chorale St. Antoni (B-flat major)
3. Menuetto (B-flat major) avec Trio
4. Rondo. Allegretto (B-flat major)","2 hautbois, 2 bassons obligés, basson continu, serpent, 2 cors",Doubtful
2,Hob. II,47,Hob. II:47,,,Kinder / Berchtolsgadener,Symphony,D major,"1. Allegro (C major)
2. Menuett (C major) avec Trio (F major)
3. Presto (C major)","7 Children's Instruments, 2 Violins, Basso",Doubtful
2,Hob. II,20a,Hob. II:20a,,,Divertimento (Feld Parthie),Divertimento,A major,,,[Lost]
2,Hob. II,24a,Hob. II:24a,,,Menuet avec variations,Dance,D major,,"2 flûtes, 2 hautbois, 2 cors, 2 violons, alto, basse",[Lost]
2,Hob. II,24b,Hob. II:24b,,,Menuet avec variations,Dance,A major,,"2 flûtes, 2 hautbois, 2 cors, 2 violons, alto, basse",[Lost]
2,Hob. II,C1,Hob. II:C1,,,Divertimento (Nocturno),Divertimento,C major,1. Allegro moderato (C major),"Flute, 2 Horns, 2 Violins, Viola, Basso",
2,Hob. II,C10,Hob. II:C10,,,Divertimento (Cassation),Divertimento,C major,1. Adagio (C major) / Allegro,"2 Trumpets ad lib, Strings",
2,Hob. II,C11,Hob. II:C11,,,,Divertimento,C major,1. Allegro (C major),"2 Violins, Viola, Basso continue",
2,Hob. II,C2,Hob. II:C2,,,Divertimento (Quintet),Divertimento,C major,1. Maestoso allabreve (C major),"1. 2 Violins, 2 Violas, Basso
2. 3 Violins, Viola, Basso",
2,Hob. II,C3,Hob. II:C3,,,Divertimento (Cassation),Divertimento,C major,1. … (C major),"2 Flutes, 2 Oboes, 2 Bassoons, 2 Horns, 2 Violins, Basso",
2,Hob. II,C4,Hob. II:C4,,,Divertimento (Concertino),Divertimento,C major,1. … (C major),"2 Horns, 2 Violins, Viola, Basso",
2,Hob. II,C5,Hob. II:C5,,,,Divertimento,C major,1. Presto (C major),"2 Violins, Viola, Cello, Basso",
2,Hob. II,C6,Hob. II:C6,,,Divertimento (Cassation),Divertimento,C major,1. Tarde (C major) / Molto Allegro,"2 Oboes, 2 Horns, 2 Violins, 2 Violas, Basso",
2,Hob. II,C7,Hob. II:C7,,,Divertimento (Quintet),Divertimento,C major,1. Allegro (C major),"2 Horns ad lib, 2 Violins, 2 Cellos, Basso",
2,Hob. II,C8,Hob. II:C8,,,Divertimento (Quatuor),Divertimento,C major,1. Allegro assai (C major),"Flute, Violin, Viola, Cello",
2,Hob. II,C9,Hob. II:C9,,,Divertimento (Quintet concertant),Divertimento,C major,1. Allegro spiritoso (C major),"2 Violins, 2 Violas, Basso",
2,Hob. II,D1,Hob. II:D1,,,Divertimento (Cassation),Divertimento,D major,1. Allegro (D major),"2 Horns, Violin, Viola, Basso",
2,Hob. II,D10,Hob. II:D10,,,Divertimento (Quatuor concertant),Divertimento,D major,1. Presto (D major),"Flute, Violin, Viola, Basso",
2,Hob. II,D11,Hob. II:D11,,,Divertimento (Quatuor concertant),Divertimento,D major,1. Presto (D major),"Flute, Violin, Viola, Basso",
2,Hob. II,D12,Hob. II:D12,,,Divertimento (Quintet),Divertimento,D major,1. Moderato (D major),"2 Violins, 2 Violas, Basso, 2 Horns ad lib",
2,Hob. II,D13,Hob. II:D13,,,Divertimento (Concertino),Divertimento,D major,1. Thema. …(D major),"Oboe, 2 Horns, 2 Violins, Viola, Cello, Basso",
2,Hob. II,D14,Hob. II:D14,,,Divertimento (Concertino),Divertimento,D major,1. Allegro moderato (D major),"Oboe, 2 Horns, 2 Violins, Viola, Cello obligé, Basso",
2,Hob. II,D15,Hob. II:D15,,,Divertimento (Concertino),Divertimento,D major,1. Allegretto (D major),"Flute, 2 Horns, 2 Violins, Viola, Cello, Basso",
2,Hob. II,D16,Hob. II:D16,,,Divertimento (Quatuor),Divertimento,D major,1. Allegro moderato (D major),"Flute, Violin, Viola, Cello",
2,Hob. II,D17,Hob. II:D17,,,Divertimento (Cassation),Divertimento,D major,1. Allegro assai (D major),3/4 Instruments,
2,Hob. II,D18,Hob. II:D18,,,Divertimento (Quintet),Divertimento,D major,1. Allegro (D major),"2 Horns, 2 Violins, Cello",
2,Hob. II,D19,Hob. II:D19,,,Divertimento (Quintet),Divertimento,D major,1. … (D major),"Oboe, 2 Violins, Viola, Basso",
2,Hob. II,D2,Hob. II:D2,,,Divertimento (Cassation),Divertimento,D major,1. Allegro non troppo (D major),"2 Horns, Violin, Viola, Cello",
2,Hob. II,D20,Hob. II:D20,,,Divertimento (Nocturno),Divertimento,D major,1. … (D major),"2 Horns, 2 Violins, 2 Violas, Cello",[see H 2:Es7]
2,Hob. II,D3,Hob. II:D3,,,Divertimento (Sérénade),Divertimento,D major,1. … (D major),"2 Flutes, 2 Horns, 2 Violins, Viola, Basso",
2,Hob. II,D4,Hob. II:D4,,,Divertimento (Cassation),Divertimento,D major,1. Allegro (D major),"Flute, 2 Horns, Violin, Viola, Basso",
2,Hob. II,D5,Hob. II:D5,,,Divertimento (Quatuor),Divertimento,D major,1. Marcia (D major),"2 Flutes, 2 Horns",
2,Hob. II,D6,Hob. II:D6,,,,Divertimento,D major,1. Tempo giusto (D major),"Flute, Concertante Violin, Viola, Basso",[? Œuvre de Leopold Hoffmann]
2,Hob. II,D7,Hob. II:D7,,,Divertimento (Cassation),Divertimento,D major,1. Allegro moderato (D major),"2 Flutes, 2 Horns, 2 Violins, Basso",
2,Hob. II,D8,Hob. II:D8,,,,Divertimento,D major,1. Introduzione. … (D major),"Flute/2 Flutes, 2 Violins, Viola",
2,Hob. II,D9,Hob. II:D9,,,Divertimento (Quatuor concertant),Divertimento,D major,1. Allegro assai (D major),"Flute, Violin, Viola, Basso",
2,Hob. II,Es1,Hob. II:Es1,,,Divertimento (Cassation),Divertimento,E-flat major,1. Andante (E-flat major),"2 English Horns, Horn, Trumpet, Solo Viola, Basso",
2,Hob. II,Es10,Hob. II:Es10,,,Divertimento (Quintet),Divertimento,E-flat major,1. Andante (E-flat major),"2 Horns, 2 Violins, 2 Violas, Basso",
2,Hob. II,Es11,Hob. II:Es11,,,Divertimento (Concertante),Divertimento,E-flat major,1. Adagio (E-flat major),"2 Clarinets, Bassoon, 2 Horns, 2 Violins, Viola, Basso",
2,Hob. II,Es12,Hob. II:Es12,,,Divertimento (Parthia),Divertimento,E-flat major,1. Allegro assai (E-flat major),"2 Oboes, 2 Clarinets, 2 Bassoons, 2 Horns",
2,Hob. II,Es13,Hob. II:Es13,,,,Divertimento,E-flat major,1. Allegro (E-flat major),"2 Oboes, 2 Clarinets, 2 Bassoons, 2 Horns",
2,Hob. II,Es14,Hob. II:Es14,,,Divertimento (Parthia),Divertimento,E-flat major,1. Allegro con espressione (E-flat major),"2 Oboes, 2 Clarinets, 2 Bassoons, 2 Horns",
2,Hob. II,Es15,Hob. II:Es15,,,Divertimento (Quatuor),Divertimento,E-flat major,1. Allegro (E-flat major),"Flute, Violin, Viola, Cello",
2,Hob. II,Es16,Hob. II:Es16,,,Divertimento (Parthia),Divertimento,E-flat major,1. Allegro assai (E-flat major),"2 Clarinets, 2 Oboes, 2 Bassoons, 2 Horns",
2,Hob. II,Es17,Hob. II:Es17,,,Divertimento (Suite à 6),Divertimento,E-flat major,1. … (E-flat major),"2 Clarinets, 2 Bassoons, 2 Horns",
2,Hob. II,Es2,Hob. II:Es2,,,Divertimento (Cassation),Divertimento,E-flat major,1. Andante (E-flat major),"2 English Horns, Horn, Trumpet, Solo Viola, Basso continue",
2,Hob. II,Es3,Hob. II:Es3,,,Divertimento (Cassation),Divertimento,E-flat major,1. Allegro moderato (E-flat major),"Oboe, English Horn, 2 Horns, Violin, Viola, Basso",
2,Hob. II,Es4,Hob. II:Es4,,,Divertimento (Sinfonia/Cassation),Divertimento,E-flat major,1. Allegro molto (E-flat major),"2 Flutes, 2 Horns, 2 Violins, Basso",
2,Hob. II,Es5,Hob. II:Es5,,,Divertimento (Nocturno),Divertimento,E-flat major,1. Marcia. Adagio maestoso (E-flat major),"2 Horns, 2 Violins, 2 Violas, Basso",
2,Hob. II,Es6,Hob. II:Es6,,,Divertimento (Sérénade),Divertimento,E-flat major,1. Menuet (E-flat major),"2 Horns, 2 Violins, Viola, Basso",
2,Hob. II,Es7,Hob. II:Es7,,,Divertimento (Cassation),Divertimento,E-flat major,"1. Marche. Adagio (E-flat major)
[see H 2:D20]","English Horn, Bassoon, 2 Horns, 2 Violins, Basso",
2,Hob. II,Es8,Hob. II:Es8,,,Divertimento (Nocturno),Divertimento,E-flat major,1. Allegro moderato (E-flat major),"2 Violins, 2 Violas, Cello",
2,Hob. II,Es9,Hob. II:Es9,,,Divertimento (Quintet),Divertimento,E-flat major,1. Scherzando (E-flat major),"2 Horns, Violin, Viola, Basso",
2,Hob. II,f1,Hob. II:f1,,,Divertimento (Quintet),Divertimento,F minor,1. Adagio (F minor),"2 Violins, 2 Violas, Basso, 2 Horns ad lib",
2,Hob. II,F1,Hob. II:F1,,,,Divertimento,F major,1. Allegro (F major),"2 Horns, 2 Violins, Viola, Basso",
2,Hob. II,F10,Hob. II:F10,,,Divertimento (Quatuor),Divertimento,F major,1. Marche. Andante (F major),"3 Violins, Cello",
2,Hob. II,F11,Hob. II:F11,,,Divertimento (Sérénade),Divertimento,F major,1. Allegro vivace (F major),"2 Horns, 2 Violins, 2 Violas, Basso",
2,Hob. II,F12,Hob. II:F12,,,,Divertimento,F major,1. Allegro (F major),"2 Oboes, Bassoon, 2 Horns",
2,Hob. II,F2,Hob. II:F2,,,Divertimento (Cassation),Divertimento,F major,1. Allegro moderato (F major),"Oboe, Bassoon, 2 Horns, Violin, Viola, Basso",
2,Hob. II,F3,Hob. II:F3,,,Divertimento (Cassation),Divertimento,F major,1. Presto (F major),"2 Horns, 2 Violins, 2 Violas, Basso",
2,Hob. II,F4,Hob. II:F4,,,Divertimento (Cassation),Divertimento,F major,1. Vivace (F major),"2 Horns, Violin, Viola, Basso",
2,Hob. II,F5,Hob. II:F5,,,Divertimento (Quintet),Divertimento,F major,1. Allegro giusto (F major),"2 Horns, Violin, Viola, Basso",
2,Hob. II,F6,Hob. II:F6,,,Divertimento (Concertino),Divertimento,F major,1. Allegro (F major),"2 Horns, 2 Violins, Viola, Basso",
2,Hob. II,F7,Hob. II:F7,,,Divertimento (Parthia),Divertimento,F major,1. Allegro molto (F major),"2 Oboes, 2 Clarinets, 2 Bassoons, 2 Horns",
2,Hob. II,F8,Hob. II:F8,,,Divertimento (Sinfonia),Divertimento,F major,1. Thema. Andante (F major),"2 Oboes, 2 Horns, 2 Violins, Viola, Basso",
2,Hob. II,F9,Hob. II:F9,,,Divertimento (Concertante),Divertimento,F major,1. … (F major),"Oboe, Bassoon, Horn, 2 Violins, Viola, Cello, viole",
2,Hob. II,G1,Hob. II:G1,,,Divertimento (Cassation),Divertimento,G major,"1. Allegro molto (G major)
[see H 3:G2]","2 Oboes, 2 Horns, 2 Violins, 2 Violas, Basso",
2,Hob. II,G2,Hob. II:G2,,,Divertimento (Cassation),Divertimento,G major,"1. Presto (G major)
[see H 1:C24, 17:G1]","2 Horns, 2 Violins, 2 Violas, Basso",
2,Hob. II,G2a,Hob. II:G2a,,,,Divertimento,G major,1. … (G major),"Flute, 2 Horns, 2 Violins, 2 Violas, Basso","[versions des 5e, 3e, 2e mouvements de H 2:G2]"
2,Hob. II,G3,Hob. II:G3,,,Divertimento (Parthia),Divertimento,G major,1. … (G major),"2 Violins, 2 Violas, Basso",
2,Hob. II,G4,Hob. II:G4,,,Divertimento (Quatuor),Divertimento,G major,1. Presto assai (G major),"Flute, Violin, Viola, Basso",
2,Hob. II,G5,Hob. II:G5,,,Divertimento (Quintet),Divertimento,G major,1. Moderato (G major),"2 Violins, 2 Violas, Basso, 2 Horns ad lib",
2,Hob. II,,Hob. II,,1761/5,,Cassation,D major,,"4 Horns, Violin, Viola, Basso",Additions selon H.C. Robbins Landon [Série DM 66]
2,Hob. II,,Hob. II,,1760,,Divertimento,D major,,"2 hautbois, 2 bassons, 2 cors",Additions selon H.C. Robbins Landon [Série DM 86]
2,Hob. II,,Hob. II,,1760,,Divertimento,G major,,"2 hautbois, 2 bassons, 2 cors",Additions selon H.C. Robbins Landon [Série DM 85]
3,Hob. III,1,Hob. III:1,op. 1/1,1762,La chasse,Quartet,B-flat major,"1. Presto (B-flat major)
2. Menuetto (B-flat major) avec Trio (E-flat major)
3. Adagio (E-flat major)
4. Menuetto (B-flat major) avec Trio (B-flat major)
5. Presto (B-flat major)","Strings (2 Violins, Viola, Cello)",
3,Hob. III,2,Hob. III:2,op. 1/2,1762,,Quartet,E-flat major,"1. Allegro molto (E-flat major)
2. Menuetto (E-flat major) avec Trio (B-flat major)
3. Adagio (B-flat major)
4. Menuetto (E-flat major) avec Trio
5. Presto (E-flat major)","Strings (2 Violins, Viola, Cello)",
3,Hob. III,3,Hob. III:3,op. 1/3,1762,,Quartet,D major,"1. Adagio (D major)
2. Menuetto (D major) avec Trio (G major)
3. Presto (D major)
4. Menuetto (D major) avec Trio (D minor)
5. Prseto (D major)","Strings (2 Violins, Viola, Cello)",
3,Hob. III,4,Hob. III:4,op. 1/4,1764,,Quartet,G major,"1. Presto (G major)
2. Menuetto (G major) avec Trio (G minor)
3. Adagio (C major)
4. Menuetto (G major) avec Trio (G minor)
5. Presto (G major)","Strings (2 Violins, Viola, Cello)",
3,Hob. III,5,Hob. III:5,op. 1/5,1762,,Quartet,B-flat major,"1. Allegro (B-flat major)
2. Andante (E-flat major)
3. Allegro molto (B-flat major)","Strings (2 Violins, Viola, Cello)","[originalement une symphonie, I.107]"
3,Hob. III,6,Hob. III:6,op. 1/6,1762,,Quartet,C major,"1. Presto (C major)
2. Menuetto (C major) avec Trio (F major)
3. Adagio (G major)
4. Menuetto (C major) avec Trio (G minor)
5. Finale. Presto (C major)","Strings (2 Violins, Viola, Cello)",
3,Hob. III,7,Hob. III:7,op. 2/1,1763,,Quartet,A major,"1. Allegro (A major)
2. Menuetto (A major) avec Trio (la mineur)
3. Poco Adagio (D major)
4. Menuetto (A major) avec Trio
5. Allegro molto (A major)","Strings (2 Violins, Viola, Cello)",
3,Hob. III,8,Hob. III:8,op. 2/2,1765,,Quartet,E major,"1. Allegro (E major)
2. Menuetto (E major) avec Trio (E minor)
3. Adagio (A major)
4. Menuetto (E major) avec Trio (E minor)
5. Finale. Presto (E major)","Strings (2 Violins, Viola, Cello)",
3,Hob. III,9,Hob. III:9,op. 2/3,1763,,Quartet,E-flat major,"1. Allegro molto (E-flat major)
2. Menuetto (E-flat major) avec Trio
3. Adagio (B-flat major)
4. Menuetto (E-flat major) avec Trio
5. Finale. Allegro (E-flat major)","Strings (2 Violins, Viola, Cello)","[originalement un divertimento avec 2 cors, II.21]"
3,Hob. III,10,Hob. III:10,op. 2/4,1762,,Quartet,F major,"1. Presto (F major)
2. Menuetto (F major) avec Trio (B-flat major)
3. Adagio non troppo (F minor)
4. Menuetto (F major) avec Trio (B-flat major)
5. Allegro (F major)","Strings (2 Violins, Viola, Cello)",
3,Hob. III,11,Hob. III:11,op. 2/5,1764,,Quartet,D major,"1. Presto (D major)
2. Menuetto (D major) avec Trio (D minor)
3. Largo cantabile alla Breve (G major)
4. Menuetto (D major) avec Trio
5. Finale. Presto (D major)","Strings (2 Violins, Viola, Cello)","[originalement un divertimento avec 2 cors, II.22]"
3,Hob. III,12,Hob. III:12,op. 2/6,1762,,Quartet,B-flat major,"1. Adagio (B-flat major)
[avec 4 variations]
2. Menuetto (B-flat major) avec Trio (E-flat major)
3. Presto (E-flat major)
4. Menuetto (B-flat major) avec Trio
5. Presto (B-flat major)","Strings (2 Violins, Viola, Cello)",
3,Hob. III,13,Hob. III:13,op. 3/1,1777,,Quartet,E major,"1. Allegro molto (E major)
2. Menuetto (E major) avec Trio
3. Andantino grazioso (A major)
4. Presto (E major)","Strings (2 Violins, Viola, Cello)",[oeuvre de Roman Hofstetter]
3,Hob. III,14,Hob. III:14,op. 3/2,1777,,Quartet,C major,"1. Fantasia. Andante (C major)
[avec 5 variations]
2. Menuetto (C major) avec Trio (G major)
3. Presto (C major)","Strings (2 Violins, Viola, Cello)",[oeuvre de Roman Hofstetter]
3,Hob. III,15,Hob. III:15,op. 3/3,1777,,Quartet,G major,"1. Presto (G major)
2. Largo (C major)
3. Menuetto (G major) avec Trio (E minor)
4. Presto (G major)","Strings (2 Violins, Viola, Cello)",[oeuvre de Roman Hofstetter]
3,Hob. III,16,Hob. III:16,op. 3/4,1777,,Quartet,B-flat major,"1. Allegro moderato (B-flat major)
2. Adagio (E-flat major) / Presto","Strings (2 Violins, Viola, Cello)",[oeuvre de Roman Hofstetter]
3,Hob. III,17,Hob. III:17,op. 3/5,1777,,Quartet,F major,"1. Presto (F major)
2. Andante cantabile (C major)
3. Menuetto (en F major) avec Trio (B-flat major)
4. Scherzando (F major)","Strings (2 Violins, Viola, Cello)",[oeuvre de Roman Hofstetter]
3,Hob. III,18,Hob. III:18,op. 3/6,1777,,Quartet,A major,"1. Presto (A major)
2. Adagio (E major)
3. Menuetto (A major) avec Trio (D major)
4. Scherzando (A major)","Strings (2 Violins, Viola, Cello)",[oeuvre de Roman Hofstetter]
3,Hob. III,19,Hob. III:19,op. 9/1,1769,,Quartet,C major,"1. Moderato (C major)
2. Menuetto (C major) avec Trio (C minor)
3. Adagio (F major)
4. Finale. Presto (C major)","Strings (2 Violins, Viola, Cello)",
3,Hob. III,20,Hob. III:20,op. 9/2,1769,,Quartet,E-flat major,"1. Moderato (E-flat major)
2. Menuetto (E-flat major) et Trio
3. Adagio (C minor) / Cantabile
4. Allegro molto (E-flat major)","Strings (2 Violins, Viola, Cello)",
3,Hob. III,21,Hob. III:21,op. 9/3,1769,,Quartet,G major,"1. Allegro moderato (G major)
2. Menuetto (G major) avec Trio
3. Largo (C major)
4. Finale. Presto (G major)","Strings (2 Violins, Viola, Cello)",
3,Hob. III,22,Hob. III:22,op. 9/4,1769,,Quartet,D minor,"1. Allegro moderato (D minor)
2. Menuetto (D minor) avec Trio (D major)
3. Adagio cantabile (B-flat major)
4. Presto (D minor)","Strings (2 Violins, Viola, Cello)",
3,Hob. III,23,Hob. III:23,op. 9/5,1769,,Quartet,B-flat major,"1. Poco Adagio (B-flat major)
[avec 4 variations]
2. Menuetto (B-flat major) avec Trio
3. Largo Cantabile (B-flat major)
4. Presto (B-flat major)","Strings (2 Violins, Viola, Cello)",
3,Hob. III,24,Hob. III:24,op. 9/6,1769,,Quartet,A major,"1. Presto (A major)
2. Menuetto (A major) avec Trio (la mineur)
3. Adagio (E major)
4. Allegro (A major)","Strings (2 Violins, Viola, Cello)",
3,Hob. III,25,Hob. III:25,op. 17/1,1771,,Quartet,E major,"1. Moderato (E major)
2. Menuet (E major) avec Trio (G major)
3. Adagio (E minor)
4. Finale. Presto (E major)","Strings (2 Violins, Viola, Cello)",
3,Hob. III,26,Hob. III:26,op. 17/2,1771,,Quartet,F major,"1. Moderato (F major)
2. Menuet poco Allegretto (F major) avec Trio
3. Adagio (B-flat major)
4. Finale. Allegro di molto (F major)","Strings (2 Violins, Viola, Cello)",
3,Hob. III,27,Hob. III:27,op. 17/3,1771,,Quartet,E-flat major,"1. Andante grazioso (E-flat major)
[avec 4 variations]
2. Menuet. Allegretto (E-flat major) avec Trio
3. Adagio (la bémol majeur)
4. Allegro di molto (E-flat major)","Strings (2 Violins, Viola, Cello)",
3,Hob. III,28,Hob. III:28,op. 17/4,1771,,Quartet,C minor,"1. Moderato (C minor)
2. Menuet. Allegretto (C major) avec Trio (C minor)
3. Adagio Cantabile (E-flat major)
4. Finale. Allegro (C minor)","Strings (2 Violins, Viola, Cello)",
3,Hob. III,29,Hob. III:29,op. 17/5,1771,,Quartet,G major,"1. Moderato (G major)
2. Menuetto (G major) avec Trio (G minor)
3. Adagio (G minor)
4. Presto (G major)","Strings (2 Violins, Viola, Cello)",
3,Hob. III,30,Hob. III:30,op. 17/6,1771,,Quartet,D major,"1. Presto (D major)
2. Menuet (D major) avec Trio
3. Largo (G major)
4. Finale. Allegro (D major)","Strings (2 Violins, Viola, Cello)",
3,Hob. III,31,Hob. III:31,op. 20/1,1772,Quatuor du soleil 1,Quartet,E-flat major,"1. Allegro moderato (E-flat major)
2. Menuet un poco Allegretto (E-flat major) avec Trio
3. Affettuoso e sostenuto (la bémol majeur)
4. Finale. Presto (E-flat major)","Strings (2 Violins, Viola, Cello)",
3,Hob. III,32,Hob. III:32,op. 20/2,1772,Quatuor du soleil 2,Quartet,C major,"1. Moderato (C major)
2. Capriccio. Adagio (C minor) / Cantabile (E-flat major)
3. Menuet. Allegretto (C major) avec Trio (C minor)
4. Fuga a quattro soggetti. Allegro (C major)","Strings (2 Violins, Viola, Cello)",
3,Hob. III,33,Hob. III:33,op. 20/3,1772,Quatuor du soleil 3,Quartet,G minor,"1. Allegro con spirito (G minor)
2. Menuet. Allegretto (G minor) avec Trio (E-flat major)
3. Poco Adagio (G major)
4. Allegro molto (G minor)","Strings (2 Violins, Viola, Cello)",
3,Hob. III,34,Hob. III:34,op. 20/4,1772,Quatuor du soleil 4,Quartet,D major,"1. Allegro di molto (D major)
2. Un poco Adagio e affettuoso (D minor)
[avec 4 variations]
3. Menuet alla Zingarese (D major) avec Trio
4. Presto e Scherzando (D major)","Strings (2 Violins, Viola, Cello)",
3,Hob. III,35,Hob. III:35,op. 20/5,1772,Quatuor du soleil 5,Quartet,F minor,"1. Moderato (F minor)
2. Menuet (F minor) avec Trio (F major)
3. Adagio (F major)
4. Finale. Fuga a due soggetti (F minor)","Strings (2 Violins, Viola, Cello)",
3,Hob. III,36,Hob. III:36,op. 20/6,1772,Quatuor du soleil 6,Quartet,A major,"1. Allegro di molto e scherzando (A major)
2. Adagio (E major)
3. Menuet (A major) avec Trio
4. Fuga con tre soggetti (A major)","Strings (2 Violins, Viola, Cello)",
3,Hob. III,37,Hob. III:37,op. 33/1,1778-81,,Quartet,B minor,"1. Allegro moderato (B minor)
2. Menuetto (B minor) avec Trio (B major)
3. Andante (D major)
4. Finale. Presto (B minor)","Strings (2 Violins, Viola, Cello)",
3,Hob. III,38,Hob. III:38,op. 33/2,1778-81,The Joke,Quartet,E-flat major,"1. Allegro moderato (E-flat major)
2. Scherzando (E-flat major) avec Trio
3. Largo (C minor))
4. Finale. Presto (E-flat major)","Strings (2 Violins, Viola, Cello)",
3,Hob. III,39,Hob. III:39,op. 33/3,1778-81,The Bird,Quartet,C major,"1. Allegro moderato (C major)
2. Scherzo (C major) avec Trio
3. Adagio (F major)
4. Finale. Rondo. Presto (C major)","Strings (2 Violins, Viola, Cello)",
3,Hob. III,40,Hob. III:40,op. 33/4,1778-81,,Quartet,B-flat major,"1. Allegro moderato (B-flat major)
2. Scherzo (B-flat major / si bémol mineur)
3. Largo (E-flat major)
4. Presto (B-flat major)","Strings (2 Violins, Viola, Cello)",
3,Hob. III,41,Hob. III:41,op. 33/5,1778-81,How do you do?,Quartet,G major,"1. Vivace assai (G major)
2. Largo cantabile (G minor)
3. Scherzo (G major) avec Trio
4. Finale. Allegretto (G major)","Strings (2 Violins, Viola, Cello)",
3,Hob. III,42,Hob. III:42,op. 33/6,1778-81,,Quartet,D major,"1. Vivace assai (D major)
2. Andante (D minor)
3. Scherzo. Allegro (D major) avec Trio (G major)
4. Finale. Allegretto (D major)","Strings (2 Violins, Viola, Cello)",
3,Hob. III,43,Hob. III:43,op. 42,1785,,Quartet,D minor,"1. Andante ed Innocentemente (D minor)
2. Menuet (D major) avec Trio (F major)
3. Adagio e cantabile (B-flat major)
4. Finale. Presto (D minor)","Strings (2 Violins, Viola, Cello)",
3,Hob. III,44,Hob. III:44,op. 50/1,1787,,Quartet,B-flat major,"1. Allegro (B-flat major)
2. Adagio non lento (E-flat major)
3. Menuetto (B-flat major) avec Trio
4. Finale. Vivace (B-flat major)","Strings (2 Violins, Viola, Cello)",Prussien 1
3,Hob. III,45,Hob. III:45,op. 50/2,1787,,Quartet,C major,"1. Vivace (C major)
2. Adagio cantabile (F major)
3. Menuetto (C major) avec Trio
4. Finale. Vivace assai (C major)","Strings (2 Violins, Viola, Cello)",Prussien 2
3,Hob. III,46,Hob. III:46,op. 50/3,1787,,Quartet,E-flat major,"1. Allegro con brio (E-flat major)
2. Andante piu tosto Allegretto (B-flat major)
3. Menuetto (E-flat major) avec Trio
4. Finale. Presto (E-flat major)","Strings (2 Violins, Viola, Cello)",Prussien 3
3,Hob. III,47,Hob. III:47,op. 50/4,1787,,Quartet,F-sharp minor,"1. Allegro spirituoso (fa dièse mineur)
2. Andante (fa dièse mineur)
3. Menuetto (fa dièse majeur) avec Trio (fa dièse mineur)
4. Fuga. Allegro moderato (fa dièse mineur)","Strings (2 Violins, Viola, Cello)",Prussien 4
3,Hob. III,48,Hob. III:48,op. 50/5,1787,"""Le rêve""",Quartet,F major,"1. Allegro moderato (F major)
2. Poco Adagio (B-flat major)
3. Menuetto (F major) avec Trio (F minor)
4. Finale. Vivace (F major)","Strings (2 Violins, Viola, Cello)",Prussien 5
3,Hob. III,49,Hob. III:49,op. 50/6,1787,La grenouille,Quartet,D major,"1. Allegro (D major)
2. Poco Adagio (D minor)
3. Menuetto. Allegretto (D major) avec Trio
4. Finale. Allegro con spirito (D major)","Strings (2 Violins, Viola, Cello)",Prussien 6
3,Hob. III,50,Hob. III:50,op. 51/1,,,Quartet,B-flat major,,"Strings (2 Violins, Viola, Cello)","[Sept paroles du Christ, XX.1]"
3,Hob. III,51,Hob. III:51,op. 51/2,,,Quartet,C minor,,"Strings (2 Violins, Viola, Cello)","[Sept paroles du Christ, XX.2]"
3,Hob. III,52,Hob. III:52,op. 51/3,,,Quartet,E major,,"Strings (2 Violins, Viola, Cello)","[Sept paroles du Christ, XX.3]"
3,Hob. III,53,Hob. III:53,op. 51/4,,,Quartet,F minor,,"Strings (2 Violins, Viola, Cello)","[Sept paroles du Christ, XX.4]"
3,Hob. III,54,Hob. III:54,op. 51/5,,,Quartet,A major,,"Strings (2 Violins, Viola, Cello)","[Sept paroles du Christ, XX.5]"
3,Hob. III,55,Hob. III:55,op. 51/6,,,Quartet,G minor,,"Strings (2 Violins, Viola, Cello)","[Sept paroles du Christ, XX.6]"
3,Hob. III,56,Hob. III:56,op. 51/7,,,Quartet,E-flat major,,"Strings (2 Violins, Viola, Cello)","[Sept paroles du Christ, XX.7]"
3,Hob. III,57,Hob. III:57,op. 54/2,1788?,,Quartet,C major,"1. Vivace (C major)
2. Adagio (C minor)
3. Menuetto (C major) avec Trio (C minor)
4. Adagio (C major) / Presto","Strings (2 Violins, Viola, Cello)",Tost I-1
3,Hob. III,58,Hob. III:58,op. 54/1,1788?,,Quartet,G major,"1. Allegro con brio (G major)
2. Allegretto (C major)
3. Menuetto (G major) avec Trio
4. Finale. Presto (G major)","Strings (2 Violins, Viola, Cello)",Tost I-2
3,Hob. III,59,Hob. III:59,op. 54/3,1788?,,Quartet,E major,"1. Allegro (E major)
2. Largo cantabile (A major)
3. Menuetto (E major) avec Trio
4. Finale. Presto (E major)","Strings (2 Violins, Viola, Cello)",Tost I-3
3,Hob. III,60,Hob. III:60,op. 55/1,1788?,,Quartet,A major,"1. Allegro (A major)
2. Adagio cantabile (D major)
3. Menuetto (A major) avec Trio
4. Finale. Vivace (A major)","Strings (2 Violins, Viola, Cello)",Tost II-1
3,Hob. III,61,Hob. III:61,op. 55/2,1788?,Le rasoir,Quartet,F minor,"1. Andante piu tosto Allegretto (F minor)
2. Allegro (F minor)
3. Menuetto (F major) avec Trio (F minor)
4. Finale. Presto (F major)","Strings (2 Violins, Viola, Cello)",Tost II-2
3,Hob. III,62,Hob. III:62,op. 55/3,1788?,,Quartet,B-flat major,"1. Vivace assai (B-flat major)
2. Adagio ma non troppo (E-flat major)
3. Menuetto (B-flat major) avec Trio
4. Finale. Presto (B-flat major)","Strings (2 Violins, Viola, Cello)",Tost II-3
3,Hob. III,63,Hob. III:63,op. 55/4,1790,L'alouette,Quartet,D major,"1. Allegro moderato (D major)
2. Adagio (A major)
3. Menuet. Allegretto (D major) avec Trio (D minor)
4. Finale. Vivace (D major)","Strings (2 Violins, Viola, Cello)",Tost III-1
3,Hob. III,64,Hob. III:64,op. 55/5,1790,,Quartet,E-flat major,"1. Allegro (E-flat major)
2. Andante (B-flat major)
3. Menuetto. Allegretto (E-flat major) avec Trio
4. Finale. Presto (E-flat major)","Strings (2 Violins, Viola, Cello)",Tost III-2
3,Hob. III,65,Hob. III:65,op. 64/1,1790,,Quartet,C major,"1. Allegro moderato (C major)
2. Menuet. Allegro ma non troppo (C major) avec Trio (C minor)
3. Allegretto scherzando (F major)
4. Finale. Presto ( C major)","Strings (2 Violins, Viola, Cello)",Tost III-3
3,Hob. III,66,Hob. III:66,op. 64/4,1790,,Quartet,G major,"1. Allegro con brio (G major)
2. Menuetto (G major) avec Trio
3. Adagio cantabile sostenuto (C major)
4. Finale. Presto (G major)","Strings (2 Violins, Viola, Cello)",Tost III-4
3,Hob. III,67,Hob. III:67,op. 64/3,1790,,Quartet,B-flat major,"1. Vivace assai (B-flat major)
2. Adagio (E-flat major)
3. Menuet. Allegretto (B-flat major) avec Trio
4. Finale. Allegro con spirito (B-flat major)","Strings (2 Violins, Viola, Cello)",Tost III-5
3,Hob. III,68,Hob. III:68,op. 64/2,1790,,Quartet,B minor,"1. Allegro spirituoso (B minor)
2. Adagio ma non troppo (B major)
3. Menuetto (B minor) avec Trio (B major)
4. Finale. Presto (B minor)","Strings (2 Violins, Viola, Cello)",Tost III-6
3,Hob. III,69,Hob. III:69,op. 71/1,1793,,Quartet,B-flat major,"1. Allegro (B-flat major)
2. Adagio (F major)
3. Menuet. Allegretto (B-flat major) avec Trio
4. Finale. Vivace (B-flat major)","Strings (2 Violins, Viola, Cello)",Apponyi 1
3,Hob. III,70,Hob. III:70,op. 71/2,1793,,Quartet,D major,"1. Adagio (D major) / Allegro
2. Adagio (A major)
3. Menuet. Allegretto (D major) avec Trio
4. Finale. Allegretto (D major)","Strings (2 Violins, Viola, Cello)",Apponyi 2
3,Hob. III,71,Hob. III:71,op. 71/3,1793,,Quartet,E-flat major,"1. Vivace (E-flat major)
2. Andante con moto (B-flat major)
3. Menuet (E-flat major) avec Trio
4. Finale. Vivace (E-flat major)","Strings (2 Violins, Viola, Cello)",Apponyi 3
3,Hob. III,72,Hob. III:72,op. 74/1,1793,,Quartet,C major,"1. Allegro (C major)
2. Andantino (G major)
3. Menuet. Allegro (C major) avec Trio (A major)
4. Finale. Vivace (C major)","Strings (2 Violins, Viola, Cello)",Apponyi 4
3,Hob. III,73,Hob. III:73,op. 74/2,1793,,Quartet,F major,"1. Allegro spiritoso (F major)
2. Andante grazioso (B-flat major)
3. Menuet (F major) avec Trio (ré bémol majeur)
4. Finale. Presto (F major)","Strings (2 Violins, Viola, Cello)",Apponyi 5
3,Hob. III,74,Hob. III:74,op. 74/3,1793,Le cavelier,Quartet,G minor,"1. Allegro (G minor)
2. Largo assai (E major)
3. Menuet. Allegretto (G major) avec Trio (G minor)
4. Finale. Allegro con brio (G minor)","Strings (2 Violins, Viola, Cello)",Apponyi 6
3,Hob. III,75,Hob. III:75,op. 76/1,1797,,Quartet,G major,"1. Allegro con spirito (G major)
2. Adagio sostenuto (C major)
3. Menuet. Presto (G major) avec Trio
4. Finale. Allegro ma non troppo (G minor)","Strings (2 Violins, Viola, Cello)",Erdody 1
3,Hob. III,76,Hob. III:76,op. 76/2,1797,Les quintes,Quartet,D minor,"1. Allegro (D minor)
2. Andante o piu tosto Allegretto (D major)
3. Menuetto (D minor) avec Trio (D major)
4. Finale. Vivace assai (D minor)","Strings (2 Violins, Viola, Cello)",Erdody 2
3,Hob. III,77,Hob. III:77,op. 76/3,1797,Empereur,Quartet,C major,"1. Allegro (C major)
2. Poco Adagio. Cantabile (G major)
3. Menuetto (C major) avec Trio
4. Finale. Presto (C minor)","Strings (2 Violins, Viola, Cello)",Erdody 3
3,Hob. III,78,Hob. III:78,op. 76/4,1797,Lever du soleil,Quartet,B-flat major,"1. Allegro con spirito (B-flat major)
2. Adagio (E-flat major)
3. Menuet. Allegro (B-flat major) avec Trio
4. Finale. Allegro ma non troppo (B-flat major)","Strings (2 Violins, Viola, Cello)",Erdody 4
3,Hob. III,79,Hob. III:79,op. 76/5,1797,,Quartet,D major,"1. Allegro (D major)
2. Largo cantabile e mesto (fa dièse majeur)
3. Menuetto (D major) avec Trio (D minor)
4. Finale. Presto (D major)","Strings (2 Violins, Viola, Cello)",Erdody 5
3,Hob. III,80,Hob. III:80,op. 76/6,1797,,Quartet,E-flat major,"1. Allegretto (E-flat major)
2. Fantasia. Adagio (B minor)
3. Menuetto (E-flat major) avec Alternativo
4. Finale. Allegro spirituoso (E-flat major)","Strings (2 Violins, Viola, Cello)",Erdody 6
3,Hob. III,81,Hob. III:81,op. 77/1,1799,,Quartet,G major,"1. Allegro moderato (G major)
2. Adagio (E-flat major)
3. Menuet. Presto (G major) avec Trio (E-flat major)
4. Finale. Presto (G major)","Strings (2 Violins, Viola, Cello)",Lobkowitz 1
3,Hob. III,82,Hob. III:82,op. 77/2,1799,,Quartet,F major,"1. Allegro moderato (F major)
2. Menuet. Prsto (F major) avec Trio (F minor)
3. Andante (D major)
4. Finale. Vivace assai (F major)","Strings (2 Violins, Viola, Cello)",Lobkowitz 2
3,Hob. III,83,Hob. III:83,op. 103,1803,,Quartet,D minor,"1. Andante grazioso (D minor)
2. Menuetto ma non troppo Presto (D minor) avec Trio (D major)
3.… (fa dièse mineur)","Strings (2 Violins, Viola, Cello)",[incomplet]
3,Hob. III,A1,Hob. III:A1,,,,Quartet,A major,1. Moderato (la majeur),"Strings (2 Violins, Viola, Cello)",
3,Hob. III,A2,Hob. III:A2,,,,Quartet,A major,1. Allegro assai (la majeur),"Strings (2 Violins, Viola, Cello)",
3,Hob. III,A3,Hob. III:A3,,,,Quartet,A major,1. Allegro (la majeur),"Strings (2 Violins, Viola, Cello)",
3,Hob. III,A4,Hob. III:A4,,,,Quartet,A major,1. Allegro (la majeur),"Strings (2 Violins, Viola, Cello)",
3,Hob. III,A5,Hob. III:A5,,,,Quartet,A major,1. Allegro (la majeur),"Strings (2 Violins, Viola, Cello)",
3,Hob. III,A6,Hob. III:A6,,,,Quartet,A major,1. … (la majeur),"Strings (2 Violins, Viola, Cello)",
3,Hob. III,B1,Hob. III:B1,,,,Quartet,B-flat major,"1. Allegro molto (si bémol majeur)
2. Menuetto I (mi bémol majeur) / Menuetto II (si bémol majeur)
3. Andante (si bémol majeur)
4. Scherzando (si bémol majeur)","Strings (2 Violins, Viola, Cello)",
3,Hob. III,B10,Hob. III:B10,,,,Quartet,B-flat major,1. Allegro non molto (si bémol majeur),"Strings (2 Violins, Viola, Cello)",
3,Hob. III,B2,Hob. III:B2,,,,Quartet,B-flat major,1. Allegro moderato (si bémol majeur),"Strings (2 Violins, Viola, Cello)",
3,Hob. III,B3,Hob. III:B3,,,,Quartet,B-flat major,1. Allegro (si bémol majeur),"Strings (2 Violins, Viola, Cello)",
3,Hob. III,B4,Hob. III:B4,,,,Quartet,B-flat major,1. Moderato (si bémol majeur),"Strings (2 Violins, Viola, Cello)",
3,Hob. III,B5,Hob. III:B5,,,,Quartet,B-flat major,1. Allegro (si bémol majeur),"Strings (2 Violins, Viola, Cello)",
3,Hob. III,B6,Hob. III:B6,,,,Quartet,B-flat major,1. Allegro moderato (si bémol majeur),"Strings (2 Violins, Viola, Cello)",
3,Hob. III,B7,Hob. III:B7,,,,Quartet,B-flat major,1. Andante (si bémol majeur),"Strings (2 Violins, Viola, Cello)",
3,Hob. III,B8,Hob. III:B8,,,,Quartet,B-flat major,1. Allegro (si bémol majeur),"Strings (2 Violins, Viola, Cello)",
3,Hob. III,B9,Hob. III:B9,,,,Quartet,B-flat major,1. Allegro moderato (si bémol majeur),"Strings (2 Violins, Viola, Cello)",
3,Hob. III,C1,Hob. III:C1,,,,Quartet,C major,1. Allegro (do majeur),"Strings (2 Violins, Viola, Cello)",
3,Hob. III,C10,Hob. III:C10,,,,Quartet,C major,1. Marcia maestoso (do majeur),"Strings (2 Violins, Viola, Cello)",
3,Hob. III,C11,Hob. III:C11,,,,Quartet,C major,1. Allegro (do majeur),"Strings (2 Violins, Viola, Cello)",
3,Hob. III,C12,Hob. III:C12,,,,Quartet,C major,1. Vivace (do majeur),"Strings (2 Violins, Viola, Cello)",
3,Hob. III,C2,Hob. III:C2,,,,Quartet,C major,1. Allegro moderato (do majeur),"Strings (2 Violins, Viola, Cello)",
3,Hob. III,C3,Hob. III:C3,,,,Quartet,C major,1. Vivace (do majeur),"Strings (2 Violins, Viola, Cello)",
3,Hob. III,C4,Hob. III:C4,,,,Quartet,C major,1. Allegro moderato (do majeur),"Strings (2 Violins, Viola, Cello)",
3,Hob. III,C5,Hob. III:C5,,,,Quartet,C major,1. Allegro con spirito (do majeur),"Strings (2 Violins, Viola, Cello)",
3,Hob. III,C6,Hob. III:C6,,,,Quartet,C major,1. Andantissimo (do majeur),"Strings (2 Violins, Viola, Cello)",
3,Hob. III,C7,Hob. III:C7,,,,Quartet,C major,1. Allegro moderato (do majeur),"Strings (2 Violins, Viola, Cello)",
3,Hob. III,C8,Hob. III:C8,,,,Quartet,C major,1. Andante (do majeur),"Strings (2 Violins, Viola, Cello)",
3,Hob. III,C9,Hob. III:C9,,,,Quartet,C major,1. ... (do majeur),"Strings (2 Violins, Viola, Cello)",
3,Hob. III,D1,Hob. III:D1,,,,Quartet,D major,1. Allegro moderato (ré majeur),"Strings (2 Violins, Viola, Cello)",
3,Hob. III,d1,Hob. III:d1,,,,Quartet,D minor,1. Moderato (ré mineur),"Strings (2 Violins, Viola, Cello)",
3,Hob. III,D2,Hob. III:D2,,,,Quartet,D major,1. Vivace (ré majeur),"Strings (2 Violins, Viola, Cello)",
3,Hob. III,D3,Hob. III:D3,,,,Quartet,D major,1. Adagio (ré majeur),"Strings (2 Violins, Viola, Cello)",
3,Hob. III,D4,Hob. III:D4,,,,Quartet,D major,1. … (ré majeur),"Strings (2 Violins, Viola, Cello)",
3,Hob. III,D5,Hob. III:D5,,,,Quartet,D major,1. … (ré majeur),"Strings (2 Violins, Viola, Cello)",
3,Hob. III,D6,Hob. III:D6,,,,Quartet,D major,1. … (ré majeur),"Strings (2 Violins, Viola, Cello)",
3,Hob. III,D7,Hob. III:D7,,,,Quartet,D major,1. Allegro (ré majeur),"Strings (2 Violins, Viola, Cello)",
3,Hob. III,D8,Hob. III:D8,,,,Quartet,D major,1. Adagio non molto (ré majeur),"Strings (2 Violins, Viola, Cello)",
3,Hob. III,E1,Hob. III:E1,,,,Quartet,E major,1. Allegro moderato (mi majeur),"Strings (2 Violins, Viola, Cello)",
3,Hob. III,E2,Hob. III:E2,,,,Quartet,E major,1. Allegro (mi majeur),"Strings (2 Violins, Viola, Cello)",
3,Hob. III,E3,Hob. III:E3,,,,Quartet,E major,1. Allegro moderato (mi majeur),"Strings (2 Violins, Viola, Cello)",
3,Hob. III,Es1,Hob. III:Es1,,,,Quartet,E-flat major,1. Presto (mi bémol majeur),"Strings (2 Violins, Viola, Cello)",
3,Hob. III,Es10,Hob. III:Es10,,,,Quartet,E-flat major,1. Allegro (mi bémol majeur),"Strings (2 Violins, Viola, Cello)",
3,Hob. III,Es11,Hob. III:Es11,,,,Quartet,E-flat major,1. Allegro spiritoso (mi bémol majeur),"Strings (2 Violins, Viola, Cello)",
3,Hob. III,Es2,Hob. III:Es2,,,,Quartet,E-flat major,1. Moderato (mi bémol majeur),"Strings (2 Violins, Viola, Cello)",
3,Hob. III,Es3,Hob. III:Es3,,,,Quartet,E-flat major,1. Vivace (mi bémol majeur),"Strings (2 Violins, Viola, Cello)",
3,Hob. III,Es4,Hob. III:Es4,,,,Quartet,E-flat major,1. Allegro molto (mi bémol majeur),"Strings (2 Violins, Viola, Cello)",
3,Hob. III,Es5,Hob. III:Es5,,,,Quartet,E-flat major,1. Allegro moderato (mi bémol majeur),"Strings (2 Violins, Viola, Cello)",
3,Hob. III,Es6,Hob. III:Es6,,,,Quartet,E-flat major,1. Allegro (mi bémol majeur),"Strings (2 Violins, Viola, Cello)",
3,Hob. III,Es7,Hob. III:Es7,,,,Quartet,E-flat major,1. Adagio (mi bémol majeur),"Strings (2 Violins, Viola, Cello)",
3,Hob. III,Es8,Hob. III:Es8,,,,Quartet,E-flat major,1. Un poco Allegro (mi bémol majeur),"Strings (2 Violins, Viola, Cello)",
3,Hob. III,Es9,Hob. III:Es9,,,,Quartet,E-flat major,1. Allegro (mi bémol majeur),"Strings (2 Violins, Viola, Cello)",
3,Hob. III,F1,Hob. III:F1,,,,Quartet,F major,1. Allegro molto (fa majeur),"Strings (2 Violins, Viola, Cello)",
3,Hob. III,F2,Hob. III:F2,,,,Quartet,F major,1. Vivace (fa majeur),"Strings (2 Violins, Viola, Cello)",
3,Hob. III,F3,Hob. III:F3,,,,Quartet,F major,1. Presto (fa majeur),"Strings (2 Violins, Viola, Cello)",
3,Hob. III,F4,Hob. III:F4,,,,Quartet,F major,"1. … (fa majeur)
[voir I/F 7, 2è mouvement]","Strings (2 Violins, Viola, Cello)",
3,Hob. III,F5,Hob. III:F5,,,,Quartet,F major,1. Allegro (fa majeur),"Strings (2 Violins, Viola, Cello)",
3,Hob. III,F6,Hob. III:F6,,,,Quartet,F major,1. Presto (fa majeur),"Strings (2 Violins, Viola, Cello)",
3,Hob. III,F7,Hob. III:F7,,,,Quartet,F major,1. Allegro molto (fa majeur),"Strings (2 Violins, Viola, Cello)",
3,Hob. III,G1,Hob. III:G1,,,,Quartet,G major,1. Allegro assai (sol majeur),"Strings (2 Violins, Viola, Cello)",
3,Hob. III,g1,Hob. III:g1,,,,Quartet,G major,1. Vivace (sol mineur),"Strings (2 Violins, Viola, Cello)",
3,Hob. III,G2,Hob. III:G2,,,,Quartet,G major,1. Allegro grazioso (sol majeur),"Strings (2 Violins, Viola, Cello)",
3,Hob. III,G3,Hob. III:G3,,,,Quartet,G major,1. Vivace (sol majeur),"Strings (2 Violins, Viola, Cello)",
3,Hob. III,G4,Hob. III:G4,,,,Quartet,G major,1. Allegro (sol majeur),"Strings (2 Violins, Viola, Cello)",
3,Hob. III,G5,Hob. III:G5,,,,Quartet,G major,1. Allegro (sol majeur),"Strings (2 Violins, Viola, Cello)",
3,Hob. III,G6,Hob. III:G6,,,,Quartet,G major,1. Allegro (sol majeur),"Strings (2 Violins, Viola, Cello)",
3,Hob. III,G7,Hob. III:G7,,,,Quartet,G major,1. … (sol majeur),"Strings (2 Violins, Viola, Cello)",
4,Hob. IV,1,Hob. IV:1,,1794,,Divertimento,C major,"1. Allegro moderato (C major)
2. Andante (G major)
3. Finale. Vivace (C major)","(2 Flutes, Cello)",
4,Hob. IV,2,Hob. IV:2,,1794,,Divertimento,G major,"1. Andante (G major)
2. Allegro (G major)","(2 Flutes, Cello)",
4,Hob. IV,3,Hob. IV:3,,1794,,Divertimento,G major,"1. Spiritoso (G major)
2. Andante (C major)
3. Allegro (G major)","(2 Flutes, Cello)",
4,Hob. IV,4,Hob. IV:4,,1794,,Divertimento,G major,1. Allegro (G major),"(2 Flutes, Cello)",
4,Hob. IV,5,Hob. IV:5,,1767,,Divertimento,E-flat major,"1. Moderato assai (E-flat major)
2. Allegro di Molto (E-flat major)","(Horn, Violin, Cello)",
4,Hob. IV,6,Hob. IV:6,,1784,,Divertimento,D major,"1. Adagio cantabile (D major)
[see H 28/7, 2e acte: Zwischenspiel]

2. Allegro (D major)
[see H 28/7, 2e acte: Sinfonia e Coro]

3. Tempo di Menuetto (D major)","[2 Violins]/[Flute, Violin], Cello",Partial arrangement of other works
4,Hob. IV,7,Hob. IV:7,,1784,,Divertimento,G major,"1. Allegro (G major)
[see H 28/7, Aria: Se la mia Stella]

2. Adagio (IG minor)
3. Allegro (G minor)","[2 Violins]/[Flute, Violin], Cello",Partial arrangement of other works
4,Hob. IV,8,Hob. IV:8,,1784,,Divertimento,G major,"1. Allegro moderato (C major)
2. Poco Adagio (F major)
3. Finale. Presto (C major)","[2 Violins]/[Flute, Violin], Cello",Partial arrangement of other works
4,Hob. IV,9,Hob. IV:9,,1784,,Divertimento,C major,"1. Adagio (G major)
[see H 11/97, 1er mouvement]

2. Scherzo (G major), Trio
[see H 11/97, 4e mouvement]

3. Finale. Presto (G major)
[see H 11/97, 7e mouvement]","[2 Violins]/[Flute, Violin], Cello",Partial arrangement of other works
4,Hob. IV,10,Hob. IV:10,,1784,,Divertimento,G major,"1. Andante con espressione (A major)
2. Adagio (la mineur)
3. Tempo di Menuetto (A major)","[2 Violins]/[Flute, Violin], Cello",Partial arrangement of other works
4,Hob. IV,11,Hob. IV:11,,1784,,Divertimento,A major,"1. Allegro moderato (D major)
2. Adagio (D minor)
3. Vivace (D major)
[see H 28/7, 2e acte: Balletto]","[2 Violins]/[Flute, Violin], Cello",Partial arrangement of other works
4,Hob. IV,A1,Hob. IV:A1,,,,Divertimento,A major,1. Allegro moderato (A major),"(Flute, Violin, Basso)",
4,Hob. IV,B1,Hob. IV:B1,,,,Divertimento,B-flat major,1. Allegro (B-flat major),"(Clarinet d'Amore, Violin, Basso)",
4,Hob. IV,D1,Hob. IV:D1,,,,Divertimento,D major,1. Andante (D major),"(Flute, Violin, Basso)",
4,Hob. IV,D2,Hob. IV:D2,,,,Divertimento,D major,1. Allegro (D major),"(Flute, Violin, Basso)",
4,Hob. IV,D3,Hob. IV:D3,,,,Divertimento,D major,1. Allegro moderato (D major),"(Horn, Viola, Basso)",
4,Hob. IV,Es1,Hob. IV:Es1,,,,Divertimento,E-flat major,1. Allegro (E-flat major),"(Clarinet d'Amore, Violin, Basso)",
4,Hob. IV,Es2,Hob. IV:Es2,,,,Divertimento,E-flat major,1. Andante (E-flat major),"(Clarinet d'Amore, Violin, Basso)",
4,Hob. IV,F1,Hob. IV:F1,,,,Divertimento,F major,1. Adagio (F major),(3 Flutes),
4,Hob. IV,F2,Hob. IV:F2,,,,Divertimento,F major,1. Allegro moderato (F major),"(Lute, Violin, Basso)",
4,Hob. IV,G1,Hob. IV:G1,,,,Divertimento,G major,1. Moderato (G major),"(Flute, Violin, Basso)",
4,Hob. IV,G2,Hob. IV:G2,,,,Divertimento,G major,1. … (G major),"(Flute, Violin, Cello)",
4,Hob. IV,,Hob. IV,,,Gioco Filarmonico,Divertimento,D major,1. Tavola (D major),"(2 Violins / 2 Flutes, Basso)",
9,Hob. IX,1,Hob. IX:1,,1760,12 Menuets,Dance,,"1. C major, Trio C minor
2. G major
3. D major
4. G major
5. C major, Trio C minor
6. A major
7. D major
8. A major
9. F major
10. B-flat major
11. G major
12. C major, Trio C minor","2 Violins, Basso, 2 Oboes, 2 Horns",
9,Hob. IX,2,Hob. IX:2,,1766,6 Menuets,Dance,,1. D major,"2 Violins, Basso, 2 Horns",[Unestablished - Lost]
9,Hob. IX,3,Hob. IX:3,,1767,16 Menuets,Dance,,"1. D major, Trio
2. G major
3. B-flat major
4. F major, Trio
5. D major, Trio
6. B-flat major
7. E-flat major, Trio
8. G major
9. C major
10. F major
11. C major
12. D major","2 Violins, Basso, Flute, 2 Oboes, Bassoon, 2 Horns, Timpani","[4 sont Losts, autographe pour clavier]"
9,Hob. IX,4,Hob. IX:4,,1766,12 Menuets,Dance,,"1. D major, Trio G major
2. A major, Trio D major
3. D major, Trio
4. B-flat major, Trio
5. D major, Trio la mineur
6. A major, Trio
7. D major, Trio
""Laudon""
8. D major, Trio G major
9. B-flat major, Trio F major
10. D major, Trio
11. D major, Trio G major
12. D major, Trio","2 Violins, Basso, Flute, 2 Horns","""Minuetti da ballo"""
9,Hob. IX,5,Hob. IX:5,,1776,6 Menuets,Dance,,"1. D major, Trio
2. B-flat major
3. G major
4. C major, Trio
5. F major
6. A major","2 Violins, Basso, Flute, 2 Oboes, Bassoon, 2 Horns, Timpani",
9,Hob. IX,6,Hob. IX:6,,1776,12 Menuets,Dance,,"1. C major, Trio F major
2. A major
3. D major, Trio G major
4. F major
5. B-flat major, Trio E-flat major
6. G major
7. C major, Trio F major
8. E-flat major
9. D major, Trio
10. B-flat major
11. D major
12. C major, Trio","2 Violins, Basso, Flute, 2 Oboes, 2 Bassoons, 2 Horns, Timpani","[4 derniers identiques à H 5, 1-4, authentiticé des autres non établie]"
9,Hob. IX,7,Hob. IX:7,,1784,14 Menuets,Dance,,"1. D major, Trio
2. G major
3. E-flat major
4. C major, Trio
5. A major
6. B-flat major
7. E-flat major
8. C major, Trio
9. A major
10. F major, Trio
11. D major, Trio
12. A major
13. B-flat major
14. G major, Trio","2 Violins, Basso, Flute, 2 Oboes, Bassoon, 2 Horns, Timpani","""Menuetti ballabili"""
9,Hob. IX,8,Hob. IX:8,,1785,12 Menuets,Dance,,"1. C major, Trio
2. G major
3. B-flat major
4. F major, Trio
5. D major, Trio
6. E major
7. D major, Trio
8. G major
9. E major
10. C major, Trio C minor
11. G major, Trio G minor
12. F major",Harpsichord/Pianoforte,
9,Hob. IX,9,Hob. IX:9,,1787,6 Allemandes,Dance,,"1. B-flat major
2. G major
3. E-flat major
4. C major
5. A major
6. D major","2 Violins, Basso, Flute, 2 Oboes, Bassoon, 2 Horns, Trumpet, Timpani",
9,Hob. IX,10,Hob. IX:10,,1793,12 Deutsche Tänze,Dance,,"1. D major
2. G major
3. C major
4. F major
5. B-flat major
6. E-flat major
7. G major
8. mi majque
9. A major
10. D major
11. D major
12. D major",Keyboard/Pianoforte,
9,Hob. IX,11,Hob. IX:11,,1792,12 Menuets,Dance,,"1. D major, Trio
2. B-flat major, Trio
3. G major, Trio
4. E major, Trio E minor
5. C major, Trio
6. F major, Trio
7. D major, Trio
8. E-flat major, Trio
9. C major, Trio
10. G major
11. E-flat major, Trio
12. D major, Trio","2 Violins, Basso, 2 Flutes, 2 Oboes, 2 clavinettes, 2 Bassoons, 2 Horns, 2 Trumpets, Timpani",pour la salle Redoute de Vienne
9,Hob. IX,12,Hob. IX:12,,1792,12 Deutsche Tänze,Dance,,"1. G major
2. B-flat major
3. G major
4. C major, Trio
5. A major
6. D major
7. G major
8. D major
9. B-flat major
10. C major
11. F major
12. D major, Coda","2 Violins, Basso, 2 Flutes, 2 Oboes, 2 Clarinets, 2 Bassoons, 2 Horns, 2 Trumpets, Timpani",pour la salle Redoute de Vienne
9,Hob. IX,13,Hob. IX:13,,1792,12 Deutsche Tänze,Dance,,"1. D major, Trio
2. G major
3. F major, Trio
4. C major
5. A major
6. F major, Trio
7. D major
8. D major, Trio
9. G major
10. D major
11. A major, Trio la mineur
12. D major, Coda",Keyboard,pour la salle Redoute de Vienne
9,Hob. IX,14,Hob. IX:14,,,13 Menuets,Dance,,"1. C major, Trio F major
2. G major
3. B-flat major, Trio
4. F major
5. E-flat major
6. B-flat major
7. D major, Trio
8. G major
9. F major, Trio
10. A major
11. D major
12. G major
13. D major","2 Violins, Basso, 2 Oboes, 2 Flutes, piccoo, 2 Bassoons, 2 Horns",
9,Hob. IX,15,Hob. IX:15,,,6 Menuets,Dance,,"1. C major, Trio
2. A major, Trio
3. F major, Trio B-flat major
4. D major, Trio
5. B-flat major, Trio E-flat major
6. G major, Trio","2 Violins, Basso, 2 Flutes, 2 Oboes, 2 Clarinets, 2 Bassoons, 2 Horns, 2 Trumpets, Timpani",
9,Hob. IX,16,Hob. IX:16,,?1790,24 Menuets,Dance,,"1. C major, Trio
2. E major, Trio
3. G major, Trio
4. B-flat major, Trio
5. F major, Trio
6. D major, Trio
7. E-flat major, Trio
8. C major, Trio
9. E-flat major, Trio
10. B-flat major, Trio
11. D major, Trio D minor
12. G major, Trio G minor
13. A major, Trio
14. E major, Trio
15. C major, Trio
16. G major, Trio
17. B-flat major, Trio
18. D major, Trio
19. A major, Trio la mineur
20. C major, Trio
21. E-flat major, Trio
22. D minor, Tiro D major
23. B-flat major, Trio
24. A major, Trio","2 Violins, Basso, piccolo, 2 Flutes, 2 Oboes, 2 Bassoons, 2 Horns, 2 Trumpets, Timpani",
9,Hob. IX,17,Hob. IX:17,,,17 Deutsche Tänze,Dance,,"1. C major
2. F major
3. E-flat major
4. B-flat major
5. E-flat major
6. G major
7. D major
8. G major
9. E-flat major
10. F major
11. C major
12. F major
13. C major
14. G major
15. D major
16. A major
17. C major","2 Violins, Basso, Transverse Flute, piccolo, 2 Oboes, 2 Bassoons, 2 Horns",
9,Hob. IX,18,Hob. IX:18,,,9 Menuets,Dance,,"1. D major
[see H 9/8 (7)]",Orchestra,
9,Hob. IX,19,Hob. IX:19,,,13 Menuets,Dance,,"1. C major, Trio
2. F major
3. B-flat major
4. D major
5. G major
6. C major, Trio
7. A major
8. D major
9. G major, Trio
10. E-flat major
11. C major, Trio
12. E major
13. A major","2 Violins, Basso",
9,Hob. IX,20,Hob. IX:20,,,18 Menuets,Dance,,"1. D major, Trio
2. G major
3. B-flat major, Trio E-flat major
4. G major
5. E major
6. C major, Trio
7. A major
8. F major, Trio
9. D major
10. C major, Trio C minor
11. A major
12. E major
13. A major
14. F major
15. D major
16. G major
17. C major, Trio
18. D major
[see H 26/14 (11)]",Keyboard,
9,Hob. IX,21,Hob. IX:21,,,12 Menuets,Dance,,"1. C major, Trio
2. F major
3. A major
4. D major, Trio
5. B-flat major
6. F major Trio
7. A major
8. D major
9. G major
10. C major, Trio
11. C major, Trio
12. E-flat major",Keyboard,
9,Hob. IX,22,Hob. IX:22,,,10 Menuets,Dance,,"1. D major
2. D major
3. G major
4. E-flat major
5. B-flat major
6. G major
7. D major
8. A major
9. E major
10. A major",Keyboard,
9,Hob. IX,23,Hob. IX:23,,,Menuet - Trio,Dance,G major,,"2 Violins, Basso, 2 Flutes, 2 Horns",
9,Hob. IX,24,Hob. IX:24,,1792,Menuet - Trio,Dance,C major,,"2 Violins, Basso",
9,Hob. IX,25,Hob. IX:25,,,Menuet,Dance,C major,,"2 Violins, Viola, Basso",
9,Hob. IX,26,Hob. IX:26,,,Menuet,Dance,F-sharp major,,Keyboard,
9,Hob. IX,27,Hob. IX:27,,,"Menuet ""Ochsenmenuett"" - Trio",Dance,C major,,Orchestra,
9,Hob. IX,28,Hob. IX:28,,,8 Hongroises,Dance,,"1. C major, Trio, C minor
2. F major, Trio
3. B-flat major
4. F major
5. D major
6. D minor
7. D major
8. F major",Keyboard,
9,Hob. IX,29,Hob. IX:29,,,5 Contredances & 1 Quadrille,Dance,,"1. Contredance F major
2. Contredance B-flat major
3. Contredance C major
4. Contredance G major
5. Contredance E-flat major
6. Quadrille C major/F major",Keyboard,
9,Hob. IX,30,Hob. IX:30,,,Dance anglaise,Dance,B-flat major,,Keyboard,
5,Hob. V,1,Hob. V:1,,1767,,Trio,E major,"1. Adagio
2. Allegro
3. Tempo di Menuetto","2 Violins, Cello",
5,Hob. V,2,Hob. V:2,,1767,,Trio,F major,"1. Adagio
2. Allegro
3. Tempo di Menuetto","2 Violins, Cello",
5,Hob. V,3,Hob. V:3,,1767,,Trio,B minor,"1. Adagio
2. Allegro
3. Tempo di Menuetto","2 Violins, Cello",
5,Hob. V,4,Hob. V:4,,1767,,Trio,E-flat major,"1. Allegro
2. Adagio
3. Presto","2 Violins, Cello",
5,Hob. V,5,Hob. V:5,,?1765,,Trio,B major,1. Allegro,"2 Violins, Cello",[Lost]
5,Hob. V,6,Hob. V:6,,?1765,,Trio,E-flat major,"1. Allegro moderato
2. Menuetto + trio (G minor)
3. Scherzo. Presto","2 Violins, Cello",
5,Hob. V,7,Hob. V:7,,1766,,Trio,A major,"1. Moderato
2. Tempo di Menuetto
[avec 2 variations: H 2/24b, H 26/51]","2 Violins, Cello","[Contient les variations sur ""Ich liebe, du liebest""]"
5,Hob. V,8,Hob. V:8,,1765,,Trio,B-flat major,"1. Adagio
2. Menuett + Trio (E-flat major)
3. Finale. Presto","Violin, Viola, Cello",
5,Hob. V,9,Hob. V:9,,?1765,,Trio,E-flat major,1. Adagio,"2 Violins, Cello",
5,Hob. V,10,Hob. V:10,,1767,,Trio,F major,"1. Adagio
2. Allegro moderato
3. Finale. Allegro moderato","2 Violins, Cello",
5,Hob. V,11,Hob. V:11,,1765,,Trio,E-flat major,"1. Moderato
2. Menuett","2 Violins, Cello",
5,Hob. V,12,Hob. V:12,,1767,,Trio,E major,"1. Adagio
2. Allegro
3. Tempo di Menuet","2 Violins, Cello",
5,Hob. V,13,Hob. V:13,,?1765,,Trio,B-flat major,"1. Adagio
2. Allegro
3. Moderato","2 Violins, Cello",
5,Hob. V,14,Hob. V:14,,?1765,,Trio,B minor,1. Adagio,"2 Violins, Cello",[Lost]
5,Hob. V,15,Hob. V:15,,1762,,Trio,D major,"1. Adagio
2. Allegro
3. Menuetto + Trio (C major)","2 Violins, Cello",
5,Hob. V,16,Hob. V:16,,1766,,Trio,C major,"1. Allegro
2. Menuetto + Trio (C minor)
3. Finale. Presto","2 Violins, Cello",
5,Hob. V,17,Hob. V:17,,1766,,Trio,E-flat major,"1. Allegro
2. Menuetto + trio (C minor)
3. Presto","2 Violins, Cello",
5,Hob. V,18,Hob. V:18,,1765,,Trio,B-flat major,"1. Allegro moderato
2. Menuetto + Trio
3. Finale. Andante","2 Violins, Cello",
5,Hob. V,19,Hob. V:19,,1765,,Trio,E major,"1. Adagio
2. Allegro
3. Tempo di Menuetto","2 Violins, Cello",
5,Hob. V,20,Hob. V:20,,1766,,Trio,G major,"1. Allegro
2. Menuetto + Trio (G minor)
3. Presto","2 Violins, Cello",
5,Hob. V,21,Hob. V:21,,1768,,Trio,D major,"1. Siciliano. Adagio
2. Allegro
3.Menuetto + Trio","2 Violins, Cello",
5,Hob. V,A1,Hob. V:A1,,,,Trio,A major,1. Allegro moderato,"2 Violins, Basso",
5,Hob. V,A2,Hob. V:A2,,,,Trio,A major,1. Adagio,"2 Violins, Basso",
5,Hob. V,A3,Hob. V:A3,,,,Trio,A major,1. Allegro,"2 Violins, Basso",
5,Hob. V,A4,Hob. V:A4,,,,Trio,A major,1. …,"2 Violins, Basso",
5,Hob. V,A5,Hob. V:A5,,,,Trio,A major,1. Allegro,"2 Violins, Basso",
5,Hob. V,A7,Hob. V:A7,,,,Trio,A major,1. …,"2 Violins, Basso",
5,Hob. V,A8,Hob. V:A8,,,,Trio,A major,1. Allegro moderato,"2 Violins, Basso",
5,Hob. V,B1,Hob. V:B1,,,,Trio,B-flat major,1. Moderato,"2 Violins, Basso",
5,Hob. V,B2,Hob. V:B2,,,,Trio,B-flat major,1. Allegro,"2 Violins, Basso",
5,Hob. V,B3,Hob. V:B3,,,,Trio,B-flat major,1. Andante,"2 Violins, Basso",
5,Hob. V,B4,Hob. V:B4,,,,Trio,B-flat major,1. Adagio,"2 Violins, Basso",
5,Hob. V,B5,Hob. V:B5,,,,Trio,B-flat major,1. Andante,"2 Violins, Basso",
5,Hob. V,B6,Hob. V:B6,,,,Trio,B-flat major,1. ...,"2 Violins, Basso",
5,Hob. V,C6,Hob. V:C6,,,,Trio,C major,1. Amabile,"2 Violins, Basso",
5,Hob. V,C7,Hob. V:C7,,,,Trio,C major,1. Andante,"2 Violins, Basso",
5,Hob. V,C8,Hob. V:C8,,,,Trio,C major,1. Allegro,"2 Violins, Basso",
5,Hob. V,C9,Hob. V:C9,,,,Trio,C major,1. …,"2 Violins, Basso",
5,Hob. V,D1,Hob. V:D1,,,,Trio,D major,1. Moderato,"2 Violins, Basso",
5,Hob. V,D2,Hob. V:D2,,,,Trio,D major,1. Allegro,"2 Violins, Basso",
5,Hob. V,D3,Hob. V:D3,,,,Trio,D major,1. Adagio,"2 Violins, Basso",
5,Hob. V,D4,Hob. V:D4,,,,Trio,D major,1. Adagio,"2 Violins, Basso",
5,Hob. V,D5,Hob. V:D5,,,,Trio,D major,1. Adagio,"Violin, Cello, Basso",
5,Hob. V,D6,Hob. V:D6,,,,Trio,D major,1. Andante,"Violin, Viola, Basso",
5,Hob. V,E1,Hob. V:E1,,,,Trio,E major,1. Allegro,"2 Violins, Basso",
5,Hob. V,E2,Hob. V:E2,,,,Trio,E major,1. Andante amoroso,"2 Violins, Basso",
5,Hob. V,E3,Hob. V:E3,,,,Trio,E major,1. …,"2 Violins, Basso",
5,Hob. V,Es1,Hob. V:Es1,,,,Trio,E-flat major,1. Andante,"Violin, Viola, Basso",
5,Hob. V,Es10,Hob. V:Es10,,,,Trio,E-flat major,1. Adagio,"2 Violins, Basso",
5,Hob. V,Es11,Hob. V:Es11,,,,Trio,E-flat major,1. Adagio,"2 Violins, Basso",
5,Hob. V,Es12,Hob. V:Es12,,,,Trio,E-flat major,1. …,"2 Violins, Basso",
5,Hob. V,Es13,Hob. V:Es13,,,,Trio,E-flat major,1. Andante,"2 Violins, Basso",
5,Hob. V,Es2,Hob. V:Es2,,,,Trio,E-flat major,1. Adagio,"2 Violins, Basso",
5,Hob. V,Es3,Hob. V:Es3,,,,Trio,E-flat major,1. Vivace,"2 Violins, Basso",
5,Hob. V,Es4,Hob. V:Es4,,,,Trio,E-flat major,1. Allegretto,"2 Violins, Basso",
5,Hob. V,Es5,Hob. V:Es5,,,,Trio,E-flat major,1. Presto,"2 Violins, Basso",
5,Hob. V,Es6,Hob. V:Es6,,,,Trio,E-flat major,1. Allegro,"2 Violins, Basso",
5,Hob. V,Es7,Hob. V:Es7,,,,Trio,E-flat major,1. …,"2 Violins, Basso",
5,Hob. V,Es8,Hob. V:Es8,,,,Trio,E-flat major,1. Adagio un poco Andante,"2 Violins, Basso",
5,Hob. V,Es9,Hob. V:Es9,,,,Trio,E-flat major,1. Allegro moderato,"2 Violins, Basso",
5,Hob. V,F1,Hob. V:F1,,,,Trio,F major,1. Allegro moderato,"2 Violins, Basso",
5,Hob. V,F2,Hob. V:F2,,,,Trio,F major,1. Allegro maestoso,"2 Violins, Basso",
5,Hob. V,F3,Hob. V:F3,,,,Trio,F major,1. Largo,"2 Violins, Basso",
5,Hob. V,F4,Hob. V:F4,,,,Trio,F major,1. ...,"2 Violins, [?Basso]",
5,Hob. V,F5,Hob. V:F5,,,,Trio,F major,1. …,"2 Violins, [?Basso]",
5,Hob. V,F6,Hob. V:F6,,,,Trio,F major,1. Allegro non troppo,"2 Violins, Basso",
5,Hob. V,F7,Hob. V:F7,,,,Trio,F major,1. Andante,"2 Violins, Basso",
5,Hob. V,F8,Hob. V:F8,,,,Trio,F major,1. …,"2 Violins, Basso",
5,Hob. V,G1,Hob. V:G1,,,,Trio,G major,1. Allegro molto,"2 Violins, Basso",
5,Hob. V,G2,Hob. V:G2,,,,Trio,G major,1. Allegro,"2 Violins, Basso",
5,Hob. V,G3,Hob. V:G3,,,,Trio,G major,1. Moderato,"2 Violins, Basso",
5,Hob. V,G4,Hob. V:G4,,,,Trio,G major,1. Adagio,"2 Violins, Basso",
5,Hob. V,G5,Hob. V:G5,,,,Trio,G major,1. Allegro moderato,"2 Violins, Basso",
5,Hob. V,G6,Hob. V:G6,,,,Trio,G major,1. …,"2 Violins, Basso",
5,Hob. V,G7,Hob. V:G7,,,,Trio,G major,1. …,"Violin, Viola, Basso",
6,Hob. VI,1,Hob. VI:1,,?1777,,Duo,F major,"1. Allego moderato
2. Adagio (F minor)
3. Tempo di Minuetto",,
6,Hob. VI,2,Hob. VI:2,,?1777,,Duo,A major,"1. Allegro moderato
2. Adagio (la mineur)
3. Tempo di Menuetto",,
6,Hob. VI,3,Hob. VI:3,,?1777,,Duo,B-flat major,"1. Andante
2. Adagio (E-flat major)
3. Minuetto",,
6,Hob. VI,4,Hob. VI:4,,?1777,,Duo,D major,"1. Moderato
2. Adagio (D minor)
3. Tempo di Menuetto",,
6,Hob. VI,5,Hob. VI:5,,?1777,,Duo,E-flat major,"1. Moderato
2. Adagio (la bémol majeur)
3. Tempo di Menuetto",,
6,Hob. VI,6,Hob. VI:6,,?1777,,Duo,C major,"1. Allegro
2. Adagio (C minor)
3. Tempo di Menuetto",,
6,Hob. VI,A1,Hob. VI:A1,,,,Duo,A major,1. Allegretto,2 Violins,
6,Hob. VI,A2,Hob. VI:A2,,,,Duo,A major,1. Allegro,2 Violins,
6,Hob. VI,B1,Hob. VI:B1,,,,Duo,B-flat major,1. Adagio,2 Violins,
6,Hob. VI,C1,Hob. VI:C1,,,,Duo,C major,1. Allegro,"Violin, Viola",
6,Hob. VI,C2,Hob. VI:C2,,,,Duo,C major,1. Andante,2 Violins,
6,Hob. VI,C3,Hob. VI:C3,,,,Duo,C major,1. Arioso,2 Violins,
6,Hob. VI,C4,Hob. VI:C4,,,,Duo,C major,1. Arioso con variationi (18?),"Violin, Cello",
6,Hob. VI,D1,Hob. VI:D1,,,,Duo,D major,1. Adagio con molto,"Violin, Cello",
6,Hob. VI,D2,Hob. VI:D2,,,,Duo,D major,1. Allegro,2 Violins,
6,Hob. VI,D3,Hob. VI:D3,,,,Duo,D major,1. Allegro,"Violin, Viola",
6,Hob. VI,D4,Hob. VI:D4,,,,Duo,D major,1. Allegro,2 Violins,
6,Hob. VI,E1,Hob. VI:E1,,,,Duo,E major,1. Allegro moderato,"Violin, Viola",
6,Hob. VI,Es1,Hob. VI:Es1,,,,Duo,E-flat major,1. Allegro moderato,2 Violins,
6,Hob. VI,F1,Hob. VI:F1,,,,Duo,F major,1. Andantino,2 Violins,
6,Hob. VI,F2,Hob. VI:F2,,,,Duo,F major,1. Allegretto,"Violin, Viola",
6,Hob. VI,F3,Hob. VI:F3,,,,Duo,F major,1. Allegro,2 Violins,
6,Hob. VI,G1,Hob. VI:G1,,,,Duo,G major,1. Allegretto,2 Violins,
6,Hob. VI,G2,Hob. VI:G2,,,,Duo,G major,1. Allegro moderato,"Violin, Basso",
6,Hob. VI,G3,Hob. VI:G3,,,,Duo,G major,1. …,2 Violins,
6,Hob. VI,G4,Hob. VI:G4,,,,Duo,G major,1. …,2 Violins,
7,Hob. VIIa,1,Hob. VIIa:1,,1765,,Concerto,C major,"1. Allegro moderato
2. Adagio (F major)
3. Finale. Presto","Violin, Strings (2 Violins, Viola, Basso)",
7,Hob. VIIa,2,Hob. VIIa:2,,1765,,Concerto,D major,1. ...,"Violin, Orchestra (2 Oboes, 2 Horns, 2 Violins, Viola, Basso)",[Lost]
7,Hob. VIIa,3,Hob. VIIa:3,,1770,,Concerto,A major,"1. Moderato
2. Adagio moderato (D major)
3. Allegro","Violin, Orchestra (? 2 Oboes, 2 Horns, 2 Violins, Viola, viole)",
7,Hob. VIIa,4,Hob. VIIa:4,,1769,,Concerto,G major,"1. Allegro moderato
2. Adagio (C major)
3. Allegro","Violin, Strings (2 Violins, Viola, Basso)",
7,Hob. VIIa,A1,Hob. VIIa:A1,,,,Concerto,A major,1. Allegro,"Violin, ...",[œuvre de Giornovichi]
7,Hob. VIIa,B1,Hob. VIIa:B1,,,,Concerto,B-flat major,1. Allegro moderato,"Violin, Strings (2 Violins, Viola, Basso)",[œuvre de Michael Haydn]
7,Hob. VIIa,B2,Hob. VIIa:B2,,,,Concerto,B-flat major,1. Allegro con giusto,"Violin, Strings (2 Violins, Viola, Basso)",[œuvre de Christian Cannabich]
7,Hob. VIIa,D1,Hob. VIIa:D1,,,,Concerto,D major,1. Allegro maestoso,"Violin, Orchestra (2 Oboes, 2 Horns, 2 Violins, Viola, Basso)",[œuvre de Carl Stamitz]
7,Hob. VIIa,G1,Hob. VIIa:G1,,,,Concerto,G major,1. Allegro moderato,"Violin, Strings (2 Violins, Viola, Basso)",[? Œuvre de Michael Haydn]
7,Hob. VIIb,1,Hob. VIIb:1,,1780?,,Concerto,C major,1. …,"Cello, Orchestra (2 Horns, 2 Violins, Viola, Basso)",
7,Hob. VIIb,2,Hob. VIIb:2,,1783,,Concerto,D major,"1. Allegro moderato
2. Adagio (A major)
3. Rondo. Allegro","Cello, Orchestra (2 Oboes, 2 Horns, 2 Violins, Viola, Basso)",
7,Hob. VIIb,3,Hob. VIIb:3,,1780?,,Concerto,C major,1. …,"Cello, …","[Lost, ou appartiendrait au # 5]"
7,Hob. VIIb,4,Hob. VIIb:4,,1772,,Concerto,D major,"1. Allegretto
2. Adagio (B minor)
3. Allegro","Cello, Strings (2 Violins, Viola, Basso)",[? composition de G.B. Costanzi]
7,Hob. VIIb,5,Hob. VIIb:5,,1769?,,Concerto,C major,"1. Allegro moderato
2. Andante (E-flat major)
3. Allegretto vivace","Cello, Orchestra",[esquisse]
7,Hob. VIIb,g1,Hob. VIIb:g1,,,,Concerto,G minor,1. …,"Cello, Strings (2 Violins, Viola, Basso)",[Lost]
7,Hob. VIIc,1,Hob. VIIc:1,,?,,Concerto,D major,1. …,"Contrebasse, …",[Lost]
7,Hob. VIId,1,Hob. VIId:1,,1765,,Concerto,D major,1. …,"Horn, Orchestra",[Lost]
7,Hob. VIId,2,Hob. VIId:2,,?,,Concerto,E-flat major,1. …,"2 Horns, …",[Lost]
7,Hob. VIId,3,Hob. VIId:3,,1762,,Concerto,D major,"1. Allegro
2. Adagio (A major)
3. Allegro","Horn, Orchestra (2 Oboes, 2 Violins, Viola, Basso)",[Concerto # 1]
7,Hob. VIId,4,Hob. VIId:4,,1781,,Concerto,D major,"1. Allegro moderato
2. Adagio
3. Allegro","Horn, Strings (2 Violins, Viola, Basso)",[Concerto # 2 - Unestablished]
7,Hob. VIIe,1,Hob. VIIe:1,,1796,,Concerto,E-flat major,,"Trumpet, 2 Flutes, 2 Oboes, 2 Bassoons, 2 Horns, 2 Trumpets, Timpani, 2 Violins, Viola, Basso",
7,Hob. VIIf,1,Hob. VIIf:1,,1780?,,Concerto,D major,1. …,"Flute, …",[Lost]
7,Hob. VIIf,D1,Hob. VIIf:D1,,,,Concerto,D major,1. Allegro moderato,"Flute, Strings (2 Violins, Viola, Basso)",[œuvre de Leopold Hoffmann]
7,Hob. VIIg,C1,Hob. VIIg:C1,,,,Concerto,C major,,"Oboe, Orchestra (2 Oboes, 2 Horns, 2 Trumpets, Timpani, 2 Violins, Viola, Basso)",Doubtful
7,Hob. VIIh,1,Hob. VIIh:1,,1786,,Concerto,C major,"1. Allegro con spirito
2. Andante (G major)
3. Finale. Allegro con brio","2 Lira organizzata, 2 Horns, 2 Violins, 2 Violas, Basso",
7,Hob. VIIh,2,Hob. VIIh:2,,1786,,Concerto,G major,"1. Vivace assai
2. Adagio ma non troppo
3. Presto. Rondo","2 Lira organizzata, 2 Horns, 2 Violins, 2 Violas, Basso",
7,Hob. VIIh,3,Hob. VIIh:3,,1786,,Concerto,G major,"1. Allegro con spirito
2. Romance. Allegretto (C major)
3. Finale. Tempo di Menuetto","2 Lira organizzata, 2 Horns, 2 Violins, 2 Violas, Basso",
7,Hob. VIIh,4,Hob. VIIh:4,,1786,,Concerto,F major,"1. Allegro
2. Andante (C major)
3. Presto. Rondo","2 Lira organizzata, 2 Horns, 2 Violins, 2 Violas, Basso",
7,Hob. VIIh,5,Hob. VIIh:5,,1786,,Concerto,F major,"1. (Allegro)
2. Andante (C major)
3. Finale","2 Lira organizzata, 2 Horns, 2 Violins, 2 Violas, Basso",
8,Hob. VIII,1,Hob. VIII:1,,1795,,March,E-flat major,1. …,"(2 clarinettes, 2 bassons, serpentin, 2 cors et trompette)",[Derbyshire # 1]
8,Hob. VIII,2,Hob. VIII:2,,1795,,March,C major,1. …,"(2 clarinettes, 2 bassons, serpentin, 2 cors et trompette)",[Derbyshire # 2]
8,Hob. VIII,3,Hob. VIII:3,,1792,,March,E-flat major,1. Marche / Trio,"(2 clarinettes, 2 bassons, serpentin, 2 cors et trompette)",[Pour le Prince de Galles]
8,Hob. VIII,4,Hob. VIII:4,,1802,,March,E-flat major,1. Allegretto,"(2 hautbois, 2 clarinettes, 2 bassons, 2 cors et trompette)",[Marche nationale hongroise]
8,Hob. VIII,5,Hob. VIII:5,,,,March,C major,1. …,"(2 hautbois, 2 bassons, timbales, 2 violons, violoncelle et basse)","[provient de ""Il monde della luna"", H 28:7]"
8,Hob. VIII,6,Hob. VIII:6,,1793,,March,E-flat major,1. …,"(2 clarinettes, 2 bassons et 2 cors)",
8,Hob. VIII,7,Hob. VIII:7,,?1792,,March,E-flat major,1. …,"(2 clarinettes, 2 bassons, serpentin, 2 cors et trompette)",
8,Hob. VIII,3b,Hob. VIII:3b,,1792,,March,E-flat major,1. Marche / Trio,"(flûte, 2 clarinettes, 2 bassons, serpentin, 2 cors, 2 trompettes, 2 violons, alto et basse)","[version de la précédente, pour la Société Royale des Musiciens]"
8,Hob. VIII,C1,Hob. VIII:C1,,,,March,C major,1. …,Orchestra,[Marche brillante de la 66e brigade des Chasseurs]
8,Hob. VIII,C2,Hob. VIII:C2,,,,March,C major,1. …,Orchestra,[Marche de Napoléon]
8,Hob. VIII,D1,Hob. VIII:D1,,,,March,D major,1. …,Orchestra,[Marche pour le régiment d'infanterie Coloredo]
8,Hob. VIII,Es1,Hob. VIII:Es1,,,,March,E-flat major,1.Marche / Trio (si bémol majeur),Orchestra,[Marche pour la victoire de Napoléon]
8,Hob. VIII,,Hob. VIII,,1772,,March,G major,1. ...,"(2 hautbois, 2 cors, 2 bassons)",[Marche Regimento de Marshall]
10,Hob. X,1,Hob. X:1,op. 31/4,1775,,Divertimento,D major,"1. Allegro moderato
2. Adagio (si mineur)
3. Presto","Baryton, 2 Violins, Viola, Cello, Double Bass, 2 Horns",
10,Hob. X,2,Hob. X:2,op. 31/6,1775,,Divertimento,D major,"1. Allegro moderato
2. Adagio (ré mineur)
3. Allegro
[avec 6 variations]","Baryton, 2 Violins, Viola, Cello, Double Bass, 2 Horns",
10,Hob. X,3,Hob. X:3,op. 31/2,1775,,Divertimento,A major,"1. Adagio
2. Allegro (la majeur)
3. Finale. Allegretto (la majeur)
[avec 5 variations et Coda]","Baryton, 2 Violins, Viola, Cello, Double Bass, 2 Horns",
10,Hob. X,4,Hob. X:4,op. 31/5,1775,,Divertimento,G major,"1. Moderato
[avec 6 variations]
2. Adagio (do majeur)
3. Tempo di Menuetto","Baryton, 2 Violins, Viola, Cello, Double Bass, 2 Horns",
10,Hob. X,5,Hob. X:5,op. 31/3,1775,,Divertimento,G major,"1. Adagio
2. Allegro
3. Presto","Baryton, 2 Violins, Viola, Cello, Double Bass, 2 Horns",
10,Hob. X,6,Hob. X:6,,1775,,Divertimento,A major,"1. Moderato
2. Adagio (la mineur)
3. Finale","Baryton, 2 Violins, Viola, Cello, Double Bass, 2 Horns",
10,Hob. X,7,Hob. X:7,,1767/8,,Divertimento,D major,1. Adagio,"2 Barytons, 2 Horns",[perdu]
10,Hob. X,8,Hob. X:8,,,,Divertimento,G major,"1. …
[voir H 11/111 (1)]","Baryton, Viola, Cello, [?2 Horns]",[perdu]
10,Hob. X,9,Hob. X:9,,1770,,Divertimento,D major,1. Moderato,"2 Barytons, 2 Horns",[perdu]
10,Hob. X,10,Hob. X:10,,1767/8,,Divertimento,D major,"1. Adagio
[voir H 2/5]
2. Allegro
3. Menuetto avec Trio","2 Barytons, 2 Horns",
10,Hob. X,11,Hob. X:11,,1770,,Divertimento,D major,"1. Moderato
2. Menuet avec Trio
3. Presto","Baryton, Cello, [?Basso]",
10,Hob. X,12,Hob. X:12,op. 31/1,,,Divertimento,G major,"1. Moderato
2. Adagio (sol mineur)
3. Presto","Baryton, 2 Violins, Viola, Cello, Double Bass, 2 Horns",
11,Hob. XI,1,Hob. XI:1,,1765-1766,,Trio,A major,"1. Adagio
2. Menuet, Trio
3. Finale. Allegro","Baryton, Viola, Cello",
11,Hob. XI,2,Hob. XI:2,,1765-1766,,Trio,A major,"1. Allegretto
[avec 5 variations - see H 17/8]
2. Arioso. Adagio (D major)
3. Menuetto, Trio (la mineur)
4. Finale. Allegro di molto","Baryton, Viola, Cello",
11,Hob. XI,2,Hob. XI:2,,1765-1766,,Trio,C major,"1. Arioso
2. Tempo di Menuetto (G major)
3. Allegretto (G major)
[avec 5 variations - see H 11/2 (1)]","Baryton, Viola, Cello",[Version douteuse - 3 mouvements de Hob. XI:2 mais ordre différent]
11,Hob. XI,3,Hob. XI:3,,1770,,Trio,A major,"1. Allegretto
2. Menuett, Trio (D major)
3. Presto","Baryton, Viola, Cello",
11,Hob. XI,4,Hob. XI:4,,1765-1766,,Trio,A major,"1. Moderato
2. Menuetto, Trio (la mineur)
3. Allegro molto","Baryton, Viola, Cello",
11,Hob. XI,5,Hob. XI:5,,1765-1766,,Trio,A major,"1. Moderato
2. Menuett, Trio (D major)","Baryton, Viola, Cello",
11,Hob. XI,6,Hob. XI:6,,1769,,Trio,A major,"1. Piu tosto Adagio
[avec 4 variations]
2. Menuetto, Trio
3. Presto","Baryton, Viola, Cello",
11,Hob. XI,7,Hob. XI:7,,1769,,Trio,A major,"1. Moderato
2. Menuett, Trio (la mineur)
3. Presto","Baryton, Viola, Cello",
11,Hob. XI,8,Hob. XI:8,,1765-1766,,Trio,A major,"1. Andante
2. Menuetto, Trio (la mineur)
3. Finale. Presto","Baryton, Viola, Cello",
11,Hob. XI,9,Hob. XI:9,,1770,,Trio,A major,"1. Moderato
2. Menuett, Trio (D major)
3. Finale. Allegro","Baryton, Viola, Cello",
11,Hob. XI,10,Hob. XI:10,,1772,,Trio,A major,"1. Moderato
2. Adagio
3. Tempo di Menuetto","Baryton, Viola, Cello",
11,Hob. XI,11,Hob. XI:11,,1772,,Trio,D major,"1. Adagio
2. Menuett, Trio (la mineur)
3. Presto","Baryton, Viola, Cello",
11,Hob. XI,12,Hob. XI:12,,1765-1766,,Trio,A major,"1. Adagio
[avec 4 variations]
2. Moderato
3. Presto","Baryton, Viola, Cello",
11,Hob. XI,13,Hob. XI:13,,1765-1766,,Trio,A major,1. Moderato,"Baryton, Viola, Cello",
11,Hob. XI,14,Hob. XI:14,,1765-1766,,Trio,D major,"1. Adagio
2. Allegro
3. Menuetto, Trio (A major)","Baryton, Viola, Cello",
11,Hob. XI,15,Hob. XI:15,,1765-1766,,Trio,A major,"1. Adagio
2. Allegro di molto
3. Menuetto, Trio (D major)","Baryton, Viola, Cello",
11,Hob. XI,16,Hob. XI:16,,1772,,Trio,A major,"1. Moderato
2. Menuetto, Trio (la mineur)
3. Presto","Baryton, Viola, Cello",
11,Hob. XI,17,Hob. XI:17,,1772,,Trio,D major,"1. Andante (Adagio)
[avec 6 variations]
2. Adagio (A major)
3. Menuett, Trio","Baryton, Viola, Cello",
11,Hob. XI,18,Hob. XI:18,,1772,,Trio,A major,1. Adagio,"Baryton, Viola, Cello",[Lost]
11,Hob. XI,19,Hob. XI:19,,1765-1766,,Trio,A major,"1. Moderato
2. Menuetto, Trio (la mineur)
3. Finale. Presto","Baryton, Viola, Cello",
11,Hob. XI,20,Hob. XI:20,,1765-1766,,Trio,D major,"1. Adagio cantabile
2. Menuetto. Allegro, Trio (A major)
3. Presto","Baryton, Viola, Cello",
11,Hob. XI,21,Hob. XI:21,,1771,,Trio,A major,"1. Moderato
2. Menuetto, Trio (D major)
3. Presto","Baryton, Viola, Cello",
11,Hob. XI,22,Hob. XI:22,,1765-1766,,Trio,A major,1. Adagio,"Baryton, Viola, Cello",
11,Hob. XI,23,Hob. XI:23,,1765-1766,,Trio,D major,1. Moderato,"Baryton, Viola, Cello",[Lost/Unidentified]
11,Hob. XI,24,Hob. XI:24,,1766,,Trio,D major,1. Moderato,"Baryton, Viola, Cello",
11,Hob. XI,25,Hob. XI:25,,1772,,Trio,A major,"1. Adagio cantabile
2. Menuetto, Trio (la mineur)
3. Finale. Allegro assai","Baryton, Viola, Cello",
11,Hob. XI,26,Hob. XI:26,,1766-1767,,Trio,G major,"1. Presto assai
2. Andante
3. Menuett, Trio (G minor)
[Menuet: see H 16/11 (3)]","Baryton, Viola, Cello",
11,Hob. XI,27,Hob. XI:27,,1766-1767,,Trio,D major,"1. Cantabile (Adagio)
2. Menuetto, Trio (G major)
3. Finale. Allegro molto","Baryton, Viola, Cello",
11,Hob. XI,28,Hob. XI:28,,1766-1767,,Trio,D major,"1. Adagio
2. Allegro
3. Menuetto, Trio (G major)","Baryton, Viola, Cello",
11,Hob. XI,29,Hob. XI:29,,1766-1767,,Trio,A major,"1. Andante
[avec 5 variations, see H 28/2]
2. Menuetto, Trio (la mineur)
3. Presto","Baryton, Viola, Cello",
11,Hob. XI,30,Hob. XI:30,,1766-1767,,Trio,G major,"1. Moderato
2. Menuetto, Trio (G minor)
3. Finale. Presto","Baryton, Viola, Cello",
11,Hob. XI,31,Hob. XI:31,,1766-1767,,Trio,D major,"1. Adagio Cantabile
2. Allegro di molto
3. Menuetto, Trio","Baryton, Viola, Cello",
11,Hob. XI,32,Hob. XI:32,,1766-1767,,Trio,G major,"1. Moderato
2. Menuetto, Trio (G minor)
3. Presto","Baryton, Viola, Cello",
11,Hob. XI,33,Hob. XI:33,,1766-1767,,Trio,A major,"1. Adagio cantabile
2. Menuetto, Trio (la mineur)
3. Finale (Fuga). Allegro","Baryton, Viola, Cello",
11,Hob. XI,34,Hob. XI:34,,1774/5,,Trio,D major,"1. Moderato
2. Menuetto, Trio
3. Allegro","Baryton, Viola, Cello",
11,Hob. XI,35,Hob. XI:35,,1771,,Trio,A major,"1. Pastorella. Adagio
2. Allegro molto
3. Menuetto, Trio (la mineur)
[Trio: see H 12/19 (2)]","Baryton, Viola, Cello",
11,Hob. XI,36,Hob. XI:36,,1776,,Trio,D major,"1. Adagio
2. Allegro moderato
3. Menuetto, Trio","Baryton, Viola, Cello",
11,Hob. XI,37,Hob. XI:37,,1776,,Trio,G major,"1. Andantino
[see H 16/3 (1)]
2. Adagio cantabile (C major)
3. Menuetto, Trio (G minor)","Baryton, Viola, Cello",
11,Hob. XI,38,Hob. XI:38,,1776,,Trio,A major,"1. Poco Andante
[avec 4 variations, see H 17a/1 (1)]
2. Menuetto, Trio (la mineur)
3. Presto","Baryton, Viola, Cello",
11,Hob. XI,39,Hob. XI:39,,1776,,Trio,D major,"1. Andante
2. Allegro
3. Menuetto, Trio","Baryton, Viola, Cello",
11,Hob. XI,40,Hob. XI:40,,1767,,Trio,D major,"1. Moderato
2. Menuetto, Trio
3. Finale. Allegro","Baryton, Viola, Cello",
11,Hob. XI,41,Hob. XI:41,,1767,,Trio,D major,"1. Moderato
[avec 3 variations]
2. Menuetto, Trio (D minor)
3. Finale. Allegro","Baryton, Viola, Cello",
11,Hob. XI,42,Hob. XI:42,,1767,,Trio,D major,"1. Adagio cantabile
2. Allegro
3. Menuetto, Trio (D minor)","Baryton, Viola, Cello",
11,Hob. XI,43,Hob. XI:43,,1766-1767,,Trio,D major,"1. Moderato
2. Menuetto, Trio
3. Finale. Scherzo. Allegro assai","Baryton, Viola, Cello",
11,Hob. XI,44,Hob. XI:44,,1766-1767,,Trio,D major,"1. Allegro di molto
2. Adagio (A major)
3. Menuetto, Trio","Baryton, Viola, Cello",
11,Hob. XI,45,Hob. XI:45,,1766-1767,,Trio,D major,"1. Adagio
[avec 3 variations]
2. Menuett, Trio
3. Finale. Allegro","Baryton, Viola, Cello",
11,Hob. XI,46,Hob. XI:46,,1766-1767,,Trio,A major,"1. Moderato
2. Menuetto, Trio (G major)
3. Finale","Baryton, Viola, Cello",
11,Hob. XI,47,Hob. XI:47,,1766-1767,,Trio,G major,"1. Adagio
2. Allegro non troppo
3. Menuetto, Trio (D major)","Baryton, Viola, Cello",
11,Hob. XI,48,Hob. XI:48,,1766-1767,,Trio,D major,"1. Moderato
2. Menuetto, Trio
3. Allegro di molto","Baryton, Viola, Cello",
11,Hob. XI,49,Hob. XI:49,,1767-1768,,Trio,G major,"1. Adagio
2. Allegro
3. Menuetto, Trio (D major)","Baryton, Viola, Cello",
11,Hob. XI,50,Hob. XI:50,,1767-1768,,Trio,D major,"1. Andante
[avec 4 variations]
2. Allegro di molto
3. Menuetto, Trio (D minor)","Baryton, Viola, Cello",
11,Hob. XI,51,Hob. XI:51,,1767-1768,,Trio,A major,"1. Siciliano. Adagio
2. Allegro
3. Menuetto, Tiro (la mineur)","Baryton, Viola, Cello",
11,Hob. XI,52,Hob. XI:52,,1767-1768,,Trio,D major,"1. Adagio
2. Allegro
3. Menuetto, Trio (D minor)","Baryton, Viola, Cello",
11,Hob. XI,53,Hob. XI:53,,1767,,Trio,G major,"1. Moderato
2. Menuet, Trio (D major)
3. Finale. Allegro","Baryton, Viola, Cello",
11,Hob. XI,54,Hob. XI:54,,1767-1768,,Trio,D major,"1. Moderato
2. Menuett, Trio (la mineur)
3. Finale. Presto","Baryton, Viola, Cello",
11,Hob. XI,55,Hob. XI:55,,1767-1768,,Trio,G major,"1. Moderato
2. Menuett, Trio (G minor)
3. Finale. Allegro di molto","Baryton, Viola, Cello",
11,Hob. XI,56,Hob. XI:56,,1767-1768,,Trio,D major,"1. Adagio
2. Allegro moderato
3. Menuett, Trio","Baryton, Viola, Cello",
11,Hob. XI,57,Hob. XI:57,,1768,,Trio,A major,"1. Adagio
2. Minuetto, Trio (la mineur)
3. Presto","Baryton, Viola, Cello",
11,Hob. XI,58,Hob. XI:58,,1767-1768,,Trio,D major,"1. Moderato
2. Minuetto, Trio (D minor)
3. Finale. Allegro di molto","Baryton, Viola, Cello",
11,Hob. XI,59,Hob. XI:59,,1767-1768,,Trio,G major,"1. Adagio
2. Allegro
3. Menuett, Trio (D major)","Baryton, Viola, Cello",
11,Hob. XI,60,Hob. XI:60,,1767-1768,,Trio,A major,"1. Adagio
[avec 3 variations]
2. Allegro
3. Menuetto, Trio (D major)","Baryton, Viola, Cello",
11,Hob. XI,61,Hob. XI:61,,1767-1768,,Trio,D major,"1. Allegro
[see H 26/4]
2. Andantino (G major)
3. Menuett, Trio (G major)","Baryton, Viola, Cello",
11,Hob. XI,62,Hob. XI:62,,1767-1768,,Trio,G major,"1. Allegro
2. Menuett, Trio (D major)
3. Finale. Presto","Baryton, Viola, Cello",
11,Hob. XI,63,Hob. XI:63,,1767-1768,,Trio,D major,"1. Adagio
2. Allegro
3. Menuett, Trio (la mineur)","Baryton, Viola, Cello",
11,Hob. XI,64,Hob. XI:64,,1767-1768,,Trio,D major,"1. Allegro
2. Menuetto un poco vivace, Trio
3. Finale. Presto","Baryton, Viola, Cello",
11,Hob. XI,65,Hob. XI:65,,1767-1768,,Trio,G major,"1. Allegro
2. Menuett, Trio (G minor)
3. Finale. Allegro assai","Baryton, Viola, Cello",
11,Hob. XI,66,Hob. XI:66,,1767-1768,,Trio,A major,"1. Adagio
2. Allegro di molto
3. Menuetto, Trio (la mineur)","Baryton, Viola, Cello",
11,Hob. XI,67,Hob. XI:67,,1767-1768,,Trio,G major,"1. Allegretto
2. Menuett, Trio (D major)
3. Finale. Allegro di molto","Baryton, Viola, Cello",
11,Hob. XI,68,Hob. XI:68,,1767-1768,,Trio,A major,"1. Adagio
2. Allegro di molto
3. Menuet, Trio (la mineur)","Baryton, Viola, Cello",
11,Hob. XI,69,Hob. XI:69,,1767-1768,,Trio,D major,"1. Adagio
2. Menuet. Allegretto, Trio
3. Finale. Presto","Baryton, Viola, Cello",
11,Hob. XI,70,Hob. XI:70,,1767-1768,,Trio,G major,"1. Presto
2. Andante
3. Menuetto, Trio (G minor)","Baryton, Viola, Cello",
11,Hob. XI,71,Hob. XI:71,,1767-1768,,Trio,A major,"1. Allegro moderato
2. Menuetto, Trio
3. Finale. Allegro di molto","Baryton, Viola, Cello",
11,Hob. XI,72,Hob. XI:72,,1767-1768,,Trio,D major,"1. Adagio
2. Allegro assai
3. Menuetto, Trio","Baryton, Viola, Cello",
11,Hob. XI,73,Hob. XI:73,,1772,,Trio,G major,"1. Andante
[avec 4 variations]
2. Menuett, Trio (G minor)
3. Finale. Presto","Baryton, Viola, Cello",
11,Hob. XI,74,Hob. XI:74,,1767-1768,,Trio,D major,"1. Adagio
2. Allegro
3. Menuetto, Trio","Baryton, Viola, Cello",
11,Hob. XI,75,Hob. XI:75,,1767-1768,,Trio,A major,"1. Moderato
2. Menuetto, Trio (la mineur)
3. Allegro","Baryton, Viola, Cello",
11,Hob. XI,76,Hob. XI:76,,1772,,Trio,C major,"1. Allegro
2. Menuetto, Trio
3. Scherzo. Presto
[see H 19/6]","Baryton, Viola, Cello",
11,Hob. XI,77,Hob. XI:77,,1767-1768,,Trio,G major,"1. Adagio
2. Allegro con spirito
3. Menuet. Allegretto, Trio","Baryton, Viola, Cello",
11,Hob. XI,78,Hob. XI:78,,1767-1768,,Trio,D major,"1. Andante
[avec 4 variations]
2. Menuett. Allegretto, Trio (D minor)
3. Finale. Presto","Baryton, Viola, Cello",
11,Hob. XI,79,Hob. XI:79,,1769,,Trio,D major,"1. Moderato
2. Menuet. Allegretto, Trio
3. Finale. Presto","Baryton, Viola, Cello",
11,Hob. XI,80,Hob. XI:80,,1769,,Trio,G major,"1. Moderato
2. Menuet. Allegretto, Trio (G minor)
3. Finale. Presto","Baryton, Viola, Cello",
11,Hob. XI,81,Hob. XI:81,,1769-1771,,Trio,D major,"1. Un poco Adagio
[avec 3 variations]
2. Menuett, Trio (D minor)
3. Finale. Vivace","Baryton, Viola, Cello",
11,Hob. XI,82,Hob. XI:82,,1769-1771,,Trio,C major,"1. Adagio
2. Allegro
3. Menuett. Allegretto, Trio (C minor)
[Menuet: see H 19/5; Trio: ""Das alte Weib""","Baryton, Viola, Cello",
11,Hob. XI,83,Hob. XI:83,,1769-1771,,Trio,F major,"1. Adagio
2. Allegro
3. Menuetto, Trio","Baryton, Viola, Cello",
11,Hob. XI,84,Hob. XI:84,,1769-1771,,Trio,G major,"1. Allegro moderato
2. Menuet. Allegretto, Trio (G minor)
3. Finale. Presto","Baryton, Viola, Cello",
11,Hob. XI,85,Hob. XI:85,,1769-1771,,Trio,D major,"1. Adagio
2. Allegro
3. Menuett, Trio (D minor)
[avec variation Wiederholung]","Baryton, Viola, Cello",
11,Hob. XI,86,Hob. XI:86,,1769-1771,,Trio,A major,"1. Adagio
2. Allegro
3. Menuet. Allegretto, Trio (la mineur)","Baryton, Viola, Cello",
11,Hob. XI,87,Hob. XI:87,,1769-1771,,Trio,A minor,"1. Adagio
2. Allegro molto
3. Menuetto, Trio (A major)","Baryton, Viola, Cello",
11,Hob. XI,88,Hob. XI:88,,1769-1771,,Trio,A major,"1. Adagio
2. Allegro
3. Menuett, Trio","Baryton, Viola, Cello",
11,Hob. XI,89,Hob. XI:89,,1769-1771,,Trio,G major,"1. Moderato
2. Menuett. Allegretto, Trio (G minor)
[Trio: see H 11/91 (2, Trio)]
3. Finale. Presto","Baryton, Viola, Cello",
11,Hob. XI,90,Hob. XI:90,,1769-1771,,Trio,C major,"1. Moderato
2. Menuett. Allegretto, Trio
3. Finale. Presto","Baryton, Viola, Cello",
11,Hob. XI,91,Hob. XI:91,,1769-1771,,Trio,D major,"1. Moderato
2. Menuett, Trio (la mineur)
3. Finale. Presto","Baryton, Viola, Cello",
11,Hob. XI,92,Hob. XI:92,,1769-1771,,Trio,G major,"1. Allegro
2. Menuett, Trio (G minor)
3. Finale. Presto","Baryton, Viola, Cello",
11,Hob. XI,93,Hob. XI:93,,1769-1771,,Trio,C major,"1. Allegro di molto
2. Menuett, Trio (C minor)
3. Finale. Presto","Baryton, Viola, Cello",
11,Hob. XI,94,Hob. XI:94,,1774,,Trio,A major,"1. Allegretto
2. Menuett. Canone in Diapente, Trio (la mineur)
3. Finale. Presto","Baryton, Viola, Cello",
11,Hob. XI,95,Hob. XI:95,,1771,,Trio,D major,"1. Allegro
[avec 4 variations]
2. Menuett, Trio
3. Presto","Baryton, Viola, Cello",
11,Hob. XI,96,Hob. XI:96,,1771,,Trio,B minor,"1. Largo
2. Allegro
3. Menuet, Trio (B major)","Baryton, Viola, Cello",
11,Hob. XI,97,Hob. XI:97,,1766,,Trio,D major,"1. Adagio
[see H 4/9 (1)]
2. Allegro di molto
3. Minuetto, Trio
4. Polonese
5. Adagio (D minor)
6. Menuet. Allegretto, Trio
[see H 4/9 (2)]
7. Finale. Fuga. Presto
[see H 4/9 (3)]","Baryton, Viola, Cello","""Per la felicissima nascita di S.Sl.S. Prencipe Estorhazi"""
11,Hob. XI,98,Hob. XI:98,,1772-1778,,Trio,D major,"1. Adagio
2. Allegro moderato
3. Menuetto, Trio (D minor)","Baryton, Viola, Cello",
11,Hob. XI,99,Hob. XI:99,,1772-1778,,Trio,G major,1. Cantabile,"Baryton, Viola, Cello",[Lost]
11,Hob. XI,100,Hob. XI:100,,1772-1778,,Trio,F major,"1. Moderato
2. Menuetto, Trio
3. Presto","Baryton, Viola, Cello",
11,Hob. XI,101,Hob. XI:101,,1772-1778,,Trio,C major,"1. Allegro
2. Menuett, Trio (F major)
3. Finale. Fuga a 3 soggetti in contrapunto doppio","Baryton, Viola, Cello",
11,Hob. XI,102,Hob. XI:102,,1772-1778,,Trio,G major,"1. Moderato
2. Menuetto, Trio (G minor)
3. Finale","Baryton, Viola, Cello",
11,Hob. XI,103,Hob. XI:103,,1772-1778,,Trio,A major,"1. Moderato
[see H 14/2 (1)]
2. Menuett, Trio (la mineur)
[Menuet: see H 14/2 (2)]
3. Finale. Scherzando","Baryton, Viola, Cello",
11,Hob. XI,104,Hob. XI:104,,1772-1778,,Trio,D major,1. Moderato,"Baryton, Viola, Cello",
11,Hob. XI,105,Hob. XI:105,,1772,,Trio,G major,"1. Poco Adadgio
[avec 4 variations]
2. Menuett, Trio (G minor)","Baryton, Viola, Cello",
11,Hob. XI,106,Hob. XI:106,,1772,,Trio,D major,"1. Moderato
[avec 3 variations]
2. Menuetto, Trio (D minor)
3. Finale. Presto assai","Baryton, Viola, Cello",
11,Hob. XI,107,Hob. XI:107,,1772,,Trio,D major,"1. Andantino
2. Menuett, Trio
3. Allegro","Baryton, Viola, Cello",
11,Hob. XI,108,Hob. XI:108,,1772-1778,,Trio,A major,"1. Moderato
2. Menuett, Trio (la mineur)
3. Finale","Baryton, Viola, Cello",
11,Hob. XI,109,Hob. XI:109,,1772-1778,,Trio,C major,"1. Adagio
2. Allegro
3. Menuetto, Trio (C minor)","Baryton, Viola, Cello",
11,Hob. XI,110,Hob. XI:110,,1772,,Trio,C major,"1. Moderato
[see H 14/8 (1)]
2. Menuetto, Trio (C minor)
[Trio: see H 14/8 (2)]
3. Finale. Presto","Baryton, Viola, Cello",
11,Hob. XI,111,Hob. XI:111,,1772,,Trio,G major,"1. Adagio
[avec 4 variations, see H 10/8]
2. Menuett. Allegretto, Trio
3. Finale. Presto","Baryton, Viola, Cello",
11,Hob. XI,112,Hob. XI:112,,1772-1778,,Trio,D major,"1. Allegro
2. Menuetto. Allegretto, Trio (D minor)
3. Finale. Presto","Baryton, Viola, Cello",
11,Hob. XI,113,Hob. XI:113,,1772-1778,,Trio,D major,"1. Adagio
2. Allegro di molto
3. Menuetto, Trio","Baryton, Viola, Cello",
11,Hob. XI,114,Hob. XI:114,,1775,,Trio,D major,"1. Moderato
[see H 12/24]
2. Menuett, Trio (D minor)
3. Finale. Fuga. Presto","Baryton, Viola, Cello",
11,Hob. XI,115,Hob. XI:115,,1772-1778,,Trio,D major,"1. Adagio
2. Allegro
3. Menuetto, Trio (D minor)","Baryton, Viola, Cello",
11,Hob. XI,116,Hob. XI:116,,1772-1778,,Trio,G major,"1. Allegretto
[avec 3 variations]
2. Menuetto, Trio (G minor)
3. Finale. Allegro di molto","Baryton, Viola, Cello",
11,Hob. XI,117,Hob. XI:117,,1772-1778,,Trio,F major,"1. Adagio
2. Allegro
3. Menuet, Trio","Baryton, Viola, Cello",
11,Hob. XI,118,Hob. XI:118,,1772-1778,,Trio,D major,"1. Allegro
2. Menuetto, Trio
3. Presto","Baryton, Viola, Cello",
11,Hob. XI,119,Hob. XI:119,,1772-1778,,Trio,G major,"1. Moderato
2. Menuetto, Trio
3. Presto","Baryton, Viola, Cello",Baryton part only
11,Hob. XI,120,Hob. XI:120,,1772-1778,,Trio,D major,"1. Adagio
2. Menuett, Trio
3. Finale. Presto","Baryton, Viola, Cello",
11,Hob. XI,121,Hob. XI:121,,1772-1778,,Trio,A major,"1. Moderato
2. Menuetto, Trio (la mineur)
3. Finale. Presto assai","Baryton, Viola, Cello",
11,Hob. XI,122,Hob. XI:122,,1772-1778,,Trio,A major,"1. Adagio
2. Allegro
3. Menuetto, Trio (la mineur)","Baryton, Viola, Cello",
11,Hob. XI,123,Hob. XI:123,,1771,,Trio,G major,"1. Adagio
2. Allegro
3. Menuett, Trio","Baryton, Viola, Cello",
11,Hob. XI,124,Hob. XI:124,,1771,,Trio,G major,"1. Moderato
2. Menuett, Trio (G minor)
3. Finale. Presto","Baryton, Viola, Cello",
11,Hob. XI,125,Hob. XI:125,,1772-1778,,Trio,G major,"1. Adagio
2. Menuetto, Trio (G minor)
3. Finale. Presto (G major/G minor)","Baryton, Viola, Cello",
11,Hob. XI,126,Hob. XI:126,,1771,,Trio,C major,"1. Andante
[avec 3 variations]
2. Menuetto, Trio
3. Presto","Baryton, Viola, Cello",
11,Hob. XI,A1,Hob. XI:A1,,,,Trio,A major,1. Allegro assai,"Baryton, Viola, Cello",
11,Hob. XI,C1,Hob. XI:C1,,,,Trio,C major,1. Moderato,"Baryton, Viola, Cello",
11,Hob. XI,C2,Hob. XI:C2,,,,Trio,C major,1. Moderato,"Baryton, Viola, Cello",
11,Hob. XI,C3,Hob. XI:C3,,,,Trio,C major,1. Allegro spirituoso,"Baryton, Viola, Cello",
11,Hob. XI,D1,Hob. XI:D1,,,,Trio,D major,1. Adagio cantabile,"Baryton, Viola, Cello",
11,Hob. XI,D2,Hob. XI:D2,,,,Trio,D major,1. Adagio,"Baryton, Viola, Cello",
12,Hob. XII,1,Hob. XII:1,,1770,,Duo,A major,"1. Adagio
2. Allegro molto
3. Menuetto, Trio","Baryton, Cello, [?Basso]",
12,Hob. XII,2,Hob. XII:2,,,,Duo,G major,1. Adagio,"Baryton, Cello?",[Lost]
12,Hob. XII,3,Hob. XII:3,,,,Duo,D major,1. Adagio,"Baryton, Cello, [?Basso]",[Lost]
12,Hob. XII,4,Hob. XII:4,,1770,,Duo,G major,"1. Moderato
[avec 3 variations]
2. Allegro
3. Menuett, Trio (B-flat major)",2 Barytons,
12,Hob. XII,5,Hob. XII:5,,1770,,Duo,D major,"1. Adagio
[avec 3 variations]
2. Menuetto, Trio (D minor)
3. Finale. Presto (D major/D minor)
[see H 1/28 (3.Trio)]","2 Barytons, [?Basso]",
12,Hob. XII,6,Hob. XII:6,,1770,,Duo,G major,1. …,"Baryton, ?",[Lost]
12,Hob. XII,7,Hob. XII:7,,1770,,Sonata,D major,1. Adagio,"Baryton, Cello",[Lost]
12,Hob. XII,8,Hob. XII:8,,1770,,Sonata,C major,1. Allegro,"Baryton, Cello",[Lost]
12,Hob. XII,9,Hob. XII:9,,1770,,Sonata,G major,1. Allegro,"Baryton, Cello",[Lost]
12,Hob. XII,10,Hob. XII:10,,1770,,Sonata,A major,1. Allegro moderato,"Baryton, Cello",[Lost]
12,Hob. XII,11,Hob. XII:11,,1770,,Sonata,D major,1. Andante,"Baryton, Cello",[Lost]
12,Hob. XII,12,Hob. XII:12,,,,Sonata,G major,1. Allegro,"Baryton, Cello",[Lost]
12,Hob. XII,13,Hob. XII:13,,1770,,Solo,D major,"1. Adagio
[see H 14/2 (3)]","Baryton, ?",[Lost]
12,Hob. XII,14,Hob. XII:14,,1770,,Solo,D major,1. Adagio,"Baryton, ?",[Lost]
12,Hob. XII,15,Hob. XII:15,,,,Sonata,F major,1. Allegretto,"Baryton, Cello?",[Lost]
12,Hob. XII,16,Hob. XII:16,,,,Sonata,D major,1. …,"Baryton, Cello?",[Lost]
12,Hob. XII,17,Hob. XII:17,,,,Sonata,D major,1. Andante,"Baryton, Cello?",[Lost]
12,Hob. XII,18,Hob. XII:18,,1770,,Divertimento,A major,1. Allegro,"Baryton, [?Cello]",[Lost]
12,Hob. XII,19,Hob. XII:19,,1765,,Duo,A major,"1. Andantino (A major)
2. Allegretto (A major)
[see H 11/35 (3.Trio)]
3. Adagio cantabile (D major)
4. Allegro di molto (A major)
5. Menuet (A major)
6. Adagio (D major)
7. Presto (A major)
8. Polonese (A major)
9. Presto (D major)
10. Largo (A major)
11. Menuett. Un poco Allegretto (A major)
12. Presto (A major)","2 Barytons, Basso",
12,Hob. XII,20,Hob. XII:20,,1765,,Divertimento,G major,1. Adagio,"Baryton, ?",[Lost]
12,Hob. XII,21,Hob. XII:21,,1765,,Divertimento,D major,1. Adagio,"Baryton, ?",[Lost]
12,Hob. XII,22,Hob. XII:22,,1765,,Divertimento,A major,1. Adagio,"Baryton, ?",[Lost]
12,Hob. XII,23,Hob. XII:23,,1765,,Divertimento,G major,1. Adagio,"Baryton, ?",[Lost]
12,Hob. XII,24,Hob. XII:24,,1775,,Cassation,D major,1. … [see H 11/14 (1)],"Baryton, ?",[Lost]
13,Hob. XIII,1,Hob. XIII:1,,1770,,Concerto,D major,1. Moderato,"Baryton, 2 Violins, Basso",[Lost]
13,Hob. XIII,2,Hob. XIII:2,,1770,,Concerto,D major,1. …,"Baryton, 2 Violins, Basso",[Lost]
13,Hob. XIII,3,Hob. XIII:3,,1770,,Concerto,D major,,"Baryton, 2 Violins, Basso",[Lost]
14,Hob. XIV,1,Hob. XIV:1,,1766,,Divertimento,E-flat major,"1. Moderato
2. Menuetto avec Trio (C minor)
3. Presto","Harpsichord, Violin, Basso, 2 Horns",
14,Hob. XIV,2,Hob. XIV:2,,1769,,Divertimento,F major,"1. Allegro
[see H 11/103 (1)]
2. Menuetto avec Trio
[Menuetto: see H 11/103 (2)]
3. Finale. Adagio
[avec 4 variations - see H 12/13]","Harpsichord, Baryton, 2 Violins",
14,Hob. XIV,3,Hob. XIV:3,,1767,,Divertimento,C major,"1. Allegro moderato
2. Menuetto avec Trio
3. Allegro molto","Harpsichord, 2 Violins, Cello","[Concertino, Sonate]"
14,Hob. XIV,4,Hob. XIV:4,,1764,,Divertimento,C major,"1. (Allegro)
2. Menuet avec Trio (C minor)
3. Finale","Harpsichord, 2 Violins, Cello",[Concerto]
14,Hob. XIV,5,Hob. XIV:5,,1766,,Divertimento,D major,1. …,"Harpsichord, (2 Violins, Cello?)",[fragment]
14,Hob. XIV,6,Hob. XIV:6,,1767,,Divertimento,G major,"1. Allegro
[see H 16/6 (1)]
2. Adagio (G minor)
[see H 16/6 (3)]
3. Menuetto avec Trio (G minor)
[Trio: see H 16/6 (2)]","Harpsichord, (2 Violins, Cello?)",[Sonate]
14,Hob. XIV,7,Hob. XIV:7,,1766,,Divertimento,C major,"1. Allegro moderato
[see H 16/G1]
2. Menuett avec Trio (C minor)
3. Finale. Presto","Harpsichord, 2 Violins, Cello",
14,Hob. XIV,8,Hob. XIV:8,,1766,,Divertimento,C major,"1. Allegro moderato
[see H 11/110 (1)]
2. Menuetto avec Trio (C minor)
[Trio: see H 11/110 (2)]
3. Finale","Harpsichord, 2 Violins, Cello",
14,Hob. XIV,9,Hob. XIV:9,,1766,,Divertimento,F major,"1. Allegro
2. Menuett avec Trio (B-flat major)
3. Finale. Allegro molto","Harpsichord, 2 Violins, Cello",
14,Hob. XIV,10,Hob. XIV:10,,1764,,Divertimento,C major,"1. Moderato
2. Menuet
3. Finale. Allegro
[see H 16/9 (3)]","Harpsichord, 2 Violins, ?",Harpsichord part only
14,Hob. XIV,11,Hob. XIV:11,,1760,,Divertimento,C major,"1. Moderato
2. Adagio (la mineur)
3. Allegro","Harpsichord, 2 Violins, Cello",[Concertino]
14,Hob. XIV,12,Hob. XIV:12,,1766,,Divertimento,C major,"1. Allegro
2. Adagio (F major)
3. Finale. Allegro","Harpsichord, 2 Violins, Cello","[Concerto, Partita, Concertino]"
14,Hob. XIV,13,Hob. XIV:13,,1767,,Divertimento,G major,"1. Allegro moderato
2. Adagio (E minor)
3. Finale. Presto","Harpsichord, 2 Violins, Cello","[Concerto, Concertino]"
14,Hob. XIV,C1,Hob. XIV:C1,,,,Divertimento,C major,1. Andante,"Harpsichord, 2 Violins, Cello",Doubtful
14,Hob. XIV,C2,Hob. XIV:C2,,1767,,Divertimento,C major,1. Allegro moderato,"Harpsichord, 2 Violins, Basso","Probably Authentic
Partial Lost (Trio, Finale)"
14,Hob. XIV,C3,Hob. XIV:C3,,,,Divertimento,C major,1. Allegro,"Harpsichord, 2 Violins, Basso","[Concerto, Quattro - œuvre de Wagenseil]]"
14,Hob. XIV,Es1,Hob. XIV:Es1,,,,Divertimento,E-flat major,1. Cantabile,"Harpsichord, 2 Violins, Basso",[œuvre de J.A. Steffan]
14,Hob. XIV,F1,Hob. XIV:F1,,,,Divertimento,F major,1. Allegro moderato,"Harpsichord, Flute, Viola, Cello",[Quartetto concertant - œuvre de J. Schmittbauer]
14,Hob. XIV,F2,Hob. XIV:F2,,,,Divertimento,F major,1. (Allegro moderato),"Harpsichord, Oboe, Violin, Viola, Cello",[Concertante- œuvre de J.C. Bach]
14,Hob. XIV,G1,Hob. XIV:G1,,1774,,Divertimento,G major,1. Allegro,"Harpsichord, 2 Violins [?Viola], Basso",[Partita - Lost]
19,Hob. XIX,1,Hob. XIX:1,,1772,,Piece,F major,"1. Allegretto
[see H 28/7]",Musical Clock,
19,Hob. XIX,2,Hob. XIX:2,,1772,,Piece,F major,1. Vivace,Musical Clock,
19,Hob. XIX,3,Hob. XIX:3,,1772,,Piece,F major,"1. Andantino
[see H 1/53 (2)]",Musical Clock,
19,Hob. XIX,4,Hob. XIX:4,,1772,,Piece,C major,1. Andante cantabile,Musical Clock,
19,Hob. XIX,5,Hob. XIX:5,,1772,,Piece,F major,"1. Menuett
[see H 11/82 (3)]",Musical Clock,
19,Hob. XIX,6,Hob. XIX:6,,1772,,Piece,F major,1. Vivace,Musical Clock,
19,Hob. XIX,7,Hob. XIX:7,,1772-1792,,Piece,C major,1. Menuett,Musical Clock,
19,Hob. XIX,8,Hob. XIX:8,,1772-1792,,Piece,C major,1. Menuett,Musical Clock,
19,Hob. XIX,9,Hob. XIX:9,,1772-1792,,Piece,C major,"1. Menuet. Allegretto
[see H 3/57 (3)]",Musical Clock,
19,Hob. XIX,10,Hob. XIX:10,,1772-1792,,Piece,C major,1. Andante,Musical Clock,
19,Hob. XIX,11,Hob. XIX:11,,1772-1793,,Piece,C major,1. Allegretto,Musical Clock,
19,Hob. XIX,12,Hob. XIX:12,,1772-1793,,Piece,C major,1. Andante,Musical Clock,
19,Hob. XIX,13,Hob. XIX:13,,1772-1793,,Piece,C major,1. Vivace,Musical Clock,
19,Hob. XIX,14,Hob. XIX:14,,1772-1793,,Piece,C major,1. Menuett,Musical Clock,
19,Hob. XIX,15,Hob. XIX:15,,1772-1793,,Piece,C major,1. Allegro ma non troppo,Musical Clock,
19,Hob. XIX,16,Hob. XIX:16,,1772-1793,,Piece,C major,1. Fuga. Allegro,Musical Clock,
19,Hob. XIX,17,Hob. XIX:17,,1792,,Piece,C major,1. Allegro moderato,Musical Clock,
19,Hob. XIX,18,Hob. XIX:18,,1792,,Piece,C major,1. Presto,Musical Clock,
19,Hob. XIX,19,Hob. XIX:19,,1792,,Piece,C major,"1. Andante
[see H 26a/13]",Musical Clock,
19,Hob. XIX,20,Hob. XIX:20,,1792,,Piece,C major,"1. Menuett
[see H 1/85 (3. Trio)]",Musical Clock,
19,Hob. XIX,21,Hob. XIX:21,,1792,,Piece,G major,1. Allegretto,Musical Clock,
19,Hob. XIX,22,Hob. XIX:22,,1792,,Piece,C major,1. Allegro moderato,Musical Clock,
19,Hob. XIX,23,Hob. XIX:23,,1792,,Piece,C major,"1. Vivace
[see H 1/C 6 (4)]",Musical Clock,
19,Hob. XIX,24,Hob. XIX:24,,1793,,Piece,C major,1. Presto,Musical Clock,
19,Hob. XIX,25,Hob. XIX:25,,1793,,Piece,D major,"1. Marche
[see H 8/6]",Musical Clock,
19,Hob. XIX,26,Hob. XIX:26,,1793,,Piece,E major,1. Andante / Allegro,Musical Clock,
19,Hob. XIX,27,Hob. XIX:27,,1793,,Piece,G major,"1. Allegretto
[see H 17/10]",Musical Clock,
19,Hob. XIX,28,Hob. XIX:28,,1793,,Piece,C major,"1. Allegro
[see H 3/70 (4)]",Musical Clock,
19,Hob. XIX,29,Hob. XIX:29,,1793,,Piece,C major,"1. Menuett
[see H 1/101 (3)]",Musical Clock,
19,Hob. XIX,30,Hob. XIX:30,,1793,,Piece,G major,"1. Presto
[see H 3/63 (4)]",Musical Clock,
19,Hob. XIX,31,Hob. XIX:31,,,,Piece,C major,1. Presto,Musical Clock,
19,Hob. XIX,32,Hob. XIX:32,,,,Piece,F major,"1. Allegro
[see H 1/99 (4)]",Musical Clock,
15,Hob. XV,1,Hob. XV:1,,1766,Partita (Divertimento),Partita,G major,,"Piano, Violin, Cello",
15,Hob. XV,2,Hob. XV:2,,1769,,Sonata,F major,,"Piano, Violin, Cello",[arrangement de H 14/2]
15,Hob. XV,3,Hob. XV:3,op. 40/1,1784,,Sonata,C major,,"Piano, Violin, Cello",[oeuvre possible de Pleyel]
15,Hob. XV,4,Hob. XV:4,op. 40/2,1784,,Sonata,F major,,"Piano, Violin, Cello",[oeuvre possible de Pleyel]
15,Hob. XV,5,Hob. XV:5,op. 40/3,1784,,Sonata,G major,,"Piano, Violin, Cello",
15,Hob. XV,6,Hob. XV:6,op. 43/1,1784/5,,Sonata,F major,,"Piano, Violin, Cello",
15,Hob. XV,7,Hob. XV:7,op. 43/2,1784/5,,Sonata,D major,,"Piano, Violin, Cello",
15,Hob. XV,8,Hob. XV:8,op. 43/3,1784/5,,Sonata,B-flat major,,"Piano, Violin, Cello",
15,Hob. XV,9,Hob. XV:9,op. 44/1,1785,,Sonata,A major,,"Piano, Violin, Cello",
15,Hob. XV,10,Hob. XV:10,op. 44/3,1785,,Sonata,E-flat major,,"Piano, Violin, Cello",
15,Hob. XV,11,Hob. XV:11,op. 57/1,1789,,Sonata,E-flat major,,"Piano, Violin, Cello",
15,Hob. XV,12,Hob. XV:12,op. 57/2,1789,,Sonata,E minor,,"Piano, Violin, Cello",
15,Hob. XV,13,Hob. XV:13,op. 57/3,1789,,Sonata,C minor,"1. Andante (C minor)
2. Allegro spiritoso (C major)","Piano, Violin, Cello",
15,Hob. XV,14,Hob. XV:14,op. 68,1790,,Sonata,A-flat major,,"Piano, Violin, Cello",
15,Hob. XV,15,Hob. XV:15,op. 67/1,1790,,Trio,G major,,"Piano, Flute, Cello",
15,Hob. XV,16,Hob. XV:16,op. 67/2,1790,,Trio,D major,,"Piano, Flute, Cello",
15,Hob. XV,17,Hob. XV:17,op. 73,1790,,Trio,F major,,"Piano, Flute, Cello",
15,Hob. XV,18,Hob. XV:18,op. 78/1,1794,,Sonata,A major,,"Piano, Violin, Cello",
15,Hob. XV,19,Hob. XV:19,op. 78/2,1794,,Sonata,G major,,"Piano, Violin, Cello",
15,Hob. XV,20,Hob. XV:20,op. 78/3,1794,,Sonata,B-flat major,,"Piano, Violin, Cello",
15,Hob. XV,21,Hob. XV:21,op. 79/1,1794/5,,Sonata,C major,,"Piano, Violin, Cello",
15,Hob. XV,22,Hob. XV:22,op. 79/2,1794/5,,Sonata,E-flat major,,"Piano, Violin, Cello",
15,Hob. XV,23,Hob. XV:23,op. 79/3,1794/5,,Sonata,D minor,,"Piano, Violin, Cello",
15,Hob. XV,24,Hob. XV:24,op. 82/1,1795,,Sonata,D major,,"Piano, Violin, Cello",
15,Hob. XV,25,Hob. XV:25,op. 82/2,1795,,Sonata,G major,,"Piano, Violin, Cello",
15,Hob. XV,26,Hob. XV:26,op. 82/3,1795,,Sonata,F-sharp minor,,"Piano, Violin, Cello",
15,Hob. XV,27,Hob. XV:27,op. 82/4,1797,,Sonata,C major,,"Piano, Violin, Cello",
15,Hob. XV,28,Hob. XV:28,op. 82/5,1797,,Sonata,E major,,"Piano, Violin, Cello",
15,Hob. XV,29,Hob. XV:29,op. 82/6,1797,,Sonata,E-flat major,,"Piano, Violin, Cello",
15,Hob. XV,30,Hob. XV:30,op. 89,1795,,Sonata,E-flat major,,"Piano, Violin, Cello",
15,Hob. XV,31,Hob. XV:31,op. 53,1795,,Sonata,E-flat major,,"Piano, Violin, Cello",
15,Hob. XV,32,Hob. XV:32,op. 75,1793/4,,Sonata,G major,,"Piano, Violin, Cello",[provient d'une sonate pour piano et violon]
15,Hob. XV,33,Hob. XV:33,,1759,,Divertimento,D major,,"Piano, Violin, Cello",
15,Hob. XV,34,Hob. XV:34,,1759,Partita (Divertimento),Partita,E major,,"Piano, Violin, Cello",
15,Hob. XV,35,Hob. XV:35,,1759,Divertimento (Capriccio),Divertimento,A major,,"Piano, Violin, Cello",
15,Hob. XV,36,Hob. XV:36,,1760,Partita (Concerto),Partita,E-flat major,,"Piano, Violin, Cello",
15,Hob. XV,37,Hob. XV:37,,1766,"Divertimento (Trio, Concerto)",Divertimento,F major,,"Piano, Violin, Cello",
15,Hob. XV,38,Hob. XV:38,,1766,,Divertimento,B-flat major,,"Piano, Violin, Cello",
15,Hob. XV,39,Hob. XV:39,,,,Divertimento,F major,,"Piano, Violin, Cello",[consiste de plusieurs mouvements d'oeuvres précédentes]
15,Hob. XV,40,Hob. XV:40,,1760,Divertimento (Partita),Divertimento,F major,,"Piano, Violin, Cello",
15,Hob. XV,41,Hob. XV:41,,1767,,Divertimento,G major,,"Piano, Violin, Cello",
15,Hob. XV,C1,Hob. XV:C1,,,,Divertimento,C major,"1. Allegro moderato
2. Menuetto, Trio (C minor)
3. Andante con Variazioni","Piano, Violin, Basso",
15,Hob. XV,C2,Hob. XV:C2,,,Grande Bataille,Trio,C major,1. Marche nocturne silencieuse,"Piano, Violin, Cello",
15,Hob. XV,D1,Hob. XV:D1,,,,Divertimento,D major,1. …,"Piano, Violin, Cello",
15,Hob. XV,f1,Hob. XV:f1,,,,Partita,F minor,1. Allegro,"Piano, Violin, Cello",
15,Hob. XVa,1,Hob. XVa:1,op. 94/1,,,Sonata,B-flat major,1. Allegro,"Piano, Violin obligé",
15,Hob. XVa,2,Hob. XVa:2,op. 94/2,,,Sonata,D major,1. Allegro,"Piano, Violin obligé",
15,Hob. XVa,3,Hob. XVa:3,op. 94/3,,,Sonata,C major,1. Allegro,"Piano, Violin obligé",
16,Hob. XVI,1,Hob. XVI:1,,1760,Partita (Divertimento),Partita,C major,"1. Allegro
2. Andante
3. Menuett avec Trio (do mineur)",Piano,
16,Hob. XVI,2,Hob. XVI:2,,1760,Partita (Parthia),Partita,B-flat major,"1. Moderato
2. Largo (sol mineur)
3. Menuett avec Trio (fa mineur)",Piano,
16,Hob. XVI,3,Hob. XVI:3,,1760,,Divertimento,C major,"1. Allegro
[voir H 11/37 (1)]
2. Andante (sol majeur)
3. Menuetto avec Trio (do mineur)",Piano,
16,Hob. XVI,4,Hob. XVI:4,,1760,,Divertimento,D major,"1. Allegro
2. Menuetto avec Trio
3. Menuett (mi majeur)
[Salieri: Fiera di Venezia]
4. Menuetto (sol majeur) avec Trio (sol mineur)
[Menuetto: Salieri: Fiera di Venezia]",Piano,
16,Hob. XVI,5,Hob. XVI:5,,1763,,Divertimento,A major,"1. Allegro
2. Menuetto avec Trio (la mineur)
[Trio: voir H 15/39 (4)]
3. Presto",Piano,[authenticité douteuse]
16,Hob. XVI,6,Hob. XVI:6,,1766,Partita (Divertimento),Partita,G major,"1. Allegro
[voir H 14/6 (1)]
2. Menuetto avec Trio (sol mineur)
[Trio: voir H 14/6 (3)]
3. Adagio (sol mineur)
[voir H 14/6 (2)]
4. Allegro molto",Piano,
16,Hob. XVI,7,Hob. XVI:7,,1766,"Partita (Parthia, Divertimento)",Partita,C major,"1. Allegro moderato
2. Menuetto avec Trio (do mineur)
3. Finale",Piano,[authenticité douteuse]
16,Hob. XVI,8,Hob. XVI:8,,1766,Parthia (Divertimento),Partita,G major,"1. Allegro
[voir H 15/39 (3)]
2. Menuetto
3. Andante
4. Allegro",Piano,[authenticité douteuse]
16,Hob. XVI,9,Hob. XVI:9,,1766,,Divertimento,F major,"1. Allegro
[voir H 15/39 (1)]
2. Menuet avec Trio (si bémol majeur)
[Menuet: voir H 15/39 (4)]
3. Scherzo
[voir H 14/10 (3) et H 15/39 (5)]",Piano,[authenticité douteuse]
16,Hob. XVI,10,Hob. XVI:10,,1767,,Divertimento,C major,"1. Moderato
2. Menuetto avec Trio (do mineur)
3. Finale",Piano,[authenticité douteuse]
16,Hob. XVI,11,Hob. XVI:11,,1767,,Divertimento,G major,"1. Presto
2. Andante (sol mineur)
3. Menuetto avec Trio (mi mineur)
[Menuetto: voir H 11/26 (3)]",Piano,[authenticité douteuse]
16,Hob. XVI,12,Hob. XVI:12,,1767,,Divertimento,A major,"1. Andante
2. Menuetto avec Trio (la mineur)
3. Finale",Piano,[authenticité douteuse]
16,Hob. XVI,13,Hob. XVI:13,,1767,Parthia (Divertimento),Partita,E major,"1. Moderato
2. Menuetto avec Trio (mi mineur)
3. Finale. Presto",Piano,[authenticité douteuse]
16,Hob. XVI,14,Hob. XVI:14,,1767,Parthia (Divertimento),Partita,D major,"1. Allegro moderato
2. Menuetto avec Trio (ré mineur)
[Menuetto: voir H 9/20 (18)]
3. Presto",Piano,[authenticité douteuse]
16,Hob. XVI,15,Hob. XVI:15,,1785,,Sonata,C major,"1. Allegro
[voir H 2/11 (1)]
2. Minuetto avec Trio (sol majeur)
[voir H 2/11 (3)]
3. Air. Moderato
[avec 5 variations - voir H 1/14 (2) et H 2/11 (4)]",Piano,[version de 3 mouvements du Divertimento H 2/11]
16,Hob. XVI,16,Hob. XVI:16,,?,,Divertimento,E-flat major,"1. Andante
2. Menuetto avec Trio
3. Presto",Piano,[authenticité douteuse]
16,Hob. XVI,17,Hob. XVI:17,53,?,,Sonata,B-flat major,"1. Allegro
2. Andante (sol mineur)
3. Allegro",Piano,[composition probable de J.G. Schwanenberg]
16,Hob. XVI,18,Hob. XVI:18,,1767,,Sonata,B-flat major,"1. Allegro moderato
2. Moderato",Piano,
16,Hob. XVI,19,Hob. XVI:19,,1767,,Divertimento,D major,"1. Moderato
2. Andante (la majeur)
3. Finale. Allegro assai",Piano,
16,Hob. XVI,20,Hob. XVI:20,op. 30/6,1771,,Sonata,C minor,"1. Moderato
2. Andante con moto (la bémol majeur)
3. Finale. Allegro",Piano,
16,Hob. XVI,21,Hob. XVI:21,op. 13/1,1773,,Sonata,C major,"1. Allegro
2. Adagio (fa majeur)
3. Finale. Presto",Piano,
16,Hob. XVI,22,Hob. XVI:22,op. 13/2,1773,,Sonata,E major,"1. Allegro moderato
2. Andante (mi mineur)
3. Finale. Tempo di Menuetto",Piano,
16,Hob. XVI,23,Hob. XVI:23,op. 13/3,1773,,Sonata,F major,"1. Allegro
2. Adagio (fa mineur)
3. Finale. Presto",Piano,
16,Hob. XVI,24,Hob. XVI:24,op. 13/4,1773,,Sonata,D major,"1. Allegro
2. Adagio (ré mineur)
3. Finale. Presto",Piano,
16,Hob. XVI,25,Hob. XVI:25,op. 13/5,1773,,Sonata,E-flat major,"1. Moderato
2. Tempo di Menuetto",Piano,
16,Hob. XVI,26,Hob. XVI:26,op. 13/6,1773,,Sonata,A major,"1. Allegro moderato
2. Menuetto al Rovescio avec Trio
[Trio: voir 1/47 (3)]
3. Finale. Presto",Piano,
16,Hob. XVI,27,Hob. XVI:27,op. 14/1,1774/6,Sonate (Divertimento),Sonata,G major,"1. Allegro con brio
2. Menuetto avec Trio (sol mineur)
3. Finale. Presto",Piano,
16,Hob. XVI,28,Hob. XVI:28,op. 14/2,1774/6,Sonate (Divertimento),Sonata,E-flat major,"1. Allegro moderato
2. Menuetto avec Trio ( mi bémol mineur)
3. Finale. Presto",Piano,
16,Hob. XVI,29,Hob. XVI:29,op. 14/3,1774/6,Sonate (Divertimento),Sonata,F major,"1. Moderato
2. Adagio (si bémol majeur)
3. Tempo di Menuetto",Piano,
16,Hob. XVI,30,Hob. XVI:30,op. 14/4,1774/6,Sonate (Divertimento),Sonata,A major,"1. Allegro
2. Adagio
3. Tempo di Menuetto
[avec 5 variations]",Piano,
16,Hob. XVI,31,Hob. XVI:31,op. 14/5,1774/6,Sonate (Divertimento),Sonata,E major,"1. Moderato
2. Allegretto (mi mineur)
3. Finale. Presto",Piano,
16,Hob. XVI,32,Hob. XVI:32,op. 14/6,1774/6,Sonate (Divertimento),Sonata,B minor,"1. Allegro moderato
2. Menuetto (si majeur) avec Trio (si mineur)
3. Finale. Presto",Piano,
16,Hob. XVI,33,Hob. XVI:33,op. 41/2,1777,,Sonata,D major,"1. Allegro
2. Adagio (ré mineur)
3. Tempo di Menuetto",Piano,
16,Hob. XVI,34,Hob. XVI:34,op. 42,1778,,Sonata,E minor,"1. Presto
2. Adagio (sol majeur)
3. Finale. Molto vivace",Piano,
16,Hob. XVI,35,Hob. XVI:35,op. 30/1,1780,,Sonata,C major,"1. Allegro con brio
2. Adagio (fa majeur)
3. Finale. Allegro",Piano,
16,Hob. XVI,36,Hob. XVI:36,op. 30/2,1780,,Sonata,C-sharp minor,"1. Moderato
2. Scherzando. Allegro con brio (la majeur)
3. Menuetto avec Trio (sol dièse majeur)",Piano,
16,Hob. XVI,37,Hob. XVI:37,op. 30/3,1780,,Sonata,D major,"1. Allegro con brio
2. Largo e sostenuto (ré mineur)
3. Finale. Presto ma non troppo",Piano,
16,Hob. XVI,38,Hob. XVI:38,op. 30/4,1780,,Sonata,E-flat major,"1. Allegro moderato
2. Adagio (do mineur)
3. Finale. Allegro avec Trio (la bémol majeur)",Piano,
16,Hob. XVI,39,Hob. XVI:39,op. 30/5,1780,,Sonata,G major,"1. Allegro con brio
2. Adagio (do majeur)
3. Prestissimo",Piano,
16,Hob. XVI,40,Hob. XVI:40,op. 37/1,1784,,Sonata,G major,"1. Allegro innocente
2. Presto",Piano,
16,Hob. XVI,41,Hob. XVI:41,op. 37/2,1784,,Sonata,B-flat major,"1. Allegro
2. Allegro di molto",Piano,
16,Hob. XVI,42,Hob. XVI:42,op. 37/3,1784,,Sonata,D major,"1. Andante con espressione
2. Vivace assai",Piano,
16,Hob. XVI,43,Hob. XVI:43,,1783,,Sonata,A-flat major,"1. Moderato
2. Menuetto I / Menuetto II
3. Rondo. Presto",Piano,
16,Hob. XVI,44,Hob. XVI:44,op. 54/1,1765/7,,Sonata,G major,"1. Moderato
2. Allegretto",Piano,
16,Hob. XVI,45,Hob. XVI:45,op. 54/2,1765/7,,Divertimento,E-flat major,"1. Moderato
2. Andante (la bémol majeur)
3. Finale. Allegro di molto",Piano,
16,Hob. XVI,46,Hob. XVI:46,op. 54/3,1765/7,,Divertimento,A-flat major,"1. Allegro moderato
2. Adagio (ré bémol majeur)
3. Finale. Presto",Piano,
16,Hob. XVI,47,Hob. XVI:47,op. 55,1765/7,,Sonata,F major,"1. Moderato
2. Larghetto (fa mineur)
3. Allegro",Piano,
16,Hob. XVI,48,Hob. XVI:48,op. 70,1789,,Sonata,C major,"1. Andante con espressione
2. Rondo. Presto",Piano,
16,Hob. XVI,49,Hob. XVI:49,op. 69,1789/90,,Sonata,E-flat major,"1. Allegro
2. Adagio e cantabile (si bémol majeur)
3. Finale. Tempo di Menuet",Piano,
16,Hob. XVI,50,Hob. XVI:50,op. 79,1794/5,,Sonata,C major,"1. Allegro
2. Adagio (fa majeur)
3. Allegro molto",Piano,
16,Hob. XVI,51,Hob. XVI:51,op. 93,1794,,Sonata,D major,"1. Andante
2. Finale. Presto",Piano,
16,Hob. XVI,52,Hob. XVI:52,op. 92,1794,,Sonata,E-flat major,"1. Allegro (moderato)
2. Adagio (mi majeur)
3. Finale. Presto",Piano,
16,Hob. XVI,2a,Hob. XVI:2a,,1767,,Divertimento,D minor,1. Moderato,Piano,[perdu]
16,Hob. XVI,2b,Hob. XVI:2b,,?,,Divertimento,A major,1. …,Piano,[perdu]
16,Hob. XVI,2c,Hob. XVI:2c,,?,,Divertimento,B major,1. …,Piano,[perdu]
16,Hob. XVI,2d,Hob. XVI:2d,,,,Divertimento,B-flat major,1. …,Piano,[perdu]
16,Hob. XVI,2e,Hob. XVI:2e,,,,Divertimento,E minor,1. …,Piano,[perdu]
16,Hob. XVI,2f,Hob. XVI:2f,,,,Divertimento,D major,,Piano,also Hob. XVI:14
16,Hob. XVI,2g,Hob. XVI:2g,,,,Divertimento,C major,1. …,Piano,[perdu]
16,Hob. XVI,2h,Hob. XVI:2h,,,,Divertimento,A major,1. …,Piano,[perdu]
17,Hob. XVII,1,Hob. XVII:1,43,1765,"Capriccio ""Acht Sauschneider mussen sein""",Piece,G major,1. Moderato,Piano,
17,Hob. XVII,2,Hob. XVII:2,,1771,Arietta & 12 variations [20 variazioni],Piece,A major,1. Allegretto,Piano,
17,Hob. XVII,3,Hob. XVII:3,,1774,Arietta & 12 variations,Piece,E-flat major,"1. Moderato
[voir H 3/20 (2)]",Piano,
17,Hob. XVII,4,Hob. XVII:4,58,1789,Fantasia (Capriccio),Piece,C major,1. Presto,Piano,
17,Hob. XVII,5,Hob. XVII:5,,1790,6 Variations,Piece,C major,1. Andante,Piano,
17,Hob. XVII,6,Hob. XVII:6,83,1793,Sonata (Un piccolo divertimento; Variations),Piece,F minor,"1. Andante
[avec 2 variations et Coda]",Piano,
17,Hob. XVII,7,Hob. XVII:7,,1766,5 Variations,Piece,D major,1. Adagio,Piano,
17,Hob. XVII,8,Hob. XVII:8,,,8 Variations,Piece,D major,"1. Andantino
[voir H 11/2 (1)]",Piano,
17,Hob. XVII,9,Hob. XVII:9,op. 46/7,,Adagio,Piece,F major,1. Adagio,Piano,
17,Hob. XVII,10,Hob. XVII:10,,,Allegretto,Piece,G major,1. Allegretto,Piano,[arrangement d'une pièce pour horloge H 19/27]
17,Hob. XVII,11,Hob. XVII:11,,,Andante,Piece,C major,1. Andante,Piano,[authenticité douteuse]
17,Hob. XVII,12,Hob. XVII:12,,,Andante & 4 variations,Piece,B-flat major,1. Andante,Piano,
17,Hob. XVII,A1,Hob. XVII:A1,,,Variations,Piece,A major,1. …,Piano,
17,Hob. XVII,A2,Hob. XVII:A2,,,Tema con Variazione,Piece,A major,1. …,Piano,
17,Hob. XVII,A3,Hob. XVII:A3,,,Variations,Piece,A major,1. …,Piano,
17,Hob. XVII,C1,Hob. XVII:C1,,,Mahlbarough,Piece,C major,1. …,Piano,
17,Hob. XVII,C2,Hob. XVII:C2,,,,Piece,C major,1. … / Andante / … (sol majeur),Piano,
17,Hob. XVII,D1,Hob. XVII:D1,,,Variations,Piece,D major,1. …,Piano,
17,Hob. XVII,F1,Hob. XVII:F1,,,Menuet,Piece,F major,1. …,Piano,
17,Hob. XVII,F2,Hob. XVII:F2,,,Andante,Piece,F major,1. Andante,Piano,
17,Hob. XVII,F3,Hob. XVII:F3,,,Die Bataille,Piece,F major,1. Allegro,Piano,
17,Hob. XVII,G1,Hob. XVII:G1,,,,Piece,G major,"1. … [voir H 1/C 24, H 2/G 2]",Piano,
17,Hob. XVII,G2,Hob. XVII:G2,op. 65,,Caprices (Fantaisie & variations),Piece,G major,1. Adagio / Allegro moderato / Andantino,Piano,
17,Hob. XVIIa,1,Hob. XVIIa:1,,1778,"""Il maestro e lo scolare""",Divertimento,F major,"1. Andante [avec 7 variations - see H 11/38 (1)]
2. Tempo di Menuetto",Piano Four Hands,
17,Hob. XVIIa,2,Hob. XVIIa:2,,,,Partita,F major,"1. Allegro
2. Menuet avec Trio (fa mineur)",Piano Four Hands,
17,Hob. XVIIa,C1,Hob. XVIIa:C1,,,Grande sonate,Sonata,C major,1. Allegro,Piano Four Hands,
18,Hob. XVIII,1,Hob. XVIII:1,,1756,"[Concerto # 1] ""Concerto per l'Organo""",Concerto,C major,"1. Allegro moderato
2. Largo (fa majeur)
3. Allegro molto","clavier et orchestre (2 violons, alto, basse, 2 hautbois - 2 trompettes, timbales?)",
18,Hob. XVIII,2,Hob. XVIII:2,,1767,,Concerto,D major,"1. Allegro moderato
2. Adagio (sol majeur)
3. Allegro","clavier et orchestre (2 violons, alto, basse avec 2 hautbois et 2 cors ou 2 trompettes et timbales)",
18,Hob. XVIII,3,Hob. XVIII:3,,1765,,Concerto,F major,"1. Allegretto
2. Largo (do majeur)
3. Presto","clavier et orchestre (2 violons, alto, basse)",
18,Hob. XVIII,4,Hob. XVIII:4,,1782,,Concerto,G major,"1. Allegro moderato
2. Adagio (do majeur)
3. Rondo. Presto","clavier et orchestre (2 violons, alto, basse, 2 hautbois, 2 cors)",
18,Hob. XVIII,5,Hob. XVIII:5,,1763,,Concerto,C major,1. …,"clavier et orchestre (2 violons, alto, basse ?)","[perdu]
[probablement authentique - aussi attribué à Wagenseil]"
18,Hob. XVIII,6,Hob. XVIII:6,,1766,,Concerto,F major,"1. Allegro moderato
2. Largo (do majeur)
3. Allegro","violon et clavecin avec orchestre (2 violons, alto, basse)",
18,Hob. XVIII,7,Hob. XVIII:7,,1766,,Concerto,F major,"1. Moderato
[voir H 15/40 (1)]
2. Adagio (ré mineur)
3. Allegro","clavier et orchestre (2 violons, alto?, basse)",
18,Hob. XVIII,8,Hob. XVIII:8,,1766,[Concerto # 2],Concerto,C major,"1. Allegro moderato
2. Adagio (sol majeur)
3. Finale. Allegro","clavier et orchestre (2 violons, basse, 2 cors ou 2 trompettes - timbales)",[probablement authentique - originalement attribué à Leopold Hofmann]
18,Hob. XVIII,9,Hob. XVIII:9,,1767,,Concerto,G major,"1. Allegro
2. Adagio (sol mineur)
3. Tempo di Minuetto","clavier et orchestre (2 violons, 2 altos?, basse)",[authenticité douteuse]
18,Hob. XVIII,10,Hob. XVIII:10,,1771,Concerto (Concertino),Concerto,C major,,"clavier et orchestre (2 violons, basse)",
18,Hob. XVIII,11,Hob. XVIII:11,,1782,,Concerto,D major,"1. Vivace
2. Un poco Adagio (la majeur)
3. Rondo all'Ungarese. Allegro assai","clavier et orchestre (2 violons, alto, basse, 2 hautbois, 2 cors)",
18,Hob. XVIII,Es1,Hob. XVIII:Es1,,,,Concerto,E-flat major,1. Allegro moderato,"Harpsichord, 2 Violins, Viola, Basso",
18,Hob. XVIII,F1,Hob. XVIII:F1,,,,Concerto,F major,1. Allegro moderato,"Harpsichord, Orchestra (2 Violins, Viola, Basso, 2 Flutes)",[composition de G.J. Vogler]
18,Hob. XVIII,F2,Hob. XVIII:F2,,,Concertino,Concerto,F major,1. Moderato,"Harpsichord, Orchestra (2 Violins, Basso)",
18,Hob. XVIII,F3,Hob. XVIII:F3,,,,Concerto,F major,1. Moderato,"Harpsichord, 2 Violins, Viola, Basso",[composition probable de J.G. Lang]
18,Hob. XVIII,G1,Hob. XVIII:G1,,,,Concerto,G major,1. Allegro moderato,"Harpsichord, Orchestra (2 Violins, Basso, 2 Flutes, 2 Oboes, 2 Horns)",
18,Hob. XVIII,G2,Hob. XVIII:G2,,,,Concerto,G major,1. Allegro,"2 Harpsichords, Orchestra (2 Violins, Basso, 2 Horns)",
20,Hob. XX,1,Hob. XX:1,op. 52,,"Die sieben letzten Worte unseres Erlösers am Kreuze, orchestral version",,,"0. Introduzione
1. Sonata I
2. Sonata II
3. Sonata III
4. Sonata IV
5. Sonata V
6. Sonata VI
7. Sonata VII
8. Il Terremoto","(2 Violins, Viola, Cello, Double Bass, 2 Flutes, 2 Oboes, 2 Bassoons, 4 Horns, 2 Trumpets, Timpani)",Sieber 1788
20,Hob. XX,2,Hob. XX:2,op. 48,,"Sept Paroles du Christ en Croix, Version for String Quartet",Quartet,,"0. Introduzione
1. Sonata I
2. Sonata II
3. Sonata III
4. Sonata IV
5. Sonata V
6. Sonata VI
7. Sonata VII
8. Il Terremoto","Strings (2 Violins, Viola, Cello)","Artaria 1787, 1796
Marescalchi
Longman & Broderip"
20,Hob. XX,2,Hob. XX:2,op. 31,,"Sept Paroles du Christ en Croix, Version for String Quartet",Quartet,,"0. Introduzione
1. Sonata I
2. Sonata II
3. Sonata III
4. Sonata IV
5. Sonata V
6. Sonata VI
7. Sonata VII
8. Il Terremoto","Strings (2 Violins, Viola, Cello)",Hummel 1788
20,Hob. XX,2,Hob. XX:2,op. 51,,"Sept Paroles du Christ en Croix, Version for String Quartet",Quartet,,"0. Introduzione
1. Sonata I
2. Sonata II
3. Sonata III
4. Sonata IV
5. Sonata V
6. Sonata VI
7. Sonata VII
8. Il Terremoto","Strings (2 Violins, Viola, Cello)","Leduc 1788
Imbault 1808
Pleyel
Sieber"
20,Hob. XX,3,Hob. XX:3,op. 49,,"Die sieben letzten Worte unseres Erlösers am Kreuze, keyboard version",,,"0. Introduzione
1. Sonata I
2. Sonata II
3. Sonata III
4. Sonata IV
5. Sonata V
6. Sonata VI
7. Sonata VII
8. Il Terremoto",Keyboard,"Hofmeister
Marescalchi"
20,Hob. XX,3,Hob. XX:3,op. 30,,"Die sieben letzten Worte unseres Erlösers am Kreuze, keyboard version",,,"0. Introduzione
1. Sonata I
2. Sonata II
3. Sonata III
4. Sonata IV
5. Sonata V
6. Sonata VI
7. Sonata VII
8. Il Terremoto",Keyboard,Hummel 1788
20,Hob. XX,3,Hob. XX:3,op. 45,,"Die sieben letzten Worte unseres Erlösers am Kreuze, keyboard version",,,"0. Introduzione
1. Sonata I
2. Sonata II
3. Sonata III
4. Sonata IV
5. Sonata V
6. Sonata VI
7. Sonata VII
8. Il Terremoto",Keyboard,"Longman & Broderip
Walker"
20,Hob. XX,3,Hob. XX:3,op. 19,,"Die sieben letzten Worte unseres Erlösers am Kreuze, keyboard version",,,"0. Introduzione
1. Sonata I
2. Sonata II
3. Sonata III
4. Sonata IV
5. Sonata V
6. Sonata VI
7. Sonata VII
8. Il Terremoto",Keyboard,Pleyel
20,Hob. XX,4,Hob. XX:4,,,"Die sieben letzten Worte unseres Erlösers am Kreuze, version for choir & orchestra",,,"0. Introduction: Maestoso ed Adagio (D minor)

1. Pater Pater dimitte illis, quia nesciunt, quid faciunt
Sonate I. Largo (D minor)

2. Hodie mecum hodie mecum eris in Paradiso
Sonate II. Grave e Cantabile (C minor)

3. Mulier ecce filius tuus
Sonate III. Grave (E major)

4. Deus meus, Deus meus, utquid dereliquisti me?
Sonate IV. Largo (F minor)

5. Sitio — Sonate V. Adagio (A major)

6. Consumatum est!
Sonate VI. Lento (G minor)

7. In Manus tuas Domine, commendo Spiritum meum
Sonate VII. Largo (E-flat major)

8. Finale. Terremoto
Presto con tutta la forza (C minor)","S, A, T, B, SATB Choir, 2 Clarinets, 2 Bassoons, Contrabassoon, 2 Horns, 2 Trumpets, 2 Trombones, Timpani, Strings",
20,Hob. XXa,1,Hob. XXa:1,,1767,Stabat Mater,Stabat Mater,G minor,"01. Stabat Mater
Largo (G minor)
Choir, Strings, 2 Oboes, Organ

02. O quam tristis
Larghetto (E-flat major)
A, Strings, 2 English Horns, Organ

03. Quis est homo
Lento (C minor)
Choir, Strings, 2 Oboes, Organ

04. Quis non posset con tristari
Moderato (F major)
S, Strings, 2 Oboes, Organ

05. Pro peccatis suae gentis
Allegro ma non troppo (B-flat major)
B, Strings, 2 Oboes, Organ

06. Vidit suum dulcem natum
Lento e maestoso (F minor)
T, Strings, 2 Oboes, Organ

07. Eja Mater fons amoris
Allegretto (D minor)
Choir, Strings, 2 Oboes, Organ

08. Sancta Mater istud agas
Larghetto (B-flat major)
S, T, Strings, 2 Oboes, Organ

09. Fac me vere tecum flere
Lagrimoso (G minor)
A, Strings, 2 Oboes, Organ

10. Virgo virginum prae clara
Andante (E-flat major)
Soloists (S, A, T, B), Choir, Strings, 2 English Horns, Organ

11. Flammis orci ne succendar
Presto (C minor)
B, Strings, 2 Oboes, Organ

12. Fac me cruce sublevari
Allegretto (C major)
T, Strings, 2 Oboes, Organ

13. Quando corpus morietur / Fac ut animae donetur / Paradisi gloria
Largo assai (G minor) / … / Alla breve (G major)
S / A / Choir, Strings, 2 Oboes, Organ","S, A, T, B, SATB Choir, 2 Violins, Viola, Cello, Bass, 2 Oboes/English Horns, Organ",
21,Hob. XXI,1,Hob. XXI:1,,1775,Il Ritorno di Tobia,Oratorio,,,"S1, S2, A, T, B, SATB Choir, 2 Violins, Viola, Cello, Bass, 2 Flutes, 2 Oboes, 2 English Horns, 2 Bassoons, 2 Horns, 2 Trumpets, Timpani",Libretto: Giovanni Gastone Boccherini
21,Hob. XXI,2,Hob. XXI:2,,1796/1798,Die Schöpfung,Oratorio,,,"S1, S2, T, B1, B2, SATB Choir, 2 Violins, Viola, Cello, Bass, 3 Flutes, 2 Oboes, 2 Clarinets, 2 Bassoons, Contrabassoon, 2 Horns, 2 Trumpets, 3 Trombones, Timpani",Libretto: Inconnu - Traduction allemande de Gottfried van Swieten
21,Hob. XXI,3,Hob. XXI:3,,1801,Die Jahreszeiten,Oratorio,,,"S, T, B, SATB Choir, 2 Violins, Viola, Cello, Bass, 2 Flutes, 2 Oboes, 2 Clarinets, 2 Bassoons, Contrabassoon, 4 Horns, 3 Trumpets, 3 Trombones, Timpani, Triangle, Tambourine",
22,Hob. XXII,1,Hob. XXII:1,,1750,Messe brève,Mass,F major,,"S1, S2, SATB Choir, 2 Violins, Basso, Organ",
22,Hob. XXII,2,Hob. XXII:2,,1768,"""Sunt bona mixta malis""",Mass,D minor,,"SATB Choir, Basso",[fragment]
22,Hob. XXII,3,Hob. XXII:3,,,"""Rorate coeli desuper""",Mass,G major,,"SATB Choir, 2 Violins, Organ",
22,Hob. XXII,4,Hob. XXII:4,,1766,"""in honorem Beatissimae Virginis Mariae"" [Grosse Orgel-Solo-Messe]",Mass,E-flat major,,"S, A, T, B, SATB Choir, 2 Violins, Basso, Bassoon, 2 English Horns, 2 Horns, Concertante Organ",
22,Hob. XXII,5,Hob. XXII:5,,1766,"""Sanctae Caeciliae"" [Missa Cellensis]",Mass,C major,,"S, A, T, B, SATB Choir, 2 Violins, Viola, Cello, Basso, 2 Oboes, 2 Bassoons, 2 Trumpets, Timpani, Organ",
22,Hob. XXII,6,Hob. XXII:6,,1772,"""Sancti Nicolai"" [Nicolaimesse]",Mass,G major,,"S, A, T, B, SATB Choir, 2 Violins, Viola, Cello, Basso, Bassoon, 2 Oboes, 2 Horns, Organ",
22,Hob. XXII,7,Hob. XXII:7,,1778,"Messe brève ""Sancti Joannis de Deo"" [Kleine Orgelmesse]",Mass,B-flat major,,"S, SATB Choir, 2 Violins, Cello, Basso, Concertante Organ",
22,Hob. XXII,8,Hob. XXII:8,,1782,"""Missa Cellensis"" [Mariazeller Messe]",Mass,C major,,"S, A, T, B, SATB Choir, 2 Violins, Viola, Cello, Basso, 2 Oboes, Bassoon, 2 Trumpets, Timpani, Organ",
22,Hob. XXII,9,Hob. XXII:9,,1796,"""in tempore belli"" [Paukenmesse]",Mass,C major,,"S, A, T, SATB Choir, 2 Violins, Viola, Cello, Basso, 2 Oboes, 2 Clarinets, 2 Bassoons, 2 Horns, 2 Trumpets, Timpani, Organ",
22,Hob. XXII,10,Hob. XXII:10,,1796,"""Sancti Bernardi von Offida"" [Heiligmesse]",Mass,B-flat major,,"S, A, T, B, SATB Choir, 2 Violins, Viola, Cello, Basso, 2 Oboes, 2 Clarinets, 2 Bassoons, 2 Trumpets, Timpani, Organ",
22,Hob. XXII,11,Hob. XXII:11,,1798,"""in Augustijs"" [Nelsonmesse]",Mass,D minor,,"S, A, T, B, SATB Choir, 2 Violins, Viola, Cello, Basso, Flute, 2 Oboes, 2 Bassoons, 2 Trumpets, Timpani, Concertante Organ",
22,Hob. XXII,12,Hob. XXII:12,,1799,Theresienmesse,Mass,B-flat major,,"S, A, T, B, SATB Choir, 2 Violins, Viola, Cello, Basso, 2 Clarinets, Bassoon, 2 Trumpets, Timpani, Organ",
22,Hob. XXII,13,Hob. XXII:13,,1801,Schöpfungmesse,Mass,B-flat major,,"S, A, T, SATB Choir, 2 Violins, Viola, Cello, Basso, 2 Oboes, 2 Clarinets, 2 Bassoons, 2 Horns, 2 Trumpets, Timpani, Organ",
22,Hob. XXII,14,Hob. XXII:14,,1802,Harmoniemesse,Mass,B-flat major,,"S, A, T, B, SATB Choir, 2 Violins, Viola, Cello, Basso, Flute, 2 Oboes, 2 Clarinets, 2 Bassoons, 2 Horns, 2 Trumpets, Timpani, Organ",
22,Hob. XXII,A1,Hob. XXII:A1,,,,Mass,A major,"1. Kyrie
Andante(A major)",,
22,Hob. XXII,A2,Hob. XXII:A2,,,,Mass,A major,"1. Kyrie
Allegro (A major)",,
22,Hob. XXII,A3,Hob. XXII:A3,,,,Mass,A major,"1. Kyrie
Andante(A major)",,
22,Hob. XXII,B1,Hob. XXII:B1,,,,Mass,B-flat major,"1. Kyrie
(B-flat major)",,
22,Hob. XXII,B10,Hob. XXII:B10,,,,Mass,B-flat major,"1. Kyrie
Andante(B-flat major)",,
22,Hob. XXII,B11,Hob. XXII:B11,,,,Mass,B-flat major,"1. Kyrie
(B-flat major)",,
22,Hob. XXII,B12,Hob. XXII:B12,,,,Mass,B-flat major,"1. Kyrie
(B-flat major)",,
22,Hob. XXII,B13,Hob. XXII:B13,,,,Mass,B-flat major,"1. Kyrie
(B-flat major)",,
22,Hob. XXII,B2,Hob. XXII:B2,,,,Mass,B-flat major,"1. Kyrie
Andante(B-flat major)",,
22,Hob. XXII,B3,Hob. XXII:B3,,,,Mass,B-flat major,"1. Kyrie
(B-flat major)",,
22,Hob. XXII,B4,Hob. XXII:B4,,,,Mass,B-flat major,"1. Kyrie
(B-flat major)",,
22,Hob. XXII,B5,Hob. XXII:B5,,,,Mass,B-flat major,"1. Kyrie
(B-flat major)",,
22,Hob. XXII,B6,Hob. XXII:B6,,,,Mass,B-flat major,"1. Kyrie
(B-flat major)",,
22,Hob. XXII,B7,Hob. XXII:B7,,,,Mass,B-flat major,"1. Kyrie
Allegro (B-flat major)",,
22,Hob. XXII,B8,Hob. XXII:B8,,,,Mass,B-flat major,"1. Kyrie
Allegro moderato (B-flat major)",,
22,Hob. XXII,B9,Hob. XXII:B9,,,,Mass,B-flat major,"1. Kyrie
(B-flat major)",,
22,Hob. XXII,C1,Hob. XXII:C1,,,,Mass,C minor,"1. Kyrie
Andante(C minor)",,
22,Hob. XXII,C1,Hob. XXII:C1,,,,Mass,C major,"1. Kyrie
Largo (C major)",,
22,Hob. XXII,C10,Hob. XXII:C10,,,,Mass,C major,"1. Kyrie
Allegro (C major)",,
22,Hob. XXII,C11,Hob. XXII:C11,,,,Mass,C major,"1. Kyrie
Moderato (C major)",,
22,Hob. XXII,C12,Hob. XXII:C12,,,,Mass,C major,"1. Kyrie
Largo (C major)",,
22,Hob. XXII,C13,Hob. XXII:C13,,,,Mass,C major,"1. Kyrie
Largo (C major)",,
22,Hob. XXII,C14,Hob. XXII:C14,,,,Mass,C major,"1. Kyrie
Allegro (C major)",,
22,Hob. XXII,C15,Hob. XXII:C15,,,,Mass,C major,"1. Kyrie
Adagio (C major)",,
22,Hob. XXII,C16,Hob. XXII:C16,,,,Mass,C major,"1. Kyrie
Allegro (C major)",,
22,Hob. XXII,C17,Hob. XXII:C17,,,,Mass,C major,"1. Kyrie
Allegro (C major)",,
22,Hob. XXII,C18,Hob. XXII:C18,,,,Mass,C major,"1. Kyrie
Allegro (C major)",,
22,Hob. XXII,C19,Hob. XXII:C19,,,,Mass,C major,"1. Kyrie
Allegro (C major)",,
22,Hob. XXII,C2,Hob. XXII:C2,,,,Mass,C major,"1. Kyrie
(C major)",,
22,Hob. XXII,C2,Hob. XXII:C2,,,,Mass,C minor,"1. Kyrie
Adagio maestoso (C minor)",,
22,Hob. XXII,C20,Hob. XXII:C20,,,,Mass,C major,"1. Kyrie
Largo (C major)",,
22,Hob. XXII,C21,Hob. XXII:C21,,,,Mass,C major,"1. Kyrie
Allegro (C major)",,
22,Hob. XXII,C22,Hob. XXII:C22,,,,Mass,C major,"1. Kyrie
(C major)",,
22,Hob. XXII,C23,Hob. XXII:C23,,,,Mass,C major,"1. Kyrie
Allegro (C major)",,
22,Hob. XXII,C24,Hob. XXII:C24,,,,Mass,C major,"1. Kyrie
Adagio (C major)",,
22,Hob. XXII,C25,Hob. XXII:C25,,,,Mass,C major,"1. Kyrie
Allegro moderato (C major)",,
22,Hob. XXII,C26,Hob. XXII:C26,,,,Mass,C major,"1. Kyrie
Allegro (C major)",,
22,Hob. XXII,C27,Hob. XXII:C27,,,,Mass,C major,"1. Kyrie
Allegro moderato (C major)",,
22,Hob. XXII,C28,Hob. XXII:C28,,,,Mass,C major,"1. Kyrie
(C major)",,
22,Hob. XXII,C29,Hob. XXII:C29,,,,Mass,C major,"1. Kyrie
Andante(C major)",,
22,Hob. XXII,C3,Hob. XXII:C3,,,,Mass,C major,"1. Kyrie
Allegro assai (C major)",,
22,Hob. XXII,C30,Hob. XXII:C30,,,,Mass,C major,"1. Kyrie
Allegro moderato (C major)",,
22,Hob. XXII,C31,Hob. XXII:C31,,,,Mass,C major,"1. Kyrie
Andante(C major)",,
22,Hob. XXII,C32,Hob. XXII:C32,,,,Mass,C major,"1. Kyrie
Adagio (C major)",,
22,Hob. XXII,C33,Hob. XXII:C33,,,,Mass,C major,"1. Kyrie
Spirituoso (C major)",,
22,Hob. XXII,C34,Hob. XXII:C34,,,,Mass,C major,"1. Kyrie
Allegro (C major)",,
22,Hob. XXII,C35,Hob. XXII:C35,,,,Mass,C major,"1. Kyrie
Largo (C major)",,
22,Hob. XXII,C36,Hob. XXII:C36,,,,Mass,C major,"1. Kyrie
Allegro (C major)",,
22,Hob. XXII,C37,Hob. XXII:C37,,,,Mass,C major,"1. Kyrie
Andante(C major)",,
22,Hob. XXII,C38,Hob. XXII:C38,,,,Mass,C major,"1. Kyrie
Moderato amabile(C major)",,
22,Hob. XXII,C39,Hob. XXII:C39,,,,Mass,C major,"1. Kyrie
Andante(C major)",,
22,Hob. XXII,C4,Hob. XXII:C4,,,,Mass,C major,"1. Kyrie
Andante(C major)",,
22,Hob. XXII,C40,Hob. XXII:C40,,,,Mass,C major,"1. Kyrie
Lento (C major)",,
22,Hob. XXII,C41,Hob. XXII:C41,,,,Mass,C major,"1. Kyrie
Allegro (C major)",,
22,Hob. XXII,C42,Hob. XXII:C42,,,,Mass,C major,"1. Kyrie
(C major)",,
22,Hob. XXII,C43,Hob. XXII:C43,,,,Mass,C major,"1. Kyrie
Allegro (C major)",,
22,Hob. XXII,C44,Hob. XXII:C44,,,,Mass,C major,"1. Kyrie
(C major)",,
22,Hob. XXII,C45,Hob. XXII:C45,,,,Mass,C major,"1. Kyrie
Allegro moderato (C major)",,
22,Hob. XXII,C46,Hob. XXII:C46,,,,Mass,C major,"1. Kyrie
(C major)",,
22,Hob. XXII,C47,Hob. XXII:C47,,,,Mass,C major,"1. Kyrie
Andante(C major)",,
22,Hob. XXII,C48,Hob. XXII:C48,,,,Mass,C major,"1. Kyrie
Andante(C major)",,
22,Hob. XXII,C5,Hob. XXII:C5,,,,Mass,C major,"1. Kyrie
Allegro (C major)",,
22,Hob. XXII,C6,Hob. XXII:C6,,,,Mass,C major,"1. Kyrie
(C major)",,
22,Hob. XXII,C7,Hob. XXII:C7,,,,Mass,C major,"1. Kyrie
VivacE(C major)",,
22,Hob. XXII,C8,Hob. XXII:C8,,,,Mass,C major,"1. Kyrie
Andante(C major)",,
22,Hob. XXII,C9,Hob. XXII:C9,,,,Mass,C major,"1. Kyrie
Andante(C major)",,
22,Hob. XXII,D1,Hob. XXII:D1,,,,Mass,D major,"1. Kyrie
Adagio (D major)",,
22,Hob. XXII,D1,Hob. XXII:D1,,,,Mass,D minor,"1. Kyrie
Larghetto (D minor)",,
22,Hob. XXII,D10,Hob. XXII:D10,,,,Mass,D major,"1. Kyrie
(D major)",,
22,Hob. XXII,D11,Hob. XXII:D11,,,,Mass,D major,"1. Kyrie
(D major)",,
22,Hob. XXII,D12,Hob. XXII:D12,,,,Mass,D major,"1. Kyrie
Allegro (D major)",,
22,Hob. XXII,D2,Hob. XXII:D2,,,,Mass,D major,"1. Kyrie
(D major)",,
22,Hob. XXII,D3,Hob. XXII:D3,,,,Mass,D major,"1. Kyrie
(D major)",,
22,Hob. XXII,D4,Hob. XXII:D4,,,,Mass,D major,"1. Kyrie
Andantino (D major)",,
22,Hob. XXII,D5,Hob. XXII:D5,,,,Mass,D major,"1. Kyrie
Allegro (D major)",,
22,Hob. XXII,D6,Hob. XXII:D6,,,,Mass,D major,"1. Kyrie
(D major)",,
22,Hob. XXII,D7,Hob. XXII:D7,,,,Mass,D minor,"1. Kyrie
VivacE(D major)",,
22,Hob. XXII,D8,Hob. XXII:D8,,,,Mass,D major,"1. Kyrie
Allegro (D major)",,
22,Hob. XXII,D9,Hob. XXII:D9,,,,Mass,D major,"1. Kyrie
(D major)",,
22,Hob. XXII,Es1,Hob. XXII:Es1,,,,Mass,E-flat major,"1. Kyrie
Andantino (E-flat major)",,
22,Hob. XXII,Es10,Hob. XXII:Es10,,,,Mass,E-flat major,"1. Kyrie
Adagio (E-flat major)",,
22,Hob. XXII,Es11,Hob. XXII:Es11,,,,Mass,E-flat major,"1. Kyrie
Allegro moderato (E-flat major)",,
22,Hob. XXII,Es12,Hob. XXII:Es12,,,,Mass,E-flat major,"1. Kyrie
Allegro (E-flat major)",,
22,Hob. XXII,Es13,Hob. XXII:Es13,,,,Mass,E-flat major,"1. Kyrie
Andante(E-flat major)",,
22,Hob. XXII,Es14,Hob. XXII:Es14,,,,Mass,E-flat major,"1. Kyrie
Allegro (E-flat major)",,
22,Hob. XXII,Es15,Hob. XXII:Es15,,,,Mass,E-flat major,"1. Kyrie
Adagio (E-flat major)",,
22,Hob. XXII,Es16,Hob. XXII:Es16,,,,Mass,E-flat major,"1. Kyrie
Adagio (E-flat major)",,
22,Hob. XXII,Es17,Hob. XXII:Es17,,,,Mass,E-flat major,"1. Kyrie
Allegro (E-flat major)",,
22,Hob. XXII,Es18,Hob. XXII:Es18,,,,Mass,E-flat major,"1. Kyrie
Adagio (E-flat major)",,
22,Hob. XXII,Es2,Hob. XXII:Es2,,,,Mass,E-flat major,"1. Kyrie
Allegro moderato (E-flat major)",,
22,Hob. XXII,Es3,Hob. XXII:Es3,,,,Mass,E-flat major,"1. Kyrie
Andante(E-flat major)",,
22,Hob. XXII,Es4,Hob. XXII:Es4,,,,Mass,E-flat major,"1. Kyrie
Moderato (E-flat major)",,
22,Hob. XXII,Es5,Hob. XXII:Es5,,,,Mass,E-flat major,"1. Kyrie
Andante(E-flat major)",,
22,Hob. XXII,Es6,Hob. XXII:Es6,,,,Mass,E-flat major,"1. Kyrie
Allegro non molto (E-flat major)",,
22,Hob. XXII,Es7,Hob. XXII:Es7,,,,Mass,E-flat major,"1. Kyrie
Largo (E-flat major)",,
22,Hob. XXII,Es8,Hob. XXII:Es8,,,,Mass,E-flat major,"1. Kyrie
Moderato (E-flat major)",,
22,Hob. XXII,Es9,Hob. XXII:Es9,,,,Mass,E-flat major,"1. Kyrie
Allegro moderato (E-flat major)",,
22,Hob. XXII,F1,Hob. XXII:F1,,,,Mass,F major,"1. Kyrie
(F major)",,
22,Hob. XXII,F2,Hob. XXII:F2,,,,Mass,F major,"1. Kyrie
(F major)",,
22,Hob. XXII,F3,Hob. XXII:F3,,,,Mass,F major,"1. Kyrie
(F major)",,
22,Hob. XXII,F4,Hob. XXII:F4,,,,Mass,F major,"1. Kyrie
Andante(F major)",,
22,Hob. XXII,F5,Hob. XXII:F5,,,,Mass,F major,"1. Kyrie
Adagio (F major)",,
22,Hob. XXII,F6,Hob. XXII:F6,,,,Mass,F major,"1. Kyrie
(F major)",,
22,Hob. XXII,G1,Hob. XXII:G1,,,,Mass,G major,"1. Kyrie
Allegretto (G major)",,
22,Hob. XXII,G1,Hob. XXII:G1,,,,Mass,G minor,"1. Kyrie
Andante(G minor)",,
22,Hob. XXII,G2,Hob. XXII:G2,,,,Mass,G minor,"1. Kyrie
(G minor)",,
22,Hob. XXII,G2,Hob. XXII:G2,,,,Mass,G major,"1. Kyrie
Adagio (G major)",,
22,Hob. XXII,G3,Hob. XXII:G3,,,,Mass,G major,"1. Kyrie
Adagio (G major)",,
22,Hob. XXII,G4,Hob. XXII:G4,,,,Mass,G major,"1. Kyrie
Adagio (G major)",,
22,Hob. XXII,G5,Hob. XXII:G5,,,,Mass,G major,"1. Kyrie
(G major)",,
22,Hob. XXII,G6,Hob. XXII:G6,,,,Mass,G major,"1. Kyrie
Moderato (G major)",,
22,Hob. XXIIa,B1,Hob. XXIIa:B1,,,,Requiem,B-flat major,"1. Requiem
Adagio (B-flat major)",,
22,Hob. XXIIa,B2,Hob. XXIIa:B2,,,,Requiem,B-flat major,"1. Requiem
... (B-flat major)",,
22,Hob. XXIIa,c1,Hob. XXIIa:c1,,,,Requiem,C minor,"1. Requiem
Adagio (C minor)",,
22,Hob. XXIIa,c2,Hob. XXIIa:c2,,,,Requiem,C minor,"1. Requiem
Adagio (C minor)",,
22,Hob. XXIIa,c3,Hob. XXIIa:c3,,,,Requiem,C minor,"1. Requiem
Lento (C minor)",,
22,Hob. XXIIa,c4,Hob. XXIIa:c4,,,,Requiem,C minor,"1. Requiem
Largo (C minor)",,
22,Hob. XXIIa,c5,Hob. XXIIa:c5,,,,Requiem,C minor,"1. Requiem
Andante (C minor)",,
22,Hob. XXIIa,D1,Hob. XXIIa:D1,,,,Requiem,D major,"1. Requiem
Largo (D major)",,
22,Hob. XXIIa,Es1,Hob. XXIIa:Es1,,,,Requiem,E-flat major,"1. Requiem
Adagio (E-flat major)",,
22,Hob. XXIIa,Es10,Hob. XXIIa:Es10,,,,Requiem,E-flat major,"1. Requiem
Tarde (E-flat major)",,
22,Hob. XXIIa,Es11,Hob. XXIIa:Es11,,,,Requiem,E-flat major,"1. Requiem
... (E-flat major)",,
22,Hob. XXIIa,Es12,Hob. XXIIa:Es12,,,,Requiem,E-flat major,"1. Requiem
Adagio (E-flat major)",,
22,Hob. XXIIa,Es13,Hob. XXIIa:Es13,,,,Requiem,E-flat major,"1. Requiem
... (E-flat major)",,
22,Hob. XXIIa,Es2,Hob. XXIIa:Es2,,,,Requiem,E-flat major,"1. Requiem
Adagio (E-flat major)",,
22,Hob. XXIIa,Es3,Hob. XXIIa:Es3,,,,Requiem,E-flat major,"1. Requiem
Adagissimo (E-flat major)",,
22,Hob. XXIIa,Es5,Hob. XXIIa:Es5,,,,Requiem,E-flat major,"1. Requiem
Tarde (E-flat major)",,Without Kyrie
22,Hob. XXIIa,Es6,Hob. XXIIa:Es6,,,,Requiem,E-flat major,"1. Requiem
Largo (E-flat major)",,
22,Hob. XXIIa,Es7,Hob. XXIIa:Es7,,,,Requiem,E-flat major,"1. Requiem
Adagio (E-flat major)",,
22,Hob. XXIIa,Es8,Hob. XXIIa:Es8,,,,Requiem,E-flat major,"1. Requiem
Adagio (E-flat major)",,
22,Hob. XXIIa,Es9,Hob. XXIIa:Es9,,,,Requiem,E-flat major,"1. Requiem
Tarde (E-flat major)",,
22,Hob. XXIIa,f1,Hob. XXIIa:f1,,,,Requiem,F minor,"1. Requiem
Adagio (F minor)",,
22,Hob. XXIIb,1,Hob. XXIIb:1,,1790,,Libera,D minor,"1. Libera me de morte arterna 
... (D minor)","V1, V2, V3, V4, 2 Violins, Basso, Organ",
22,Hob. XXIIb,Es1,Hob. XXIIb:Es1,,,,Libera,E-flat major,"1. Libera me
Andante (E-flat major)",,
22,Hob. XXIIb,Es2,Hob. XXIIb:Es2,,,,Libera,E-flat major,"1. Libera me
Adagio (E-flat major)",,
22,Hob. XXIIb,Es3,Hob. XXIIb:Es3,,,,Libera,E-flat major,"1. Libera me
Adagio (E-flat major)",,
29,Hob. XXIX,A,Hob. XXIX:A,,c1775/8,Die Feuersbrunst (L'incendie),Operetta,,opérette en deux actes,"1. Ouverture.  Allegro (do majeur) / Andante (fa majeur) / Presto (do majeur) [voir H 1a/1 (3)]
2. Aria O meiner Augenweide Leander. Adagio (mi bémol majeur) [voir H 26a/1]",
29,Hob. XXIX,B,Hob. XXIX:B,,c1778/9,Le Glorieux oder Der Grosssprecher,Opera,,,,[perdu]
29,Hob. XXIX,C,Hob. XXIX:C,,1768,Die Hochzeit auf der Alm,Opera,,,,[composition de Michael Haydn]
29,Hob. XXIX,D,Hob. XXIX:D,,1783,L'isola di Calypso abbandonata,Opera,,,,[composition de Luigi Bologna]
29,Hob. XXIX,E,Hob. XXIX:E,,c1786/88,Grün und Rosenfarb,Operetta,,opérette en un acte,,[perdu]
29,Hob. XXIXa,1,Hob. XXIXa:1,,1773,Philemon und Baucis,Opera,,,"opéra pour marionettes, pour 2 sopranos (Baucis, Narcissa), 2 ténos (Philemon, Aret), 2 récitants (Jupiter, Merkur) et chœur avec orchestre (cordes, 2 hautbois, 2 cors)",[voir H 29b/2]
29,Hob. XXIXa,2,Hob. XXIXa:2,,1773,Der Hexenschabbas,Opera,,,opéra pour marionettes,[perdu]
29,Hob. XXIXa,3,Hob. XXIXa:3,,1776,Didone abbandonata (Dido),Opera,,,"opéra pour marionettes, pour 7 personnages (Dido, Selene, Eneas, Jarbas, Araspes, Osmidas, Overpriester des Neptun) et chœur avec orchestre","Texte: Philipp Georg Bader
[perdu]"
29,Hob. XXIXa,4,Hob. XXIXa:4,,,Das abgebrannte Haus,Opera,,,opéra comique,"[perdu, non entièrement identifié, voir H 29b/A]]"
29,Hob. XXIXa,5,Hob. XXIXa:5,,1777,Genovevens (4è livre),Opera,,,,"Texte: Joseph Karl von Pauersbach
[perdu]"
29,Hob. XXIXa,1a,Hob. XXIXa:1a,,1773,"Der Götterrat, oder Jupiters Reise auf der Erde",Opera,,,"prélude à Philemon und Baucis, our 9 dieux et déesses, solistes et chœur avec orchestre (cordes, 2 hautbois, 2 cors)",[perdu]
29,Hob. XXIXb,2,Hob. XXIXb:2,,1777,Philemon und Baucis,Operetta,,,"2 sopranos, 2 ténors, 2 récitants, et chœur avec orchestre (cordes, 2 flûtes, 2 hautbois, 2 bassons, 2 cors, 2 trompettes, timbales)",[adaptation de H 29a/1]
29,Hob. XXIXb,1a,Hob. XXIXb:1a,,1751,Der krumme Teufel,Operetta,,,,"Texte: Johann Joseph Felix Kurz
[perdu]"
29,Hob. XXIXb,1b,Hob. XXIXb:1b,,1758,Der neue krumme Teufel,Operetta,,,,"Texte: Johann Joseph Felix Kurz
[perdu]"
28,Hob. XXVIII,1,Hob. XXVIII:1,,1762,Acide e Galatea,Opera,,fête théâtrale en un acte,"solistes: (S: Galatea, Glauce; A: Tétide; T: Acide; B: Polyfemo), cordes, 2 flûtes, 2 hautbois, (2 cors anglais), (2 bassons), 2 cors",Libretto by Giovanni Battista Migliavacca
28,Hob. XXVIII,2,Hob. XXVIII:2,,1766,La Canterina,Opera,,"intermezzo musical, en deux actes","solistes (S: Gasperina, Apollonia, Don Ettore; T: Don Plagio), cordes, 2 flûtes, 2 hautbois, 2 cors anglais, 2 cors",
28,Hob. XXVIII,3,Hob. XXVIII:3,,1768,Lo speziale (Der Apotheker),Opera,,"dramma giocoso, en 3 actes","solistes (S: Grilletta, Volpino; T: Sempronio, Mengone), cordes, 2 flûtes, 2 hautbois, basson, 2 cors",Libretto by Carlo Goldoni
28,Hob. XXVIII,4,Hob. XXVIII:4,,1769,Le Pescatrici,Opera,,"dramma giocoso, en 3 actes","soliates (S: Lesbina, Nerina; A: Eurilda; T: Burlotto, Frisellino; B: Lindoro, Mastricco) et choeur, cordes, 2 flûtes, 2 hautbois, 2 cors anglais, 2 bassons, 2 cors",Libretto by Carlo Goldoni
28,Hob. XXVIII,5,Hob. XXVIII:5,,1773,L'infedelta delusa,Opera,,"burletta musicale, en 2 actes","solistes (S: Vespina, Sandrina; T: Filippo, Nencio; B: Nanni), cordes, 2 hautbois, basson, 2 cors, timbales",Libretto by Marco Coltellini
28,Hob. XXVIII,6,Hob. XXVIII:6,,1775,L'Incontro improvviso,Opera,,"dramma giocoso, en 3 actes","solistes (S: Rezia, Balkis, Dardane; T: Ali, Osmin; B: Calandro) et figurants (T: Offizier, B: Sultan, 3 Calandri), 2 violons, alto, violoncelle, basse, flûte, 2 hautbois, 2 cors anglais, 2 bassons, 2 trompettes, timbales, tambour, cymbales, triangle","Libretto by Karl Friberth, d'après La Rencontre imprévue de Dancourt"
28,Hob. XXVIII,7,Hob. XXVIII:7,,1777,Il Mondo della Luna,Opera,,"dramma giocoso, en 3 actes","solistes (S: Clarice, Flaminia, Lisette; A: Ernesto; T: Ecclitico, Cecco; B: Buonafede) et figurants (B: Schüler/Cavaliers), cordes, 2 flûtes, 2 hautbois, 2 bassons, 2 cors, 2 trompettes, 2 cors, timbales",Libretto by Carlo Goldoni: Lustspiel
28,Hob. XXVIII,8,Hob. XXVIII:8,,1777/8,La vera Costanza,Opera,,"dramma giocoso, en 3 actes","solistes (S: Rosina, Baronessa Irene/Marchesa, Lisetta; T: Conte Errico, marchese Ernesto, Masino; B: Villotto), cordes, 2 flûtes, 2 hautbois, 2 bassons, 2 cors, timbales",Libretto by Francesco Puttini et Pietro Travaglia
28,Hob. XXVIII,9,Hob. XXVIII:9,,1779,L'Isola disabitata,Opera,,"azione teatrale, en 2 parties","solistes (S: Costanza, Silvia; T: Gernando; B: Enrico), cordes, flûte, 2 hautbois, basson, 2 cors, timbales",Libretto by Pietro Metastasio
28,Hob. XXVIII,10,Hob. XXVIII:10,,1780,La Fedelta premiata,Opera,,"dramma giocoso, en 3 actes","solistes (S: Amaranta, Nerina, Fillide/Celia, Diana; T: Lindoro, Fileno; B: Perruchetto, Melibeo), cordes, flûte, 2 hautbois, 2 bassons, 2 cors, 2 trompettes, timbales",Libretto by Giovanni Barttista Lorenzi: L'Infedelta fedele
28,Hob. XXVIII,11,Hob. XXVIII:11,,1782,Orlando Paladino,Opera,,"dramma eroicomico, en 3 actes","solistes (S: Angelica, Eurilla, Alcina; T: Orlando, Pasquale, Medoro, Licone; B: Rodomonte, Caronte), cordes, flûte, 2 hautbois, 2 clarinettes, 2 bassons, 2 cors, 2 trompettes, timbales",Libretto by Nunziato Porta
28,Hob. XXVIII,12,Hob. XXVIII:12,,1783,Armida,Opera,,"dramma eroica, en 3 actes","solistes (S: Armida, Zelmire; T: Rinaldo, Ubaldo, Clotarco; B: Idreno), cordes, flûte, 2 hautbois, 2 clarinettes, 2 bassons, 2 cors",Libretto by Jacopo Durandi
28,Hob. XXVIII,13,Hob. XXVIII:13,,1791,L'Anima del Filosofo (Orfeo ed Euridice),Opera,,"drame per musica, en 4 actes","solistes (S: Euridice, Genio; T: Orfeo; B: Creonte, Pluto, Coristo) et chœur à 4 voix mixtes, cordes, 2 flûtes, 2 hautbois/cors anglais, 2 clarinettes, 2 bassons, 2 cors, 2 trompettes, timbales",Libretto by Carlo Francesco Badini
30,Hob. XXX,1,Hob. XXX:1,,1762,Comedia La Marchesa Ne(s)pola,,,"1. Aria ""Navicella da vento agitata"" / Adagio (D major) / Soprano (Barbara), Strings, 2 Horns
2. Aria ""Tu mi piace ed io ti bramo"" / Andante (G major) / Soprano (Columbina), Strings, 2 Flutes, 2 Horns
3. Recitative ""Vincesti emplo vincesti"" / / Tenor (Leopoldo)
4. Aria ""Trema Tyran regnante"" / / Tenor (Leopoldo), Strings, 2 Oboes, 2 Horns
5. Aria ""Non o genio con amore non mi voglio maritar"" / Allegro molto (B-flat major) / Soprano (Scanarello), Strings, 2 Oboes, 2 Horns
6. Aria ""Se non mi credi se non m'intendi"" / (A major) / Soprano, Strings, Flutes/Oboes, 2 Horns
7. Aria ""Se credesse che un visetto ne volesse contentar"" / Andante (G major) / Soprano (Pantalone), Strings, 2 Oboes, 2 Horns
8. Aria ""Se non son bella tanto, al meno o il cor sincero"" / Andante (E major) / Soprano (Augusta), Strings, 2 Horns",,"Text: Nicolaus Esterhazy
Surviving numbers: 8"
30,Hob. XXX,2,Hob. XXX:2,,1774,Die Feuersbrunst,,,,,"[perdu]
Texte: ? Grossmann"
30,Hob. XXX,3,Hob. XXX:3,,,Der Zerstreute (Le distrait),,,musique d'entracte,,"Texte: Regnard: Le distrait
[perdu, parties incorporées à la symphonie H 1/60 - Il distratto]"
30,Hob. XXX,4,Hob. XXX:4,,1793,Musique pour opérette (sans titre),,,"1. Recitative ""Fatal amour cruel vainqueur"" / Presto (F major) /
2. Aria ""L'objet qui régna"" / Andante (D major) / [See Hob. XIX:26 (Allegro)]
3. Chanson ""Si jamais ne prends un époux, je veux que l'amour me le donne"" / Andante (E-flat major) /","scène pour soprano avec orchestre (cordes, flûte, 2 hautbois, basson, 2 cors) et un récitant",[pour une pièce en français]
30,Hob. XXX,5,Hob. XXX:5,,1796,"Alfred Konig der Angelsachsen, oder der patriotische Konig",,,,,"Texte: Alexander Bicknell: The Patriotic King or Alfred and Elvida [Traduit par J.W. Cowmeadow]
[voir H 30/5a,b,c]"
30,Hob. XXX,5a,Hob. XXX:5a,,1796,Triumph dir Haldane,,C major,"Triumph dir Haldane
Allegro assai (do majeur)
chœur de danois (STB)
cordes, 2 hautbois, 2 bassons, 2 trompettes, timbales",,"chœur des danois (STB) avec orchestre de l'opérette ""Alfred"" (acte I, scène 1)"
30,Hob. XXX,5b,Hob. XXX:5b,,1796,"Ausgesandt vom Strahlenthrone, ",,E-flat major,"Ausgesandt vom Strahlenthrone
Adagio (mi bémol majeur)
aria pour soprano
2 clarinettes, 2 bassons, 2 cors",,"air des génies pour soprano et orchestre de l'opérette ""Alfred"" (Acte II, scène 4)"
30,Hob. XXX,5c,Hob. XXX:5c,,1796,Der Morgen graut,,F major,"Der Morgen graut, es ruft der Hahn
Adagio (fa majeur)
duet pour 2 ténors (Alfred, Odun)
cordes, violon principale, harpe",,"duet pour 2 ténors avec orchestre de l'opérette ""Alfred"" (Acte V, scène 4)"
30,Hob. XXX,A,Hob. XXX:A,,1806,Musique pour König Lear,,,,,"Texte: Shakespeare
[perdu/non authentifié, voir Ouverture H 1a/9]"
30,Hob. XXX,B,Hob. XXX:B,,c1774/6,Musique d'entracte pour Hamlet,,,,,"Texte: Shakespeare
[perdu/non authentifié]"
30,Hob. XXX,C,Hob. XXX:C,,c1776,Musique d'entracte pour Götz von Berlichingen,,,,,"Texte: Goethe
[perdu/non authentifié]"
30,Hob. XXX,D,Hob. XXX:D,,c1777,Musique pour Soliman II,,,,,"Texte: Charles Simon Favart: Les trois sultanes
[perdu/non authentifié]"
32,Hob. XXXII,1,Hob. XXXII:1,,1789,"La Circe, ossia L'isola incantata",Pasticcio,,"1. Scène ""Son due ore che giro Pedriollo"" / cordes, flûte, 2 hautbois, 2 bassons
2. Aria ""Son pierosa, son bonina Lindora ""Andante (mi majeur) / Allegro di molto / cordes, flûtes, 2 hautbois, 2 bassons, 2 cors
3. Trio ""Levatevi presto vedete qu'il vaso Teodora, Brunoro, Corrado"" Allegro con brio (mi bémol majeur) / Vivace assai / cordes, flûte, 2 hautbois, 2 bassons, 2 cors","solistes (SS,TTT,B) avec orchestre","[musique tirée de l'opéra ""L'ipocondriaco"" de J.G. Naumann et un autre opéra inconnu et arrangée avec ajouts par Haydn]"
32,Hob. XXXII,2,Hob. XXXII:2,,1788,Der Freybrief,Pasticcio,,pièce burlesque avec chant en un acte,,"[perdu]
[coontribution de Haydn]"
32,Hob. XXXII,3,Hob. XXXII:3,,1790,Alessandro il Grande,Pasticcio,,"12a. Récitatif Poro
Adagio [H 28/10 (20a)]
12b. Air Poro
Allegro molto (ré mineur) [H 28/10 (20b)]
13a. Récitatif Cleofide
Adagio [H 28/10 (21a)]
13b. Air Cleofide
Adagio (mi bémol majeur) [H 28/10 (21b)]
14. Air Gandarte
Adagio (mi bémol majeur) / Vivace [H 28/11 (14)]
18. Air Barac
Allegro (do majeur) [H 28/12 (10)]
19. Air Timagene
Allegretto (sol majeur) [H 28/12 (9)]","solistes (SS,TTT,B) et orchestre",[contribution de Haydn]
32,Hob. XXXII,4,Hob. XXXII:4,,1781,Der Apfeldieb,Pasticcio,,opérette comique en un acte,,[contribution de Haydn]