SORT,Catalogue,Other,Title,Type,Key,Instrumentation,Note
1,"KV 1,01","KV¹ 1, KV⁶ 1e",Piano piece,Klavierstücke,G major,Clavier,
1,"KV 1,02","KV¹ 1, KV⁶ 1f",Piano piece,Klavierstücke,C major,Clavier,
1,KV 1a,,Andante,Klavierstücke,C major,Clavier,
1,KV 1b,,Allegro,Klavierstücke,C major,Clavier,
1,KV 1c,,Allegro,Klavierstücke,F major,Clavier,
1,KV 1d,KV¹ deest,Menuetto,Klavierstücke,F major,Clavier,
2,KV 2,,Piano piece,Klavierstücke,F major,Clavier,Nannerl Music Book
3,KV 3,,Allegro,Klavierstücke,B-flat major,Clavier,Nannerl Music Book
4,KV 4,,Piano piece,Klavierstücke,F major,Clavier,Nannerl Music Book
5,KV 5,,Menuet,Klavierstücke,F major,Clavier,Nannerl Music Book
6,KV 6,op. 1/1,,Sonata,C major,"Clavier, Violin",
6,KV 6,op. 1/1,,Sonata,C major,"Clavier, Violin",
6,"KV 6,01",KV¹ 6/01,Allegro,Klavierstücke,C major,Clavier,"Clavier version, K. 6, 1st movement"
6,"KV 6,02",KV¹ 6/02,Andante,Klavierstücke,F major,Clavier,
6,"KV 6,03",KV¹ 6/03,Menuet,Klavierstücke,C major,Clavier,Work of doubtful authenticity
6,"KV 6,04",KV¹ 6/04,Menuet,Klavierstücke,F major,Clavier,Work of doubtful authenticity
7,KV 7,op. 1/2,,Sonata,D major,"Violin, Clavier",
7,"KV 7,01",,Allegro molto,Klavierstücke,D major,Clavier,version of doubtful authenticity
7,"KV 7,02",KV¹ 7/03,"Minuet, K. 7, Minuet I",Klavierstücke,D major,Clavier,Clavier version
7,"KV 7,03",,,Klavierstücke,D minor,Clavier,version of doubtful authenticity
8,KV 8,op. 2/1,,Sonata,B-flat major,"Violin, Clavier",
8,"KV 8,01",KV¹ 8/01,Piano piece,Klavierstücke,B-flat major,Clavier,Nannerl Music Book
9,KV 9,op. 2/2,,Sonata,G major,"Violin, Clavier",
9,KV 9a,"KV¹ Anh. 203/1, KV⁶ 5a",Piano piece,Klavierstücke,C major,Clavier,Nannerl Music Book
9,KV 9b,"KV¹ Anh. 203/2, KV³ Anh. 109g/10, KV⁶ 5b, KV⁶ 626b/10",Piano piece,Klavierstücke,B-flat major,Clavier,"Nannerl Music Book, fragment"
10,KV 10,op. 3/1,,Sonata,B-flat major,"Violin/Flute, Cello, Clavier",
11,KV 11,op. 3/2,,Sonata,G major,"Violin/Flute, Cello, Clavier",
12,KV 12,op. 3/3,,Sonata,A major,"Violin/Flute, Cello, Clavier",
13,KV 13,op. 3/4,,Sonata,F major,"Violin/Flute, Cello, Clavier",
14,KV 14,op. 3/5,,Sonata,C major,"Violin/Flute, Cello, Clavier",
15,KV 15,op. 3/6,,Sonata,B-flat major,"Violin/Flute, Cello, Clavier",
15,KV 15a,KV² Anh. 109b/01,Piano piece,Klavierstücke,F major,Clavier,
15,KV 15aa,KV¹ deest,Piano piece,Klavierstücke,B-flat major,Clavier,
15,KV 15a-rr,"KV² Anh. 109b, KV³ 15a-z, 15aa-ss",42 pieces,Klavierstücke,,Clavier,KV 15nn and KV 15rr fragments
15,KV 15b,KV² Anh. 109b/02,Piano piece,Klavierstücke,C major,Clavier,
15,KV 15bb,,Piano piece,Klavierstücke,D major,Clavier,
15,KV 15c,,Piano piece,Klavierstücke,G major,Clavier,
15,KV 15cc,KV¹ deest,Piano piece,Klavierstücke,E-flat major,Clavier,
15,KV 15d,KV¹ deest,Piano piece,Klavierstücke,D major,Clavier,
15,KV 15dd,KV¹ deest,Piano piece,Klavierstücke,A-flat major,Clavier,
15,KV 15e,KV¹ deest,Piano piece,Klavierstücke,G major,Clavier,
15,KV 15ee,,Piano piece,Klavierstücke,E-flat major,Clavier,
15,KV 15f,KV¹ deest,Piano piece,Klavierstücke,C major,Clavier,
15,KV 15ff,KV² Anh. 109b/08,Piano piece,Klavierstücke,A-flat major,Clavier,
15,KV 15g,KV¹ deest,Piano piece,Klavierstücke,G major,Clavier,
15,KV 15gg,KV¹ deest,Piano piece,Klavierstücke,B-flat major,Clavier,
15,KV 15h,KV¹ deest,Piano piece,Klavierstücke,D minor,Clavier,
15,KV 15hh,KV¹ deest,Piano piece,Klavierstücke,F major,Clavier,
15,KV 15i,KV¹ deest,Piano piece,Klavierstücke,A major,Clavier,
15,KV 15ii,KV¹ deest,Piano piece,Klavierstücke,B-flat major,Clavier,
15,KV 15k,KV¹ deest,Piano piece,Klavierstücke,A minor,Clavier,
15,KV 15kk,KV¹ deest,Piano piece,Klavierstücke,E-flat major,Clavier,
15,KV 15l,KV¹ deest,Piano piece,Klavierstücke,A major,Clavier,
15,KV 15ll,KV² Anh. 109b/09,Piano piece,Klavierstücke,B-flat major,Clavier,
15,KV 15m,KV² Anh. 109b/04,Piano piece,Klavierstücke,F major,Clavier,
15,KV 15mm,KV¹ deest,Piano piece,Klavierstücke,E-flat major,Clavier,
15,KV 15n,KV¹ deest,Piano piece,Klavierstücke,C major,Clavier,
15,KV 15nn,,Piano piece,Klavierstücke,F major,Clavier,
15,KV 15o,KV¹ deest,Piano piece,Klavierstücke,D major,Clavier,
15,KV 15oo,KV¹ deest,Piano piece,Klavierstücke,F major,Clavier,
15,KV 15p,KV² Anh. 109b/03,Piano piece,Klavierstücke,G minor,Clavier,
15,KV 15pp,KV¹ deest,Piano piece,Klavierstücke,B-flat major,Clavier,
15,KV 15q,KV¹ deest,Piano piece,Klavierstücke,B-flat major,Clavier,
15,KV 15qq,KV¹ deest,Piano piece,Klavierstücke,E-flat major,Clavier,
15,KV 15r,KV² Anh. 109b/07,Piano piece,Klavierstücke,G minor,Clavier,
15,KV 15rr,KV¹ deest,Piano piece [Menuetto],Klavierstücke,C major,Clavier,
15,KV 15s,KV¹ deest,Piano piece,Klavierstücke,C major,Clavier,
15,KV 15ss,KV¹ deest,Fugue,,C major,"SATB, Basso","London Music Book, fragment"
15,KV 15t,KV² Anh. 109b/05,Piano piece,Klavierstücke,F major,Clavier,
15,KV 15u,KV¹ deest,Piano piece,Klavierstücke,D minor,Clavier,
15,KV 15v,KV¹ deest,Piano piece,Klavierstücke,F major,Clavier,
15,KV 15w,KV¹ deest,Piano piece,Klavierstücke,B-flat major,Clavier,
15,KV 15x,KV² Anh. 109b/06,Piano piece,Klavierstücke,F major,Clavier,
15,KV 15y,,Piano piece,Klavierstücke,G major,Clavier,
15,KV 15z,KV¹ deest,Piano piece,Klavierstücke,C minor,Clavier,
16,KV 16,,,Symphony,E-flat major,"2 Oboes, 2 Horns, 2 Violins, Viola, Cello, Basso",
19,KV 19,,,Symphony,D major,"2 Oboes, 2 Horns, 2 Violins, Viola, Cello, Basso",
19,KV 19a,KV¹ Anh. 223,,Symphony,F major,"2 Oboes, 2 Horns, 2 Violins, Viola, Cello, Basso",
19,KV 19b,KV¹ Anh. 222,,Symphony,C major,Orchestra,"Work of doubtful authenticity, lost"
19,KV 19d,,,Sonata,C major,Piano Four Hands,Work of doubtful authenticity
20,KV 20,,"“God is our refuge” (Psalm 46, 1)",,G minor,"S, A, T, B | SATB",
21,KV 21,KV³ 19c,"“Va, dal furor portata”",Aria,C major,"2 Oboes, 2 Bassoons, 2 Horns, 2 Violins, Viola, T, Cello, Basso",
21,KV 21a,KV¹ Anh. 206,Variations in A,Keyboard Variations,A major,Clavier,lost
22,KV 22,,,Symphony,B-flat major,"2 Oboes, 2 Horns, 2 Violins, Viola, Cello, Basso",
23,KV 23,,“Conservati fedele”,Aria,A major,"2 Violins, Viola, S, Cello, Basso",
24,KV 24,KV¹ Anh. 208,"8 Variations in G on ""Laat ons juichen, Batavieren!""",Keyboard Variations,G major,Clavier,
25,KV 25,,7 Variations on “Willem van Nassau”,Keyboard Variations,D major,Clavier,
26,KV 26,op. 4/1,,Sonata,E-flat major,"Violin, Clavier",
27,KV 27,,,Sonata,G major,"Violin, Clavier",
28,KV 28,op. 4/2,,Sonata,C major,"Violin, Clavier",
29,KV 29,op. 4/3,,Sonata,D major,"Violin, Clavier",
30,KV 30,op. 4/4,,Sonata,F major,"Violin, Clavier",
31,KV 31,op. 4/5,,Sonata,B-flat major,"Violin, Clavier",
32,KV 32,KV² Anh. 100a,Gallimathias musicum,Quodlibet,D major,"2 Oboes, 2 Horns, 2 Violins, Viola, Basso, Bassoon, Harpsichord",
32,KV 32a,KV¹ deest,Music book for Clavier,Klavierstücke,,Clavier,lost or not identified
33,KV 33,,,Kyrie,F major,"2 Violins, Viola, SATB, Basso, Organ",
33,KV 33a,"KV¹ deest, KV² Anh. 11b/4",Solos for flute,,,"Flute, Bassoon, Horn, Orchestra",lost
33,KV 33b,"KV¹ deest, KV² Anh. 11b/4",Solos for violoncello,,,Cello,lost
33,KV 33c,"KV¹ deest, KV² Anh. 11b/3",Stabat mater,Stabat mater,,"V1, V2, V3, V4",lost
33,KV 33d,KV¹ Anh. 199,,Sonata,G major,Clavier,lost
33,KV 33e,KV¹ Anh. 200,,Sonata,B-flat major,Clavier,lost
33,KV 33f,KV¹ Anh. 201,,Sonata,C major,Clavier,lost
33,KV 33g,KV¹ Anh. 202,,Sonata,F major,Clavier,"Work of doubtful authenticity, lost"
33,KV 33h,KV¹ deest,Piece for horn,,,Horn,
34,KV 34,,“Scande coeli limina”. Offertory for the Feast of Saint Benedict,Offertory,C major,"2 Violins, S, Cello, Basso, Organ",
35,KV 35,,Die Schuldigkeit des ersten and fürnehmsten Gebotes (The Obligation of the First ComMandolinment),,C major,"2 Oboes, 2 Bassoons, 2 Horns, 2 Violins, 2 Violas, Cello, Basso",Part I of an oratorio
36,KV 36,KV³ 33i,“Or che il dover” – “Tali e cotanti sono”,Recitative / Aria,D major,"2 Violins, Viola, T, Cello, Basso",
38,KV 38,,"Apollo et Hyacinthus (Apollo,  Hyacinth)",Opera,D major,"2 Oboes, 2 Horns, 2 Violins, 2 Violas, Cello, Basso",Intermezzo in 3 parts
41,KV 41a,KV¹ deest,6 divertimentos,Divertimento,,,lost
41,"KV 41b,01",,"""Many pieces"" for wind instruments",,,Wind Instruments,lost
41,"KV 41b,01-02","KV¹ deest, KV³ 41b",Pieces in various instrumentations,Partita,,,lost
41,"KV 41b,02",KV² Anh. 11b/5,"""Intradas""",,,"Trumpets, Timpani",lost
41,KV 41c,"KV¹ deest, KV² Anh. 11b/6","""Several marches""",March,,,lost
41,KV 41d,KV¹ deest,"""Many minuets""",,,,lost
41,KV 41e,KV¹ deest,Fugue,Klavierstücke,,Clavier,lost
41,KV 41f,"KV¹ deest, KV² Anh. 11b/7",Fugue,,,"V1, V2, V3, V4",lost
41,KV 41g,KV¹ deest,"""Night music""",,,"2 Violins, Basso",lost
42,KV 42,KV³ 35a,"""Grabmusik""",Cantata,C minor,"Die Seele, Der Engel, SATB, cont",for the Holy Tomb
43,KV 43,,,Symphony,F major,"2 Oboes, 2 Horns, 2 Violins, 2 Violas, Cello, Basso",
43,KV 43a,Anh. 24a; 1767a,"“Ach, was müssen wir erfahren!”",Duetto,F major,"S1, S2",
45,KV 45,,,Symphony,D major,"2 Oboes, 2 Horns, 2 Clarinetts, Timpani, 2 Violins, Viola, Cello, Basso",
45,KV 45a,Anh. 221,,Symphony,G major,Orchestra,
45,KV 45b,Anh. 214,,Symphony,B-flat major,Orchestra,Work of doubtful authenticity
46,KV 46d,KV¹ deest,,Sonata,C major,"prob. Violin, Bass",
46,KV 46e,KV¹ deest,,Sonata,F major,"prob. Violin, Bass",
47,KV 47,,“Veni Sancte Spiritus”,Antiphon,C major,"2 Oboes, 2 Horns, 2 Clarinos, Timpani, 2 Violins, Viola, SATB, Cello, Basso, Organ",for Pentecost
47,KV 47b,KV¹ deest,Offertory,Offertory,,Clavier,probably lost
47,KV 47c,,,Concerto,,"Trumpet, Orchestra",lost
48,KV 48,,,Symphony,D major,"2 Oboes, 2 Horns, 2 Clarinos, Timpani, 2 Violins, Viola, Cello, Basso",
49,KV 49,47d,"""Missa brevis""",Mass,G major,"2 Violins, Viola, SATB, Basso, Organ",
50,KV 50,KV³ 46b,Bastien and Bastienne,Opera,,,"Singspiel (""Opéra comique“, ""Operette, (second version:) ""Komische Oper"" ) in 1 act"
50,KV 50(1),KV³ 46b,Bastien and Bastienne,Singspiel,,"2 Oboes, 2 Horns, 2 Violins, 2 Violas, Cello, Basso","1st version Singspiel (Operetta, opéra comique in 1 act)"
50,KV 50(2),KV³ 46b,Bastien and Bastienne,Operetta,,"2 Oboes, 2 Horns, 2 Violins, 2 Violas, Cello, Basso, Bassoon, Harpsichord",2nd version Comic opera in 1 act Movement 3 work of doubtful authenticity
51,KV 51,KV³ 46a,La finta semplice (The Pretended Simpleton),Opera,,"2 Flutes, 2 Oboes , 2 Bassoons, 2 Horns, 2 Violins, 2 Violas, Cello, Basso","Opera buffa (""Dramma giocoso"") in 3 acts"
52,KV 52,46c,"""Meiner Liebsten schöne Wangen""/""Daphne, deine Rosenwangen""",Songs,A major,"Voice, Clavier",after Bastien and Bastienne KV 50/11; Version of unknown authorization
53,KV 53,47e; 43b,An die Freude,Songs,F major,"Voice, Clavier",
54,KV 54,547b; Anh. 138a,Theme and 6 Variations,Keyboard Variations,F major,Clavier,"after the Sonata in F for Clavier and violin KV 547, movement 3; version of unknown authorization"
61,"KV 61g,01",61g I; deest,Menuet,,A major,Orchestra,
61,KV 61h,,6 Menuets,Dances,,"2 Oboes, 2 Trumpets, 2 Violins, Cello, Basso",
62,KV 62,,,March,D major,"2 Oboes, 2 Horns, 2 Clarinos, Timpani, 2 Violins, Viola, Cello, Basso",
63,KV 63,,,Cassation,G major,"2 Oboes, 2 Horns, 2 Violins, Viola, Basso",
65,KV 65,61a,"""Missa brevis""",Mass,D minor,"Alto Trombone, Tenor Trombone, Bass Trombone, 2 Violins, SATB, Basso, Organ",
65,KV 65a,61b; deest,7 Menuets,Dances,,"2 Violins, Cello, Basso",
66,KV 66,,"""Dominicus-Messe""",Mass,C major,"Alto Trombone, Tenor Trombone, Bass Trombone, 2 Violins, SATB, Basso, Organ",
66,KV 66c,Anh. 215,,Symphony,D major,Orchestra,"Work of doubtful authenticity, lost"
66,KV 66d,Anh. 217,,Symphony,B-flat major,Orchestra,"Work of doubtful authenticity, lost"
66,KV 66e,Anh. 218,,Symphony,B-flat major,Orchestra,"Work of doubtful authenticity, lost"
67,KV 67,41h,Church sonata,Sonata,E-flat major,"2 Violins, Organ, Basso",
68,KV 68,41i,Church sonata,Sonata,B-flat major,"2 Violins, Organ, Basso",
69,KV 69,41k,Church sonata,Sonata,D major,"2 Violins, Organ, Basso",
70,KV 70,61c,"""A Berenice e Vologeso sposi"" – ""Sol nascente in questo giorno""",Recitative / Aria,G major,"2 Oboes, 2 Horns, 2 Violins, 2 Violas, S, Cello, Basso","Recitativo and aria (""licenza"")"
71,KV 71,1770a,"""Ah più tremar non voglio""",,F major,"2 Oboes, 2 Horns, 2 Violins, 2 Violas, T, Cello, Basso",fragment
72,KV 72,74f,"""Inter natos mulierum""",Offertory,G major,"Alto Trombone, Tenor Trombone, Bass Trombone, 2 Violins, SATB, Cello, Basso, Bassoon, Organ",for the Feast of John Baptist
72,KV 72a,1769a,Molto allegro in G,Klavierstücke,G major,Clavier,"Work of doubtful authenticity, fragment"
72,KV 72b,73A; Anh. 2,"""Misero tu non sei""",Aria,,"Voice, Orchestra",lost
73,KV 73,75a,,Symphony,C major,"2 Oboes, 2 Horns, 2 Clarinos, Timpani, 2 Violins, Viola, Cello, Basso",
73,KV 73D,KV¹ deest,"""Per quel paterno amplesso""",Aria,B-flat major,"Soprano, Orchestra",fragment
74,KV 74,,,Symphony,G major,"2 Oboes, 2 Horns, 2 Violins, Viola, Cello, Basso",
74,KV 74b,,"""Non curo l’affetto""",Aria,E major,"Soprano, Orchestra",Work of doubtful authenticity
74,KV 74g,Anh. C 11.03;Anh. 216,,Symphony,B-flat major,Orchestra,Work of doubtful authenticity
75,KV 75,,,Symphony,F major,"2 Oboes, 2 Horns, 2 Violins, Viola, Cello, Basso",Work of doubtful authenticity
76,KV 76,42a,,Symphony,F major,"2 Oboes, 2 Bassoons, 2 Horns, 2 Violins, Viola, Cello, Basso",Work of doubtful authenticity
77,KV 77,73e,"""Misero me! Qual gelido torrente"" – ""Misero pargoletto""",Scena,E-flat major,"2 Oboes, 2 Bassoons, 2 Horns, 2 Violins, 2 Violas, S, Cello, Basso",
78,KV 78,73b,"""Per pietà, bell’idol mio""",Aria,E-flat major,"2 Oboes, 2 Horns, 2 Violins, Viola, S, Cello, Basso",
79,KV 79,73d,"""Oh temerario Arbace!"" – ""Per quel paterno amplesso""",Scena,B-flat major,"2 Oboes, 2 Bassoons, 2 Horns, 2 Violins, 2 Violas, S, Cello, Basso",
80,KV 80,73f,,Quartet,G major,"2 Violins, Viola, Basso",
81,KV 81,73l;VII:D14,,Symphony,D major,"2 Oboes, 2 Horns, 2 Violins, Viola, Cello, Basso",Work of doubtful authenticity
82,KV 82,73o,"""Se ardire e speranza""",Aria,F major,"2 Flutes, 2 Horns, 2 Violins, Viola, S, Cello, Basso",
83,KV 83,73p,"""Se tutti i mali miei""",,E-flat major,"2 Oboes, 2 Horns, 2 Violins, 2 Violas, S, Cello, Basso",
84,KV 84,73q,,Symphony,D major,"2 Oboes, 2 Horns, 2 Violins, Viola, Cello, Basso",Work of doubtful authenticity
85,KV 85,73s; 1770b,,Miserere,A minor,"A, T, B, Organ",fragment
87,KV 87,74a,"Mitridate, re di Ponto",Opera,,"2 Flutes, 2 Oboes, 2 Horns, 2 Violins, Viola, Cello, Basso","Opera seria (""Dramma per musica"") in 3 acts"
88,KV 88,73c,"""Fra cento affanni e cento""",Aria,C major,"2 Oboes, 2 Horns, 2 Trumpets, 2 Violins, 2 Violas, S, Cello, Basso",
89,KV 89,73k,Kyrie a cinque con diversi Canoni,Kyrie,G major,"S1, S2, S3, S4, S5",
90,KV 90,,,Kyrie,D minor,"S, A, T, B, Organ",Work of doubtful authenticity
95,KV 95,73n,,Symphony,D major,"2 Oboes, 2 Clarinos, 2 Violins, Viola, Cello, Basso",Work of doubtful authenticity
96,KV 96,111b,,Symphony,C major,"2 Oboes, 2 Horns, 2 Clarinos, Timpani, 2 Violins, Viola, Cello, Basso",Work of doubtful authenticity
97,KV 97,73m,,Symphony,D major,"2 Oboes, 2 Horns, Timpani, 2 Violins, Viola, Cello, Basso",Work of doubtful authenticity
99,KV 99,63a,,Cassation,B-flat major,"2 Oboes, 2 Horns, 2 Violins, Viola, Basso",
100,KV 100,62a;deest,,Symphony,D major,,after the Serenade KV 100
100,KV 100,62a,"presumably ""Finalmusik""",Serenade,D major,"2 Oboes, 2 Horns, 2 Clarinos, 2 Violins, Viola, Cello, Basso",
103,KV 103,61d,20 Minuets (1st version; fragment) or 12 Minuets (2nd version),,D major,"[2 Oboes, [2 Clarinetts/2 Horns], 2 Violins, Cello, Basso]/Clavier",
106,KV 106,588a,Overture and 3 Contredances,,D major,"2 Oboes, 2 Bassoons, 2 Horns, 2 Violins, Cello, Basso",Werke zweifelhafter Echtheit
107,KV 107 I,KV³ 21b I,,Concerto,D major,"vl1, vl2, vlc+b, clav-solo","according to the clavier Sonata op. V, 2 by Johann Christian Bach"
107,KV 107 II,KV³ 21b II,,Concerto,,"vl1, vl2, vlc+b, clav-solo","according to the clavier Sonata op. V, 3 by Johann Christian Bach"
107,KV 107 III,KV³ 21b III,,Concerto,E-flat major,"vl1, vl2, vlc+b, clav-solo","according to the clavier Sonata op. V, 4 by Johann Christian Bach"
108,KV 108,74d,Regina coeli,Antiphon,C major,"2 Oboes, 2 Horns, 2 Clarinos, Timpani, 2 Violins, 2 Violas, SATB, Cello, Basso, Organ",
109,KV 109,74e,Litaniae Lauretanae Beatae Mariae Virginis,Litany,B-flat major,"Alto Trombone, Tenor Trombone, Bass Trombone, 2 Violins, SATB, Basso, Organ",Litany of Loreto
110,KV 110,75b,,Symphony,G major,"2 Oboes, 2 Horns, 2 Violins, Viola, Cello, Basso",
111,KV 111,111a;120,,Symphony,D major,"2 Flutes, 2 Oboes, 2 Horns, 2 Trumpets, Timpani, 2 Violins, Viola, Cello, Basso",after the overture to Ascanio in Alba KV 111
111,KV 111,,Ascanio in Alba,Serenata,,"2 Flutes, 2 Oboes, 2 Horns, 2 Trumpets, Timpani, 2 Violins, Viola, Cello, Basso",Festa teatrale in 2 parts
112,KV 112,,,Symphony,F major,"2 Oboes, 2 Horns, 2 Violins, 2 Violas, Cello, Basso",
113,KV 113,,,Concerto / Divertimento,E-flat major,"[2 Bb Clarinetts, 2 Eb Horns]/[2 Oboes, 2 English Horns, 2 Bassoons], 2 Violins, Viola, Cello, Basso",for instrumental ensemble à 8 or à 10
114,KV 114,,,Symphony,A major,"2 Flutes, 2 Horns, 2 Violins, 2 Violas, Cello, Basso",
117,KV 117,66a,"""Benedictus sit Deus""",Offertory,C major,"2 Trumpets, Timpani, 2 Violins, Viola, SATB, Cello, Basso, Organ",
118,KV 118,74c,Betulia liberata,Azione,D minor,"2 Oboes, 2 Bassoons, 2 D Horns, 2 F Horns, 2 D Trumpets, 2 Violins, 2 Violas, Cello, Basso",Azione sacra in two parts
119,KV 119,382h,"""Der Liebe himmlisches Gefühl""",Aria,A major,"Soprano, Clavier/Orchestra",Work of doubtful authenticity
123,KV 123,73g,Contredances,Dances,B-flat major,"2 Oboes, 2 Horns, 2 Violins, Cello, Basso",
124,KV 124,,,Symphony,G major,"2 Oboes, 2 Horns, 2 Violins, Viola, Cello, Basso",
125,KV 125,,"Litaniae de venerabili altaris Sacramento ""Sakramentslitanei""",Litany,B-flat major,"2 Oboes, 2 Horns, 2 Clarinos, Alto Trombone, Tenor Trombone, Bass Trombone, 2 Violins, Viola, SATB, Basso, Organ",
126,KV 126,163;141a;161,,Symphony,D major,"2 Flutes, 2 Oboes, 2 Horns, 2 Trumpets, Timpani, 2 Violins, Viola, Cello, Basso",after the overture to Il sogno di Scipione KV 126
126,KV 126,,Il sogno di Scipione,Azione,D major,"2 Flutes, 2 Oboes, 2 Horns, 2 Clarinos, Timpani, 2 Violins, 2 Violas, Cello, Basso",Azione teatrale in 1 part
127,KV 127,,Regina coeli,Antiphon,B-flat major,"2 Oboes, 2 Horns, 2 Violins, 2 Violas, SATB, Cello, Basso, Organ",
128,KV 128,,,Symphony,C major,"2 Oboes, 2 Horns, 2 Violins, Viola, Cello, Basso",
129,KV 129,,,Symphony,G major,"2 Oboes, 2 Horns, 2 Violins, Viola, Cello, Basso",
130,KV 130,,,Symphony,F major,"2 Flutes, 2 Horns, 2 Horns, 2 Violins, Viola, Cello, Basso",
131,KV 131,,,Serenade,D major,"Flute, Oboe, Bassoon, 4 Horns, 2 Violins, 2 Violas, Cello, Basso",
132,KV 132,,,Symphony,E-flat major,"2 Oboes, 2 Horns, 2 Violins, Viola, Cello, Basso",
133,KV 133,,,Symphony,D major,"2 Oboes, 2 Horns, 2 Trumpets, 2 Violins, Viola, Cello, Basso",
134,KV 134,,,Symphony,A major,"2 Flutes, 2 Horns, 2 Violins, Viola, Cello, Basso",
135,KV 135,,,Symphony,D major,"2 Oboes, 2 Horns, 2 Trumpets, Timpani, 2 Violins, 2 Violas, Cello, Basso",after the overture to Lucio Silla KV 135
135,KV 135,,Lucio Silla,Opera,,"2 Oboes, 2 Horns, 2 Trumpets, Timpani, 2 Violins, Viola, Cello, Basso","Opera seria (""Dramma per musica"") in 3 acts"
136,KV 136,125a,,Divertimento,D major,"2 Violins, Viola, Cello, Basso",
137,KV 137,125b,,Divertimento,B-flat major,"2 Violins, Viola, Cello, Basso",
138,KV 138,125c,,Divertimento,F major,"2 Violins, Viola, Cello, Basso",
139,KV 139,47a; 114a,"""Waisenhaus-Messe""",Mass,C minor,"2 Oboes, 2 C Clarinos, 2 C Trumpets, C-G Timpani, Alto Trombone, Tenor Trombone, Bass Trombone, 2 Violins, 2 Violas, SATB, Basso, Organ",
140,KV 140,Anh. C 1.12; Anh. 235d,,Mass,G major,"2 Violins, SATB, Basso, Organ",Work of doubtful authenticity
141,KV 141,66b,Te Deum in C,Hymn,C major,"2 Clarinos, 2 Trumpets, Timpani, 2 Violins, SATB, Cello, Bassoon, Basso, Organ",
142,KV 142,Anh. C 3.04; Anh. 186d,Tantum ergo in B flat,Hymn,B-flat major,"2 Clarinos, 2 Violins, Viola, SATB, Cello, Basso, Organ",Work of doubtful authenticity
143,KV 143,73a,"""Ergo interest"" – ""Quaere superna""",Motet,G major,"S, Cello, Basso, Organ",Work of doubtful authenticity
144,KV 144,124a,Church sonata,Sonata,D major,"2 Violins, Organ, Basso",
145,KV 145,124b,Church sonata,Sonata,F major,"2 Violins, Organ, Basso",
146,KV 146,,"""Kommet her, ihr frechen Sünder""",Aria,B-flat major,"2 Violins, Viola, S, Cello, Basso, Organ",Sacred aria
147,KV 147,125g,"""Wie unglücklich bin ich nit""",Songs,F major,"Voice, Clavier",
148,KV 148,Anh. 276; 125h,Auf die feierliche Johannisloge,Songs,D major,"Voice, Clavier",
154,KV 154a,Anh. A 61/62; Anh. 109 VIII,2 Little fugues,,,presumably Organ,
155,KV 155,134a,,Quartet,D major,"2 Violins, Viola, Cello",
156,KV 156,134b,,Quartet,G major,"2 Violins, Viola, Cello",
157,KV 157,,,Quartet,C major,"2 Violins, Viola, Basso",
158,KV 158,,,Quartet,F major,"2 Violins, Viola, Basso",
159,KV 159,,,Quartet,B-flat major,"2 Violins, Viola, Basso",
160,KV 160,159a,,Quartet,E-flat major,"2 Violins, Viola, Cello",
162,KV 162,,,Symphony,C major,"2 Oboes, 2 Horns, tr, 2 Violins, Viola, Cello, Basso",
164,KV 164,130a,6 Menuets,Dances,,"2 Oboes, 2 Clarinos, 2 Violins, Cello, Basso",
165,KV 165,158a,"""Exsultate, jubilate""",Motet,F major / G major,"[2 Oboes/2 Flutes], [2 F Horns/2 G Horns], 2 Violins, 2 Violas, Soprano, Cello, Basso, Organ",
166,KV 166,159d,,Divertimento,E-flat major,"2 Oboes, 2 Clarinetts, corIng1, corIng2, 2 Horns, 2 Bassoons",for wind ensemble à 10
166,KV 166f,Anh. 18; 1772a,,Kyrie,C major,,fragment
166,KV 166g,Anh. 19; 1772γ/01; 1772b,,Kyrie,D major,,fragment
167,KV 167,,"""Missa in honorem Sanctissimae Trinitatis""",Mass,C major,"2 Oboes, 2 C Clarinos, 2 C Trumpets, C-G Timpani, 2 Violins, SATB, Basso, Organ",
168,KV 168,,,Quartet,F major,"2 Violins, Viola, Cello",
168,KV 168a,KV¹ deest,Menuet,Dances,F major,"2 Violins, Viola, Cello",
169,KV 169,,,Quartet,A major,"2 Violins, Viola, Cello",
170,KV 170,,,Quartet,C major,"2 Violins, Viola, Cello",
171,KV 171,,,Quartet,E-flat major,"2 Violins, Viola, Cello",
172,KV 172,,,Quartet,B-flat major,"2 Violins, Viola, Cello",
173,KV 173,,,Quartet,D minor,"2 Violins, Viola, Cello",
173,"KV 173,01",zu 173/04,Fugue,,D minor,"2 Violins, Viola, Cello",
174,KV 174,,,Quintet,B-flat major,"2 Violins, 2 Violas, Cello",
175,KV 175,,,Concerto,D major,"2 Oboes, 2 Horns, 2 Clarinos, Timpani, Clavier/Organ, 2 Violins, Viola, Cello, Basso",
176,KV 176,,12 Menuets (1st version) or 16 Menuets (2nd version),Dances,,"2 Oboes, 2 Clarinos, 2 Violins, Cello, Bassoon, Basso",or for Clavier
178,KV 178,417e; 125i,"""Ah spiegarti, oh dio, vorrei""",Aria,A major,"S, Clavier",fragment
179,KV 179,189a,12 Variations on a Minuet von Johann Christian Fischer,Keyboard Variations,C major,Clavier,
180,KV 180,173c,"6 variations in G on ""Mio caro Adone""",Keyboard Variations,G major,Clavier,
181,KV 181,162b,,Symphony,D major,"2 Oboes, 2 Horns, 2 Violins, Viola, Cello, Basso",
182,KV 182,173dA;166c,,Symphony,B-flat major,"2 Oboes, 2 Bassoons, 2 Horns, 2 Horns, 2 Violins, Viola, Cello, Basso",
183,KV 183,173dB,,Symphony,G minor,"2 Oboes, 2 Bassoons, 2 Horns, 2 Horns, 2 Violins, Viola, Cello, Basso",
184,KV 184,161a;166a,,Symphony,E-flat major,"2 Flutes, 2 Oboes, 2 Bassoons, 2 Horns, 2 Trumpets, 2 Violins, Viola, Cello, Basso",
185,KV 185,,,Concerto,F major,"Violin, Orchestra","after the Serenade in D KV 185, lost"
185,KV 185,,,Symphony,D major,,"after the Serenade in D KV 185, lost"
185,KV 185,Anh. 231; 167a,"""Finalmusik""",Serenade,D major,"2 Oboes, 2 Horns, 2 Trumpets, 2 Violins, 2 Violas, Cello, Basso",
186,KV 186,159b,,Divertimento,B-flat major,"2 Oboes, 2 Clarinetts, corIng1, corIng2, 2 Horns, 2 Bassoons",for wind ensemble à 10
188,KV 188,240b,6 pieces,,C major,"2 Flutes, 5 Clarinos, Timpani",
189,KV 189,167b,,March,D major,"2 Flutes, 2 Horns, 2 Trumpets, 2 Violins, Cello, Basso",
190,KV 190,186E;166b,Concertone,Concertone,C major,"2 Oboes, 2 Horns, 2 Trumpets, 2 Solo Violins, 2 Violins, 2 Violas, Cello, Basso",
191,KV 191,186e,,Concerto,B-flat major,"2 Oboes, 2 Horns, Solo Bassoon, 2 Violins, 2 Violas, Cello, Basso",
192,KV 192,186f,"""Missa brevis""",Mass,F major,"2 C Clarinos, Alto Trombone, Tenor Trombone, Bass Trombone, 2 Violins, Soprano, Alto, Tenor, Bass, SATB, Basso, Organ",
193,KV 193,186g,Dixit and Magnificat,Magnificat,C major,"2 C Clarinos, C-G Timpani, Alto Trombone, Tenor Trombone, Bass Trombone, 2 Violins, Soprano, Alto, Tenor, Basso, SATB, Cello, Bassoon, Basso, Organ",
194,KV 194,186h,"""Missa brevis""",Mass,D major,"Alto Trombone, Tenor Trombone, Bass Trombone, 2 Violins, S, A, T, B, SATB, Basso, Organ",
195,KV 195,186d,Litaniae Lauretanae Beatae Mariae Virginis,Litany,D major,"2 Oboes, 2 Horns, Alto Trombone, Tenor Trombone, Bass Trombone, 2 Violins, Viola, SATB, Basso, Organ",Litany of Loreto
196,KV 196,,La finta giardiniera/Die verstellte Gärtnerin [The Disguised Gardiner],Opera,D major,"2 Flutes, 2 Oboes, 2 Bassoons, 4 Horns, 2 Trumpets, Timpani, 2 Violins, 2 Violas, Cello, Basso","1st version: Opera buffa (""Dramma giocoso"") in 3 acts
2nd version: Singspiel in 3 acts"
196,KV 196,207a;121,,Symphony,D major,"2 Oboes, 2 Horns, 2 Violins, Viola, Cello, Basso",after the overture to La finta giardiniera KV 196
196,KV 196a,Anh. 16; 1787a,,Kyrie,G major,,fragment
196,KV 196e,Anh. C 17.01;Anh. 226,,Divertimento,E-flat major,Wind Instruments,"for wind ensemble à 8 or à 6, Work of doubtful authenticity"
196,KV 196f,Anh. C 17.02;Anh. 227,,Divertimento,B-flat major,Wind Instruments,"for wind ensemble à 6 or à 8, Work of doubtful authenticity"
196,KV 196g,384c; Anh. 96; 1782ß/01; 1781d,Instrumental movement,,B-flat major,Wind Instruments,"for wind ensemble à 8, fragment"
197,KV 197,Anh. C 3.05; Anh. 186e,Tantum ergo in D,Hymn,D major,"2 Clarinos, Timpani, 2 Violins, Viola, SATB,  Cello, Basso, Organ",Work of doubtful authenticity
198,KV 198,Anh. C 3.08; 158b,"""Sub tuum praesidium""",Offertory,F major,"2 Violins, Viola, S1, S2, Cello, Basso, Organ",Work of doubtful authenticity
199,KV 199,161b;162a,,Symphony,G major,"2 Flutes, 2 Horns, 2 Violins, Viola, Cello, Basso",
200,KV 200,189k;173e,,Symphony,C major,"2 Oboes, 2 Horns, 2 Trumpets, 2 Violins, Viola, Cello, Basso",
201,KV 201,186a,,Symphony,A major,"2 Oboes, 2 Horns, 2 Violins, Viola, Cello, Basso",
202,KV 202,186b,,Symphony,D major,"2 Oboes, 2 Horns, 2 Trumpets, 2 Violins, Viola, Cello, Basso",
203,KV 203,189b,,Symphony,D major,"2 Oboes, 2 Horns, 2 Clarinos, 2 Violins, 2 Violas, Cello, Basso",after the Serenade in D KV 203
204,KV 204,213a,"""Finalmusik""",Serenade,D major,"2 Flutes, 2 Oboes, 2 Horns, 2 Clarinos, 2 Violins, 2 Violas, Cello, Basso",
205,KV 205,167A;173a,,Divertimento,D major,"2 Horns, 2 Violins, Viola, Basso",
206,KV 206a,KV¹ deest,,Concerto,F major,"Cello, Orchestra","Work of doubtful authenticity, lost"
207,KV 207,,,Concerto,B-flat major,"2 Oboes, 2 Horns, Solo Violin, 2 Violins, Viola, Cello, Basso",
208,KV 208,213c;102,,Symphony,C major,"Solo Oboe, Flute, 2 Horns, 2 Violins, Viola, Cello, Basso","after the overture to Il re pastore KV 208, fragment"
208,KV 208,,Il re pastore,Serenata,C major,"2 Flutes, 2 Oboes, 2 Horns, 2 Clarinos, 2 Violins, 2 Violas, Cello, Basso",Serenata in 2 parts
209,KV 209,,"""Si mostra la sorte""",Aria,D major,"2 Flutes, 2 Horns, 2 Violins, Viola, T, Cello, Basso",
209,KV 209a,KV¹ deest,"""Un dente guasto e gelato""",Aria,D major,"Bass, Horn, Violin, Basso",fragment
210,KV 210,,"""Con ossequio, con rispetto""",Aria,C major,"2 Oboes, 2 Horns, 2 Violins, 2 Violas, T, Cello, Basso",
211,KV 211,,,Concerto,D major,"2 Oboes, 2 Horns, Solo Violin, 2 Violins, 2 Violas, Cello, Basso",
212,KV 212,,Church sonata,Sonata,B-flat major,"2 Violins, Organ, Basso",
213,KV 213,,,Divertimento,F major,"2 Oboes, 2 Horns, 2 Bassoons",
214,KV 214,,,March,C major,"2 Oboes, 2 Horns, 2 Clarinos, 2 Violins, 2 Violas, b",
215,KV 215,213b,,March,D major,"2 Oboes, 2 Horns, 2 Clarinos, 2 Violins, 2 Violas, Cello, Basso",
216,KV 216,,,Concerto,G major,"2 Oboes, 2 Horns, Solo Violin, 2 Violins, 2 Violas, Cello, Basso",
217,KV 217,,"""Voi avete un cor fedele""",Aria,G major,"2 Oboes, 2 Horns, 2 Violins, 2 Violas, S, Cello, Basso",
218,KV 218,,,Concerto,D major,"2 Oboes, 2 Horns, 2 Violins, 2 Violas, Cello, Basso",
219,KV 219,,,Concerto,A major,"2 Oboes, 2 Horns, Solo Violin, 2 Violins, 2 Violas, Cello, Basso",
220,KV 220,196b,,Mass,C major,"2 C Clarinetts, C-G Timpani, Alto Trombone, Tenor Trombone, Bass Trombone, 2 Violins, Soprano, Alto, Tenor, Basso, SATB, Basso, Organ",
222,KV 222,205a,"""Misericordias Domini""",Offertory,D minor,"2 Violins, Viola, SATB, Cello, Basso, Bassoon, Organ",pro omni tempore
224,KV 224,241a,Church sonata,Sonata,F major,"2 Violins, Organ, Basso",
225,KV 225,241b,Church sonata,Sonata,A major,"2 Violins, Organ, Basso",
228,KV 228,Anh. 190; 515b,,Canon,F major,"V1, V2, V3, V4",
231,KV 231,382c,"""Leck mich im Arsch""",Canon,B-flat major,"V1, V2, V3, V4, V5, V6",Work of doubtful authenticity
232,KV 232,509a,"""Lieber Freistädtler, lieber Gaulimauli""",Canon,G major,"V1, V2, V3, V4",
237,KV 237,189c,,March,D major,"2 Oboes, 2 Bassoons, 2 Horns, 2 Clarinos, 2 Violins, Cello, Basso",
238,KV 238,,,Concerto,B-flat major,"2 Oboes, 2 Horns, Clavier, 2 Violins, Viola, Cello, Basso",
239,KV 239,,,Serenade,D major,"2 Solo Violins, Viola, Basso, Timpani, 2 Violins, Viola, Cello",
240,KV 240,,,Divertimento,B-flat major,"2 Oboes, 2 Horns, 2 Bassoons",
241,KV 241,,Church sonata,Sonata,G major,"2 Violins, Organ, Basso",
242,KV 242,,,Concerto,F major,"2 Oboes, 2 Horns, 3 Solo Claviers, 2 Violins, Viola, Cello, Basso",
243,KV 243,,"Litaniae de venerabili altaris sacramento ""Sakramentslitanei""",Litany,E-flat major,"2 Oboes, 2 Horns, Alto Trombone, Tenor Trombone, Bass Trombone, 2 Violins, 2 Violas, SATB, Basso, Organ",
244,KV 244,,Church sonata,Sonata,F major,"2 Violins, Organ, Basso",
245,KV 245,,Church sonata,Sonata,D major,"2 Violins, Organ, Basso",
246,KV 246,,,Concerto,C major,"2 Oboes, 2 Horns, Clavier, 2 Violins, Viola, Cello, Basso",
246,KV 246b,320B; deest; 1772f,Instrumental piece,,D major,"2 Horns, 2 Violins, Viola, Basso",fragment
247,KV 247,,,Divertimento,F major,"2 Horns, 2 Violins, Viola, Basso",
248,KV 248,,,March,F major,"2 Horns, 2 Violins, Viola, Basso",
249,KV 249,,,March,D major,"2 Oboes, 2 Bassoons, 2 Horns, 2 Clarinos, 2 Violins, 2 Violas, Cello, Basso",
250,KV 250,248b;bei 250,,Symphony,D major,"2 Oboes, 2 Bassoons, 2 Horns, 2 Clarinos, 2 Violins, 2 Violas, Cello, Basso",after the Serenade in D KV 250
250,KV 250,248b,"""Hafner-Musik""",Serenade,D major,"2 Oboes, 2 Bassoons, 2 Horns, 2 Clarinos, 2 Violins, 2 Violas, Cello, Basso",
251,KV 251,,,Divertimento,D major,"Oboe, 2 Horns, 2 Violins, Viola, Basso",
252,KV 252,240a,,Divertimento,E-flat major,"2 Oboes, 2 Horns, 2 Bassoons",
253,KV 253,,,Divertimento,F major,"2 Oboes, 2 Horns, 2 Bassoons",
254,KV 254,,,Divertimento,B-flat major,"Violin, Cello, Clavier",
255,KV 255,,"""Ombra felice!"" – ""Io ti lascio, e questo addio""",Scena,F major,"2 Oboes, 2 Horns, 2 Violins, Viola, Alto, Cello, Basso",
256,KV 256,,"""Clarice cara mia sposa dev’essere""",Duetto,D major,"2 Oboes, 2 Horns, 2 Violins, Viola, T, B, Cello, Basso",
257,KV 257,,"""Spaur-Messe""",Mass,C major,"2 Oboes, 2 C Clarinos, C-G Timpani, Alto Trombone, Tenor Trombone, Bass Trombone, 2 Violins, SATB, Basso, Organ",
258,KV 258,,,Mass,C major,"2 Oboes, 2 Clarinos, Timpani, Alto Trombone, Tenor Trombone, Bass Trombone, 2 Violins, SATB, Basso, Organ",
258,KV 258a,Anh. 13; 1787b,,Kyrie,C major,,fragment
259,KV 259,,"""Organ solo mass""",Mass,C major,"2 Oboes, 2 Clarinos, Timpani, Alto Trombone, Tenor Trombone, Bass Trombone, 2 Violins, SATB, Basso, Organ",
260,KV 260,248a,"""Venite, populi, venite""",Offertory,D major,"Alto Trombone, Tenor Trombone, Bass Trombone, 2 Violins, S1, A1, T1, B1, S2, A2, T2, B2, Cello, Basso, Bassoon, Organ",de venerabili sacramento
261,KV 261,,Adagio,Concerto,E major,"2 Flutes, 2 Horns, Solo Violin, 2 Violins, Viola, Cello, Basso",
262,KV 262,246a,,Mass,C major,"2 Oboes, 2 C Horns, 2 C Clarinos, C-G Timpani, Alto Trombone, Tenor Trombone, Bass Trombone, 2 Violins, SATB, Basso, Organ",
263,KV 263,,Church sonata,Sonata,C major,"2 Violins, Organ, Basso",
264,KV 264,315d,"9 Variations on ""Lison dormoit dans un boccage""",Keyboard Variations,C major,Clavier,
265,KV 265,300e,"12 Variationson ""Ah, vous dirai-je, Maman""",Keyboard Variations,C major,Clavier,
266,KV 266,271f,,Sonata,B-flat major,"2 Violins, Cello",
267,KV 267,271c,4 Contredances,Dances,,"2 Oboes, 2 Horns, 2 Violins, Cello, Bassoon, Basso",
269,KV 269,261a,Rondo,Concerto,B-flat major,"2 Oboes, 2 Horns, Solo Violin, 2 Violins, Viola, Cello, Basso",
270,KV 270,,,Divertimento,B-flat major,"2 Oboes, 2 Horns, 2 Bassoons",
271,KV 271,,,Concerto,E-flat major,"2 Oboes, 2 Horns, Clavier, 2 Violins, Viola, Cello, Basso",
271,KV 271a,271i;deest,,Concerto,D major,"2 Oboes, 2 Horns, Solo Violin, 2 Violins, Viola, Cello, Basso",Work of doubtful authenticity
272,KV 272,,"""Ah lo previdi!"" – ""Ah t’invola agl’occhi miei"" – ""Deh, non varcar quell’onda""",Scena,B-flat major,"2 Oboes, 2 Horns, 2 Violins, 2 Violas, S, Cello, Basso",
273,KV 273,,"""Sancta Maria, Mater Dei""",Mass,F major,"2 Violins, Viola, SATB, Cello, Basso, Organ",Gradual in F
274,KV 274,271d,Church sonata,Sonata,G major,"2 Violins, Organ, Basso",
275,KV 275,272b,,Mass,B-flat major,"Alto Trombone, Tenor Trombone, Bass Trombone, 2 Violins, SATB, Basso, Organ, fag",
276,KV 276,321b,Regina coeli,Antiphon,C major,"2 Oboes, 2 Clarinos, Timpani, 2 Violins, SATB, Cello, Basso, Organ",
277,KV 277,272a,"""Alma Dei creatoris""",Offertory,F major,"Alto Trombone, Tenor Trombone, Bass Trombone, 2 Violins, SATB, Cello, Basso, Bassoon, Organ",de Beata Maria Virgine
278,KV 278,271e,Church sonata,Sonata,C major,"2 Oboes, 2 Clarinos, Timpani, 2 Violins, Cello, Organ, Basso",
279,KV 279,189d,,Sonata,C major,Clavier,
280,KV 280,189e,,Sonata,F major,Clavier,
281,KV 281,189f,,Sonata,B-flat major,Clavier,
282,KV 282,189g,,Sonata,E-flat major,Clavier,
283,KV 283,189h,,Sonata,G major,Clavier,
284,KV 284,205b,,Sonata,D major,Clavier,
284,KV 284f,KV¹ deest,Rondo,Klavierstücke,,Clavier,lost
285,KV 285,,,Quartet,D major,"Flute, Violin, Viola, Cello",
285,KV 285a,,,Quartet,G major,"Flute, Violin, Viola, Cello",Work of doubtful authenticity
285,KV 285b,Anh. 171,,Quartet,C major,"Flute, Violin, Viola, Cello",
286,KV 286,269a,Notturno in D,Notturno,D major,"2 Horns, 2 Violins, Viola, Basso",for 4 ensembles
287,KV 287,271H;271b,,Divertimento,B-flat major,"2 Horns, 2 Violins, Viola, Basso",
288,KV 288,246c; 271h; 1776a,Allegro,Divertimento,F major,"2 Horns, 2 Violins, Viola, Basso",fragment
289,KV 289,271g,,Divertimento,E-flat major,"2 Oboes, 2 Horns, 2 Bassoons","for wind ensemble à 6, Work of doubtful authenticity"
290,KV 290,167AB; 173b,,March,D major,"2 Horns, 2 Violins, Viola, Basso",
291,"KV 291,01",Anh. A 52; Anh. 109 XI; zu 291,Adagio,Orchestral,G major,Orchestra,Work of doubtful authenticity
292,KV 292,196c,,Sonata,B-flat major,"presumably: Bassoon, Cello",Work of doubtful authenticity
293,KV 293,416g; 416f; 1778c,Concerto movement,Concerto,F major,"2 Clarinetts, 2 Bassoons, 2 Horns, Solo Oboe, 2 Violins, 2 Violas, Cello, Basso",fragment
294,KV 294,,"„Alcandro, lo confesso“ – „Non so d’onde viene“",Scena,E-flat major,"2 Flutes, 2 Clarinetts, 2 Bassoons, 2 Horns, 2 Violins, 2 Violas, S, Cello, Basso",
295,KV 295,,„Se al labbro mio non credi“,Aria,B-flat major,"2 Flutes, 2 Oboes, 2 Bassoons, 2 Horns, 2 Violins, 2 Violas, T, Cello, Basso",
296,KV 296,,,Sonata,C major,"Violin, Clavier",
296,"KV 296c,01",296c; deest; 1779α,Sanctus,,E-flat major,,fragment
296,"KV 296c,01-02",KV¹ deest,2 vocal movements,,E-flat major,Voices,fragment
296,"KV 296c,02",296c; deest; 1779α,Vokal movement,,E-flat major,Voice,fragment
297,KV 297,300a,,Symphony,D major,"2 Flutes, 2 Oboes, 2 Clarinetts, Bassoon, 2 Horns, 2 Trumpets, Timpani, 2 Violins, Viola, Cello, Basso",
297,KV 297a,Anh. 1,,Miserere,E-flat major,"Solo Voices, Choir, Orchestra",Pasticcio
297,KV 297b,297B; Anh. 9,Symphonie concertante,Concertante,,"Flute, Bassoon, Horn, Orchestra",lost
298,KV 298,,,Quartet,A major,"FluteViolin, Viola, Cello",
299,KV 299,297c,,Concerto,C major,"2 Oboes, 2 Horns, Solo Flute, arp-solo, 2 Violins, 2 Violas, Cello, Basso",
299,KV 299b,Anh. 10,Les petits riens (Pasticcio) Ballet Pantomime,Ballet,,,
299,KV 299c,1778ß (1)-(2),Ballet Pantomime,Ballet,,,fragment
300,KV 300,,Gavotte,,B-flat major,"2 Oboes, 2 Bassoons, 2 Horns, 2 Violins, 2 Violas, Cello, Basso",
300,KV 300g,,Prelude,Klavierstücke,C major,Clavier,lost
301,KV 301,293a;I/1,,Sonata,G major,"Violin, Clavier",
302,KV 302,293b;I/2,,Sonata,E-flat major,"Violin, Clavier",
303,KV 303,293c,,Sonata,C major,"Violin, Clavier",
304,KV 304,300c,,Sonata,E minor,"Violin, Clavier",
305,KV 305,293d,,Sonata,A major,"Violin, Clavier",
306,KV 306,300l,,Sonata,D major,"Violin, Clavier",
307,KV 307,284d,"""Oiseaux, si tous les ans""",Songs,C major,"Voice, Clavier",Arietta
308,KV 308,295b,"""Dans un bois solitaire et sombre""",Songs,A-flat major,"Voice, Clavier",
309,KV 309,284b,,Sonata,C major,Clavier,
310,KV 310,300d,,Sonata,A minor,Clavier,
311,KV 311,284c,,Sonata,D major,Clavier,
311,KV 311A,Anh. 8,,Symphony,,Orchestra,lost or not identified
312,KV 312,590d; 189i; 1790e,Allegro,Sonata,G minor,Clavier,fragment
313,KV 313,285c,,Concerto,G major,"2 Oboes, 2 Horns, Solo Flute, 2 Violins, Viola, Cello, Basso",
314,KV 314,285d,,Concerto,D major,"2 Oboes, 2 Horns, Solo Flute, 2 Violins, Viola, Cello, Basso","Arrangement, presumably by Mozart, after the Concerto in C, KV 314"
314,KV 314,deest;271k;285d,,Concerto,D major,"2 Oboes, 2 Horns, Solo Oboe, 2 Violins, Viola, Cello, Basso",
315,KV 315,285e,Andante,Concerto,C major,"2 Oboes, 2 Horns, Solo Flute, 2 Violins, 2 Violas, Cello, Basso",
315,KV 315a,,8 Minuets,Dances,,Dances ensemble or Clavier,presumably fragment
315,KV 315b,Anh. 3,Scena,Scena,,"Soprano, Instruments obligato, Orchestra",lost
315,KV 315e,Anh. 11,"Semiramis 
Duodrama",,,,lost
315,KV 315f,Anh. 56;1778b,,Concerto,D major,"2 Flutes, 2 Oboes, 2 Horns, 2 Trumpets, Timpani, Solo Violin, Solo Harpsichord, 2 Violins, 2 Violas, Cello, Basso",fragment
315,"KV 315g,08",315a/08b,Piano piece,Klavierstücke,C major,Clavier,Work of doubtful authenticity
316,KV 316,300b,"""Popoli di Tessaglia! Ah mai più giusto"" – ""Io non chiedo, eterni dèi""",Scena,C major,"Oboe, Bassoon, 2 Horns, 2 Violins, Viola, S, Cello, Basso",
317,KV 317,,,Mass,C major,"Alto Trombone, Tenor Trombone, Bass Trombone, 2 Violins, SATB, Basso, Organ, fag",
318,KV 318,,,Symphony,G major,"2 Flutes, 2 Oboes, 2 Bassoons, 4 Horns, 2 Clarinos, Timpani, 2 Violins, 2 Violas, Cello, Basso",
319,KV 319,,,Symphony,B-flat major,"2 Oboes, 2 Bassoons, 2 Horns, 2 Violins, 2 Violas, Cello, Basso",
320,KV 320,KV¹ deest,,Symphony,D major,"2 Oboes, 2 Bassoons, 2 Horns, 2 Trumpets, Timpani, 2 Violins, 2 Violas, Cello, Basso",after the Serenade in D KV 320
320,KV 320,,Concertante,Concerto,G major,"2 Oboes,2 Flutes, 2 Bassoons, 2 Horns, 2 Violins, 2 Violas, Cello, Basso",after the Serenade in D KV 320
320,KV 320,,"""Finalmusik""",Serenade,D major,"2 Oboes, 2 Bassoons, 2 Horns, 2 Trumpets, Timpani",
320,KV 320e,Anh. 104;1779b,Sinfonia concertante,Concertante,A major,"Violin, Viola, Cello, Orchestra",fragment
320,KV 320f,299d; Anh. 103; 1778a,"Instrumental movement ""La chasse""",,A major,Orchestra,fragment
321,KV 321,,Vesperae solennes de Confessore,Vespers,C major,"2 Clarinos, Timpani, Alto Trombone, Tenor Trombone, Bass Trombone, 2 Violins, SATB, Cello, Basso, Bassoon, Organ",
321,KV 321a,1779c,,Magnificat,C major,,fragment
322,KV 322,296b; Anh. 12; 296a; 1779a,,Kyrie,E-flat major,"2 Oboes, 2 Bassoons, 2 Horns, 2 Trumpets, Timpani, 2 Violins, 2 Violas, SATB, Basso, Organ",fragment
323,KV 323,Anh. 15; 1790a,,Kyrie,C major,"2 Oboes, 2 Bassoons, 2 Clarinos, Timpani, 2 Violins, Viola, S, A, T, B, Basso, Organ",fragment
323,KV 323a,Anh. 20; 1787c,,Gloria,C major,,fragment
328,KV 328,317c,Church sonata,Sonata,C major,"2 Violins, Organ, Basso",
329,KV 329,317a,Church sonata,Sonata,C major,"2 Oboes, 2 Horns, 2 Clarinos, Timpani, 2 Violins, Cello, Organ, Basso",
330,KV 330,300h,,Sonata,C major,Clavier,
331,KV 331,Anh. 142;300i;1782g,,Sonata,A major,Clavier,
332,KV 332,300k,,Sonata,F major,Clavier,
333,KV 333,315c,,Sonata,B-flat major,Clavier,
334,KV 334,320b,,Divertimento,D major,"2 Horns, 2 Violins, Viola, Basso",
335,"KV 335,01",320a/01,,March,D major,Orchestra,
335,"KV 335,02",320a/02,,March,D major,Orchestra,
336,KV 336,336d,Church sonata,Sonata,C major,"2 Violins, Organ, Basso",
337,KV 337,,,Mass,C major,"2 Oboes, 2 Bassoons, 2 Clarinos, Timpani, Alto Trombone, Tenor Trombone, Bass Trombone, 2 Violins, SATB, Basso, Organ",
338,KV 338,,,Symphony,C major,"2 Oboes, 2 Bassoons, 2 Horns, 2 Trumpets, Timpani, 2 Violins, 2 Violas, Cello, Basso",
339,KV 339,,Vesperae solennes de Confessore,Vespers,C major,"2 C Clarinos, C-G Timpani, Alto Trombone, Tenor Trombone, Bass Trombone, 2 Violins, Soprano, Alto, Tenor, Basso, SATB, Cello, Bassoon, Basso, Organ",
341,KV 341,368a,Kyrie in D minor,Kyrie,D minor,"2 Flutes, 2 Oboes, 2 Clarinetts, 2 Bassoons, 4 Horns, Timpani, 2 Violins, 2 Violas, SATB, Basso, Organ",presumably fragment
343,KV 343,336c,2 German church Songss,Songs,,"Voice, Organ",
343,"KV 343,01",336c/01,"""O Gotteslamm, dein Leben""",Songs,F major,"Voice, Basso",
343,"KV 343,02",336c/02,"""Als aus Ägypten Israel, vom Volke der Barbaren""",Songs,C major,"Voice, Basso",
344,KV 344,336b; 1779d,Zaide,Singspiel,,"2 Flutes, 2 Oboes, 2 Bassoons, 2 Horns, 2 Trumpets, Timpani, 2 Violins, 2 Violas, Cello, Basso","Singspiel (""Operette"") in 2 acts, fragment"
345,KV 345,Anh. 101; 173d; 336a,"Thamos, König in Ägypten, Chöre, Zwischenaktmusiken (DREI FASSUNGEN)",Incidental Music,,"2 Flutes, 2 Oboes, 2 Bassoons, 2 Horns, 2 Clarinos, C-G Timpani, Alto Trombone, Tenor Trombone, Bass Trombone, 2 Violins, 2 Violas, SATB, Cello, Basso",
345,"KV 345,01",Anh. B zu 336a/01; deest,"""Splendente te, Deus""/""Preis dir, Gottheit""",,,"Choir, Orchestra",
345,"KV 345,01,06,07b",,"3 Movements after Thamos, König in Ägypten KV 345",,,"Choir, Orchestra",Versions of unknown authorization
345,"KV 345,06",Anh. B zu 336a/06; Anh. 121,"""Jesu, Rex tremendae Majestatis""",,,"Choir, Orchestra",
345,"KV 345,07b",Anh. B zu 336a/07; Anh. 122,"""Ne pulvis et cinis superbe te geras""/ ""Ob fürchterlich tobend sich Stürme erheben""",,,"2 Flutes, 2 Oboes, 2 Bassoons, 2 Horns, 2 Clarinos, Timpani, Alto Trombone, Tenor Trombone, Bass Trombone, 2 Violins, 2 Violas, Bass, SATB, Cello, Basso",
349,KV 349,367a,"Die Zufriedenheit (""Was frag ich viel after Geld,  Gut"")",Songs,G major,"Voice, Mandolin",
351,KV 351,367b,"""Komm, liebe Zither, komm""",Songs,C major,"Voice, Mandolin",
352,KV 352,374c,"5 or 8 Variations on ""Dieu d’amour""",Keyboard Variations,F major,Clavier,
353,KV 353,300f,"12 Variations on ""Adieu donc, Dame Françoise""",Keyboard Variations,E-flat major,Clavier,
354,KV 354,299a,"12 Variations in E flat on ""Je suis Lindor""",Keyboard Variations,E-flat major,Clavier,
355,KV 355,,Menuet,Klavierstücke,D major,Clavier,"Work of doubtful authenticity, presumably fragment"
356,KV 356,617a,Adagio,Klavierstücke,C major,Glass Harmonica,
357,"KV 357,01",497a; 1787i,Allegro,,G major,Piano Four Hands,fragment
357,"KV 357,02",500a; 497a; 1791a,Piece in G,,G major,Piano Four Hands,fragment
358,KV 358,186c,,Divertimento,B-flat major,Piano Four Hands,(Sonata)
359,KV 359,374a,"12 Variations on ""La bergère Célimène""",Keyboard Variations,G major,"Violin, Clavier",
360,KV 360,374b,"6 Variations on ""Au bord d’une fontaine""",Keyboard Variations,G minor,"Violin, Clavier",
361,KV 361,370a,,Partita,B-flat major,"2 Oboes, 2 Clairons, 2 Basset Horns, 2 F Horns, 2 Bb Horns, 2 Bassoons, Basso","for wind ensemble à 12,  Kontrabass"
363,KV 363,,3 Minuets,Dances,,"2 Oboes, 2 Bassoons, 2 Horns, 2 Clarinos, Timpani, 2 Violins, Cello, Basso",
364,KV 364,320d,Sinfonia concertante,Concertante,E-flat major,"2 Oboes, 2 Horns, Solo Violin, Solo Viola, 2 Violins, 2 Violas, Cello, Basso",
365,KV 365,316a,,Concerto,E-flat major,"2 Oboes, 2 Clarinetts ad libitum, 2 Bassoons, 2 Horns, 2 Trumpets ad libitum, Timpani ad libitum, 2 Solo Claviers, 2 Violins, 2 Violas, Cello, Basso",
365,KV 365a,Anh. 11a,"""Wie grausam ist, o Liebe, nicht dein Spiel"" – ""Die neugeborne Ros entzückt""",Aria,A major,"Soprano, Orchestra","Recitativo,  aria for soprano,  Orchestra, fragment"
366,KV 366,,"Idomeneo, re di Creta",Opera,D major,"2 Flutes, 2 Oboes, 2 Clarinetts, 2 Bassoons, 2 Horns, 2 Trumpets, Timpani, 2 Violins, 2 Violas, Cello, Basso","Opera seria (""Dramma per musica"") in 3 acts"
367,KV 367,,Ballet for Idomeneo KV 366,Ballet,,"2 Flutes, 2 Oboes, 2 Bassoons, 2 Horns, 2 Trumpets, Timpani, 2 Violins, 2 Violas, Cello, Basso",for Idomeneo KV 366
368,KV 368,,"""Ma che vi fece, o stelle"" – ""Sperai vicino il lido""",Scena,F major,"2 Violins, Viola, S, Cello, Basso",
369,KV 369,,"""Misera, dove son! L’aure del Tebro"" – ""Ah non son io che parlo""",Scena,E-flat major,"2 Flutes, 2 Horns, 2 Violins, 2 Violas, S, Cello, Basso",
370,KV 370,368b,,Quartet,F major,"Oboe, Violin, Viola, Cello",
370,KV 370b,Anh. 98b; zu 371; Anh. 97; 1781a,Concerto movement,Concerto,E-flat major,"2 Oboes, 2 Horns, Solo Horn, 2 Violins, 2 Violas, Cello, Basso",fragment
371,KV 371,1781b,Rondo,Dances,E-flat major,"2 Oboes, 2 Horns, Solo Horn, 2 Violins, 2 Violas, Cello, Basso",fragment
372,KV 372,Anh. 49; 1781c,Sonata movement,Sonata,B-flat major,"Violin, Clavier",fragment
373,KV 373,,Rondo,Concerto,C major,"2 Oboes, 2 Horns, Solo Violin, 2 Violins, 2 Violas, Cello, Basso",
374,KV 374,,"""A questo seno"" – ""Or che il cielo a me ti rende""",Scena,E-flat major,"2 Violins, Viola, S, Cello, Basso",
374,KV 374g,Anh. 46; 1782a,Andantino,,B-flat major,"Clavier, Cello",fragment
375,KV 375,,,Partita,E-flat major,"[2 Oboes], 2 Clarinetts, 2 Horns, 2 Bassoons",for wind ensemble à 6 or à 8
375,KV 375b,Anh. 42; 1782b,Sonata movement,Sonata,B-flat major,2 Claviers,fragment
375,KV 375c,Anh. 43; 1782c,Sonata movement,Sonata,B-flat major,2 Claviers,fragment
375,KV 375d,Anh. 45; 1785a,Fugue,,G major,2 Claviers,fragment
376,KV 376,374d,,Sonata,F major,"Violin, Clavier",
377,KV 377,374e,,Sonata,F major,"Violin, Clavier",
378,KV 378,317d,,Sonata,B-flat major,"Violin, Clavier",
379,KV 379,373a,,Sonata,G major,"Violin, Clavier",
380,KV 380,374f,,Sonata,E-flat major,"Violin, Clavier",
381,KV 381,123a,,Divertimento,D major,Piano Four Hands,(Sonata)
382,KV 382,175/03 (2); Anh. 209,Concerto movement (Rondo),Concerto,D major,"Flute, 2 Oboes, 2 Horns, 2 Clarinos, Timpani, Clavier, 2 Violins, Viola, Cello, Basso",
383,KV 383,,"""Nehmt meinen Dank, ihr holden Gönner!""",Aria,G major,"Flute, Oboe, Bassoon, 2 Violins, Viola, S, Cello, Basso",
383,KV 383C,Anh. 32; 1789γ/01; 1790b,Fantasia,Klavierstücke,F minor,Clavier,fragment
383,KV 383d,383c; Anh. 38; 1783a,Piano piece,Klavierstücke,C major,Clavier,
383,KV 383g,Anh. 100; 1782t,Symphonic movement,,E-flat major,,"lost, fragment"
384,KV 384,,Die Entführung aus dem Serail,Singspiel,,"Piccolo, 2 Oboes, 2 Clarinetts, 2 Bassoons, 2 Horns, 2 Clarinos, C-G Timpani, Triangle, Cymbals, Bass Drum, 2 Violins, 2 Violas, Cello, Basso",Singspiel in 3 acts
384,KV 384b,KV¹ deest,,March,B-flat major,Wind Instruments,"for wind ensemble à 8, fragment"
384,KV 384B,KV¹ deest,Instrumental movement,,E-flat major,Wind Instruments,"for wind ensemble à 8, fragment"
385,KV 385,,„Hafner-Sinfonie“,Symphony,D major,"[2 Flutes], 2 Oboes, [2 Clarinetts], 2 Bassoons, 2 Horns, 2 Clarinos, Timpani, 2 Violins, Viola, Cello, Basso",
385,"KV 385h,01",385h; Anh. 34 Nr.1; 1786a [I],Adagio,Klavierstücke,D minor,Clavier,fragment
385,"KV 385h,01-02",,2 Instrumental movements,,,,
385,"KV 385h,02",576a; Anh. 34 Nr.2; 1786a [II],Menueto movement,Dances,D major,Clavier/Strings,fragment
386,KV 386,,Rondo,Concerto,A major,"2 Oboes, 2 Horns, Clavier, 2 Violins, Viola, Cello, Basso",fragment
386,KV 386d,Anh. 25; 1782ε,Sineds Bardengesang auf Gibraltar,Songs,D major,"S, Male Choir, Clavier/Orchestra",fragment
387,KV 387,X/1,,Quartet,G major,"2 Violins, Viola, Cello",
387,KV 387c,452b; Anh. 55; 1784e,Instrumental piece,,D major,"Piano, 2 Horns, 2 Violins, Basso",fragment
388,KV 388,384a,,Partita,C minor,"2 Oboes, 2 Bb Clarinetts, 2 Eb Horns, 2 Bassoons",for wind ensemble à 8
389,KV 389,384A,"""Welch ängstliches Beben"" – ""Alles ruhig, alles stille""",Aria,E-flat major,"Flute, Oboe, Bassoon, 2 Horns, 2 Violins, 2 Violas, Belmonte, Pedrillo, Cello, Basso","to Die Entführung aus dem Serail KV 384, fragment"
390,KV 390,340c,"""Ich würd auf meinem Pfad mit Tränen""",Songs,F major,"Voice, Clavier",
391,KV 391,340b,"""Sei du mein Trost, verschwiegne Traurigkeit""",Songs,E-flat major,"Voice, Clavier",
392,KV 392,340a,"""Verdankt sei es dem Glanz der Großen""",Songs,F major,"Voice, Clavier",
394,KV 394,383a,Prelude and Fugue,Klavierstücke,C major,Clavier,
395,KV 395,300g,"4 ""Praeambula""",Klavierstücke,C major,Clavier,
396,KV 396,385f; 1782l,Instrumental movement,,C minor,"Violin, Clavier",fragment
397,KV 397,385g; 1782e,Fantasia,Klavierstücke,D minor,Clavier,
398,KV 398,416e,"6 variations on ""Salve tu, Domine""",Keyboard Variations,F major,Clavier,
399,KV 399,385i,Suite,Klavierstücke,C major / C minor,Clavier,fragment
400,KV 400,372a; 1782d,Allegro,Sonata,B-flat major,Clavier,fragment
401,KV 401,375e; 1772g,Fugue,Klavierstücke,G minor,Clavier: presumably for Organ,fragment
402,KV 402,385e; 1781e,Andante - Fugue,,A major / A minor,"Violin, Clavier",fragment
403,KV 403,385c;1784a,,Sonata,C major,"Violin, Clavier",movement 3 is fragment
404,KV 404,385d,"Andante, Allegretto",,C major,"Violin, Clavier",fragment
404,"KV 404,01",385d/01,Andante,,C major,"Violin, Clavier",presumably fragment
404,"KV 404,02",385d/02; 1785b,Allegretto,,C major,"Clavier, Violin",fragment
406,KV 406,388 (2); 516b,,Quintet,C minor,"2 Violins, 2 Violas, Cello",
407,KV 407,386c,,Quintet,E-flat major,"2 Violins, 2 Violas, Cello",
408,"KV 408,01",383e,,March,C major,Clavier/Orchestra,
408,"KV 408,02",385a,,March,D major,Orchestra,
408,"KV 408,03",383F,,March,C major,Orchestra,
409,KV 409,383f,Menuet and Trio,Symphony,C major,"2 Flutes, 2 Oboes, 2 Bassoons, 2 Horns, 2 Clarinos, Timpani, 2 Violins, Viola, Cello, Basso",
410,KV 410,484d; 440d,Adagio,,F major,"2 F Basset Horns, Bassoon",
411,KV 411,484a; 440a,Adagio,Partita,B-flat major,"2 Clarinetts, 3 Basset Horns",
412,"KV 412, 01-02",386b; 514,2 Concerto movements in D,Concerto,D major,"2 Oboes, 2 Bassoons, Solo Horn, 2 Violins, 2 Violas, Cello, Basso",
412,"KV 412,01",386b/01; 412/01,Konzertsatz in D,Concerto,D major,"2 Oboes, 2 Bassoons, Solo Horn, 2 Violins, 2 Violas, Cello, Basso",fragment
412,"KV 412,02",386b; 1791d,Rondo,,D major,"2 Oboes, 2 Bassoons, Solo Horn, 2 Violins, 2 Violas, Cello, Basso",fragment
413,KV 413,387a,,Concerto,F major,"2 Oboes, 2 Horns, [2 Bassoons], Clavier, 2 Violins, Viola, Cello, Basso",
414,KV 414,385p;386a,,Concerto,A major,"2 Oboes, 2 Horns, Clavier, 2 Violins, Viola, Cello, Basso",
415,KV 415,387b,,Concerto,C major,"2 Oboes, 2 Bassoons, 2 Horns, 2 Trumpets, Timpani, Clavier, 2 Violins, Viola, Cello, Basso",
416,KV 416,,"""Mia speranza adorata!"" – ""Ah non sai qual pena sia""",Scena,B-flat major,"Oboe, 2 Violins, 2 Violas, S, Cello, Basso",
416,KV 416a,Anh. 28; deest,"Der Diener zweier Herren ,Singspiel",Singspiel,,,presumably not realized
417,KV 417,,,Concerto,E-flat major,"2 Oboes, 2 Horns, Solo Horn, 2 Violins, Viola, Cello, Basso",
417,KV 417d,Anh. 84; 1789b,Allegro,,E minor,"2 Violins, Viola, Cello",fragment
418,KV 418,,"""Vorrei spiegarvi, oh dio!""",Aria,A major,"2 Oboes, 2 Bassoons, 2 Horns, 2 Violins, 2 Violas, S, Cello, Basso",
419,KV 419,,"""No, che non sei capace""",Aria,C major,"2 Oboes, 2 Horns, Timpani, 2 Violins, 2 Violas, S, Cello, Basso",
420,KV 420,,"""Per pietà non ricercate""",Aria,E-flat major,"2 Clarinetts, 2 Bassoons, 2 Horns, 2 Violins, 2 Violas, T, Cello, Basso",
421,KV 421,417b; X/2,,Quartet,D minor,"2 Violins, Viola, Cello",
422,KV 422,1784c,L’oca del Cairo,Opera,,"2 Violins, Viola, Auretta, Chichibio, Cello, Basso","Opera buffa in 2 acts, fragment"
422,KV 422a,Anh. 14; 1787e,,Kyrie,D major,2 Claviers,fragment
423,KV 423,,Duo in G,,G major,"Violin, Viola",
423,"KV 423,03",,Rondo,Klavierstücke,G major,Clavier,Version of unknown authorization
424,KV 424,,Duo in B flat,,B-flat major,"Violin, Viola",
425,KV 425,,,Symphony,C major,"2 Oboes, 2 Bassoons, 2 Horns, 2 Clarinos, Timpani, 2 Violins, 2 Violas, Cello, Basso",
426,KV 426,,Fugue,,C minor,2 Claviers,
426,KV 426a,Anh. 44; 1785d,Allegro,,C minor,,fragment
427,KV 427,417a; 1782n,,Mass,C minor,"2 Oboes, 2 Bassoons, 2 Horns, 2 Clarinos, Timpani, Alto Trombone, Tenor Trombone, Bass Trombone, 2 Violins, 2 Violas, S, SATB, Basso, Organ",fragment
428,KV 428,421b; X/4,,Quartet,E-flat major,"2 Violins, Viola, Cello",
429,KV 429,468a; 420a,"""Dir, Seele des Weltalls""",Cantata,B-flat major,"Flute, 2 Oboes, Clarino, 2 Horns, 2 Violins, 2 Violas, T1, T2, B, Cello, Basso, Organ",fragment
430,KV 430,424a; 1784d,Lo sposo deluso o sia La rivalità di tre donne per un’ solo amante,Opera,,"2 Flutes, 2 Oboes, 2 Bassoons, 2 Horns, 2 Clarinos, Timpani, 2 Violins, 2 Violas, Cello, Basso","Opera buffa in 2 acts, fragment"
431,KV 431,425b,"""Misero! O sogno, o son desto?"" – ""Aura, che intorno spiri""",Scena,E-flat major,"2 Flutes, 2 Bassoons, 2 Horns, 2 Violins, 2 Violas, T, Cello, Basso",
432,KV 432,421a,"""Così dunque tradisci"" – ""Aspri rimorsi atroci""",Scena,F minor,"2 Violins, Viola, B, Cello, Basso",
433,KV 433,416c; 1783f,"""Männer suchen stets zu naschen""",Aria,F major,"2 Oboes, 2 Horns, 2 Violins, Viola, Basso, Cello, Basso",fragment
434,KV 434,480b; 424b; 1786e,"""Del gran regno delle Amazzoni""",Quintett,B-flat major,"2 Oboes, 2 Bassoons, 2 Clarinos, 2 Violins, Viola, T, B1, B2, Cello, Basso",fragment
435,KV 435,416b; 1783e,"""Müsst ich auch durch tausend Drachen""",Aria,D major,"Flute, Oboe, Clarino, 2 Bassoons, 2 Horns, 2 Clarinos, Timpani, 2 Violins, Viola, T, Cello, Basso",fragment
439,KV 439b,Anh. 229a; Anh. 229,25 or 30 pieces,,F major,3 F Horns,Works of doubtful authenticity
440,KV 440,383h; 1782f,"""In te spero, o sposo amato""",Aria,C major,"S, B","for soprano and Orchestra, fragment"
440,KV 440b,484b; Anh. 95; 1786f,Allegro assai,,B-flat major,"2 Clarinetts, 3 Basset Horns",fragment
440,KV 440c,484c; Anh. 93; 1787g,Adagio,,F major,"Clarinet, 3 Basset Horns",fragment
441,KV 441,,"Das Bandel ""Liebes Manndel, wo ist’s Bandel?"" (und Begleitung)",Terzetto,G major,"[2 Violins, Viola], S, T, B, Cello, Basso",
441,KV 441a,KV¹ deest,"""Ja! grüß dich Gott, mein liebes Schatzerl""",Songs,A major,B [+Orchestra],fragment
442,"KV 442,01",1785e,Trio movement,Trio,D minor,"Violin, Clavier, Cello",fragment
442,"KV 442,01-03","442; 1785e, 1786c  1787f",3 Trio movements,Trio,,"Violin, Clavier, Cello",
442,"KV 442,02",1786c,Tempo di Minueto in G,,G major,"Violin, Clavier, Cello",fragment
442,"KV 442,03",1787f,Allegro,,D major,"Violin, Clavier, Cello",fragment
445,KV 445,320c,,March,D major,"2 Horns, 2 Violins, Viola, Basso",
446,KV 446,KV³ 416d,Pantomime for carnival,Pantomime,,"2 Violins, Viola, Basso",fragment
447,KV 447,,,Concerto,E-flat major,"2 Clarinetts, 2 Bassoons, Solo Horn, 2 Violins, 2 Violas, Cello, Basso",
448,KV 448,375a,,Sonata,D major,2 Claviers,
449,KV 449,1,,Concerto,E-flat major,"2 Oboes, 2 Horns, Clavier, 2 Violins, Viola, Cello, Basso",
450,KV 450,2,,Concerto,B-flat major,"2 Oboes, 2 Bassoons, 2 Horns, Clavier, 2 Violins, 2 Violas, Cello, Basso",
451,KV 451,3,,Concerto,D major,"Flute, 2 Oboes, 2 Bassoons, 2 Horns, 2 Clarinos, Timpani, Clavier, 2 Violins, 2 Violas, Cello, Basso",
452,KV 452,4,,Quintet,E-flat major,"Oboe, Clarino, Horn, Bassoon, Clavier",
452,KV 452a,Anh. 54; 1783θ; 1783g,Quintet movement,Quintet,B-flat major,"Oboe, Clarino, Basset Horn, Bassoon, Clavier",
452,KV 452c,Anh. 65; 1784f,Concerto movement,Concerto,C major,"Flute, 2 Oboes, 2 Bassoons, 2 Horns, Clavier, 2 Violins, Viola, Cello, Basso",fragment
453,KV 453,5,,Concerto,G major,"Flute, 2 Oboes, 2 Bassoons, 2 Horns, Clavier, 2 Violins, 2 Violas, Cello, Basso",
453,KV 453a,KV¹ deest,Marche funebre,March,C minor,Clavier,
454,KV 454,6,,Sonata,B-flat major,"Violin, Clavier",
455,KV 455,7,"5 Variations or 10 Variations on ""Unser dummer Pöbel meint“",Keyboard Variations,G major,Clavier,fragment
456,KV 456,8,,Concerto,B-flat major,"Flute, 2 Oboes, 2 Bassoons, 2 Horns, Clavier, 2 Violins, 2 Violas, Cello, Basso",
457,KV 457,9,,Sonata,C minor,Clavier,
458,KV 458,X/3; 10,,Quartet,B-flat major,"2 Violins, Viola, Cello",
458,KV 458a,Anh. 75; 1790c,Menuet,,B-flat major,"2 Violins, Viola, Cello",fragment
458,KV 458b,Anh. 71; 1789c,Quartet movement in B flat,Quartet,B-flat major,"2 Violins, Viola, Cello",fragment
459,KV 459,11,,Concerto,F major,"Flute, 2 Oboes, 2 Bassoons, 2 Horns, Clavier, 2 Violins, 2 Violas, Cello, Basso",
460,KV 460,454a; 1784m,2 Variations on “Come un agnello”,Keyboard Variations,A major,Clavier,fragment
461,KV 461,448a,6 Menuets (no. 6 fragment),Dances,,"2 Oboes, 2 Bassoons, 2 Horns, 2 Violins, Cello, Basso",
462,KV 462,448b,6 ContreDances,Dances,,"2 Oboes, 2 Horns, 2 Violins, Cello, Basso",for 2 violins and bass or for Dances ensemble
463,"KV 463,01",448c/01,Menuet with inserted contredances,Dances,,"2 Oboes, Bassoon, 2 Horns, 2 Violins, Cello, Basso",
463,"KV 463,02",448c/02,Minuet in B flat with inserted Contredances,Dances,B-flat major,"2 Oboes, Bassoon, 2 Horns, 2 Violins, Cello, Basso",
464,KV 464,X/5; 12,,Quartet,A major,"2 Violins, Viola, Cello",
464,KV 464a,Anh. 72; 1784h,Quartet movement in A,Quartet,A major,"2 Violins, Viola, Cello",
465,KV 465,X/6; 13,,Quartet,C major,"2 Violins, Viola, Cello",
466,KV 466,14,,Concerto,D minor,"Flute, 2 Oboes, 2 Bassoons, 2 Horns, 2 Clarinos, Timpani, Clavier, 2 Violins, 2 Violas, Cello, Basso",
466,KV 466a,459a; Anh. 59; 1784g,Concerto movement,Concerto,C major,"Flute, 2 Oboes, 2 Bassoons, 2 Horns, Clavier, 2 Violins, Viola, Cello, Basso",fragment
467,KV 467,16,,Concerto,C major,"Flute, 2 Oboes, 2 Bassoons, 2 Horns, 2 Clarinos, Timpani, Clavier, 2 Violins, 2 Violas, Cello, Basso",
467,KV 467a,383i; deest; 1782d/01,Instrumental piece,,C major,prob. Orchestra,fragment
468,KV 468,18,Gesellenreise,Songs,B-flat major,"Voice, Clavier/Organ",
469,KV 469,17; 15,"Davide penitente ""Cantata a tre voci""",Cantata,C minor,"Flute, 2 Oboes, 2 Bassoons, 2 Horns, 2 Clarinos, C- G Timpani, Alto Trombone, Tenor Trombone, Bass Trombone, 2 Violins, 2 Violas, S1, S2, T, SSATB | SATB/SATB, Cello, Basso",
470,KV 470,19,Andante,,A major,"Solo Violin, 2 Oboes, 2 Horns, 2 Violins, Viola, Cello, Basso",lost
471,KV 471,20,Die Maurerfreude (The Masons' Joy),Cantata,E-flat major,"2 Oboes, Clarino, 2 Horns, 2 Violins, 2 Violas, T, TTB, Cello, Basso, KlA",
472,KV 472,21,Der Zauberer,Songs,G minor,"Voice, Clavier",
473,KV 473,22,"Die Zufriedenheit (""Wie sanft, wie ruhig fühl ich hier"")",Songs,B-flat major,"Voice, Clavier",
474,KV 474,23,Die betrogene Welt,Songs,G major,"Voice, Clavier",
475,KV 475,24,Fantasia,Sonata,C minor,Clavier,
475,KV 475a,Anh. 26; 1785f,"""Einsam bin ich, meine Liebe""",Songs,D minor,"Voice, Clavier","Work of doubtful authenticity, fragment"
476,KV 476,25,Das Veilchen,Songs,G major,"Voice, Clavier",
477,KV 477,479a; 26,Maurerische Trauermusik,,C minor,"2 Oboes, Clarino, 3 Basset Horns, Contrebassoon, 2 Horns, 2 Violins, 2 Violas, Cello, Basso",
477,KV 477a,bei Anh. 11a,"Per la ricuperata salute di Ofelia ""Quell’agneletto candido""",,F major,"prob. Voice, Orchestra",fragment
478,KV 478,27,,Quartet,G minor,"Violin, Viola, Cello, Clavier",
479,KV 479,28,"""Dite almeno in che mancai"" / ""Dite almeno in che maniera""",Quartett,E-flat major,"2 Oboes, 2 Bb Clarinetts, 2 Bassoons, 2 Eb Horns, 2 Violins, 2 Violas, S, T, B1, B2, Cello, Basso",
480,KV 480,29,“Mandolinina amabile”,Terzetto,A major,"2 Flutes, 2 Oboes, 2 Clarinetts, 2 Bassoons, 2 Horns, 2 Violins, 2 Violas, S, T, B, Cello, Basso",
480,KV 480a,385E; Anh. 48; 1784b,Allegro,,A major,"Violin, Clavier",fragment
481,KV 481,30,,Sonata,E-flat major,"Violin, Clavier",
482,KV 482,31,,Concerto,E-flat major,"Flute, 2 Clarinetts, 2 Bassoons, 2 Horns, 2 Clarinos, Timpani, Clavier, 2 Violins, 2 Violas, Cello, Basso",
483,KV 483,,"""Zur Eröffnung der Loge""",Songs,B-flat major,"T, Male Choir, Organ",
484,KV 484,,"""Zum Schluss der Loge""",Songs,G major,"T, TTB, Organ",
484,KV 484e,178X/b,Allegro,,F major / G major,,fragment
485,KV 485,,Allegro,Klavierstücke,D major,Clavier,
486,KV 486,32,Der Schauspieldirektor (The Impresario),Singspiel,,"2 Flutes, 2 Oboes, 2 Clarinetts, Timpani, 2 Violins, Viola, Cello, Basso","Singspiel (""Incidental piece"") in 1 act"
486,KV 486a,295a; deest,"""Basta, vincesti, eccoti il foglio“ – ""Ah non lasciarmi, no“",,E-flat major,"Soprano, Orchestra",
487,KV 487,496a,3 or 12 Duos,,E-flat major,probably: 2 Eb Horns,"Nos. 2, 4–5 and 7–12 works of doubtful authenticity"
488,KV 488,33,,Concerto,A major,"Flute, 2 Clarinetts, 2 Bassoons, 2 Horns, Clavier, 2 Violins, Viola, Cello, Basso",
488,KV 488a,Anh. 58; 1785g,Concerto movement,Concerto,D major,"Flute, 2 Clarinetts, 2 Bassoons, 2 Horns, Clavier, 2 Violins, Viola, Cello, Basso",fragment
488,KV 488b,Anh. 63; 1785h,Concerto movement,Concerto,A major,"Flute, 2 Clarinetts, 2 Bassoons, 2 Horns, Clavier, 2 Violins, Viola, Cello, Basso",fragment
488,KV 488c,Anh. 64; 1785i,Concerto movement,Concerto,A major,"Flute, 2 Clarinetts, 2 Bassoons, 2 Horns, Clavier, 2 Violins, Viola, Cello, Basso",fragment
488,KV 488d,KV¹ deest,Concerto movement,Concerto,A major,"Solo Clavier, 2 Violins, Viola, Cello, Basso",fragment
489,KV 489,366/20b; 34,"""Spiegarti non poss’io“",Duetto,A major,"2 Oboes, 2 Horns, 2 Violins, 2 Violas, Ilia, Idamante, Cello, Basso","to Idomeneo, re di Creta KV 366, ZWEITE FASSUNG"
490,KV 490,366/10b; 35,"""Non più. Tutto ascoltai“ – ""Non temer, amato bene“",Scena,B-flat major,"2 Violins, 2 Violas, Ilia, Idamante, Cello, Basso","to Idomeneo, re di Creta KV 366, ZWEITE FASSUNG"
491,KV 491,36,,Concerto,C minor,"Flute, 2 Oboes, 2 Clarinetts, 2 Bassoons, 2 Horns, Trumpet, Timpani, Clavier, 2 Violins, Viola, Cello, Basso",
492,KV 492,37,Le nozze di Figaro,Opera,D major,"[2 Flutes, 2 Oboes, 2 A Clarinetts, 2 Bassoons], 2 D Horns, 2 D Clarinos, C-A Timpani, 2 Violins, 2 Violas, Cello, Basso","Opera buffa (""Commedia per musica“) in 4 acts"
493,KV 493,38,,Quartet,E-flat major,"Violin, Viola, Cello, Clavier",
493,KV 493a,zu 493/03; Anh. 53; 1786c/01; 1786j,Quartet movement in E flat,Quartet,E-flat major,"Violin, Viola, Cello, Clavier",
494,KV 494,39,Rondo,Sonata,F major,Clavier,
494,KV 494a,Anh. 98a; 1785k,Concerto movement,Concerto,E major,"2 Oboes, 2 Horns, Solo Horn, 2 Violins, 2 Violas, Cello, Basso",fragment
495,KV 495,40,,Concerto,E-flat major,"2 Oboes, 2 Horns, Solo Horn, 2 Violins, Viola, Cello, Basso",
495,KV 495a,Anh. 52; 1787h,Trio movement,Trio,G major,"Violin, Clavier, Cello",
496,KV 496,41,,Trio,G major,"Violin, Cello, Clavier",
497,KV 497,42,,Sonata,F major,Piano Four Hands,
498,KV 498,43,,Trio,E-flat major,"clar/Violin, Viola, Clavier",
498,"KV 498a,01",498a/01; Anh. C 25.04; Anh. 136/01,Allegro,Klavierstücke,B-flat major,Clavier,probably fragment
498,"KV 498a,02",498a/03; Anh. C 25.05; Anh. 136/03,Minuet in B flat - Trio in E flat,Klavierstücke,B-flat major,Clavier,probably fragment
499,KV 499,44,,Quartet,D major,"2 Violins, Viola, Cello",
500,KV 500,45,12 Variations on an Allegretto,Keyboard Variations,B-flat major,Clavier,
501,KV 501,46,Andante with 5 variations,Keyboard Variations,G major,Piano Four Hands,
501,KV 501a,Anh. 51; 1784i,Trio movement,Trio,B-flat major,"Violin, Clavier, Cello",fragment
502,KV 502,47,,Trio,B-flat major,"Violin, Cello, Clavier",
502,KV 502a,Anh. 60; 1784j,Concerto movement,Concerto,C major,"Flute, 2 Oboes, 2 Bassoons, 2 Horns, 2 Clarinos, Timpani, Clavier, 2 Violins, Viola, Cello, Basso",fragment
503,KV 503,48,,Concerto,C major,"Flute, 2 Oboes, 2 Bassoons, 2 Horns, 2 Trumpets, Timpani, Clavier, 2 Violins, Viola, Cello, Basso",
504,KV 504,49,,Symphony,D major,"2 Flutes, 2 Oboes, 2 Bassoons, 2 Horns, 2 Clarinos, Timpani, 2 Violins, 2 Violas, Cello, Basso",
504,KV 504a,Anh. 105; 1786h,Sinfonic movement,Symphony,G major,Orchestra,fragment
505,KV 505,50,"""Ch’io mi scordi di te?"" – ""Non temer, amato bene""",Scena,E-flat major,"2 Violins, Viola, S, Cello, Basso",
506,KV 506,,Lied der Freiheit,Songs,F major,"Voice, Clavier",
509,KV 509,51,6 Deutsche Tänze,Dances,,"[Piccolo, 2 Flutes, 2 Oboes, 2 Clarinetts, 2 Bassoons, 2 Horns, 2 Clarinos, Timpani, 2 Violins, Cello, Basso]/[Clavier]",
511,KV 511,52,Rondo,Klavierstücke,A minor,Clavier,
512,KV 512,53,"""Alcandro, lo confesso"" – ""Non so donde viene""",Scena,F major,"Flute, 2 Oboes, 2 Bassoons, 2 Horns, 2 Violins, 2 Violas, B, Cello, Basso",
513,KV 513,54,"""Mentre ti lascio, oh figlia""",Aria,E-flat major,"Flute, 2 Clarinetts, 2 Bassoons, 2 Horns, 2 Violins, 2 Violas, B, Cello, Basso",
514,KV 514a,Anh. 80; 1787j,Quintet movement,Quintet,B-flat major,"2 Violins, 2 Violas, Cello",fragment
515,KV 515,55,,Quintet,C major,"2 Violins, 2 Violas, Cello",
515,KV 515a,Anh. 87; 1791b,Andante,,F major,"2 Violins, 2 Violas, Cello",fragment
515,KV 515c,626b/30; Anh. 84; Anh. 79; 1791c,Allegro moderato,,A minor,"2 Violins, 2 Violas, Cello",fragment
516,KV 516,56,,Quintet,G minor,"2 Violins, 2 Violas, Cello",
516,KV 516a,Anh. 86; 1787k,Quintet movement,Quintet,G minor,"2 Violins, 2 Violas, Cello",fragment
516,KV 516c,Anh. 91; 1789d,Quintet movement,Quintet,B-flat major,"Clarino, 2 Violins, Viola, Cello",fragment
516,KV 516d,1787c/08; 1787l,Rondo,Quintet,E-flat major,"Clarino, 2 Violins, Viola, Cello",fragment
517,KV 517,57; 1787w,Die Alte,Songs,E minor,"Voice, Clavier",fragment
518,KV 518,58; 1787x,Die Verschweigung,Songs,F major,"Voice, Clavier",fragment
519,KV 519,59,Die Trennung,Songs,F minor,"Voice, Clavier",
520,KV 520,626b/11; Anh. 109g/11; 60,Als Luise die Briefe ihres ungetreuen,Songs,C minor,"Voice, Clavier",Liebhabers verbrannte
521,KV 521,61,,Sonata,C major,Piano Four Hands,
522,KV 522,62,Ein musikalischer Spaß [A Musical Joke],Divertimento,F major,"2 Horns, 2 Violins, Viola, Basso",
522,KV 522a,Anh. 108; 1787δ/01; 1787m,Rondo,,F major,"2 Horns, 2 Violins, Viola, Basso",fragment
523,KV 523,63,Abendempfindung,Songs,F major,"Voice, Clavier",
524,KV 524,64,An Chloe,Songs,E-flat major,"Voice, Clavier",
525,KV 525,65,Eine kleine Nachtmusik [A Little Night Music],Divertimento,G major,"2 Violins, Viola, Cello, Basso",fragment
525,KV 525a,Anh. 69; 1787n,Larghetto in C,,C major,Strings,fragment
526,KV 526,66,,Sonata,A major,"Violin, Clavier",
526,KV 526a,Anh. 50; 1787b/01; 1787o,Instrumental movement,,A major,"Violin, Clavier",fragment
527,KV 527,67,Il dissoluto punito o sia Il Don Giovanni,Opera,D minor,"2 Flutes, 2 Oboes, 2 A Clarinetts, 2 Bassoons, 2 D Horns, 2 D Clarinos, D-A Timpani, Mandolin, 2 Violins, Viola, Cello, Basso","Opera buffa (""Dramma giocoso"") in 2 acts"
528,KV 528,68,"""Bella mia fiamma, addio. Non piacque al cielo“ – ""Resta, oh cara; acerba morte“",Scena,C major,"2 Violins, Viola, S, Cello, Basso",
529,KV 529,69,Des kleinen Friedrichs Geburtstag,Songs,F major,"Voice, Clavier",
530,KV 530,70,Das Traumbild,Songs,E-flat major,"Voice, Clavier",
531,KV 531,71,Die kleine Spinnerin,Songs,C major,"Voice, Clavier",
533,KV 533,72,,Sonata,F major,Clavier,
534,KV 534,"Anh. C 13.06,17; 73","Contredanse  ”Das Donnerwetter"" [The Tempest]",Dances,D major,"Flautino, 2 Oboes, 2 Horns, Snare Drum, 2 Violins, Cello, Basso",
535,KV 535,74,Contredances,Dances,C major,"Flautino, 2 Clarinetts, Bassoon, Trumpet, Snare Drum, 2 Violins, Cello, Basso",
535,"KV 535a,01",KV¹ deest,Contredances,Dances,C major,"2 Oboes, 2 Horns, 2 Violins, Basso",Work of doubtful authenticity
535,"KV 535a,01-03",KV¹ deest,Drei Kontretänze Werke zweifelhafter Echtheit,Dances,,"2 Oboes, 2 Horns, 2 Violins, Basso",
535,"KV 535a,02","Anh. C 13.06,10; deest; 535a,10",Contredances,Dances,A major,"2 Oboes, 2 Horns, 2 Violins, Basso",Work of doubtful authenticity
535,"KV 535a,03","Anh. C 13.06,06; 535a,06; deest",Kontretanz in C oder G,Dances,C major / G major,"2 Oboes, 2 Horns, 2 Violins, Basso",Work of doubtful authenticity
535,KV 535b,Anh. 107; 1789e,Contredances,Dances,B-flat major,"Flute, Oboe, Bassoon, Horn, 2 Violins, Cello, Basso",fragment
536,KV 536,75,6 German Dances,Dances,,"[[Flautino, 2 Flutes], 2 Oboes/2 Clarinetts, 2 Bassoons, 2 Horns/2 Clarinos, Timpani], 2 Violins, Cello, Basso",
537,KV 537,76,,Concerto,D major,"Flute, 2 Oboes, 2 Bassoons, 2 Horns, 2 Clarinos, Timpani, Solo Clavier, 2 Violins, Viola, Cello, Basso",fragment
537,KV 537a,Anh. 57; 1785l,Concerto movement,Concerto,D major,"Solo Clavier, 2 Violins, Viola, Cello, Basso",fragment
537,KV 537b,Anh. 61; 1786k,Concerto movement,Concerto,F major,"Flute, 2 Oboes, cordib1, cordib2, 2 Bassoons, 2 Horns, Clavier, 2 Violins, Viola, Cello, Basso",fragment
537,KV 537c,491a; Anh. 62; 1786g,Concerto movement,Concerto,E-flat major,"Flute, 2 Oboes, 2 Clarinetts, 2 Bassoons, 2 Horns, Clavier, 2 Violins, Viola, Cello, Basso",fragment
538,KV 538,77,"""Ah se in ciel, benigne stelle""",Aria,F major,"2 Oboes, 2 Bassoons, 2 Horns, 2 Violins, 2 Violas, S, Cello, Basso",
539,KV 539,78,"""Ich möchte wohl der Kaiser sein“",Aria,A major,"Piccolo, 2 Oboes, 2 Bassoons, 2 A Horns, Cymbals, Bass Drum, 2 Violins, 2 Violas, B, Cello, Basso",
540,KV 540,79,Adagio,Klavierstücke,B minor,Clavier,
540,KV 540a,527/10d; 527/11; 527/10a; 80,"""Dalla sua pace“",Aria,G major,"T, Orchestra","for Don Giovanni KV 527, SECOND VERSION"
540,KV 540b,81,„Per questa tua manina“/„Per queste tue manine“,Duetto,C major,"Soprano, Bass, Orchestra","zu Don Giovanni KV 527, ZWEITE FASSUNG"
540,KV 540c,82,"„In quali eccessi, oh numi“ – „Mi tradì quell’alma ingrata“
Scena zu Don Giovanni KV 527 (ZWEITE FASSUNG)",Scena,Es-dur,"Soprano, Orchestra",
541,KV 541,83,"""Un bacio di mano“",Aria,F major,"Flute, 2 Oboes, 2 Bassoons, 2 Horns, 2 Violins, 2 Violas, B, Cello, Basso",Ariette
542,KV 542,84,,Trio,E major,"Violin, Cello, Clavier",
543,KV 543,85,,Symphony,E-flat major,"Flute, 2 Bb Clarinetts, 2 Bassoons, 2 Eb Horns, 2 Eb Clarinos, Eb-Bb Timpani, 2 Violins, Viola, Cello, Basso",
544,KV 544,86,,March,D major,"FluteHorn, Violin, Viola, Cello",lost
545,KV 545,87,,Sonata,C major,Clavier,
546,KV 546,88,Adagio - Fuge,Fugue,C minor,"2 Violins, Viola, Cello, Basso",
546,KV 546a,Anh. 47; 1789f,Sonata movement,Sonata,G major,"Violin, Clavier",fragment
547,KV 547,89,,Sonata,F major,"Violin, Clavier",
547,KV 547a,Anh. 135,,Klavierstücke,F major,Clavier,"after the Sonata in F for Clavier and violin KV 547, movement 2 and the Sonata in C for Clavier KV 545, movement 3;
Version of unknown authorization, probably fragment"
548,KV 548,90,,Trio,C major,"Violin, Cello, Clavier",
549,KV 549,91,"""Più non si trovano""",Terzetto,B-flat major,"3 Basset Horns, S1, S2, B",
550,KV 550,92,,Symphony,G minor,"Flute, 2 Oboes, [2 Bb Clarinetts], 2 Bassoons, Bb Alto Horn, G Horn, 2 Violins, Viola, Cello, Basso",
551,KV 551,93,,Symphony,C major,"Flute, 2 Oboes, 2 Bassoons, 2 C Horns, 2 C Clarinos, C-G Timpani, 2 Violins, Viola, Cello, Basso",
552,KV 552,94,Beim Auszug in das Feld,Songs,A major,"Voice, Clavier",
553,KV 553,,"""Alleluja""",Canon,C major,"V1, V2, V3, V4",
554,KV 554,,"""Ave Maria""",Canon,F major,"V1, V2, V3, V4",
555,KV 555,,"""Lacrimoso son’io""",Canon,A minor,"V1, V2, V3, V4",
556,KV 556,,"""Grechtelt’s enk""/""Grechtelseng""",Canon,G major,"V1, V2, V3, V4",
557,KV 557,,"""Nascoso è il mio sol""",Canon,F minor,"V1, V2, V3, V4",
558,KV 558,,"""Gehn wir im Prater, gehn wir in d’Hetz""",Canon,B-flat major,"V1, V2, V3, V4",
559,KV 559,,"""Difficile lectu mihi Mars""",Canon,F major,"V1, V2, V3",
560,KV 560,,"""O du eselhafter …""",Canon,G major / F major,"V1, V2, V3, V4",
561,KV 561,,"""Bona nox! bist a rechta Ox""",Canon,A major / G major,"V1, V2, V3, V4",
562,KV 562,,"""Caro bell’idol mio""",Canon,A major,"V1, V2, V3",
562,KV 562c,Anh. 191,,Canon,C major,"2 Violins, Viola2, Cello, Basso",
562,KV 562e,Anh. 66; 1789g,Allegro,,G major,"Violin, Viola, Cello",fragment
563,KV 563,97,,Divertimento,E-flat major,"Violin, Viola, Cello",
564,KV 564,98,,Trio,G major,"Violin, Viola, Clavier",
565,"KV 565,01",,Contredances,Dances,B-flat major,,lost
565,"KV 565,02",,Contredances,Dances,D major,,lost
565,KV 565a,,Contredances,Dances,D major,Violin II,fragment
567,KV 567,100,6 German Dances,Dances,,"2 Clarinetts, 2 Bassoons, 2 Horns, 2 Violins, Cello, Basso",or for 2 violins and basso
568,KV 568,101,12 Minuets,Dances,,"2 Oboes, 2 Bassoons, 2 Clarinos, Timpani, 2 Violins, Cello, Basso",
569,KV 569,102,"""Ohne Zwang, aus eignem Triebe“",Aria,,"probably: T/B, Orchestra",verschollen
569,KV 569a,Anh. 31; 1787p,Sonata movement,Sonata,B-flat major,Clavier,fragment
570,KV 570,103,,Sonata,B-flat major,Clavier,
571,KV 571,104,6 German Dances,Dances,,"Flute, 2 Oboes, 2 Bassoons, 2 Clarinos, Timpani, 2 Violins, Cello, Basso",
571,KV 571A,Anh. 106; 1789k,Menuet,Dances,A major,"Piccolo, 2 Oboes, 2 Bassoons, 2 Horns, Tamburo, 2 Violins, [?Basso]","lost, fragment"
571,KV 571a,Anh. 5; 1789j,"""Caro mio Druck and Schluck""",Quartett,E-flat major,"Soprano, 2 Tenors, B, Clavier",probably fragment
572,KV 572a,Anh. 4,"""Lebet wohl, wir sehn uns wieder""/""Heult noch gar wie alte Weiber""",Canon,,"V1, V2, V3, V4, v5, v6",verschollen or nicht identifiziert
573,KV 573,105,6 or 9 Variations,Keyboard Variations,D major,Clavier,respectively on a minuet by Jean-Pierre Duport
574,KV 574,106,Gigue,Klavierstücke,G major,Clavier,
575,KV 575,107,,Quartet,D major,"2 Violins, Viola, Cello",
576,KV 576,108,,Sonata,D major,Clavier,
577,KV 577,492/28a; 109,"""Al desio di chi t’adora""",Aria,F major,"2 F Basset Horns, 2 Bassoons, 2 F Horns, 2 Violins, Viola, Soprano, Cello, Basso",Rondò for Le nozze di Figaro KV 492 (2nd version)
578,KV 578,110,"""Alma grande e nobil core""",Aria,B-flat major,"2 Oboes, 2 Bassoons, 2 Horns, 2 Violins, 2 Violas, S, Cello, Basso",
579,KV 579,492/13a,"""Un moto di gioia""",Aria,G major,"Flute, Oboe, Bassoon, 2 G Horns, 2 Violins, 2 Violas, Susanna, Cello, Basso",for Le nozze di Figaro KV 492 (2nd version)
580,KV 580,111; 1789h,"""Schon lacht der holde Frühling""",Aria,B-flat major,"2 Clarinetts, 2 Bassoons, 2 Horns, 2 Violins, Viola, S, Cello, Basso",fragment
580,KV 580a,Anh. 94; 1788a,Adagio,,F major / G major,"Clarinet, 3 Basset Horns",fragment
580,KV 580b,Anh. 90; 1787q,Allegro,,F major,"Clarino, Basset Horn, Violin, Viola, Cello",fragment
581,KV 581,112,,Quintet,A major,"A Clarinet, 2 Violins, Viola, Cello",
581,KV 581a,Anh. 88; 1790g,Quintet movement,Quintet,A major,"Clarino, 2 Violins, Viola, Cello",fragment
582,KV 582,113,"""Chi sa, chi sa qual sia""",Aria,C major,"2 Clarinetts, 2 Bassoons, 2 Horns, 2 Violins, Viola, S, Cello, Basso",
583,KV 583,114,"""Vado, ma dove? oh dèi!""",Aria,E-flat major,"2 Clarinetts, 2 Bassoons, 2 Horns, 2 Violins, 2 Violas, S, Cello, Basso",
584,KV 584,588/15a; 115,"""Rivolgete a lui lo sguardo""",Aria,D major,"2 Oboes, 2 Bassoons, 2 Clarinos, Timpani, 2 Violins, 2 Violas, Guglielmo, Cello, Basso",for Così fan tutte KV 588
584,KV 584b,621b; 1787v,Concerto movement,Concerto,G major,"2 Oboes, 2 Bassset Horns, 2 Horns, 2 Violins, Viola, Basso",fragment
585,KV 585,116,12 Minuets,Dances,,"2 Oboes, 2 Bassoons, 2 Clarinos, Timpani, 2 Violins, Cello, Basso",or for 2 violins and basso
586,KV 586,,12 German Dances,Dances,,"2 Oboes, 2 Bassoons, 2 Clarinos, Timpani, tambrin, 2 Violins, Cello, Basso",
587,KV 587,,"Contredances ""Der Sieg vom Helden Coburg""",Dances,C major,"Flute, Oboe, Bassoon, Clarino, 2 Violins, Cello, Basso",
587,KV 587a,Anh. 85; Anh. 74; 1789ß/01; 1789i,Quartet movement in g,Quartet,G minor,"2 Violins, Viola, Cello",fragment
588,KV 588,118,Così fan tutte o sia La scuola degli amanti,Opera,,"2 Flutes, 2 Oboes, 2 Clarinetts, 2 Bassoons, 2 Horns, 2 Clarinos, Timpani, 2 Violins, Viola, Cello, Basso","Opera buffa (""Dramma giocoso"") in 2 Akten"
589,KV 589,119,,Quartet,B-flat major,"2 Violins, Viola, Cello",
589,KV 589a,Anh. 68; 1782o,Allegretto,,B-flat major,"2 Violins, Viola, Cello",fragment
589,KV 589b,Anh. 73; 1790d,Quartet movement,Quartet,F major,"2 Violins, Viola, Cello",fragment
590,KV 590,120,,Quartet,F major,"2 Violins, Viola, Cello",
590,KV 590a,Anh. 29; 1787r,Piano piece,Klavierstücke,F major,Clavier,fragment
590,KV 590b,Anh. 30; 1787s,Allegro,Klavierstücke,F major,Clavier,fragment
590,KV 590c,Anh. 37; 1787t,Piano piece,Klavierstücke,F major,Clavier,fragment
592,KV 592b,Anh. 83; 1787u,Quintet movement,Quintet,D major,"2 Violins, 2 Violas, Cello",fragment
593,KV 593,121,,Quintet,D major,"2 Violins, 2 Violas, Cello",
593,KV 593a,Anh. 35; 1790f,Adagio,Klavierstücke,D minor,Mechanical Organ,fragment
594,KV 594,626b/06; Anh. 109g/06; 122,Adagio - Allegro,Klavierstücke,F minor,Mechanical Organ,
595,KV 595,123,,Concerto,B-flat major,"Flute, 2 Oboes, 2 Bassoons, 2 Horns, Clavier, 2 Violins, Viola, Cello, Basso",
596,KV 596,,Sehnsucht nach dem Frühlinge,Songs,F major,"Voice, Clavier",
597,KV 597,,Im Frühlingsanfange,Songs,E-flat major,"Voice, Clavier",
598,KV 598,,Das Kinderspiel,Songs,A major,"Voice, Clavier",
599,KV 599,125,6 Menuets,Dances,,"2 Oboes, 2 Bassoons, 2 Clarinos, Timpani, 2 Violins, Cello, Basso",
600,KV 600,126,6 German Dances,Dances,,"2 Flutes, 2 Oboes, 2 Bassoons, 2 Clarinos, Timpani, 2 Violins, Cello, Basso",
601,KV 601,,4 Minuets,Dances,,"2 Flutes, Flautino, 2 Clarinetts, 2 Bassoons, 2 Horns, Timpani, Lira*, 2 Violins, Cello, Basso",
602,KV 602,,4 German Dances,Dances,,"Flute, 2 Clarinetts, 2 Bassoons, 2 Horns, Drehleier, 2 Violins, Cello, Basso",
602,KV 602/03,,German Dances Die Leierer,Dances,C major,"2 Oboes, 2 Bassoons, 2 Clarinos, Timpani, Drehleier, 2 Violins, Cello, Basso",
603,KV 603,128,2 Contredances,Dances,,"Piccolo, 2 Oboes, 2 Bassoons, 2 Clarinos, Timpani, 2 Violins, Cello, Basso",
604,KV 604,129,2 Minuets,Dances,,"2 Flutes, 2 Clarinetts, 2 Bassoons, 2 Violins, Cello, Basso",
605,"KV 605,01",,[German Dances with Trio],Dances,D major,,
605,"KV 605,01-03",,3 German Dances,Dances,,"2 Flutes, 2 Oboes, 2 Bassoons, 2 Clarinos, Timpani, 2 Violins, Cello, Basso",No. 3 work of doubtful authenticity
605,"KV 605,03",,German Dances,Dances,F major,"Bassoon, F Posthorn, Bb Posthorn, 2 A-F Sonagli, 2 E-C Sonagli, G Sonagli, 2 Violins, Cello, Basso",Work of doubtful authenticity
606,KV 606,130,6 Ländlers,Dances,B-flat major,"2 Violins, Cello, Basso",
607,KV 607,605a; 130,"Contredances ""Il trionfo delle donne""",Dances,E-flat major,"Flute, Oboe, Bassoon, 2 Horns, 2 Violins, Cello, Basso",fragment
608,KV 608,131,Allegro - Andante,Klavierstücke,F minor,Mechanical Organ,
609,KV 609,,5 contredances,Dances,,"Flutetrm, 2 Violins, Cello, Basso",
610,KV 610,,"Contredances “Les filles malicieuses""",Dances,G major,"2 Flutes, 2 Horns, 2 Violins, Cello, Basso",
611,KV 611,,German Dance Die Leierer,Dances,C major,"2 Oboes, 2 Bassoons, 2 Clarinos, Timpani, Drehleier, 2 Violins, Cello, Basso","also known as German Dances KV 602, No. 3"
612,KV 612,133,"""Per questa bella mano""",Aria,D major,"Flute, 2 Oboes, 2 Bassoons, 2 Horns, 2 Violins, 2 Violas, Double Bass obligato, B, Cello, Basso",
613,KV 613,134,"8 Variations on ""Ein Weib ist das herrlichste Ding auf der Welt“",Keyboard Variations,F major,Clavier,
613,KV 613a,Anh. 81; 1784l,Quintet movement,Quintet,E-flat major,"2 Violins, 2 Violas, Cello",fragment
613,KV 613b,Anh. 82; 1786i,Quintet movement,Quintet,E-flat major,"2 Violins, 2 Violas, Cello",fragment
614,KV 614,135,,Quintet,E-flat major,"2 Violins, 2 Violas, Cello",
615,KV 615,136,"""Viviamo felici in dolce contento""",,G major,,Chorus lost
615,KV 615a,"1791b,9/01; 1791e",Instrumental movement,Klavierstücke,F major,Mechanical Organ,fragment
616,KV 616,137,Andante,Klavierstücke,F major,Mechanical Organ,
616,KV 616a,Anh. 92; 1791f,Fantasia,,C major,"Glass Harmonica, Flute, Oboe, Viola, Cello",fragment
617,KV 617,138,Adagio - Rondo,,C major,"Glass Harmonica, Flute, Oboe, Viola, Cello",
618,KV 618,139,Ave verum corpus,Hymn,D major,,for Corpus Christi
619,KV 619,140,"""Die ihr des unermesslichen Weltalls Schöpfer ehrt""",Cantata,C major,"Voice, Clavier",
620,KV 620,143; 141,Die Zauberflöte,Singspiel,E-flat major,"Piccolo, 2 Flutes, 2 Oboes, 2 Clarinetts, 2 Basset Horns, 2 Bassoons, 2 Horns, 2 Clarinos, Alto Trombone, Tenor Trombone, Bass Trombone, Timpani, Keyboard Glockenspiel, 2 Violins, 2 Violas, S, A, T, B, SATTBB, Cello, Basso","Singspiel (""Grand opera“) in 2 acts"
620,KV 620a,Anh. 102,K. Appendix 102 (620a) [mm. 1-26],,E-flat major,,fragment
621,KV 621,142,La clemenza di Tito (The Clemency of Titus),Opera,C major,"2 Flutes, 2 Oboes, 2 Bb Clarinetts, 2 Bassoons, 2 C Horns, C-G Timpani , 2 Violins, 2 Violas, Cello, Basso","Opera seria (""Dramma serio"") in 3 acts"
621,KV 621a,Anh. 245,"""Io ti lascio, o cara, addio""",Aria,,"Soprano or Bass, Orchestra",Work of doubtful authenticity
622,KV 622,144,,Concerto,A major,"2 Flutes, 2 Bassoons, 2 Horns, Solo Clarino 2 Violins, 2 Violas, Cello, Basso",
623,KV 623,145,"""Laut verkünde unsre Freude""",Cantata,C major,"Flute, 2 Oboes, 2 Horns, 2 Violins, Viola, T1, T2, B, TTB, Cello, Basso",
623,KV 623a,623/06; bei 623,"Zum Schluss der Loge"" ""Lasst uns mit geschlungnen Händen“",,F major,"Voice, Choir, Piano",Work of doubtful authenticity
626,KV 626,1791h,Requiem,Mass,D minor,"2 F Horns, 2 Bassoons, 2 D Clairons, D-A Timpani, 2 Violins, Viola, SATB,  Basso, Organ","Missa pro defunctis, fragment"
626,KV 626b/01-56,,"Skizzen, Fragmente and Verweise",,,,
627,KV 627,KV¹ deest,Concerto movement,Concerto,,Clavier,lost
628,KV 628,KV¹ deest,,Divertimento,C major,Piano Four Hands,lost
630,KV 630,KV¹ deest,,Sonata,D major,"Violin, Clavier",Work of doubtful authenticity
631,KV 631,deest; Anh. 11b/1; deest,,Aria,,"Voice, Orchestra",
632,KV 632,KV¹ deest,Instrumental piece,,C major,,"for Clavier and violin or for 2 violins and bass, fragment"
633,KV 633,KV¹ deest,"""Quel destrier che all’albergo è vicino""",Aria,,,for voice and Orchestraestra;Work of doubtful authenticity;Lost
634,KV 634,deest; No. 44,Polonoise,Klavierstücke,F major,Clavier,"Nannerl Music Book, Work of doubtful authenticity"
635,KV 635,KV¹ deest,Piano piece,Klavierstücke,G major,Clavier,fragment
636,KV 636,KV¹ deest,Molto allegro,Klavierstücke,G major,Clavier,Nannerl Music Book
637,KV 637,zu 25; deest,"""Oragna figata fa marina gamina fa“",Songs,C major,"V1, [V2]",fragment
638,KV 638,zu 159b; deest; 1764e,Instrumental piece,Partita,B major,"2 Horns, 2 Oboes, 2 Violins, Cello, Basso",
639,KV 639,KV¹ deest,"""A piece"" for Elector Maximilian III Joseph of Bavaria",,,,lost
640,KV 640,zu 33b; Anh. 11b/4; deest,Solos for violin,,,,lost
641,KV 641,zu 33b; Anh. 11b/4; deest,Solos for viola da gamba,,,,lost
642,KV 642,KV¹ deest,Aria for Nepomucena Wolff,Aria,,,lost
643,KV 643,KV¹ deest,,Symphony,,,lost
644,KV 644,KV¹ deest,,Aria,,,lost
645,KV 645,Anh. 11b/2; deest,6 Trios,,,"2 Violins, Cello",lost
646,KV 646,KV¹ deest,"""Cara, se le mie pene“",Aria,C major,"2 Horns, Violin, Viola, S, Basso",
647,KV 647,KV¹ deest,,Aria,D major,"Soprano, Orchestra",fragment
648,KV 648,KV¹ deest,,Serenade,C major,"2 Violins, Cello, Basso",Work of doubtful authenticity
649,KV 649,KV¹ deest,Piano piece,Klavierstücke,C major,Clavier,Work of doubtful authenticity
650,KV 650,KV¹ deest,Allegro,Klavierstücke,C major,probably: Clavier,"reduction of an Allegro in C for Orchestra, Work of doubtful authenticity"
651,KV 651,KV¹ deest,2 Latin motets,Motet,,"S-Kastrat, Orchestra",lost
652,KV 652,KV¹ deest,"""Venti, fulgura, procellae""",Motet,G major,,Work of doubtful authenticity
653,KV 653,KV¹ deest,,Cassation,C major,for instrumental ensemble,lost
654,KV 654,KV¹ deest,"""O supremum coeli Numen"" Offertory in C",Offertory,C major,,Work of doubtful authenticity
655,KV 655,KV¹ deest,"2 Church sonatas in D,  G",Sonata,D major / G major,,lost
655,KV 655/1,KV¹ deest,Kirchensonate in D,Sonata,D major,,lost
655,KV 655/2,KV¹ deest,Kirchensonate in G,Sonata,G major,,lost
656,KV 656,KV¹ deest,Piano piece,Klavierstücke,C major,Clavier,fragment
657,KV 657,bei 111; 111/34,Ballettmusik zu Ascanio in Alba KV 111,Ballet,,,"Werk zweifelhafter Echtheit, fragment"
658,KV 658,Anh. C 27.06; Anh. 207,Ballet for Ascanio in Alba KV 111,Klavierstücke,,,"Work of doubtful authenticity, fragment"
659,KV 659,bei Anh. 207; bei KV Anh. C 27.06; Anh. 207,12 Variations on an instrumental movement,Keyboard Variations,C major,Clavier,Work of doubtful authenticity
660,KV 660,KV¹ deest,Fugue,Klavierstücke,D minor,Clavier,fragment
661,KV 661,zu 61d,4 Minuet movements (No. 4 fragment),Dances,,"2 Oboes, 2 Trumpets, 2 Violins, Basso",
662,KV 662,,"12 Songss for voice and ""Harmoniale""",,,"Voice, prob. ""Harmoniale""",Work of doubtful authenticity
662,"KV 662,01",Anh. C 8.32; Anh. 270,"Danklied ""Du bist’s, dem Ruhm and Ehre gebühret""",Songs,B-flat major,"Voice, prob. ""Harmoniale""",Work of doubtful authenticity
662,"KV 662,02",Anh. C 8.34; Anh. 271,"Das Glück eines guten Gewissens 
""Besitz ich nur ein ruhiges Gewissen""",Songs,E-flat major,"Voice, prob. ""Harmoniale""",Work of doubtful authenticity
662,"KV 662,03",Anh. C 8.35; Anh. 272,"Vertraun auf Gottes Vorsehung ""Auf Gott and nicht auf meinen Rat""",,F major,"Voice, prob. ""Harmoniale""",Work of doubtful authenticity
662,"KV 662,04",zu Anh. B KV 516b; Anh. 133,"Morganengesang ""Mein erst’ Geschäft sei Preis and Dank""",Songs,C major,"Voice, prob. ""Harmoniale""",Work of doubtful authenticity
662,"KV 662,05",Anh. C 8.36; Anh. 273,"Bitten ""Gott, deine Güte reicht so weit""",,F major,"Voice, prob. ""Harmoniale""",Work of doubtful authenticity
662,"KV 662,06",Anh. C 8.37; Anh. 274,"Abendlied ""Herr, der du mir das Leben""",Songs,D major,"Voice, prob. ""Harmoniale""",Work of doubtful authenticity
662,"KV 662,07",Anh. C 8.38; Anh. 275,"Versicherung der Gnade Gottes ""So hoff ich denn mit festem Mut""",,G major,"Voice, prob. ""Harmoniale""",Work of doubtful authenticity
662,"KV 662,08",KV¹ deest,"Preis des Schöpfers ""Wenn ich, o Schöpfer, deine Macht""",,F major,"Voice, prob. ""Harmoniale""",Work of doubtful authenticity
662,"KV 662,09",Anh. C. 8.39; Anh. 277,"Die Ehre Gottes aus der Natur 
""Die Himmel rühmen des Ewigen Ehre""",,B-flat major,"Voice, prob. ""Harmoniale""",Work of doubtful authenticity
662,"KV 662,10",Anh. C 8.33; Anh. 270a,"Trost der Erlösung ""Gedanke, der uns Leben gibt""",,B-flat major,"Voice, prob. ""Harmoniale""",Work of doubtful authenticity
662,"KV 662,11",KV¹ deest,"Gelassenheit ""Was ist’s, dass ich mich quäle""",Songs,C major,"Voice, prob. ""Harmoniale""",Work of doubtful authenticity
662,"KV 662,12",deest; Anh. C 8.42; Anh. 279a,"Zufriedenheit mit seinem Zustande ""Du klagst and fühlest die Beschwerden""",,F major,"Voice, prob. ""Harmoniale""",Work of doubtful authenticity
663,KV 663,KV¹ deest,Instrumental piece,Orchestral,E-flat major,,fragment
664,KV 664,"KV¹ deest, KV⁶ 626b/44","Melodic notation ""Le matelot""",,B-flat major,prob. Ensemble,fragment
665,KV 665,zu 135a; deest,,Trio,C major,,
666,KV 666,Anh. A 50; Anh. 223c; 1773b,Instrumental piece,,D major,"2 Oboes obbligato, 2 Horns obbligato, 2 Solo Violins, 2 Violins, 2 Violas obbligato, Cello obbligato, Basso",fragment
667,KV 667,deest; zu 208/03,"""Campagne amene""",Recitative,C major,"S, Basso","for ""Aer tranquillo“ KV 208, No. 3"
668,KV 668,KV¹ deest,"""Operetta""",Operetta,,,lost
669,KV 669,zu 257/02; 1776a/01; 1776a,Vokal movement,,C major,,
670,KV 670,"626b/34; Anh. 109a, Nr. 3; 1776a/02",,Overture,D major,,fragment
671,KV 671,Anh. C 15.11,Piano piece,Klavierstücke,C major,Clavier,"Part I known as Modulating Prelude; Teil 2 known as Transition KV 626a, Part II, I"
672,KV 672,KV¹ deest,"""Alma Redemptoris Mater“",Antiphon,F major,,lost
673,KV 673,KV¹ deest,,Concerto,,"Flute, Orchestra",lost or not realized
674,KV 674,1778a/02; 1778a,2 Dances movements,Dances,D major,,fragment
675,KV 675,1778b/02; 1778b,Instrumental piece,,B-flat major,,fragment
676,KV 676,,,March,,prob. Orchestra,lost
677,KV 677,,Church sonata,Sonata,C major,"2 Violins, Organ, Basso",lost
678,KV 678,,,Cantata,,,lost or not realized
679,KV 679,bei 375/01; 1781h,Instrumental piece,,B-flat major,"Wind Instruments, Double Bass","probably for wind ensemble à 12, double bass, fragment"
680,KV 680,1782r,Quartet movement,Quartet,E major,"2 Violins, Viola, Cello",fragment
681,KV 681,1781f,"Larghetto, Allegro in E flat",,E-flat major,2 Claviers,fragment
682,KV 682,bei 385b/01; bei 393/01; 1782γ/02; 1782b,Instrumental piece,,C major,prob. Ensemble,fragment
683,KV 683,zu 422; 1783ι/02,"""Ho un pensiero nel cervello""",Duetto,F major,"Soprano, Tenor, Orchestra","for L’oca del Cairo KV 422, fragment"
684,"KV 684,01",,Rondo,Klavierstücke,,Pianoforte de l’harmonie parfaite,"Work of doubtful authenticity, fragment"
684,"KV 684,02",KV⁶ deest,Piece,Klavierstücke,,Pianoforte de l’harmonie parfaite,"Werk zweifelhafter Echtheit, Lost"
685,KV 685,1783e/01; 1783c,,Aria,B-flat major,for bass,fragment
686,KV 686,1783f/02; 1783d,Trio movement,Trio,C minor,"prob. 2 Violins, Cello",fragment
687,KV 687,bei 271f; 178X/a,Trio movement,Trio,C major,"2 Violins, Cello",fragment
688,KV 688,,Sonata movement,Sonata,C major,"Violin, Clavier",fragment
689,KV 689,,Aria for Margarethe Marchand,Aria,,,lost or not realized
690,KV 690,deest; 178X/f,Instrumental piece,Klavierstücke,G major,Clavier,"or for dance ensemble, fragment"
691,KV 691,Anh. 109a/[01]; 626b/32 (1); deest; 1785b/1a,Melodic notation,,F major,,fragment
692,"KV 692,01",KV¹ deest,"For the opening of the Masters' lodge ""Des Todes Werk""",Songs,,"prob. Tenor, Male Choir, Piano or Organ",
692,"KV 692,01-02",KV¹ deest,2 Masonic Songs,Songs,,"prob. Tenor, Male Choir, Piano or Organ",
692,"KV 692,02",KV¹ deest,"At the end of the Masters' Lodge  ""Vollbracht ist die Arbeit der Meister""",Songs,,"prob. Tenor, Male Choir, Piano or Organ",
693,KV 693,1785κ (1)/02; 1785b,Instrumental piece,,E minor,,fragment
694,KV 694,1785a/04; 1785g,Allegro,,D major,Orchestra,fragment
695,KV 695,1785a/01; 1785h,Piano piece,Klavierstücke,C major,Clavier,fragment
696,KV 696,1785a/05; 1785m,,Canon,E-flat major,"für 3 sopranos,  basso",
697,KV 697,deest; 178X/d,Trio movement,Trio,C major,"prob. 2 Violins, Cello",fragment
698,KV 698,417B1; 417a Anh. a; 1785d/09; 1785k,Instrumental piece (theme),,B-flat major,,fragment
699,KV 699,626b/26; Anh. 24; 1785m,"""Ich nenne dich, ohn’ es zu wissen""",Duetto,,"S1, S2, Clavier",fragment
700,KV 700,zu 492/28; 1785θ/01,"""Giunse il momento alfine"" – ""Non tardar, amato bene“",Scena,F major,"Soprano, Orchestra","for Le nozze di Figaro KV 492, fragment"
701,KV 701,KV¹ deest,Melodic notation,,C minor,,fragment
702,KV 702,1785c/02; 1785e,Melodic notation,,C minor,,fragment
703,KV 703,zu 516b; 1787c/02; 1787b,Instrumental piece,,A-flat major,,possibly fragment
704,KV 704,1787c/03; 1787c,Melodic notation,,G minor,,fragment
705,KV 705,1787b/02; 1787a,Melodic notation,,G major,,fragment
706,KV 706,deest; 178X/2,Vocal movement in D minor,,D minor,Voice,fragment
707,KV 707,KV¹ deest,Credo in D,,D major,,fragment
708,KV 708,KV¹ deest,Adagio,Klavierstücke,B minor,Clavier,fragment
709,KV 709,1786e/04; 1788f,Melodic notation,,C major,prob. Ensemble,
710,KV 710,1786e/05; 1788g,Allegretto,Klavierstücke,B-flat major,Piano/Ensemble,fragment
711,KV 711,zu 532; deest; 1787ß/03; 1788f,Instrumental piece,Klavierstücke,B-flat major,Clavier,"or for dance ensemble, fragment"
712,KV 712,KV¹ deest,"""Ahi, cosa veggio!""",Recitative,C major,"Soprano, Orchestra","for the aria ""Vado, ma dove? oh Dei!"" KV 583 Work of doubtful authenticity"
713,KV 713,KV¹ deest,"""No, caro, fa coraggio e in me ti fida“",Recitative,,"Soprano, Orchestra",Work of doubtful authenticity
714,KV 714,KV¹ deest,Der Stein der Weisen oder Die Zauberinsel [The sorcerer's stone or The magic island] (Pasticcio),Pasticcio,,,"Three contributions for Act II, finale
Works of doubtful authenticity"
715,KV 715,zu 419; deest,"""Ah, da me s’allontani""",Recitative,C major,"Soprano, Orchestra","for the aria""No, che non sei capace"" KV 419 Work of doubtful authenticity"
716,KV 716,zu 620,"""Pamina, wo bist du?""",Duetto,B-flat major,"T, B, Orchestra","for Die Zauberflöte KV 620, Werk zweifelhafter Echtheit, probably fragment"
717,KV 717,KV¹ deest,"""Se mai senti spirarti sul volto"" 
Aria for 1 voice 
verschollen",Aria,,Voice,Work of doubtful authenticity
718,KV 718,KV¹ deest,Adagio,,F major,"2 Violins, Viola, Cello",lost
719,"KV 719,01",KV¹ deest,German Dances,Dances,E major,"2 Violins, Cello, Basso","Werk zweifelhafter Echtheit, fragment"
719,"KV 719,01-02",KV¹ deest,2 German Dances,Dances,,"2 Violins, Cello, Basso","Werke zweifelhafter Echtheit, fragment"
719,"KV 719,02",KV¹ deest,German Dances,Dances,C major,"2 Violins, Cello, Basso","Work of doubtful authenticity, fragment"
720,KV 720,deest; 73x/03; Anh. 109d; 1772ß; 1772ß/d,Melodic notation,,D major,,
721,KV 721,Anh. C 8.16; Anh. 255a,"Prüfung des Küssens ""Meine weise Mutter spricht""",,,Voice,lost
Anh.,KV Anh. A 16,KV¹ 41,,Concerto,,"fl1+fl2, cor1+cor2, clav, vl1, vl2, vla, vlc+b",
Anh.,"KV Anh. A 29, Nr. 1–3","KV¹ 107, KV³ 21b",,Concerto,,"vl1, vl2, vlc+b, clav-solo","according to clavier Sonatas by Johann Christian Bach [op. 5, 2-4]"
Anh.,KV Anh. A 42,"KV¹ deest, KV⁶ 284e","Johann Baptist Wendling, Konzert",Concerto,,,
Anh.,KV Anh. A 48,"KV¹ deest, KV⁶ 470a",,Concerto,E minor,for violin and orchestra,"(Giovanni Battista Viotti), vermutlich für Flöte and Orchester"
Anh.,KV Anh. A 7,KV¹ 37,,Concerto,,"ob1+ob2, cor1+cor2, clav, vl1, vl2, vla, vlc+b",
Anh.,KV Anh. A 8,KV¹ 39,,Concerto,B-flat major,"ob1+ob2, cor1+cor2, clav-solo, vl1, vl2, vla, vlc+b",
Anh.,KV Anh. A 9,KV¹ 40,,Concerto,,"ob1+ob2, cor1+cor2, clav, vl1, vl2, vla, vlc+b",
Anh.,KV Anh. C 14.01,"KV¹ Anh. 9, KV³ 297b",Sinfonia concertante,Concerto,,"ob1+ob2, cor1+cor2, ob-solo, clar-solo, cor-solo, fag-solo, vl1, vl2, vla1+vla2, vlc+b",
Anh.,KV Anh. C 14.02,"KV¹ Anh. 99, KV³ Anh. 294c","Konzert in F, vermutlich für Violoncello and Orchester",Concerto,,"vlc-solo, Orch",
Anh.,KV Anh. C 14.03,KV³ Anh. 230a,Konzert in B für Fagott and Orchester vermutlich von François Devienne,Concerto,,,
Anh.,KV Anh. C 14.04,"KV¹ 268, KV³ 365b, KV³ Anh. 157a",Konzert in Es für Violine and Orchester,Concerto,,,
Anh.,KV Anh. C 14.05,"KV¹ deest, KV³ Anh. 294a",Konzert in D für Violine and Orchester von Marius Casadesus,Concerto,,,
Anh.,KV Anh. C 14.06,"KV¹ deest, KV³ Anh. 294b",Konzert in Es für Oboe and Orchester,Concerto,,"ob, orch",
Anh.,KV Anh. C 14.07,"KV¹ Anh. 230, KV³ 196d",Konzert in F für Fagott and Orchester,Concerto,,,Franz Danzi's work
Anh.,KV Anh. C 14.09,,"Konzertsatz in D, vermutlich für Violine and Orchester von Leopold Mozart, LMV XV:7 (Fragment)",Concerto,D major,,fragment
Anh.,KV Anh. C 15.01,KV¹ deest,Konzert in G (Pasticcio),Concerto,,"Harpsichord, 2 Violins, Viola obligatto, Basso",
Anh.,KV Anh. C 15.03,KV¹ deest,"Konzert in F
(Fragment)",Concerto,,,fragment
Anh.,KV Anh. C 15.10,V³ 626a E,2 Kadenzen,Cadenza,,clav-solo,
Anh.,KV Anh. C 15.12,,"2 Kadenzen von Leopold Mozart, LMV XIV:2",Cadenza,A major,"vl1, vl2",
Anh.,KV Anh. C 16.02,"LMV XV:5, KV³ Anh. 65a, KV⁶ 124A",Beginning of a Sonata,,D major,"vl1, vl2, org+b",
Anh.,KV Anh. C 17.03,KV¹ Anh. 228,,Partita,E-flat major,"ob1+ob2, clar1+clar2, cor1+cor2, fag1+fag2",für Bläserensemble à 8
Anh.,KV Anh. C 17.04,KV¹ Anh. 224,,Partita,E-flat major,"ob1+ob2, clar1+clar2, cor1+cor2, fag1+fag2",für Bläserensemble à 8
Anh.,KV Anh. C 17.05,KV¹ Anh. 225,,Partita,F major,"ob1+ob2, clar1+clar2, cor1+cor2, fag1+fag2",für Bläserensemble à 8
Anh.,KV Anh. C 17.07,,Adagio - Allegro,Partita,E-flat major,,für Bläserensemble à 8
Anh.,KV Anh. C 17.08,KV¹ deest,,Partita,F major,"clar1+clar2, cor1+cor2, fag",für Bläserensemble à 5
Anh.,KV Anh. C 17.09,KV¹ deest,,Partita,B major,"clar1+clar2, cor1+cor2, fag1+fag2",für Bläserensemble à 6
Anh.,KV Anh. C 17.10,KV¹ deest,,Partita,E-flat major,"clar1+clar2, cor1+cor2, fag1+fag2",für Bläserensemble à 5
Anh.,KV Anh. C 17.11,KV¹ deest,,Cassation,E-flat major,"ob/fl, clar, cor, fag",by Johann Georg Lickl
Anh.,KV Anh. C 17.12,"KV¹ 187, KV³ 159c",10[+8] Stücke,,,"2 Flutes, 5 Trumpets, 4 Timpani","(Nr. 6 verschollen, Nr. 8 siehe KV Anh. A 38) von Josef Starzer and Christoph Willibald Gluck"
Anh.,KV Anh. C 20.01-04,,4 Quartette von Joseph Schuster,Quartet,,,
Anh.,KV Anh. C 20.05,"KV¹ deest, KV³ Anh. 291a",6 Quartette,Quartet,,"vl1, vl2, vla, vlc",
Anh.,KV Anh. C 20.06,"KV¹ deest, KV³ Anh. 291a","6 Quartette von Johann Mederitsch, AigM B2.24–B2.29",Quartet,,"vl1, vl2, vla, vlc",
Anh.,KV Anh. C 20.07,KV¹ deest,"Quartett von Ignaz Pleyel, Ben 365",Quartet,,"vl1, vl2, vla, vlc",
Anh.,"KV Anh. C 20.08,1-2",,2 Quartette in g and d (verschollen),Quartet,,"vl1, vl2, vla, vlc",
Anh.,KV Anh. C 21.01,"LMV XV:6, KV³ 124c, KV⁶ Anh. C 16.01","Fragment of a Sonata in C for two violins, organ and bass",,,"vl1, vl2, org+b",
Anh.,KV Anh. C 21.02,"KV¹ deest, KV³ 404a",7 Fugues Johann Sebastian and Wilhelm Friedemann Bach Editing for string trio,,,"vl, vla, vlc",
Anh.,KV Anh. C 22.01,"KV² Anh. 52a, KV³ Anh. 284h",2 Trio movements in D by Kaspar Anton Karl van Beethoven,Trio,,,
Anh.,KV Anh. C 22.02,KV¹ Anh. 291,,Trio,C minor,,by Anton Eberl
Anh.,KV Anh. C 22.03,,Allegro,,,,vermutlich von Maximilian Stadler
Anh.,KV Anh. C 23.01,"KV¹ 55, KV³ Anh. 209c",,Sonata,,"vl, clav",K. 55 (“No. 5”)
Anh.,KV Anh. C 23.01-06,KV¹ 55-60,6 Sonaten,Sonata,,,
Anh.,KV Anh. C 23.02,"KV¹ 56, KV³ Anh. 209d",,Sonata,C major,"vl, clav",K. 56 (“No. 6”)
Anh.,KV Anh. C 23.03,"KV¹ 57, KV³ Anh. 209e",,Sonata,,"vl, clav",K. 57 (“No. 12”) with 2 horns and bass ad libitum
Anh.,KV Anh. C 23.04,"KV¹ 58, KV¹ Anh. 154, KV¹ Anh. 158, KV³ Anh. 209f",,Sonata,E-flat major,"vl, clav",K. 58 (“No. 11”)
Anh.,KV Anh. C 23.05,"KV¹ 59, KV³ Anh. 209g",,Sonata,C minor,"vl, clav",K. 59 ( “No. 1”)
Anh.,KV Anh. C 23.06,"KV¹ 60, KV³ Anh. 209h",,Sonata,E minor,"vl, clav",K. 60 (“No. 10”)
Anh.,KV Anh. C 23.07,"KV¹ 61, KV³ Anh. 290a",,Sonata,A major,,von Hermann Friedrich Raupach
Anh.,KV Anh. C 23.08,"KV¹ deest, KV³ Anh. 290b",,Sonata,C major,,
Anh.,KV Anh. C 23.09,"KV¹ deest, KV³ Anh. 290c",,Sonata,A major,für Violine and Basso,
Anh.,KV Anh. C 24.01,"KV² Anh. 41a, KV³ Anh. 284g","Drei Stücke für Clavier zu 4 Händen aus der Ballettmusik La ritrovata figlia di Ottone II von Leopold Kozeluch, PosK XXIV:1",Klavierstücke,,Piano Four Hands,
Anh.,KV Anh. C 25.01,"KV¹ Anh. 204, KV² Anh. 284a",,Sonata,C minor,clav,von Anton Eberl
Anh.,KV Anh. C 25.03,KV³ Anh. 284k,,Sonata,F major,clav,
Anh.,KV Anh. C 26.01,"KV² Anh. 209b, KV³ Anh. 284n",Andantino mit 2 Variationen,Keyboard Variations,B major,clav,
Anh.,"KV Anh. G 11,01-03","KV¹ zu 364/01-02, KV³ zu 320d/01-22",2 Kadenzen for KV 364,Cadenza,,,
Anh.,"KV Anh. G 12,01-05",,Fünf Kadenzen for KV 365 Nr. 2–3,Cadenza,E-flat major,,verschollen oder nicht identifiziert
Anh.,"KV Anh. G 14,01-02",KV⁶ deest,2 Cadenzas for KV 413,Cadenza,,,Werke zweifelhafter Echtheit
Anh.,"KV Anh. G 15,01-09",,6 Kadenzen and 3 Eingänge for KV 414,Cadenza,,,
Anh.,"KV Anh. G 16,01-05",,2 Cadenzas and 3 Eingangs for KV 415,Cadenza,,,
Anh.,"KV Anh. G 18,01-02",,Kadenz and Auszierung for KV 449,Cadenza,E-flat major,,
Anh.,"KV Anh. G 19,01-03",,2 Cadenzas and 1 Eingang for KV 450,Cadenza,B-flat major,,
Anh.,"KV Anh. G 2,01","KV¹ 624, KV³ 626A/01, KV⁶ 626a/01",Kadenz zu Satz 1,Cadenza,,clav-solo,Werkfassung zweifelhafter Echtheit
Anh.,"KV Anh. G 2,01-06",,"6 Kadenzen for KV 175, Zweite Fassung",Cadenza,,,
Anh.,"KV Anh. G 2,02","KV³ 626A/01a, KV⁶ 626a/02","Cadenzas for the concerto in D K. 175
Cadenza for the first movement (Allegro)",Cadenza,,clav,
Anh.,"KV Anh. G 2,03","KV¹ 624, KV³ 626A/02, KV⁶ 626a/03",Kadenz zu Satz 2,Cadenza,,clav-solo,Werkfassung zweifelhafter Echtheit
Anh.,"KV Anh. G 2,04","KV¹ 624, KV³ 626A/02a, KV⁶ 626a/04","<Cadenzas for the concerto in D K. 175> 
Cadenza for the second movement (Andante ma un poco adagio)",Cadenza,,clav,
Anh.,"KV Anh. G 2,05","KV¹ 624, KV³ 626A/06, KV³ zu 382, KV⁶ 626a/25",Kadenz zu Satz 3 Werkfassung zweifelhafter Echtheit,Cadenza,,clav-solo,
Anh.,"KV Anh. G 2,06","KV³ 626A/06a, KV⁶ 626a/26",Rondo (Allegretto grazioso),Cadenza,,clav,K. 382. Cadenza to mm. 217
Anh.,"KV Anh. G 20,01-03",,2 Cadenzas and 1 Auszierung for KV 451,Cadenza,,,
Anh.,"KV Anh. G 22,01-04",,4 Cadenzas for KV 453 Nr. 2 and Nr. 4,Cadenza,,,Werke zweifelhafter Echtheit
Anh.,"KV Anh. G 23,01-06",,"Fünf Kadenzen and ein Eingang for KV 456 Nr. 1, 2 and 5",Cadenza,B-flat major,,Werke zweifelhafter Echtheit
Anh.,"KV Anh. G 24,01-03",,2 Cadenzas and 1 Eingang for KV 459,Cadenza,F major,,
Anh.,KV Anh. G 25,KV⁶ deest,Kadenzen and Eingang for KV 466,Cadenza,D minor,,verschollen
Anh.,KV Anh. G 26,KV⁶ deest,Kadenzen and Eingang for KV 467,Cadenza,C major,,verschollen
Anh.,KV Anh. G 28,"KV¹ 624, KV³ 626A/31, KV⁶ 626a/61",Cadenza for the 1st Movement (Allegro) of K. 488,Cadenza,A major,clav,
Anh.,KV Anh. G 29,KV¹ zu 522/03,Cadenza for the 1st Movement of KV 522,Cadenza,C major,"vl1, vl2, vla2, b",
Anh.,"KV Anh. G 3,01",KV¹ zu 190/01,Kadenz zu Satz 1,Cadenza,,,
Anh.,"KV Anh. G 3,01-02",KV¹ zu 190,2 Cadenzas for KV 190,Cadenza,,,
Anh.,"KV Anh. G 3,02",KV¹ zu 190/02,Kadenz zu Satz 2,Cadenza,,,
Anh.,KV Anh. G 30,KV¹ zu 577,Cadenza for the Rondò „Al desio di chi t’adora“ of KV 577,Cadenza,F major,,
Anh.,"KV Anh. G 31,01-03",,2 Cadenzas and 1 Eingang for KV 595,Cadenza,B-flat major,,
Anh.,"KV Anh. G 33,01-02","KV¹ zu 40/01, KV³ deest and 626a C, KV⁶ zu Anh. A 9",2 Cadenzas for KV Anh. A 9,Cadenza,D major,,
Anh.,"KV Anh. G 34,01-02","KV¹ zu KV 107 I, KV³ 626a A, KV⁶ 626a B, KV⁶ zu Anh. A 29","2 Cadenzas for KV Anh. A 29, Nr. 1, by Johann Christian Bach",Cadenza,,,
Anh.,"KV Anh. G 35,01-02","BeeV deest, KV³ 626a K, KV⁶ zu Anh. C 15.02, KV⁶ 626a K and L",Kadenz and Auszierung zu einem Andante in D für Clavier and Orchester von Ignaz von Beecke,Cadenza,D major,clav,
Anh.,KV Anh. G 36,KV³ 626a H,"Cadenza for the first movement of a clavier concerto by Johann Samuel Schroeter (op. III, 1) [recte: for a clavier concerto in F of unknown origin]",Cadenza,,,
Anh.,"KV Anh. G 37,01-02","KV¹ deest, KV⁶ 626a O, KV⁶ 626a N","Cadenzas for the first and the second movement of the clavier concerto in C by Johann Samuel Schroeter (op. III, 3) K. 624 (K.6 626a), II. part, O",Cadenza,,clav-solo,
Anh.,KV Anh. G 38,"Skb 1779a/01, KV² Anh. 61a, KV³ 626a D","Cadenza for the first movement of a clavier concerto by Johann Samuel Schroeter (op. III, 4)",Cadenza,D major,Clavier,fragment
Anh.,"KV Anh. G 39,01-02","KV⁶ 626a F, KV⁶ 626a G","Cadenzas for the first and the second movement of the clavier concerto in C by Johann Samuel Schroeter (op. III, 3) K. 624 (K.6 626a), II. part, N",Cadenza,,clav-solo,
Anh.,"KV Anh. G 4,01","KV¹ deest, KV³ zu 208/10",Eingang zu T. 47/48,Cadenza,E-flat major,,
Anh.,"KV Anh. G 4,01-03","KV¹ deest, KV³ zu 208/10","Kadenz and 2 Eingänge for Rondò Nr. 10 ""L’amerò, sarò costante“ in KV 208",Cadenza,E-flat major,,
Anh.,"KV Anh. G 4,02","KV¹ deest, KV³ zu 208/10",Eingang zu T. 85/86,Cadenza,E-flat major,,
Anh.,"KV Anh. G 4,03","KV¹ deest, KV³ zu 208/10",Kadenz zu T. 106,Cadenza,E-flat major,,
Anh.,"KV Anh. G 41,01-06",KV⁶ deest,"4 Cadenzas and 2 Eingangs, vermutlich zu Konzertsätzen für Clavier and Orchester unbekannter Herkunft",Cadenza,,,Werke Zweifelhafter Echtheit
Anh.,"KV Anh. G 5,01","KV³ deest, KV⁶ 626a/05","Cadenzas for the concerto in B flat K. 238
Cadenza for the first movement (Allegro aperto)",Cadenza,,clav,
Anh.,"KV Anh. G 5,01-08",KV¹ zu 238,6 Kadenzen and 2 Eingänge for KV 238,Cadenza,,clav-solo,Werke zweifelhafter Echtheit
Anh.,"KV Anh. G 5,02","KV¹ zu 238, KV⁶ deest",Kadenz zu Satz 1,Cadenza,,clav-solo,
Anh.,"KV Anh. G 5,03","KV³ deest, KV⁶ 626a/06",<Cadenzas for the concerto in B flat K. 238> Cadenza for the second movement (Andante un poco adagio),Cadenza,,clav,
Anh.,"KV Anh. G 5,04","KV¹ zu 238, KV⁶ deest",Kadenz zu Satz 2,Cadenza,,clav-solo,
Anh.,"KV Anh. G 5,05","KV¹ zu 238, KV⁶ deest","Eingang zu Satz 3, T. 99/100",Cadenza,B-flat major,,
Anh.,"KV Anh. G 5,06","KV¹ zu 238, KV⁶ deest","Eingang zu Satz 3, T. 168/169",Cadenza,B-flat major,,
Anh.,"KV Anh. G 5,07","KV³ deest, KV⁶ 626a/07",<Cadenzas for the concerto in B flat K. 238> Cadenza for the third movement (Rondeau: Allegro),Cadenza,B-flat major,clav,
Anh.,"KV Anh. G 5,08","KV¹ zu 238, KV⁶ deest",Kadenz zu Satz 3,Cadenza,B-flat major,clav-solo,
Anh.,"KV Anh. G 6,01","KV¹ zu 242/01, KV⁶ deest",Cadenzas for the concerto in F for three claviers K. 242 (“Lodron concerto”). Cadenza for the first movement (Allegro),Cadenza,,"clav1, clav2",
Anh.,"KV Anh. G 6,01-05",KV⁶ deest,"2 Cadenzas and 3 Eingangs for KV 242, Erste Fassung",Cadenza,,,
Anh.,"KV Anh. G 6,01-10",KV⁶ deest,4 Cadenzas and 6 Eingangs for KV 242,Cadenza,,,
Anh.,"KV Anh. G 6,02","KV¹ zu 242/02, KV⁶ deest",<Cadenzas for the concerto in F for three claviers K. 242 (“Lodron concerto”)> Cadenza for the second movement (Adagio),Cadenza,,"clav1, clav2",
Anh.,"KV Anh. G 6,03","KV¹ zu 242/03, KV⁶ deest",<Cadenzas for the concerto in F for three claviers K. 242 (“Lodron concerto”)> Three cadenzas for the third movement (Rondeau: Tempo di Minuetto) Cadenza to mm. 59,Cadenza,,"clav1, clav2, clav3",
Anh.,"KV Anh. G 6,04","KV¹ zu 242/03, KV⁶ deest",<Cadenzas for the concerto in F for three claviers K. 242 (“Lodron concerto”). Three cadenzas for the third movement (Rondeau: Tempo di Minuetto)> Cadenza to mm. 104,Cadenza,,"clav1, clav2",
Anh.,"KV Anh. G 6,05","KV Anh. G 6/05, KV¹ zu 242/03, KV⁶ deest",<Cadenzas for the concerto in F for three claviers K. 242 (“Lodron concerto”). Three cadenzas for the third movement (Rondeau: Tempo di Minuetto)> Cadenza to mm. 192,Cadenza,,"clav1, clav2",
Anh.,"KV Anh. G 6,06","KV¹ zu 242/01, KV⁶ deest",Cadenzas for the concerto in F for two claviers K. 242 (“Lodron concerto”). Cadenza for the first movement (Allegro),Cadenza,,"clav1, clav2",
Anh.,"KV Anh. G 6,06-10",KV⁶ deest,"2 Cadenzas and 3 Eingangs for KV 242, Zweite Fassung",Cadenza,,"clav1, clav2",
Anh.,"KV Anh. G 6,07",KV¹ zu 242/02,<Cadenzas for the concerto in F for two claviers K. 242 (“Lodron concerto”)> Cadenza for the second movement (Adagio),Cadenza,B-flat major,"clav1, clav2",
Anh.,"KV Anh. G 6,08",KV¹ zu 242/03,<Cadenzas for the concerto in F for two claviers K. 242 (“Lodron concerto”)> Three cadenzas for the third movement (Rondeau: Tempo di Minuetto) Cadenza to mm. 59,Cadenza,F major,"clav1, clav2",
Anh.,"KV Anh. G 6,09","KV¹ zu 242/03, KV⁶ deest",Cadenzas for the concerto in F for two claviers K. 242 (“Lodron concerto”). Three cadenzas for the third movement (Rondeau: Tempo di Minuetto) Cadenza to mm. 104,Cadenza,F major,"clav1, clav2",
Anh.,"KV Anh. G 6,10","KV¹ zu 242/03, KV⁶ deest",<Cadenzas for the concerto in F for two claviers K. 242 (“Lodron concerto”). Three cadenzas for the third movement (Rondeau: Tempo di Minuetto)> Cadenza to mm. 192,Cadenza,F major,"clav1, clav2",
Anh.,"KV Anh. G 7,01-07",,6 Kadenzen and 1 Eingang for KV 246,Cadenza,,,
Anh.,"KV Anh. G 8,01-11",,4 Cadenzas and 7 Eingangs for KV 271,Cadenza,,,
Anh.,"KV Anh. H 17,07",,Ausschnittsskizze,,B-flat major,,
Anh.,"KV Anh. H 17,20",,"b) Line 7, two measures, and line 9, measures 1-4",,,clav,