SORT,Catalogue,Opus,Date,Title,Type,Key,Section,Instrumentation,Note
1.000 ,RV 1,op. 2/6,,Violin Sonata in C major,Sonata,C major,"I. Preludio. Andante (C major)
II. Allemanda. Presto (C major
III. Giga. Allegro (C major)","Violin, Basso Continuo (Harpsichord)",
2.000 ,RV 2,,,Violin Sonata in C major,Sonata,C major,"I. ... (C major)
II. ... (C major) [see 2e movement de RV 4]
III. ... (C minor)
IV. ... (C major) [see 4e movement de RV 4]","Violin, Basso Continuo",
3.000 ,RV 3,,,Violin Sonata in C major,Sonata,C major,"I. Preludio. Largo (C major)
II. Corrente. Allegro (C major)
III. Largo (C minor)
IV. Allemanda. Allegro non molto (C major)","Violin, Basso Continuo (Harpsichord)",
4.000 ,RV 4,,,Violin Sonata in C major,Sonata,C major,"I. Largo (C major)
II. Allegro (C major) [see 2e movement de RV 2]
III. Largo (G major)
IV. Allegro (C major) [see 4e movement de RV 2]","Violin, Basso Continuo",[Incomplete]
5.000 ,RV 5,,,Violin Sonata in C minor,Sonata,C minor,"I. Grave (C minor)
II. Allegro (C minor)
III. Largo (C minor)
IV. Allegro (C minor)","Violin, Basso Continuo",
6.000 ,RV 6,,,Violin Sonata in C minor,Sonata,C minor,"I. Preludio. Andante (C minor)
II. Corrente. Allegro (C minor)
III. Grave (C minor)
IV. Allemande. Allegro (C minor)","Violin, Basso Continuo (Harpsichord)",
7.000 ,RV 7,,,Violin Sonata in C minor,Sonata,C minor,"I. Preludio. Largo (C minor)
II. Allemanda. Allegro (C minor)
III. Aria (C minor)
IV. Vivace (C minor)","Violin, Basso Continuo",[Incomplete]
7.100 ,RV 7a,,,Violin Sonata in C minor,Sonata,C minor,"I. Preludio. Largo (C minor)
[see 1er movement de RV 7]
II. Allemanda. Allegro (C minor)
[see 2e movement de RV 7]
III. Grave (C minor)
IV. Vivace (C minor)
[see 4e movement de RV 7]","Violin, Basso Continuo",
8.000 ,RV 8,op. 2/7,,Violin Sonata in C minor,Sonata,C minor,"I. Preludio. Andante (C minor)
II. Allemanda. Allegro (C major)
III. Corrente. Allegro (C minor)","Violin, Basso Continuo (Harpsichord)",
9.000 ,RV 9,op. 2/11,,Violin Sonata in D major,Sonata,D major,"I. Preludio. Andante (D major)
II. Fantasia. Presto (D major)
III. Gavotta. Allegro (D major)","Violin, Basso Continuo (Harpsichord)",
10.000 ,RV 10,,,Violin Sonata in D major,Sonata,D major,"I. Allegro (D major)
II. Allegro (D major)
III. Adagio (B minor)
IV. Allegro (D major)","Violin, Basso Continuo",
11.000 ,RV 11,,,Violin Sonata in D major,Sonata,D major,"I. Largo (D major)
II. Allegro (D major)
III. Largo (B minor)
IV. Allegro (D major)","Violin, Basso Continuo",[Incomplete]
12.000 ,RV 12,,,Violin Sonata in D minor,Sonata,D minor,"I. Preludio. Largo (D minor) [see 2e movement de RV 582]
II. Corrente. Allegro (D minor)
III. Giga. Allegro (D minor)
IV. Gavotta. Presto (D minor) [see 4e movement de RV 596]","Violin, Basso Continuo (Harpsichord)",
13.000 ,RV 13,,,Violin Sonata in D minor,Sonata,D minor,,"Violin, Basso Continuo",[see Anh. 97]
14.000 ,RV 14,op. 2/3,,Violin Sonata in D minor,Sonata,D minor,"I. Preludio. Andante (D minor)
II. Corrente. Allegro (D minor)
III. Adagio (D minor)
IV. Giga. Allegro (D minor)","Violin, Basso Continuo (Harpsichord)",
15.000 ,RV 15,,,Violin Sonata in D minor,Sonata,D minor,"I. Preludio. Largo (D minor)
II. Corrente. Allegro (D minor)
III. Allegro (D minor)","Violin, Basso Continuo",
16.000 ,RV 16,op. 2/9,,Violin Sonata in E minor,Sonata,E minor,"I. Preludio. Andante (E minor)
II. Capriccio. Allegro (E minor)
III. Giga. Allegro (E minor)
IV. Gavotta. Presto (E minor)","Violin, Basso Continuo (Harpsichord)",
17.000 ,RV 17,,,Violin Sonata in E minor,Sonata,E minor,"I. Andante (E minor) [see 1er movement de RV 17a]
II. Allegro (E minor) [see 2e movement de RV 17a et 2e movement de RV 47]
III. Largo (B minor)
IV. Allegro (E minor) [see 4e movement de RV 17a]","Violin, Basso Continuo",[Incomplete]
17.100 ,RV 17a,,,Violin Sonata in E minor,Sonata,E minor,"I. Preludio. Largo (E minor)
[see 1er movement de RV 17]
II. Corrente. Allegro (E minor)
[see 2e movement de RV 17 et 2e movement de RV 47]
III. Sarabanda. Largo (E minor)
[see 2e movement de RV 314]
IV. Allemanda. Allegro (E minor)
[see 4e movement de RV 17]","Violin, Basso Continuo (Harpsichord)",[3e movement différent de RV 17]
18.000 ,RV 18,op. 5/1,,Violin Sonata in F major,Sonata,F major,"I. Preludio. Largo (F major)
II. Corrente. Presto (F major)
III. Sarabanda. Andante (F major)
IV. Giga. Allegro (F major)","Violin, Basso Continuo",
19.000 ,RV 19,,,Violin Sonata in F major,Sonata,F major,"I. Adagio (F major)
II. ... (F major)
III. ... (D minor)
IV. ... (F major)
V. ... (F major)","Violin, Basso Continuo",
20.000 ,RV 20,op. 2/4,,Violin Sonata in F major,Sonata,F major,"I. Andante (F major)
II. Allemande. Allegro (F major)
III. Sarabanda. Andante (F major)
IV. Corrente. Presto (F major)","Violin, Basso Continuo (Harpsichord)",
21.000 ,RV 21,op. 2/10,,Violin Sonata in F minor,Sonata,F minor,"I. Preludio. Largo (F minor)
II. Allemanda. Allegro (F minor)
III. Giga. Allegro (F minor)","Violin, Basso Continuo (Harpsichord)",
22.000 ,RV 22,,,Violin Sonata in G major,Sonata,G major,"I. Preludio. Andante (G major) [see 2e movement de RV 294]
II. Allemanda. Allegro (G major)
III. Andante (G major) [see 2e movement de RV 212a]
IV. Corrente. Allegro (G major)","Violin, Basso Continuo (Harpsichord)",
23.000 ,RV 23,op. 2/8,,Violin Sonata in G major,Sonata,G major,"I. Preludio. Largo (G major)
II. Giga. Presto (G major)
III. Corrente. Allegro (G major)","Violin, Basso Continuo (Harpsichord)",
24.000 ,RV 24,,,Violin Sonata in G major,Sonata,G major,"I. Adagio (G major)
II. Allegro (G major)
III. Adagio (G major)
IV. Allegro (G major)","Violin, Basso Continuo (Harpsichord)",
25.000 ,RV 25,,,Violin Sonata in G major,Sonata,G major,"I. Allegro (G major)
II. ... (G minor)
III. ... (G major)
IV. Grave (C minor)
V. ... (G major)
VI. ... (G minor)
VII. ... (G major)","Violin, Basso Continuo",
26.000 ,RV 26,,,Violin Sonata in G minor,Sonata,G minor,"I. ... (G minor)
II. ... (G minor)
III. ... (G minor)
IV. ... (G minor)
V. ... (G minor)","Violin, Basso Continuo",
27.000 ,RV 27,op. 2/1,,Violin Sonata in G minor,Sonata,G minor,"I. Preludio. Andante (G minor)
II. Giga. Allegro (G minor) [see 2e movement de RV 51]
III. Sarabanda. Largo (G minor) [see 3e movement de RV 51]
IV. Corrente. Allegro (G minor)","Violin, Basso Continuo (Harpsichord)",
28.000 ,RV 28,,,Violin Sonata in G minor,Sonata,G minor,"I. ... (G minor)
II. ... (G minor)
III. Largo (C minor)
IV. Allegro (G minor)","Violin, Basso Continuo",
29.000 ,RV 29,,,Violin Sonata in A major,Sonata,A major,"I. ... (A major)
II. ... (A major)
III. ... (E major)
IV. Presto (A major)","Violin, Basso Continuo",
30.000 ,RV 30,op. 5/2,,Violin Sonata in A major,Sonata,A major,"I. Preludio. Largo (A major)
II. Corrente. Presto (A major)
III. Gavotta. Allegro (A major)","Violin, Basso Continuo",
31.000 ,RV 31,op. 2/2,,Violin Sonata in A major,Sonata,A major,"I. Preludio a Capriccio. Presto (A major)
II. Presto (A major)
III. Corrente. Allegro (A major)
IV. Adagio (A major)
V. Giga. Allegro (A major)","Violin, Basso Continuo (Harpsichord)",
32.000 ,RV 32,op. 2/12,,Violin Sonata in A minor,Sonata,A minor,"I. Preludio. Largo (A minor)
II. Capriccio. Presto (A minor)
III. Grave (A minor)
IV. Allemanda. Allegro (A minor)","Violin, Basso Continuo (Harpsichord)",
33.000 ,RV 33,op. 5/3,,Violin Sonata in B-flat major,Sonata,B-flat major,"I. Preludio. Largo (B-flat major)
II. Allemanda. Allegro (B-flat major)
III. Corrente. Allegro (B-flat major)
IV. Gavotta. Presto (B-flat major)","Violin, Basso Continuo (Harpsichord)",
34.000 ,RV 34,,,Violin Sonata in B-flat major,Sonata,B-flat major,"I. Adagio (B-flat major)
II. Allegro (B-flat major)
III. Largo (G minor)
IV. Allegro (B-flat major)","Violin, Basso Continuo",
35.000 ,RV 35,op. 5/4,,Violin Sonata in B minor,Sonata,B minor,"I. Preludio. Largo (B minor)
II. Allemanda. Allegro (B minor)
III. Corrente. Allegro (B minor)","Violin, Basso Continuo",[see RV 35a]
35.100 ,RV 35a,,,Violin Sonata in B minor,Sonata,B minor,"I. Adagio (B minor)
II. Allegro (B minor)
[see 2e movement de RV 35]
III. Allegro (B minor)
[see 3e movement de RV 35]","Violin, Basso Continuo",[1er movement différent de RV 35]
36.000 ,RV 36,op. 2/5,,Violin Sonata in B minor,Sonata,B minor,"I. Preludio. Andante (B minor)
II. Corrente. Allegro (B minor)
III. Giga. Presto (B minor)","Violin, Basso Continuo (Harpsichord)",
37.000 ,RV 37,,,Violin Sonata in B minor,Sonata,B minor,"I. Largo (B minor)
II. Allegro (B minor)
III. Largo (E minor)
IV. Allegro (B minor)","Violin, Basso Continuo",
38.000 ,RV 38,,,Cello Sonata in D minor,Sonata,D minor,,"Cello, Basso Continuo",[Lost]
39.000 ,RV 39,,,Cello Sonata in E-flat major,Sonata,E-flat major,"I. Larghetto (E-flat major)
II. Allegro (E-flat major)
III. Andante (E-flat major)
IV. Allegro (E-flat major)","Cello, Basso Continuo",
40.000 ,RV 40,,,Cello Sonata in E minor,Sonata,E minor,"I. Largo (E minor)
II. Allegro (E minor)
III. Largo (E minor)
IV. Allegro (E minor)","Cello, Basso Continuo",
41.000 ,RV 41,,,Cello Sonata in F major,Sonata,F major,"I. Largo (F major)
II. Allegro (F major)
III. Largo (F minor)
IV. Allegro (F major)","Cello, Basso Continuo",
42.000 ,RV 42,,,Cello Sonata in G minor,Sonata,G minor,"I. Preludio. Largo (G minor)
II. Allemanda. Allegro (G minor)
III. Sarabanda. Largo (G minor)
IV. Giga. Allegro (G minor)","Cello, Basso Continuo",
43.000 ,RV 43,,,Cello Sonata in A minor,Sonata,A minor,"I. Largo (A minor)
II. Allegro (A minor)
III. Largo (A minor)
IV. Allegro (A minor)","Cello, Basso Continuo",
44.000 ,RV 44,,,Cello Sonata in A minor,Sonata,A minor,"I. Largo (A minor)
II. Allegro poco (A minor)
III. Largo (A minor)
IV. Allegro (A minor)","Cello, Basso Continuo",
45.000 ,RV 45,,,Cello Sonata in B-flat major,Sonata,B-flat major,"I. Largo (B-flat major)
II. Allegro (B-flat major)
III. Largo (D minor)
IV. Allegro (B-flat major)","Cello, Basso Continuo",
46.000 ,RV 46,,,Cello Sonata in B-flat major,Sonata,B-flat major,"I. Largo (B-flat major)
II. Allegro (B-flat major)
III. Largo (G minor)
IV. Allegro (B-flat major)","Cello, Basso Continuo",
47.000 ,RV 47,,,Cello Sonata in B-flat major,Sonata,B-flat major,"I. Largo (B-flat major)
II. Allegro (B-flat major)
[see 2e movement de RV 17 et RV 17a]
III. Largo (E-flat major)
IV. Allegro (B-flat major)","Cello, Basso Continuo",
48.000 ,RV 48,,,Sonata for Transverse Flute in C major,Sonata,C major,"I. Affettuoso (C major)
II. Allegro assai (C major)
III. Larghetto (A minor)
IV. Allegro (C major)","Transverse Flute, Basso Continuo",
49.000 ,RV 49,,,Sonata for Transverse Flute in D minor,Sonata,D minor,,"Transverse Flute, Basso Continuo",[see Anh. 99]
50.000 ,RV 50,,,Sonata for Transverse Flute in E minor,Sonata,E minor,,"Transverse Flute, Basso Continuo",[see Anh. 100]
51.000 ,RV 51,,,Sonata for Transverse Flute in G minor,Sonata,G minor,"I. Largo (G minor)
II. Allegro (G minor)
III. Andante (G minor)
IV. Allegro (G minor)","Transverse Flute, Basso Continuo",
52.000 ,RV 52,,,Recorder Sonata in F major,Sonata,F major,"I. ... (F major)
II. Allemanda (F major)
III. Aria di Giga. Allegro (F major)","Recorder, Basso Continuo",
53.000 ,RV 53,,,Oboe Sonata in C minor,Sonata,C minor,"I. Adagio (C minor)
II. Allegro (C minor)
III. Andante (C minor)
IV. Allegro (C minor)","Oboe, Basso Continuo",
54.000 ,RV 54,,,Musette Sonata in C major,Sonata,C major,,"Musette, Hurdy-Gurdy, Transverse Flute, Oboe / Violin, Basso Continuo",[see Anh. 95/1]
55.000 ,RV 55,,,Musette Sonata in C major,Sonata,C major,,"Musette, Hurdy-Gurdy, Transverse Flute, Oboe / Violin, Basso Continuo",[see Anh. 95/2]
56.000 ,RV 56,,,Musette Sonata in C major,Sonata,C major,,"Musette, Hurdy-Gurdy, Transverse Flute, Oboe / Violin, Basso Continuo",[see Anh. 95/3]
57.000 ,RV 57,,,Musette Sonata in G major,Sonata,G major,,"Musette, Hurdy-Gurdy, Transverse Flute, Oboe / Violin, Basso Continuo",[see Anh. 95/4]
58.000 ,RV 58,,,Musette Sonata in G minor,Sonata,G minor,,"Musette, Hurdy-Gurdy, Transverse Flute, Oboe / Violin, Basso Continuo",[see Anh. 95/5]
59.000 ,RV 59,,,Musette Sonata in A major,Sonata,A major,,"Musette, Hurdy-Gurdy, Transverse Flute, Oboe / Violin, Basso Continuo (Organ)",[see Anh. 95/6]
60.000 ,RV 60,,,Sonata for 2 Violins in C major,Sonata,C major,"I. Allegro (C major)
II. Adagio (C major)
III. Allegro (C major)
IV. Adagio (E minor)
V. Allegro (C major)","2 Violins, Basso Continuo",
61.000 ,RV 61,op. 1/3,,Sonata for 2 Violins in C major,Sonata,C major,"I. Adagio (C major)
II. Allemanda. Allegro (C major)
III. Adagio (E minor)
IV. Sarabanda. Allegro (C major)","2 Violins, Basso Continuo (Harpsichord or Organ)",
62.000 ,RV 62,op. 1/6,,Sonata for 2 Violins in D major,Sonata,D major,"I. Preludio. Grave (D major)
II. Corrente. Allegro (D major)
III. Adagio (A major)
IV. Allemanda. Allegro (D major)","2 Violins, Basso Continuo (Harpsichord or Organ)",
63.000 ,RV 63,op. 1/12,,Sonata for 2 Violins in D minor,Sonata,D minor,"I. Adagio (D minor)
II. Andante (F major)
III. Allegro (D minor)
IV. ... (D minor)
V. ... (D minor)
VI. ... (D minor)
VII. ... (D minor)
VIII. ... (D minor)
IX. Adagio (D minor)
X. Vivace (D minor)
XI. Allegro (D minor)
XII. Larghetto (D minor)
XIII. Allegro (F major)
XIV. ... (D minor)
XV. Adagio (D minor)
XVI. Allegro (D minor)
XVII. ... (F major)
XVIII. ... (D minor)
XIX. ... (F major)
XX. ... (F major)","2 Violins, Basso Continuo (Harpsichord or Organ)",
64.000 ,RV 64,op. 1/8,,Sonata for 2 Violins in D minor,Sonata,D minor,"I. Preludio. Largo (D minor)
II. Corrente. Allegro (D minor)
III. Grave (D minor)
IV. Giga. Allegro (D minor)","2 Violins, Basso Continuo (Harpsichord or Organ)",
65.000 ,RV 65,op. 1/7,,Sonata for 2 Violins in E-flat major,Sonata,E-flat major,"I. Preludio. Largo (E-flat major)
II. Allemanda. Allegro (E-flat major)
III. Sarabanda. Andante (E-flat major)
IV. Giga. Presto (E-flat major)","2 Violins, Basso Continuo (Harpsichord or Organ)",
66.000 ,RV 66,op. 1/4,,Sonata for 2 Violins in E major,Sonata,E major,"I. Largo (E major)
II. Allegro (E major) / Adagio
III. Allemanda. Allegro (E major)
IV. Sarabanda. Largo (E major)
V. Giga. Allegro (E major)","2 Violins, Basso Continuo (Harpsichord or Organ)",
67.000 ,RV 67,op. 1/2,,Sonata for 2 Violins in E minor,Sonata,E minor,"I. Grave (E minor)
II. Corrente. Allegro (E minor)
III. Giga. Allegro (E minor)
IV. Gavotta. Allegro (E minor)","2 Violins, Basso Continuo (Harpsichord or Organ)",
68.000 ,RV 68,,,Sonata for 2 Violins in F major,Sonata,F major,"I. Allegro (F major)
II. Andante (D minor)
III. Allegro (F major)","2 Violins, [Basso Continuo]",
69.000 ,RV 69,op. 1/5,,Sonata for 2 Violins in F major,Sonata,F major,"I. Preludio. Largo (F major)
II. Allemanda. Presto (F major)
III. Corrente. Allegro (F major)
IV. Gavotta. Presto (F major)","2 Violins, Basso Continuo (Harpsichord or Organ)",
70.000 ,RV 70,,,Sonata for 2 Violins in F major,Sonata,F major,"I. Allegro (F major)
II. Larghetto (D minor)
III. Allegro molto (F major)","2 Violins, [Basso Continuo]",
71.000 ,RV 71,,,Sonata for 2 Violins in G major,Sonata,G major,"I. Allegro (G major)
II. Larghetto (B minor)
[see 2e movement de RV 516]
III. Allegro (G major)","2 Violins, [Basso Continuo]",
72.000 ,RV 72,op. 5/6,,Sonata for 2 Violins in G minor,Sonata,G minor,"I. Preludio. Largo (G minor)
II. Allemanda. Allegro (G minor)
III. Air Menuet. Allegro (G minor)","2 Violins, Basso Continuo",
73.000 ,RV 73,op. 1/1,,Sonata for 2 Violins in G minor,Sonata,G minor,"I. Preludio. Grave (G minor)
II. Allemanda. Allegro (G minor)
III. Adagio (G minor)
IV. Capriccio. Allegro (G minor)
V. Gavotta. Allegro (G minor)","2 Violins, Basso Continuo (Harpsichord or Organ)",
74.000 ,RV 74,,,Sonata for 2 Violins in G minor,Sonata,G minor,"I. Andante (G minor)
II. Allegro (G minor)
III. Andante (G minor)
IV. Allegro assai (G minor)","2 Violins, Basso Continuo",
75.000 ,RV 75,op. 1/9,,Sonata for 2 Violins in A major,Sonata,A major,"I. Preludio. Allegro (A major)
II. Adagio (A major)
III. Allemanda. Allegro (A major)
IV. Corrente. Presto (A major)","2 Violins, Basso Continuo (Harpsichord or Organ)",
76.000 ,RV 76,op. 5/5,,Sonata for 2 Violins in B-flat major,Sonata,B-flat major,"I. Preludio. Andante (B-flat major)
II. Allemanda. Allegro (B-flat major)
III. Corrente. Allegro (B-flat major)","2 Violins, Basso Continuo",
77.000 ,RV 77,,,Sonata for 2 Violins in B-flat major,Sonata,B-flat major,"I. Allegro (B-flat major)
II. Andante (D minor)
III. Allegro (B-flat major)","2 Violins, [Basso Continuo]",
78.000 ,RV 78,op. 1/10,,Sonata for 2 Violins in B-flat major,Sonata,B-flat major,"I. Preludio. Adagio (B-flat major)
II. Allemanda. Allegro (B-flat major)
III. Gavotta. Presto (B-flat major)","2 Violins, Basso Continuo (Harpsichord or Organ)",
79.000 ,RV 79,op. 1/11,,Sonata for 2 Violins in B minor,Sonata,B minor,"I. Preludio. Andante (B minor)
II. Corrente. Allegro (B minor)
III. Giga. Allegro (B minor)
IV. Gavotta. Presto (B minor)","2 Violins, Basso Continuo (Harpsichord or Organ)",
80.000 ,RV 80,,,Sonata for 2 Transverse Flutes in G major,Sonata,G major,,"2 Transverse Flutes, Basso Continuo",[see Anh. 101]
81.000 ,RV 81,,,Sonata for 2 Oboes in G minor,Sonata,G minor,"I. Allegro (G minor)
II. Largo (C minor)
III. Allegro (G minor)","2 Oboes, Basso Continuo",
82.000 ,RV 82,,,Sonata in C major,Sonata,C major,"I. Allegro non molto (C major)
II. Larghetto (C minor)
III. Allegro (C major)","Violin, Lute, Basso Continuo",
83.000 ,RV 83,,,Sonata in C minor,Sonata,C minor,"I. Allegro (C minor)
II. Largo (C minor)
III. Allegro (C minor)","Violin, Cello, Basso Continuo",
84.000 ,RV 84,,,Sonata in D major,Sonata,D major,"I. Allegro (D major)
II. Andante (D major)
III. Allegro (D major)","Transverse Flute, Violin, Basso Continuo",
85.000 ,RV 85,,,Sonata in G minor,Sonata,G minor,"I. Andante molto (G minor)
II. Larghetto (G minor)
III. Allegro (G minor)","Violin, Lute, Basso Continuo",
86.000 ,RV 86,,,Sonata in A minor,Sonata,A minor,"I. Largo (A minor)
II. Allegro (A minor)
III. Largo (C major)
IV. Allegro molto (A minor)","Recorder, Bassoon, Basso Continuo",
87.000 ,RV 87,,,Concerto in C major,Concerto,C major,"I. Adagio (C major) / Allegro
II. Largo (C major) flûte à bec et basse continue
III. Allegro assai (C major)","Recorder, Oboe, 2 Violins, Basso Continuo",
88.000 ,RV 88,,,Concerto in C major,Concerto,C major,"I. Allegro (C major)
II. Largo (C minor)
III. Allegro molto (C major)","Transverse Flute, Oboe, Violin, Bassoon, Basso Continuo",
89.000 ,RV 89,,,Concerto in D major,Concerto,D major,,"Transverse Flute, 2 Violins, Basso Continuo (Harpsichord)",[see Anh. 102]
90.000 ,RV 90,,,Concerto in D major,Concerto,D major,"I. Allegro (D major)
[see 1er movement de RV 90a, RV 90b, RV 428]
II. Largo (D major)
flûte traversière et basson
[see 2e movement de RV 90a, RV 90b, RV 428]
III. Allegro (D major)
[see 3e movement de RV 90a, RV 90b, RV 428]","Transverse Flute, Oboe, Violin, Bassoon, Basso Continuo",[Même oeuvre que RV 90a et 90b mais avec instruments différents.]
90.100 ,RV 90a,,,Concerto in D major,Concerto,D major,"I. Allegro (D major)
[see 1er movement de RV 90, RV 90b, RV 428]
II. Largo (C major)
flûte à bec et basson
[see 2e movement de RV 90, RV 90b, RV 428]
III. Allegro (C major)
[see 3e movement de RV 90, RV 90b, RV 428]","Recorder, Oboe, Violin, Bassoon, Basso Continuo",[Même oeuvre que RV 90 et 90b mais avec instruments différents.]
90.200 ,RV 90b,,,Concerto in D major,Concerto,D major,"I. Allegro (C major)
[see 1er movement de RV 90, RV 90a, RV 428]
II. Largo (C major)
violon et violoncelle
[see 2e movement de RV 90, RV 90a, RV 428]
III. Allegro (C major)
[see 3e movement de RV 90, RV 90a, RV 428]","3 Violins, Cello,, Basso Continuo",[Même oeuvre que RV 90 et 90a mais avec instruments différents.]
91.000 ,RV 91,,,Concerto in D major,Concerto,D major,"I. Allegro (D major)
II. Largo (D minor)
III. Allegro non molto (D major)","Transverse Flute, Violin, Bassoon, Basso Continuo",
92.000 ,RV 92,,,Concerto in D major,Concerto,D major,"I. Allegro (D major)
2 ... (D major)
III. Allegro (D major)","Recorder, Violin, Bassoon, Basso Continuo",[Même oeuvre que RV 92 mais avec instruments différents]
92.100 ,RV 92a,,,Concerto in D major,Concerto,D major,"I. Allegro (D major)
II. ... (D major)
III. Allegro (D major)","Recorder, Violin, Cello",[Même oeuvre que RV 92 mais avec instruments différents]
93.000 ,RV 93,,,Lute Concerto in D major,Concerto,D major,"I. ... (D major)
II. Largo (D major)
III. Allegro (D major)","Lute, 2 Violins, Basso Continuo",
94.000 ,RV 94,,,Concerto in D major,Concerto,D major,"I. Allegro (D major)
[see RV 700, I:3 et RV 736, III:4]
II. Largo (D minor)
flûte à bec, violon et basson
III. Allegro (D major)","Recorder, Oboe, Violin, Bassoon, Basso Continuo",
95.000 ,RV 95,,,Concerto in D major,Concerto,D major,"I. Allegro (D major)
II. Largo (D major)
flûte à bec et basse continue
III. Allegro (D major)","Recorder, Oboe, Violin, Bassoon, Basso Continuo",
95.100 ,RV 95a,,,Concerto in D major,Concerto,D major,"I. Allegro (D major)
II. Largo (D major)
violon et basse continue
III. Allegro (D major)","3 Violins, Cello, Basso Continuo",[Même oeuvre que RV 95 mais instruments différents]
96.000 ,RV 96,,,Concerto in D minor,Concerto,D minor,"I. Allegro (D minor)
II. Largo (B-flat major)
III. Allegro (D minor)","Transverse Flute, Violin, Bassoon, Basso Continuo (Harpsichord)",
97.000 ,RV 97,,,Concerto in F major,Concerto,F major,"I. Largo (F major)
II. Allegro (F major)
III. Largo (A minor)
viole d'amour, hautbois et basson
IV. Allegro (F major)","Viola d'amore, 2 Horns, 2 Oboe, Bassoon, Basso Continuo",
98.000 ,RV 98,,,Concerto in F major,Concerto,F major,"I. ... (F major)
[see 1er movement de RV 433, RV 570]
II. Largo (D minor)
[see 2e movement de RV 433, RV 570]
III. Presto (F major)
[see 3e movement de RV 433, RV 570]","Transverse Flute, Oboe, Violin, Bassoon, Basso Continuo",
99.000 ,RV 99,,,Concerto in F major,Concerto,F major,"I. Allegro (F major)
[see 1er movement de RV 571]
II. Largo (C major)
flûte traversière, violon, hautbois et basson
[see 2e movement de RV 571]
III. Allegro (F major)
[see 3e movement de RV 571 et RV 720a, II:1]","Transverse Flute, Oboe, Violin, Bassoon, Basso Continuo",
100.000 ,RV 100,,,Concerto in F major,Concerto,F major,"I. Allegro (F major)
II. ... (C major) flûte traversière et basson
III. Allegro (F major)","Transverse Flute, Violin, Bassoon, Basso Continuo",
101.000 ,RV 101,,,Concerto in G major,Concerto,G major,"I. ... (G major)
[see 4e movement de RV 3 et 1er movement de RV 437]
II. Largo (D minor)
[see 2e movement de RV 242 et 2e movement de RV 437]
III. Allegro (G major)
[see 3e movement de RV 437]","Recorder, Oboe, Violin, Bassoon, Basso Continuo",
102.000 ,RV 102,,,Concerto in G major,Concerto,G major,,"Transverse Flute, 2 Violins, Basso Continuo",[see Anh. 103]
103.000 ,RV 103,,,Concerto in G minor,Concerto,G minor,"I. Allegro ma cantabile (G minor)
II. Largo (G minor)
III. Allegro non molto (G minor)","Recorder, Oboe, Bassoon [Basso Continuo]",
104.000 ,RV 104,,,Concerto in G minor,Concerto,G minor,"I. Largo (G minor)
[see 1er movement de RV 104a et RV 439]
II. Presto Fantasmi (G minor)
[see 2e movement de RV 104a et RV 439]
III. Largo (D minor) / Andante
[see 3e movement de RV 104a et RV 439]
IV. Presto (F major)
[see 4e movement de RV 104a et RV 439]
V. Largo Il Sonno (C minor)
[see 5e movement de RV 104a et RV 439]
VI. Allegro (G minor)
[see 6e movement de RV 104a et RV 439]","Transverse Flute, 2 Violins, Bassoon, Basso Continuo",[Même oeuvre que RV 104a mais avec instruments différents.]
104.100 ,RV 104a,,,Concerto in G minor,Concerto,G minor,"I. Largo (G minor)
[see 1er movement de RV 104 et RV 439]
II. Presto Fantasmi (G minor)
[see 2e movement de RV 104 et RV 439]
III. Largo (D minor) / Andante
[see 3e movement de RV 104 et RV 439]
IV. Presto (F major)
[see 4e movement de RV 104 et RV 439]
V. Lento Il Sonno (C minor)
[see 5e movement de RV 104 et RV 439]
VI. Allegro (G minor)
[see 6e movement de RV 104 et RV 439]","3 Violins, Bassoon/Cello, Basso Continuo",[Même oeuvre que RV 104 mais avec instruments différents.]
105.000 ,RV 105,,,Concerto in G minor,Concerto,G minor,"I. Allegro (G minor)
II. Largo (E-flat major)
flûte à bec et basson
III. ... (G minor)","Recorder, Oboe, Violin, Bassoon, Basso Continuo",
106.000 ,RV 106,,,Concerto in G minor,Concerto,G minor,"I. ... (G minor)
II. Largo (B-flat major)
flûte traversière, hautbois et basson
III. Allegro (G minor)","Transverse Flute, Violin, Bassoon, Basso Continuo",[Même oeuvre que RV 106a mais avec instruments différents]
106.100 ,RV 106a,,,Concerto in G minor,Concerto,G minor,"I. ... (G minor)
II. Largo (B-flat major)
2 violons et violoncelle
III. Allegro (G minor)","2 Violins, Cello, Basso Continuo",[Même oeuvre que RV 106 mais avec instruments différents]
107.000 ,RV 107,,,Concerto in G minor,Concerto,G minor,"I. Allegro (B-flat major)
II. Largo (G minor)
[see 2e movement de RV 548 et RV 764]
III. Allegro (B-flat major)","Transverse Flute, Oboe, Violin, Bassoon, Basso Continuo (Harpsichord)",
108.000 ,RV 108,,,Concerto in A minor,Concerto,A minor,"I. Allegro (A minor)
II. Largo (A minor)
III. Allegro (A minor)","Recorder, 2 Violins, Basso Continuo",
109.000 ,RV 109,,,String Concerto in C major,Concerto,C major,"I. Allegro (C major)
II. Adagio (C major)
III. Allegro molto (C major)","Strings, Basso Continuo",
110.000 ,RV 110,,,String Concerto in C major,Concerto,C major,"I. Allegro ( C major)
[see 3e movement de RV 537]
II. Largo (C major)
[see 2e movement de RV 537]
III. Allegro (C major)","Strings, Basso Continuo",
111.000 ,RV 111,,,String Concerto in C major,Concerto,C major,"I. ... (C major)
[see Sinfonia de RV 717]
II. ... (B-flat major)
sans clavecin
[see Sinfonia de RV 739]
III. Allegro (C major)","Strings, Basso Continuo (Harpsichord)",
111.100 ,RV 111a,,,Sinfonia in C major,Sinfonia,C major,"I. Allegro (C major)
[see Sinfonia de RV 717]
II. Andante (G minor)
III. Allegro (C major)
[see 3e movement de RV 111]","Strings, Basso Continuo (Harpsichord)",
112.000 ,RV 112,,,Sinfonia in C major,Sinfonia,C major,"I. Allegro (C major)
II. Andante (C minor)
III. Presto (C major)","Strings, Basso Continuo (Harpsichord)",
113.000 ,RV 113,,,Concerto in C major,Concerto,C major,"I. Allegro (C major)
II. Grave ou Adagio (C major)
[voie 2e movement de RV 298]
III. Allegro (C major)","Strings (+?Oboe), Basso Continuo (Organ)",
114.000 ,RV 114,,,String Concerto in C major,Concerto,C major,"I. Allegro (C major)
[see 1er movement de RV 539 et RV 808]
II. Adagio (C major)
[see 2e movement de RV 539 et RV 808]
III. Ciacona (C major)
[see 3e movement de RV 539 et RV 808]","Strings, Basso Continuo (Harpsichord)",
115.000 ,RV 115,,,String Concerto in C major,Concerto,C major,"I. Allegro (C major)
II. ... (A minor)
III. Allegro (C major)","Strings, Basso Continuo",
116.000 ,RV 116,,,Sinfonia in C major,Sinfonia,C major,"I. Allegro (C major)
II. Andante ou Affettuoso (C minor)
III. Allegro ou Presto (C major)","Strings, Basso Continuo (Harpsichord)",
117.000 ,RV 117,,,String Concerto in C major,Concerto,C major,"I. Allegro alla Francese (C major)
[see 1er movement de la Sinfonia de RV 693]
II. Largo (C major)
III. Allegro (C major)
[see 3e movement de la Sinfonia de RV 711]","Strings, Basso Continuo",
118.000 ,RV 118,,,String Concerto in C minor,Concerto,C minor,"I. Allegro (C minor)
II. Largo (C minor)
III. Allegro (C minor)","Strings, Basso Continuo",
119.000 ,RV 119,,,String Concerto in C minor,Concerto,C minor,"I. Allegro (C minor)
II. Largo (E-flat major)
III. Allegro (C minor)","Strings, Basso Continuo (Harpsichord)",
120.000 ,RV 120,,,String Concerto in C minor,Concerto,C minor,"I. Allegro non molto (C minor)
II. Largo (C minor)
III. Allegro (C minor)","Strings, Basso Continuo",
121.000 ,RV 121,,,String Concerto in D major,Concerto,D major,"I. Allegro molto (D major)
II. Adagio (D major)
III. Allegro (D major)","Strings, Basso Continuo (Harpsichord)",
122.000 ,RV 122,,,Sinfonia in D major,Sinfonia,D major,"I. Allegro (D major)
II. Largo (D major)
III. Presto (D major)","Strings, Basso Continuo (Harpsichord)",[Ajout ultérieur de 2 hautbois et basson]
123.000 ,RV 123,,,String Concerto in D major,Concerto,D major,"I. Allegro (D major)
II. Adagio (D major)
III. Allegro (D major)
[see 4e movement de RV 579]","Strings, Basso Continuo",
124.000 ,RV 124,op. 12/3,,String Concerto in D major,Concerto,D major,"I. Allegro (D major)
II. Grave (B minor)
III. Allegro (D major)","Strings, Basso Continuo",
125.000 ,RV 125,,,Sinfonia in D major,Sinfonia,D major,"I. Allegro (D major)
II. Adagio (B minor)
III. Allegro (D major)","Strings, Basso Continuo",[Incomplete]
126.000 ,RV 126,,,String Concerto in D major,Concerto,D major,"I. Allegro (D major)
[see 2e movement de RV 153 (sans hautbois)]
II. Andante (G minor)
III. Allegro (D major)
violons I/II, alto et basse continue","Strings, Basso Continuo",[Incomplete]
127.000 ,RV 127,,,String Concerto in D minor,Concerto,D minor,"I. Allegro (D minor)
violons I/II, alto et basse continue
II. Largo (F major)
III. Allegro (D minor)
violons I/II, alto et basse continue","Strings, Basso Continuo (Harpsichord)",
128.000 ,RV 128,,,String Concerto in D minor,Concerto,D minor,"I. Allegro non molto (D minor)
II. Largo (D minor)
III. Allegro (D minor)","Strings, Basso Continuo",
129.000 ,RV 129,,,"Concerto in D minor ""Madrigalesco""",Concerto,D minor,"I. Adagio (D minor) / Allegro
[see 2e movement de RV 491, 1er movement de RV 587 et 1er movement de RV 610 et RV 611]
II. Adagio (D minor)
III. ... (D minor)","Strings, Basso Continuo",
130.000 ,RV 130,,,"Sonata in E-flat major ""Al Santo Sepolcro""",Sonata,E-flat major,"I. Largo molto (E-flat major)
II. Allegro ma poco (E-flat major)","Strings, Basso Continuo",
131.000 ,RV 131,,,Sinfonia in E major,Sinfonia,E major,"I. ... (E major)
II. Andante (E minor)
violons I/II, alto, basse (sans clavecin)
III. Allegro (E major)","Strings, Basso Continuo (Harpsichord)",
132.000 ,RV 132,,,Sinfonia in E major,Sinfonia,E major,,"Strings, Basso Continuo",[see Anh. 96]
133.000 ,RV 133,,,String Concerto in E minor,Concerto,E minor,"I. Allegro (E minor)
II. Largo (E minor)
III. Allegro (E minor)","Strings, Basso Continuo (Harpsichord)",
134.000 ,RV 134,,,,Concerto / Sinfonia,E minor,"I. ... (E minor)
II. Andante e pianissimo (E minor)
III. Allegro (E minor)","Strings, Basso Continuo",
135.000 ,RV 135,,,Sinfonia in F major,Sinfonia,F major,"I. Allegro (F major)
II. Andante (F minor)
III. Allegro (F major)","Strings, Basso Continuo",
136.000 ,RV 136,,,String Concerto in F major,Concerto,F major,"I. Allegro (F major)
II. Andante (F major)
violons I/II, alto et basse continue
[see RV 700, I:4]
III. Minuet. Allegro (F major)
[see RV 700, I:11]","Strings, Basso Continuo (Harpsichord)",
137.000 ,RV 137,,,Sinfonia in F major,Sinfonia,F major,"I. Allegro (F major)
II. Andante (F minor)
III. Presto (F major)","Strings, Basso Continuo (Harpsichord)",
138.000 ,RV 138,,,String Concerto in F major,Concerto,F major,"I. Allegro (F major)
II. Adagio (F minor)
III. Allegro (F major)
violons I/II, alto et basse continue","Strings, Basso Continuo",
139.000 ,RV 139,,,String Concerto in F major,Concerto,F major,"I. Allegro (F major) [see 1er movement de RV 543]
II. Allegro alla Francese (D minor) [see 2e movement de RV 543]
III. Allegro (F major) [see 3e movement de RV 543]","Strings, Basso Continuo",
140.000 ,RV 140,,,,Concerto / Sinfonia,F major,"I. Allegro molto (F major)
II. Andante (D minor)
violon solo, alto et basse continue
III. Allegro (F major)","Strings, Basso Continuo (Harpsichord)",
141.000 ,RV 141,,,String Concerto in F major,Concerto,F major,"I. Allegro molto (F major)
II. Andante molto (F major)
III. Allegro molto (F major)","Strings, Basso Continuo",
142.000 ,RV 142,,,String Concerto in F major,Concerto,F major,"I. Allegro molto (F major)
II. ... (D minor)
III. Allegro molto (F major)","Strings, Basso Continuo",
143.000 ,RV 143,,,String Concerto in F minor,Concerto,F minor,"I. Allegro (F minor)
II. ... (C minor)
III. ... (F minor)","Strings, Basso Continuo",
144.000 ,RV 144,,,Sinfonia in G major,Sinfonia,G major,,"Strings, Basso Continuo",[see Anh. 70]
145.000 ,RV 145,,,String Concerto in G major,Concerto,G major,"I. Allegro molto (G major)
II. Andante e sempre piano (G major)
III. Presto (G major)","Strings, Basso Continuo",
146.000 ,RV 146,,,,Sinfonia / Concerto,G major,"I. Allegro (G major)
II. Andante e sempre piano (G minor) violons I/II, alto et basse continue [see RV 699, III:6]
III. Presto (G major) violons I/II, alto et basse continue","Strings, Basso Continuo (Harpsichord)",
147.000 ,RV 147,,,,Sinfonia,G major,"I. Largo (G major) / Allegro
II. Andante e sempre piano (G minor) violons I/II, alto ou basse continue [see 1er movement de RV 150]
III. Presto (G major)","Strings, Basso Continuo (Harpsichord)",
148.000 ,RV 148,,,Sinfonia in G major,Sinfonia,G major,,"Strings, Basso Continuo",[see Anh. 68]
149.000 ,RV 149,,,Sinfonia in G major,Sinfonia,G major,"I. Allegro molto (G major)
II. Andante (G minor) violons I/II con l'arco, violons III/IV pizzicati, alto, violoncelle pizzicati, sans clavecin
III. Allegro (G major)","Strings, Basso Continuo (Harpsichord)",
150.000 ,RV 150,,,String Concerto in G major,Concerto,G major,"I. Allegro (G major)
[see 3e movement de RV 147]
II. Largo (G major)
III. Allegro (G major)","Strings, Basso Continuo (Harpsichord)",
151.000 ,RV 151,,,"String Concerto in G major ""Alla rustica""",Concerto,G major,"I. Presto (G major)
II. Adagio (G major)
III. Allegro (G major)
avec 2 hautbois","Strings, Basso Continuo",
152.000 ,RV 152,,,String Concerto in G minor,Concerto,G minor,"I. Allegro molto (G minor)
II. Andante molto e sempre pianissimo (F major)
III. Allegro molto (G minor)","Strings, Basso Continuo (Harpsichord)",
153.000 ,RV 153,,,String Concerto in G minor,Concerto,G minor,"I. Allegro (G minor)
II. Adagio (G minor)
[see 2e movement de RV 126]
III. Allegro (G minor)","Strings, Basso Continuo",
154.000 ,RV 154,,,String Concerto in G minor,Concerto,G minor,"I. Allegro (G minor)
II. Adagio (E-flat major)
III. Allegro (G minor)","Strings, Basso Continuo (Harpsichord)",
155.000 ,RV 155,,,String Concerto in G minor,Concerto,G minor,"I. Adagio (G minor)
II. Allegro (G minor)
III. Largo (D minor)
violon solo et basse continue
IV. Allegro (G minor)
violon solo, cordes et basse continue","Strings, Basso Continuo",
156.000 ,RV 156,,,String Concerto in G minor,Concerto,G minor,"I. Allegro (G minor)
II. Adagio (G minor)
III. Allegro (G minor)","Strings, Basso Continuo",
157.000 ,RV 157,,,String Concerto in G minor,Concerto,G minor,"I. Allegro (G minor)
II. Largo (G minor)
III. Allegro (G minor","Strings, Basso Continuo (Harpsichord)",
158.000 ,RV 158,,,String Concerto in A major,Concerto,A major,"I. Allegro molto (A major)
II. Andante molto (A minor)
III. Allegro (A major)","Strings, Basso Continuo",
159.000 ,RV 159,,,String Concerto in A major,Concerto,A major,"I. Allegro (A major) violons I/II, alto et basse continue [see RV 739, I:3, RV 749,12]
II. Adagio (F-sharp minor)
III. Allegro (A minor / A major)
violons I/II et violoncelle solo avec cordes et basse continue [see RV 739, I:4]","Strings, Basso Continuo (Harpsichord)",
160.000 ,RV 160,,,String Concerto in A major,Concerto,A major,"I. Allegro (A major)
II. Andante (F-sharp minor)
III. Allegro (A major)","Strings, Basso Continuo (Harpsichord)",
161.000 ,RV 161,,,String Concerto in A minor,Concerto,A minor,"I. Allegro (A minor)
violons I/II, alto et basse continue
II. Largo (G major)
III. Allegro (A minor)
violons I/II, alto et basse continue","Strings, Basso Continuo",
162.000 ,RV 162,,,Sinfonia in B-flat major,Sinfonia,B-flat major,"I. Allegro (B-flat major)
[see 3e movement de RV 87]
II. Largo (B-flat major)
III. Allegro assai (B-flat major)","Strings, Basso Continuo (Harpsichord)",
163.000 ,RV 163,,,"String Concerto in B-flat major ""Conca""",Concerto,B-flat major,"I. ... (B-flat major) / Allegro molto
II. Andante (B-flat major)
III. Allegro (B-flat major)","Strings, Basso Continuo",
164.000 ,RV 164,,,String Concerto in B-flat major,Concerto,B-flat major,"I. Allegro (B-flat major)
II. Adagio (B-flat major)
III. Allegro (B-flat major)","Strings, Basso Continuo (Harpsichord)",
165.000 ,RV 165,,,String Concerto in B-flat major,Concerto,B-flat major,"I. Allegro (B-flat major)
violons I/II, alto et basse continue
II. Andante (B-flat major)
violons I/II, alto et basse continue
III. Presto (B-flat major)","Strings, Basso Continuo",
166.000 ,RV 166,,,String Concerto in B-flat major,Concerto,B-flat major,"I. Allegro (B-flat major)
II. Adagio (F minor)
III. ... (B-flat major)","Strings, Basso Continuo",
167.000 ,RV 167,,,String Concerto in B-flat major,Concerto,B-flat major,"I. Allegro (B-flat major)
violons I/II, alto et basse continue
[see 3e movement de RV 222]
II. Andante (B-flat major)
III. Allegro (B-flat major)
violons I/II, alto et basse continue","Strings, Basso Continuo",
168.000 ,RV 168,,,Sinfonia in B minor,Sinfonia,B minor,"I. Allegro (B minor)
[see 1er movement de RV 390]
II. Andante (F-sharp minor)
III. Allegro (B minor)","Strings, Basso Continuo (Harpsichord)",
169.000 ,RV 169,,,"Sinfonia in B minor ""Al Santo Sepolcro""",Sinfonia,B minor,"I. Adagio molto (B minor)
II. Allegro ma poco (B minor)","Strings, Basso Continuo (without Harpsichord)",
170.000 ,RV 170,,,Violin Concerto in C major,Concerto,C major,"I. Presto (C major)
II. Largo (C minor)
III. Allegro (C major)","Violin, Strings, Basso Continuo",
171.000 ,RV 171,,,Violin Concerto in C major,Concerto,C major,"I. Allegro (C major)
II. Largo (E minor)
violon solo, violons I/II, alto et basse continue
III. Allegro non molto (C major)","Violin, Strings, Basso Continuo",
172.000 ,RV 172,,,Violin Concerto in C major,Concerto,C major,"I. ... (C major)
II. ... (E minor)
violon solo, violons I/II, alto et basse continue
III. Allegro (C major)
Tiré d'une oeuvre de Carlo Tessarini","Violin, Strings, Basso Continuo",
172.100 ,RV 172a,,,Violin Concerto in C major,Concerto,C major,,"Violin, Strings, Basso Continuo",[version de RV 172 faussement attribuée]
173.000 ,RV 173,op. 12/4,,Violin Concerto in C major,Concerto,C major,"I. Largo spiccato (C major) / Allegro
II. Largo (C major)
violon solo, violons I/II
III. Allegro (C major)","Violin, Strings, Basso Continuo (Organ)",
174.000 ,RV 174,,,Violin Concerto in C major,Concerto,C major,,"Violin, Strings, Basso Continuo",[Lost]
175.000 ,RV 175,,,Violin Concerto in C major,Concerto,C major,,"Violin, Strings, Basso Continuo (Organ)",[see Anh. 104]
176.000 ,RV 176,,,Violin Concerto in C major,Concerto,C major,"I. Allegro (C major)
II. Largo (C minor)
III. Allegro (C major)","Violin, Strings, Basso Continuo (Organ)",
177.000 ,RV 177,,,Violin Concerto in C major,Concerto,C major,"I. Allegro ma poco (C major)
[see 1er movement de Sinfonia, RV 725]
II. Largo (F major)
III. Allegro (C major)","Violin, Strings, Basso Continuo",
178.000 ,RV 178,op. 8/12,,Violin Concerto in C major,Concerto,C major,"I. Allegro (C major)
[see 1er movement de RV 449]
II. Largo (C minor)
violon solo et basse continue
[see 2e movement de RV 449]
III. Allegro (C major)
[see 3e movement de RV 449]","Violin, Strings, Basso Continuo (Organ)","[Même oeuvre pour hautbois, RV 449]"
179.000 ,RV 179,,,Violin Concerto in C major,Concerto,C major,"I. Andante (C major) / Allegro ma poco
[see 1er movement de RV 179a, RV 581]
II. Largo (E minor)
[see 2e movement de RV 179a, RV 581]
III. Allegro (C major)
[see 3e movement de RV 581]","Violin, Strings, Basso Continuo (Harpsichord)",[Même oeuvre que RV 581]
179.100 ,RV 179a,,,Violin Concerto in C major,Concerto,C major,"I. Allegro ma poco (C major)
[see 1er movement de RV 179]
II. Largo (E minor)
[see 2e movement de RV 179]
III. Allegro (C major)","Violin, Strings, Basso Continuo",[Incomplete]
180.000 ,RV 180,op. 8/6,,"Violin Concerto in C major ""Il Piacere""",Concerto,C major,"I. Allegro (C major)
II. Largo (E minor)
III. Allegro (C major)","Violin, Strings, Basso Continuo",
181.000 ,RV 181,,,Violin Concerto in C major,Concerto,C major,"I. Allegro (C major)
[see 1er movement de RV 181a]
II. Largo (C minor)
violon solo et basse continue
[see 2e movement de RV 181a]
III. Allegro (C major)","Violin, Strings, Basso Continuo",
181.100 ,RV 181a,op. 9/1,,Violin Concerto in C major,Concerto,C major,"I. Allegro (C major)
[see 1er movement de RV 181]
II. Largo (E minor)
violon solo et basse continue
[see 2e movement de RV 181]
III. Allegro (C major)
[see 3e movement de RV 183]","Violin, Strings, Basso Continuo (Organ)",
182.000 ,RV 182,,,Violin Concerto in C major,Concerto,C major,"1. Allegro (do majeur)
2. Largo (do majeur)
3. Allegro (do majeur)","Violin, Strings, Basso Continuo (Harpsichord)",
183.000 ,RV 183,,,Violin Concerto in C major,Concerto,C major,"1. Allegro non molto (do majeur)
2. Largo (do majeur)
violon solo et basse continue
3. Allegro (do majeur)
[voir 3e movement de RV 181a]","Violin, Strings, Basso Continuo (Harpsichord)",
184.000 ,RV 184,,,Violin Concerto in C major,Concerto,C major,"1. Allegro (do majeur)
2. Andante (la mineur)
3. Allegro (do majeur)","Violin, Strings, Basso Continuo",
185.000 ,RV 185,op. 4/7,,Violin Concerto in C major,Concerto,C major,"1. Largo (do majeur)
2. Allegro (do majeur)
3. Largo (mi mineur)
4. Allegro (do majeur)
avec 2 violons solo et violoncelle solo
[voir 3e movement de RV 188, 3e movement de RV 447 et 3e movement de Sinfonia RV 729a]","Violin, Strings, Basso Continuo (Organ)",
186.000 ,RV 186,,,Violin Concerto in C major,Concerto,C major,"1. Allegro (do majeur)
2. Largo (do majeur)
3. ... (do majeur)","Violin, Strings, Basso Continuo",
187.000 ,RV 187,,,Violin Concerto in C major,Concerto,C major,"1. Allegro (do majeur)
[voir 1er movement de Sinfonia RV 718]
2. Largo ma non molto (do mineur)
3. Allegro (do majeur)","Violin, Strings, Basso Continuo (Harpsichord)",
188.000 ,RV 188,op. 7/2,,Violin Concerto in C major,Concerto,C major,"1. Allegro (do majeur)
2. Largo (do mineur)
3. Allegro (do majeur)
[voir 3e movement de RV 185]","Violin, Strings, Basso Continuo (Organ)",
189.000 ,RV 189,,,Violin Concerto in C major,Concerto,C major,"1. Larghetto (do majeur) / Allegro non molto
2. Larghetto (do mineur)
violon solo, violons I/II et basse continue
[voir 1er movement de RV 401]
3. Allegro molto (do majeur)","Violin, Strings, Basso Continuo (Harpsichord/Organ)",
190.000 ,RV 190,,,Violin Concerto in C major,Concerto,C major,"1. Allegro (do majeur)
2. Largo (fa majeur)
violon solo, violons I/II, alto et basse (sans clavecin)
3. Allegro (do majeur)","Violin, Strings, Basso Continuo (Harpsichord)",
191.000 ,RV 191,,,Violin Concerto in C major,Concerto,C major,"1. Allegro ma poco (do majeur)
2. Largo (fa majeur)
3. Allegro ma poco (do majeur)","Violin, Strings, Basso Continuo (Harpsichord)",
192.000 ,RV 192,,,Sinfonia in C major,Sinfonia,C major,"I. Allegro (C major)
avec 2 violons solo
[see 1er movement de RV 192a]
II. Adagio ou Grave (C major)
cordes et basse continue
[see 2e movement de RV 192a]
III. Allegro (C major)
violon solo, cordes et basse continue","Violin, Strings, Basso Continuo (Harpsichord)",
192.100 ,RV 192a,,,Sinfonia in C major,Sinfonia,C major,"I. ... (C major)
[see 1er movement de RV 192]
II. ... (C major)
[see 2e movement de RV 192]
III. ... (C major)
violon solo, violons I/II, alto et basse continue","Violin, Strings, Basso Continuo",
193.000 ,RV 193,,,Violin Concerto in C major,Concerto,C major,,"Violin, Strings, Basso Continuo",
194.000 ,RV 194,,,Violin Concerto in C major,Concerto,C major,"1. Allegro ma poco (do majeur)
2. Largo (do majeur)
3. Allegro (do majeur)","Violin, Strings, Basso Continuo",
195.000 ,RV 195,,,Violin Concerto in C major,Concerto,C major,"1. Allegro (do majeur)
2. Adagio (sol majeur)
3. Allegro (do majeur)","Violin, Strings, Basso Continuo (Organ)",
196.000 ,RV 196,op. 4/10,,Violin Concerto in C minor,Concerto,C minor,"1. Spiritoso (do mineur)
2. Adagio (do mineur)
3. Allegro (do mineur)","Violin, Strings, Basso Continuo (Organ)",
197.000 ,RV 197,,,Violin Concerto in C minor,Concerto,C minor,"1. ... (do mineur)
2. Adagio (do mineur)
3. ... (do mineur)","Violin, Strings, Basso Continuo",
198.000 ,RV 198,,,Violin Concerto in C minor,Concerto,C minor,"1. Allegro (do mineur)
[voir 1er movement de RV 198a]
2. Adagio (do mineur)
violon solo, violons I/II, violoncelle pizzicato et basse (sans clavecin)
3. ... (do mineur)
[voir 3e movement de RV 198a]","Violin, Strings, Basso Continuo (Harpsichord)",
198.100 ,RV 198a,op. 9/11,,Violin Concerto in C minor,Concerto,C minor,"I. ... (C minor)
[see 1er movement de RV 198]
II. Adagio (F major)
III. Allegro (C minor)
[see 3e movement de RV 198]","Violin, Strings, Basso Continuo (Organ)",
199.000 ,RV 199,,,"Violin Concerto in C minor ""Il Sospetto""",Concerto,C minor,"1. Allegro (do mineur)
2. Andante (do mineur)
violons I/II, violoncelle et basse (sans clavecin)
[voir RV 704, II:13 et RV 739, I:12]
3. Allegro (do mineur)","Violin, Strings, Basso Continuo (Harpsichord)",
200.000 ,RV 200,,,Violin Concerto in C minor,Concerto,C minor,,"Violin, Strings, Basso Continuo",
201.000 ,RV 201,,,Violin Concerto in C minor,Concerto,C minor,"1. Allegro molto (do mineur)
2. Larghetto (do mineur)
3. Allegro (do mineur)","Violin, Strings, Basso Continuo",
202.000 ,RV 202,op. 11/5,,Violin Concerto in C minor,Concerto,C minor,"1. Allegro non molto (do mineur)
2. Largo (fa mineur)
[2 versions]
3. Allegro non molto (do mineur)","Violin, Strings, Basso Continuo (Harpsichord/Organ)",
203.000 ,RV 203,,,Violin Concerto in D major,Concerto,D major,,"Violin, Strings, Basso Continuo (Harpsichord)",
204.000 ,RV 204,op. 4/11,,Violin Concerto in D major,Concerto,D major,,"Violin, Strings, Basso Continuo (Harpsichord/Organ)",
205.000 ,RV 205,,,Violin Concerto in D major,Concerto,D major,,"Violin, Strings, Basso Continuo (Harpsichord)",
206.000 ,RV 206,,,Violin Concerto in D major,Concerto,D major,,"Violin, Strings, Basso Continuo",
207.000 ,RV 207,op. 11/1,,Violin Concerto in D major,Concerto,D major,,"Violin, Strings, Basso Continuo (Organ)",
208.000 ,RV 208,,,"Violin Concerto in D major ""Grosso Mogul""",Concerto,D major,,"Violin, Strings, Basso Continuo (Harpsichord)",
208.100 ,RV 208a,op. 7/11,,Violin Concerto in D major,Concerto,D major,"I. Allegro (D major)
[see 1er movement de RV 208, sans cadence]
II. Grave (A major)
III. Allegro (D major)
[see 3e movement de RV 208, sans cadence]","Violin, Strings, Basso Continuo (Organ)",
209.000 ,RV 209,,,Violin Concerto in D major,Concerto,D major,,"Violin, Strings, Basso Continuo",
210.000 ,RV 210,op. 8/11,,Violin Concerto in D major,Concerto,D major,,"Violin, Strings, Basso Continuo (Organ)",
211.000 ,RV 211,,,Violin Concerto in D major,Concerto,D major,,"Violin, Strings, Basso Continuo (Harpsichord)",
212.000 ,RV 212,,,"Violin Concerto in D major ""Per la Solennita della S. Lingua di S. Antonio in Padua""",Concerto,D major,,"Violin, Strings, Basso Continuo (Harpsichord/Organ)",
212.100 ,RV 212a,,,Violin Concerto in D major,Concerto,D major,"I. Allegro (D major)
[see 1er movement de RV 212, sans cadence]
II. Largo (G major)
[see 3e movement de RV 22]
III. Allegro (D major)
[see 3e movement de RV 212, sans cadence]","Violin, Strings, Basso Continuo",
213.000 ,RV 213,,,Violin Concerto in D major,Concerto,D major,,"Violin, Strings, Basso Continuo (Harpsichord)",
213.100 ,RV 213a,,,Violin Concerto in D major,Concerto,D major,"I. Allegro (D major)
[see 1er movement de RV 213]
II. Largo (B minor)
[see 2e movement (1ère version) de RV 213]
III. Allegro (D major)","Violin, Strings, Basso Continuo",[Incomplete]
214.000 ,RV 214,op. 7/12,,Violin Concerto in D major,Concerto,D major,,"Violin, Strings, Basso Continuo (Harpsichord/Organ)",
215.000 ,RV 215,,,Violin Concerto in D major,Concerto,D major,,"Violin, Strings, Basso Continuo",
216.000 ,RV 216,op. 6/4,,Violin Concerto in D major,Concerto,D major,,"Violin, Strings, Basso Continuo (Organ)",
217.000 ,RV 217,,,Violin Concerto in D major,Concerto,D major,,"Violin, Strings, Basso Continuo",
218.000 ,RV 218,,,Violin Concerto in D major,Concerto,D major,,"Violin, Strings, Basso Continuo",
219.000 ,RV 219,,,Violin Concerto in D major,Concerto,D major,,"Violin, Strings, Basso Continuo",
220.000 ,RV 220,,,Violin Concerto in D major,Concerto,D major,,"Violin, Strings, Basso Continuo",
221.000 ,RV 221,,,Violin Concerto in D major,Concerto,D major,,"Violin, Strings, Basso Continuo",
222.000 ,RV 222,,,Violin Concerto in D major,Concerto,D major,,"Violin, Strings, Basso Continuo (Harpsichord)",
223.000 ,RV 223,,,Violin Concerto in D major,Concerto,D major,,"Violin, Strings, Basso Continuo",
224.000 ,RV 224,,,Violin Concerto in D major,Concerto,D major,,"Violin, Strings, Basso Continuo",
224.100 ,RV 224a,,,Violin Concerto in D major,Concerto,D major,"I. ... (D major)
[see 1er movement de RV 224]
II. Largo (B minor)
[see 2e movement de RV 772]
III. Allegro (D major)
[see 3e movement de RV 224]","Violin, Strings, Basso Continuo (Harpsichord)",
225.000 ,RV 225,,,Violin Concerto in D major,Concerto,D major,,"Violin, Strings, Basso Continuo",
226.000 ,RV 226,,,Violin Concerto in D major,Concerto,D major,,"Violin, Strings, Basso Continuo",
227.000 ,RV 227,,,Violin Concerto in D major,Concerto,D major,,"Violin, Strings, Basso Continuo",
228.000 ,RV 228,,,Violin Concerto in D major,Concerto,D major,,"Violin, Strings, Basso Continuo (Harpsichord)",
229.000 ,RV 229,,,Violin Concerto in D major,Concerto,D major,,"Violin, Strings, Basso Continuo",
230.000 ,RV 230,op. 3/9,,Violin Concerto in D major,Concerto,D major,,"Violin, Strings, Basso Continuo (Harpsichord)",
231.000 ,RV 231,,,Violin Concerto in D major,Concerto,D major,,"Violin, Strings, Basso Continuo",
232.000 ,RV 232,,,Violin Concerto in D major,Concerto,D major,,"Violin, Strings, Basso Continuo",
233.000 ,RV 233,,,Violin Concerto in D major,Concerto,D major,,"Violin, Strings, Basso Continuo",
234.000 ,RV 234,,,"Violin Concerto in D major ""L'inquietudine""",Concerto,D major,,"Violin, Strings, Basso Continuo (Organ)",
235.000 ,RV 235,,,Violin Concerto in D minor,Concerto,D minor,,"Violin, Strings, Basso Continuo",
236.000 ,RV 236,op. 8/9,,Violin Concerto in D minor,Concerto,D minor,,"Violin, Strings, Basso Continuo (Organ)",
237.000 ,RV 237,,,Violin Concerto in D minor,Concerto,D minor,,"Violin, Strings, Basso Continuo (Harpsichord)",
238.000 ,RV 238,op. 9/8,,Violin Concerto in D minor,Concerto,D minor,,"Violin, Strings, Basso Continuo (Organ)",
239.000 ,RV 239,op. 6/6,,Violin Concerto in D minor,Concerto,D minor,,"Violin, Strings, Basso Continuo (Harpsichord/Organ)",
240.000 ,RV 240,,,Violin Concerto in D minor,Concerto,D minor,,"Violin, Strings, Basso Continuo (Harpsichord)",
241.000 ,RV 241,,,Violin Concerto in D minor,Concerto,D minor,,"Violin, Strings, Basso Continuo",
242.000 ,RV 242,op. 8/7,,"Violin Concerto in D minor ""Per Pisendel""",Concerto,D minor,,"Violin, Strings, Basso Continuo (Organ)",
243.000 ,RV 243,,,Violin Concerto in D minor,Concerto,D minor,,"Violin, Strings, Basso Continuo",
244.000 ,RV 244,op. 12/2,,Violin Concerto in D minor,Concerto,D minor,,"Violin, Strings, Basso Continuo (Organ)",
245.000 ,RV 245,,,Violin Concerto in D minor,Concerto,D minor,,"Violin, Strings, Basso Continuo",
246.000 ,RV 246,,,Violin Concerto in D minor,Concerto,D minor,,"Violin, Strings, Basso Continuo",
247.000 ,RV 247,,,Violin Concerto in D minor,Concerto,D minor,,"Violin, Strings, Basso Continuo",
248.000 ,RV 248,,,Violin Concerto in D minor,Concerto,D minor,,"Violin, Strings, Basso Continuo",
249.000 ,RV 249,op. 4/8,,Violin Concerto in D minor,Concerto,D minor,,"Violin, Strings, Basso Continuo (Organ/Harpsichord)",
250.000 ,RV 250,,,Violin Concerto in E-flat major,Concerto,E-flat major,,"Violin, Strings, Basso Continuo",
251.000 ,RV 251,,,Violin Concerto in E-flat major,Concerto,E-flat major,,"Violin, Strings, Basso Continuo",
252.000 ,RV 252,,,Violin Concerto in E-flat major,Concerto,E-flat major,,"Violin, Strings, Basso Continuo",
253.000 ,RV 253,op. 8/5,,"Violin Concerto in E-flat major ""La tempesta di mare""",Concerto,E-flat major,,"Violin, Strings, Basso Continuo (Organ)",
254.000 ,RV 254,,,Violin Concerto in E-flat major,Concerto,E-flat major,,"Violin, Strings, Basso Continuo (Harpsichord)",
255.000 ,RV 255,,,Violin Concerto in E-flat major,Concerto,E-flat major,,"Violin, Strings, Basso Continuo",
256.000 ,RV 256,,,"Violin Concerto in E-flat major ""Il ritiro""",Concerto,E-flat major,,"Violin, Strings, Basso Continuo (Harpsichord)",
257.000 ,RV 257,,,Violin Concerto in E-flat major,Concerto,E-flat major,,"Violin, Strings, Basso Continuo (Harpsichord)",
258.000 ,RV 258,,,Violin Concerto in E-flat major,Concerto,E-flat major,,"Violin, Strings, Basso Continuo",
259.000 ,RV 259,op. 6/2,,Violin Concerto in E-flat major,Concerto,E-flat major,,"Violin, Strings, Basso Continuo (Organ)",
260.000 ,RV 260,,,Violin Concerto in E-flat major,Concerto,E-flat major,,"Violin, Strings, Basso Continuo (Harpsichord)",
261.000 ,RV 261,,,Violin Concerto in E-flat major,Concerto,E-flat major,,"Violin, Strings, Basso Continuo",
262.000 ,RV 262,,,Violin Concerto in E-flat major,Concerto,E-flat major,,"Violin, Strings, Basso Continuo",
263.000 ,RV 263,,,Violin Concerto in E major,Concerto,E major,,"Violin, Strings, Basso Continuo",
263.100 ,RV 263a,op. 9/4,,Violin Concerto in E major,Concerto,E major,"I. Allegro non molto (E major)
[see 1er movement de RV 263]
II. Largo (E major)
violon solo, alto et basse continue
[see 2e movement de RV 263]
III. Allegro non molto (E major)
[see 3e movement de RV 762]","Violin, Strings, Basso Continuo (Organ)",
264.000 ,RV 264,,,Violin Concerto in E major,Concerto,E major,,"Violin, Strings, Basso Continuo",
265.000 ,RV 265,op. 3/12,,Violin Concerto in E major,Concerto,E major,,"Violin, Strings, Basso Continuo (Harpsichord)",
266.000 ,RV 266,,,Violin Concerto in E major,Concerto,E major,,"Violin, Strings, Basso Continuo (Harpsichord)",
267.000 ,RV 267,,,Violin Concerto in E major,Concerto,E major,,"Violin, Strings, Basso Continuo",
267.100 ,RV 267a,,,Violin Concerto in E major,Concerto,E major,"I. Allegro (E major) / Adagio
[see 1er movement de RV 267]
II. Andante (E major)
violon solo et basse continue
III. Allegro (E major)
[see 3e movement de RV 267]","Violin, Strings, Basso Continuo",[Incomplete]
268.000 ,RV 268,,,Violin Concerto in E major,Concerto,E major,,"Violin, Strings, Basso Continuo (Organ)",
269.000 ,RV 269,op. 8/1,,"Violin Concerto in E major ""La primavera""",Concerto,E major,,"Violin, Strings, Basso Continuo (Organ)",
270.000 ,RV 270,,,"Violin Concerto in E major ""Il riposo per il Santissimo Natale""",Concerto,E major,,"Violin, Strings, Basso Continuo (without Harpsichord)",
270.100 ,RV 270a,,,Violin Concerto in E major,Concerto,E major,"I. Allegro (E major)
[see 1er movement de RV 270]
II. ... (E major)
III. Allegro (E major)
[see 3e movement de RV 270]","Violin, Strings, Basso Continuo",[Incomplete]
271.000 ,RV 271,,,"Violin Concerto in E major ""L'amoroso""",Concerto,E major,,"Violin, Strings, Basso Continuo",
272.000 ,RV 272,,,Violin Concerto in E minor,Concerto,E minor,,"Violin, Strings, Basso Continuo",
273.000 ,RV 273,,,Violin Concerto in E minor,Concerto,E minor,,"Violin, Strings, Basso Continuo (Harpsichord)",
274.000 ,RV 274,,,Violin Concerto in E minor,Concerto,E minor,,"Violin, Strings, Basso Continuo",
275.000 ,RV 275,,,Violin Concerto in E minor,Concerto,E minor,,"Violin, Strings, Basso Continuo (Organ)",
275.100 ,RV 275a,,,Violin Concerto in E minor,Concerto,E minor,"I. Vivace (E minor)
[see 1er movement de RV 275]
II. Largo (E minor)
violon solo et basse continue
III. Allegro ( E minor)
[see 3e movement de RV 275]","Violin, Strings, Basso Continuo",
276.000 ,RV 276,,,Violin Concerto in E minor,Concerto,E minor,,"Violin, Strings, Basso Continuo (Organ)",
277.000 ,RV 277,op. 11/2,,"Violin Concerto in E minor ""Il favorito""",Concerto,E minor,,"Violin, Strings, Basso Continuo (Harpsichord/Organ)",
278.000 ,RV 278,,,Violin Concerto in E minor,Concerto,E minor,,"Violin, Strings, Basso Continuo",
279.000 ,RV 279,op. 4/2,,Violin Concerto in E minor,Concerto,E minor,,"Violin, Strings, Basso Continuo (Organ)",
280.000 ,RV 280,op. 6/5,,Violin Concerto in E minor,Concerto,E minor,,"Violin, Strings, Basso Continuo (Organ)",
281.000 ,RV 281,,,Violin Concerto in E minor,Concerto,E minor,,"Violin, Strings, Basso Continuo (Harpsichord)",
282.000 ,RV 282,,,Violin Concerto in F major,Concerto,F major,,"Violin, Strings, Basso Continuo",
283.000 ,RV 283,,,Violin Concerto in F major,Concerto,F major,,"Violin, Strings, Basso Continuo",
284.000 ,RV 284,op. 4/9,,Violin Concerto in F major,Concerto,F major,,"Violin, Strings, Basso Continuo (Organ)",
285.000 ,RV 285,,,Violin Concerto in F major,Concerto,F major,,"Violin, Strings, Basso Continuo",
285.100 ,RV 285a,op. 7/9,,Violin Concerto in F major,Concerto,F major,"I. Allegro (F major)
II. Grave (D minor)
[see 2e movement de RV 285]
III. Allegro (F major)
[see 3e movement de RV 285]","Violin, Strings, Basso Continuo (Organ)",
286.000 ,RV 286,,,"Violin Concerto in F major ""Per la Solennita di S. Lorenzo""",Concerto,F major,,"Violin, Strings, Basso Continuo (Harpsichord)",
287.000 ,RV 287,,,Violin Concerto in F major,Concerto,F major,,"Violin, Strings, Basso Continuo",
288.000 ,RV 288,,,Violin Concerto in F major,Concerto,F major,,"Violin, Strings, Basso Continuo",
289.000 ,RV 289,,,Violin Concerto in F major,Concerto,F major,,"Violin, Strings, Basso Continuo",
290.000 ,RV 290,,,Violin Concerto in F major,Concerto,F major,,"Violin, Strings, Basso Continuo",
291.000 ,RV 291,,,"Violin Concerto in F major ""Walsh-Druck""",Concerto,F major,,"Violin, Strings, Basso Continuo (Organ)",
292.000 ,RV 292,,,Violin Concerto in F major,Concerto,F major,,"Violin, Strings, Basso Continuo (Harpsichord)",
293.000 ,RV 293,op. 8/3,,"Violin Concerto in F major ""L'autunno""",Concerto,F major,,"Violin, Strings, Basso Continuo (Organ/Harpsichord)",
294.000 ,RV 294,,,"Violin Concerto in F major ""Il rittiro""",Concerto,F major,,"Violin, Strings, Basso Continuo (Organ)",
294.100 ,RV 294a,op. 7/4,,"Violin Concerto in F major ""Il rittiro""",Concerto,F major,"I. Allegro (F major)
[see 1er movement de RV 294]
II. Grave (D minor)
violon solo et basse
III. Allegro (F major)
[see 3e movement de RV 294]","Violin, Strings, Basso Continuo (Harpsichord)",[Indexé aussi sous RN 61/12]
295.000 ,RV 295,,,Violin Concerto in F major,Concerto,F major,,"Violin, Strings, Basso Continuo (Harpsichord)",
296.000 ,RV 296,,,Violin Concerto in F major,Concerto,F major,,"Violin, Strings, Basso Continuo",
297.000 ,RV 297,op. 8/4,,"Violin Concerto in F minor ""L'inverno""",Concerto,F minor,,"Violin, Strings, Basso Continuo (Organ/Harpsichord)",
298.000 ,RV 298,op. 4/12,,Violin Concerto in G major,Concerto,G major,,"Violin, Strings, Basso Continuo (Organ)",
299.000 ,RV 299,op. 7/8,,Violin Concerto in G major,Concerto,G major,,"Violin, Strings, Basso Continuo (Harpsichord/Organ)",
300.000 ,RV 300,op. 9/10,,Violin Concerto in G major,Concerto,G major,,"Violin, Strings, Basso Continuo (Organ)",
301.000 ,RV 301,op. 4/3,,Violin Concerto in G major,Concerto,G major,,"Violin, Strings, Basso Continuo (Organ/Harpsichord)",
302.000 ,RV 302,,,Violin Concerto in G major,Concerto,G major,,"Violin, Strings, Basso Continuo (Organ)",
303.000 ,RV 303,,,Violin Concerto in G major,Concerto,G major,,"Violin, Strings, Basso Continuo",
304.000 ,RV 304,,,Violin Concerto in G major,Concerto,G major,,"Violin, Strings, Basso Continuo",
305.000 ,RV 305,,,Violin Concerto in G major,Concerto,G major,,"Violin, Strings, Basso Continuo",
306.000 ,RV 306,,,Violin Concerto in G major,Concerto,G major,,"Violin, Strings, Basso Continuo",
307.000 ,RV 307,,,Violin Concerto in G major,Concerto,G major,,"Violin, Strings, Basso Continuo",
308.000 ,RV 308,op. 11/4,,Violin Concerto in G major,Concerto,G major,,"Violin, Strings, Basso Continuo (Organ)",
309.000 ,RV 309,,,"Violin Concerto in G major ""Il mare tempesto""",Concerto,G major,,"Violin, Strings, Basso Continuo",
310.000 ,RV 310,op. 3/3,,Violin Concerto in G major,Concerto,G major,,"Violin, Strings, Basso Continuo (Harpsichord/Organ)",
311.000 ,RV 311,,,Violin Concerto in G major,Concerto,G major,,"Violin in tromba, Strings, Basso Continuo",
312.000 ,RV 312,,,Violin Concerto in G major,Concerto,G major,,"Violin, Strings, Basso Continuo",
313.000 ,RV 313,,,Violin Concerto in G major,Concerto,G major,,"Violin in tromba, Strings, Basso Continuo",
314.000 ,RV 314,,,Violin Concerto in G major,Concerto,G major,,"Violin, Strings, Basso Continuo (Harpsichord/Organ)",
314.100 ,RV 314a,,,Violin Concerto in G major,Concerto,G major,"I. … (G major)
[see 1er movement de RV 314]
II. Adagio (G minor)
III. Vivace (G major)
[see 3e movement de RV 314]","Violin, Strings, Basso Continuo",
315.000 ,RV 315,op. 8/2,,"Violin Concerto in G minor ""L'estate""",Concerto,G minor,,"Violin, Strings, Basso Continuo (Organ/Harpsichord)",
316.000 ,RV 316,,,Violin Concerto in G minor,Concerto,G minor,,"Violin, Strings, Basso Continuo",
316.100 ,RV 316a,op. 4/6,,Violin Concerto in G minor,Concerto,G minor,"I. Allegro (G minor)
[see 1er movement de RV 316]
II. Largo (D minor)
III. Allegro (G minor)","Violin, Strings, Basso Continuo (Organ)",
317.000 ,RV 317,op. 12/1,,Violin Concerto in G minor,Concerto,G minor,,"Violin, Strings, Basso Continuo (Organ)",
318.000 ,RV 318,op. 6/3,,Violin Concerto in G minor,Concerto,G minor,,"Violin, Strings, Basso Continuo (Organ)",
319.000 ,RV 319,,,Violin Concerto in G minor,Concerto,G minor,,"Violin, Strings, Basso Continuo (Harpsichord)",
320.000 ,RV 320,,,Violin Concerto in G minor,Concerto,G minor,,"Violin, Strings, Basso Continuo",
321.000 ,RV 321,,,Violin Concerto in G minor,Concerto,G minor,,"Violin, Strings, Basso Continuo",
322.000 ,RV 322,,,Violin Concerto in G minor,Concerto,G minor,,"Violin, Strings, Basso Continuo",
323.000 ,RV 323,,,Violin Concerto in G minor,Concerto,G minor,,"Violin, Strings, Basso Continuo",
324.000 ,RV 324,op. 6/1,,Violin Concerto in G minor,Concerto,G minor,,"Violin, Strings, Basso Continuo (Organ)",
325.000 ,RV 325,,,Violin Concerto in G minor,Concerto,G minor,,"Violin, Strings, Basso Continuo (Harpsichord)",
326.000 ,RV 326,op. 7/3,,Violin Concerto in G minor,Concerto,G minor,,"Violin, Strings, Basso Continuo (Organ)",
327.000 ,RV 327,,,Violin Concerto in G minor,Concerto,G minor,,"Violin, Strings, Basso Continuo",
328.000 ,RV 328,,,Violin Concerto in G minor,Concerto,G minor,,"Violin, Strings, Basso Continuo (Organ)",
329.000 ,RV 329,,,Violin Concerto in G minor,Concerto,G minor,,"Violin, Strings, Basso Continuo (Harpsichord)",
330.000 ,RV 330,,,Violin Concerto in G minor,Concerto,G minor,,"Violin, Strings, Basso Continuo",
331.000 ,RV 331,,,Violin Concerto in G minor,Concerto,G minor,,"Violin, Strings, Basso Continuo",
332.000 ,RV 332,op. 8/8,,Violin Concerto in G minor,Concerto,G minor,,"Violin, Strings, Basso Continuo (Organ)",
333.000 ,RV 333,,,Violin Concerto in G minor,Concerto,G minor,,"Violin, Strings, Basso Continuo",
334.000 ,RV 334,op. 9/3,,Violin Concerto in G minor,Concerto,G minor,,"Violin, Strings, Basso Continuo (Organ/Harpsichord)",
335.000 ,RV 335,,,"Violin Concerto in A major ""The Cuckow""",Concerto,A major,,"Violin, Strings, Basso Continuo (Organ/Harpsichord)",
335.100 ,RV 335a,,,"Violin Concerto in A major ""Il Rosignuolo""",Concerto,A major,,"Violin, Strings, Basso Continuo",[Même oeuvre que RV 335]
336.000 ,RV 336,op. 11/3,,Violin Concerto in A major,Concerto,A major,,"Violin, Strings, Basso Continuo (Organ)",
337.000 ,RV 337,,,Violin Concerto in A major,Concerto,A major,,"Violin, Strings, Basso Continuo",
338.000 ,RV 338,,,Violin Concerto in A major,Concerto,A major,,"Violin, Strings, Basso Continuo",
339.000 ,RV 339,,,Violin Concerto in A major,Concerto,A major,,"Violin, Strings, Basso Continuo (Harpsichord)",
340.000 ,RV 340,,,Violin Concerto in A major,Concerto,A major,,"Violin, Strings, Basso Continuo",
341.000 ,RV 341,,,Violin Concerto in A major,Concerto,A major,,"Violin, Strings, Basso Continuo (Harpsichord)",
342.000 ,RV 342,,,Violin Concerto in A major,Concerto,A major,,"Violin, Strings, Basso Continuo",
343.000 ,RV 343,,,Violin Concerto in A major,Concerto,A major,,"Violin scordatura, Strings, Basso Continuo (Harpsichord)",
344.000 ,RV 344,,,Violin Concerto in A major,Concerto,A major,,"Violin, Strings, Basso Continuo",
345.000 ,RV 345,op. 9/2,,Violin Concerto in A major,Concerto,A major,,"Violin, Strings, Basso Continuo (Organ)",
346.000 ,RV 346,,,Violin Concerto in A major,Concerto,A major,,"Violin, Strings, Basso Continuo",
347.000 ,RV 347,op. 4/5,,Violin Concerto in A major,Concerto,A major,,"Violin, Strings, Basso Continuo (Organ)",
348.000 ,RV 348,op. 9/6,,Violin Concerto in A major,Concerto,A major,,"Violin scordatura, Strings, Basso Continuo (Harpsichord/Organ)",
349.000 ,RV 349,,,Violin Concerto in A major,Concerto,A major,,"Violin, Strings, Basso Continuo (Harpsichord)",
350.000 ,RV 350,,,Violin Concerto in A major,Concerto,A major,,"Violin, Strings, Basso Continuo",
351.000 ,RV 351,,,Violin Concerto in A major,Concerto,A major,,"Violin, Strings, Basso Continuo",
352.000 ,RV 352,,,Violin Concerto in A major,Concerto,A major,,"Violin, Strings, Basso Continuo",
353.000 ,RV 353,,,Violin Concerto in A major,Concerto,A major,,"Violin, Strings, Basso Continuo",
354.000 ,RV 354,op. 7/5,,Violin Concerto in A minor,Concerto,A minor,,"Violin, Strings, Basso Continuo (Organ)",
355.000 ,RV 355,,,Violin Concerto in A minor,Concerto,A minor,,"Violin, Strings, Basso Continuo",
356.000 ,RV 356,op. 3/6,,Violin Concerto in A minor,Concerto,A minor,,"Violin, Strings, Basso Continuo (Harpsichord)",
357.000 ,RV 357,op. 4/4,,Violin Concerto in A minor,Concerto,A minor,,"Violin, Strings, Basso Continuo (Organ)",
358.000 ,RV 358,op. 9/5,,Violin Concerto in A minor,Concerto,A minor,,"Violin, Strings, Basso Continuo (Organ)",
359.000 ,RV 359,op. 9/7,,Violin Concerto in B-flat major,Concerto,B-flat major,,"Violin, Strings, Basso Continuo (Organ)",
360.000 ,RV 360,,,Violin Concerto in B-flat major,Concerto,B-flat major,,"Violin, Strings, Basso Continuo (Harpsichord)",
361.000 ,RV 361,op. 12/6,,Violin Concerto in B-flat major,Concerto,B-flat major,,"Violin, Strings, Basso Continuo (Organ)",
362.000 ,RV 362,op. 8/10,,"Violin Concerto in B-flat major ""La caccia""",Concerto,B-flat major,,"Violin, Strings, Basso Continuo (Organ/Harpsichord)",
363.000 ,RV 363,,,"Violin Concerto in B-flat major ""Il cornetto da Posta""",Concerto,B-flat major,,"Violin, Strings, Basso Continuo (Harpsichord)",
364.000 ,RV 364,,,Violin Concerto in B-flat major,Concerto,B-flat major,,"Violin, Strings, Basso Continuo (Organ)",
364.100 ,RV 364a,,,Violin Concerto in B-flat major,Concerto,B-flat major,"I. Allegro (B-flat major)
[see 1er movement de RV 364 et Anh. 18]
II. Adagio (B-flat major)
III. Presto (B-flat major)
[see 3e movement de RV 364]","Violin, Strings, Basso Continuo (Organ)",
365.000 ,RV 365,,,Violin Concerto in B-flat major,Concerto,B-flat major,,"Violin, Strings, Basso Continuo",
366.000 ,RV 366,,,"Violin Concerto in B-flat major ""Il carbonelli""",Concerto,B-flat major,,"Violin, Strings, Basso Continuo (Harpsichord)",
367.000 ,RV 367,,,Violin Concerto in B-flat major,Concerto,B-flat major,,"Violin, Strings, Basso Continuo (Harpsichord)",
368.000 ,RV 368,,,Violin Concerto in B-flat major,Concerto,B-flat major,,"Violin, Strings, Basso Continuo",
369.000 ,RV 369,,,Violin Concerto in B-flat major,Concerto,B-flat major,,"Violin, Strings, Basso Continuo",
370.000 ,RV 370,,,Violin Concerto in B-flat major,Concerto,B-flat major,,"Violin, Strings, Basso Continuo (Organ)",
371.000 ,RV 371,,,Violin Concerto in B-flat major,Concerto,B-flat major,,"Violin, Strings, Basso Continuo (Harpsichord)",
372.000 ,RV 372,,,Violin Concerto in B-flat major,Concerto,B-flat major,,"Violin, Strings, Basso Continuo (Harpsichord)",
372.100 ,RV 372a,,,Violin Concerto in B-flat major,Concerto,B-flat major,"I. Allegro molto e spiritoso (B-flat major)
[see 1er movement de RV 372]
II. Andante (B-flat major)
violon solo, violon I et ?
[see 2e movement de RV 583]
III. Allegro (B-flat major)
[see 3e movement de RV 372]","Violin, Strings, Basso Continuo",[Incomplete]
373.000 ,RV 373,op. 7/10,,Violin Concerto in B-flat major,Concerto,B-flat major,,"Violin, Strings, Basso Continuo (Organ)",
374.000 ,RV 374,op. 7/6,,Violin Concerto in B-flat major,Concerto,B-flat major,,"Violin, Strings, Basso Continuo (Organ)",
375.000 ,RV 375,,,Violin Concerto in B-flat major,Concerto,B-flat major,,"Violin, Strings, Basso Continuo (Harpsichord)",
376.000 ,RV 376,,,Violin Concerto in B-flat major,Concerto,B-flat major,,"Violin, Strings, Basso Continuo",
377.000 ,RV 377,,,Violin Concerto in B-flat major,Concerto,B-flat major,,"Violin, Strings, Basso Continuo",
378.000 ,RV 378,,,Violin Concerto in B-flat major,Concerto,B-flat major,,"Violin, Strings, Basso Continuo",
379.000 ,RV 379,op. 12/5,,Violin Concerto in B-flat major,Concerto,B-flat major,,"Violin, Strings, Basso Continuo (Harpsichord/Organ)",
380.000 ,RV 380,,,Violin Concerto in B-flat major,Concerto,B-flat major,,"Violin, Strings, Basso Continuo",
381.000 ,RV 381,,,Violin Concerto in B-flat major,Concerto,B-flat major,,"Violin, Strings, Basso Continuo (Harpsichord)",
382.000 ,RV 382,,,Violin Concerto in B-flat major,Concerto,B-flat major,,"Violin, Strings, Basso Continuo (Harpsichord/Organ)",
383.000 ,RV 383,,,Violin Concerto in B-flat major,Concerto,B-flat major,,"Violin, Strings, Basso Continuo",
383.100 ,RV 383a,op. 4/1,,Violin Concerto in B-flat major,Concerto,B-flat major,"I. Allegro (B-flat major)
[see 1er movement de RV 381 et RV 528]
II. Largo e cantabile (B-flat major)
III. Allegro (B-flat major)
[see 3e movement de RV 383]","Violin, Strings, Basso Continuo (Organ)",
384.000 ,RV 384,,,Violin Concerto in B minor,Concerto,B minor,,"Violin, Strings, Basso Continuo",
385.000 ,RV 385,,,Violin Concerto in B minor,Concerto,B minor,,"Violin, Strings, Basso Continuo",
386.000 ,RV 386,,,Violin Concerto in B minor,Concerto,B minor,,"Violin, Strings, Basso Continuo",
387.000 ,RV 387,,,Violin Concerto in B minor,Concerto,B minor,,"Violin, Strings, Basso Continuo",
388.000 ,RV 388,,,Violin Concerto in B minor,Concerto,B minor,,"Violin, Strings, Basso Continuo",
389.000 ,RV 389,,,Violin Concerto in B minor,Concerto,B minor,,"Violin, Strings, Basso Continuo (Harpsichord)",
390.000 ,RV 390,,,Violin Concerto in B minor,Concerto,B minor,,"Violin, Strings, Basso Continuo",
391.000 ,RV 391,op. 9/12,,Violin Concerto in B minor,Concerto,B minor,,"Violin scordatura, Strings, Basso Continuo (Harpsichord/Organ)",
392.000 ,RV 392,,,,Concerto,D major,"1. ... (ré majeur)
2. Largo (si mineur)
3. Allegro (ré majeur)","Viola d'amore, Strings, Basso Continuo",
393.000 ,RV 393,,,,Concerto,D minor,"1. ... (ré mineur)
[voir 1er movement de RV 769]
2. ... (ré mineur)
viole d'amour et basse continue
[voir 2e movement de RV 769]
3. ... (ré mineur)
[voir 3e movement de RV 769]","Viola d'amore, Strings, Basso Continuo",
394.000 ,RV 394,,,,Concerto,D minor,"1. Allegro (ré mineur)
2. Largo (ré mineur)
viole d'amour, cordes et basse sans clavecin
3. Allegro (ré mineur)","Viola d'amore, Strings, Basso Continuo (Harpsichord)",
395.000 ,RV 395,,,,Concerto,D minor,"1. Allegro (ré mineur)
[voir 1er movement de RV 395a et RV 770]
2. Largo (ré mineur)
viole d'amour, violons I/II et alto
[voir 2e movement de RV 395a et RV 770]
3. Allegro (ré mineur)
[voir 3e movement de RV 395a et de RV 770]","Viola d'amore, Strings, Basso Continuo",
395.100 ,RV 395a,,,,Concerto,D minor,,"Viola d'amore, Strings, Basso Continuo",
396.000 ,RV 396,,,,Concerto,A major,"1. Allegro (la majeur)
[voir 1er movement de RV 768]
2. Andante (la majeur)
viole d'amour, violons I/II et alto
3. Allegro (la majeur)
[voir 3e movement de RV 768]","Viola d'amore, Strings, Basso Continuo",
397.000 ,RV 397,,,,Concerto,A minor,"1. Allegro (la mineur)
2. Largo (la mineur)
viole d'amour, 2 violons solo et un alto solo
3. Allegro (la mineur)","Viola d'amore, Strings, Basso Continuo",
398.000 ,RV 398,,,Cello Concerto in C major,Concerto,C major,"1. Allegro (do majeur)
2. Largo (la mineur)
violoncelle et basse continue
3. … (do majeur)","Cello, Strings, Basso Continuo",
399.000 ,RV 399,,,Cello Concerto in C major,Concerto,C major,"1. Allegro (do majeur)
2. Largo (la mineur)
violoncelle et basse continue
3. … (do majeur)","Cello, Strings, Basso Continuo",
400.000 ,RV 400,,,Cello Concerto in C major,Concerto,C major,"1. Allegro (do majeur)
2. Largo (la mineur)
3. Allegro non molto (do majeur)","Cello, Strings, Basso Continuo",
401.000 ,RV 401,,,Cello Concerto in C minor,Concerto,C minor,"1. Allegro non molto (do mineur)
[voir 2e movement de RV 189]
2. Adagio (do mineur)
3. Allegro ma non molto (do mineur)","Cello, Strings, Basso Continuo",
402.000 ,RV 402,,,Cello Concerto in C minor,Concerto,C minor,"1. Allegro (do mineur)
2. Adagio (sol mineur)
3. Allegro (do mineur)","Cello, Strings, Basso Continuo",
403.000 ,RV 403,,,Cello Concerto in D major,Concerto,D major,"1. Allegro (ré majeur)
2. … (ré majeur)
violoncelle et basse continue
3. Allegro (ré majeur)","Cello, Strings, Basso Continuo",
404.000 ,RV 404,,,Cello Concerto in D major,Concerto,D major,"1. … (ré majeur)
2. Affettuoso (ré majeur)
3. Allegro (ré majeur)","Cello, Strings, Basso Continuo (Harpsichord)",
405.000 ,RV 405,,,Cello Concerto in D minor,Concerto,D minor,"1. … (ré mineur)
2. Adagio (la mineur)
3. Allegro (ré mineur)","Cello, Strings, Basso Continuo",
406.000 ,RV 406,,,Cello Concerto in D minor,Concerto,D minor,"1. Allegro non molto (ré mineur)
[voir 1er movement de RV 481]
2. Andante (ré mineur)
violoncelle, violons I/II, alto et basse
3. Minuet (ré mineur)","Cello, Strings, Basso Continuo",
407.000 ,RV 407,,,Cello Concerto in D minor,Concerto,D minor,"1. Allegro (ré mineur)
2. Largo (sol mineur)
3. Allegro (ré mineur)","Cello, Strings, Basso Continuo",
408.000 ,RV 408,,,Cello Concerto in E-flat major,Concerto,E-flat major,"1. Allegro non molto (mi bémol majeur)
2. Largo (do mineur)
violoncelle et basse continue
3. Allegro (mi bémol majeur)","Cello, Strings, Basso Continuo",
409.000 ,RV 409,,,Cello Concerto in E minor,Concerto,E minor,"1. Adagio/Allegro (mi mineur)
2. Allegro/Adagio (mi mineur)
3. Allegro (mi mineur)","Cello, Strings, Basso Continuo (Bassoon)",
410.000 ,RV 410,,,Cello Concerto in F major,Concerto,F major,"1. Allegro (fa majeur)
2. Largo (si bémol mejur)
violoncelle et basse continue
3. … (fa majeur)","Cello, Strings, Basso Continuo",
411.000 ,RV 411,,,Cello Concerto in F major,Concerto,F major,"1. Allegro (fa majeur)
2. Largo (ré mineur)
violoncelle et basse continue
3. Allegro molto (fa majeur)","Cello, Strings, Basso Continuo",
412.000 ,RV 412,,,Cello Concerto in F major,Concerto,F major,"1. … (fa majeur)
2. Larghetto (si bémol majeur)
3. Allegro (fa majeur)","Cello, Strings, Basso Continuo",
413.000 ,RV 413,,,Cello Concerto in G major,Concerto,G major,"1. Allegro (sol majeur)
2. Largo (ré majeur)
3. Allegro (sol majeur)","Cello, Strings, Basso Continuo",
414.000 ,RV 414,,,Cello Concerto in G major,Concerto,G major,"1. Allegro molto (sol majeur)
[voir 1er movement de RV 438]
2. Andante (mi mineur)
[voir 2e movement de RV 438]
3. Presto (sol majeur)
[voir 3e movement de RV 438]","Cello, Strings, Basso Continuo",
415.000 ,RV 415,,,Cello Concerto in G major,Concerto,G major,"1. Allegro (sol majeur)
2. Siciliana (mi mineur)
3. Allabreve (sol majeur)","Cello, Strings, Basso Continuo",
416.000 ,RV 416,,,Cello Concerto in G minor,Concerto,G minor,"1. Allegro (sol mineur)
2. Adagio/Largo (sol mineur)
violoncelle et basse continue
3. Allegro (sol mineur)","Cello, Strings, Basso Continuo (Harpsichord)",
417.000 ,RV 417,,,Cello Concerto in G minor,Concerto,G minor,"1. Allegro (sol mineur)
2. Andante (sol mineur)
violoncelle et basse continue
3. Allegro (sol mineur)","Cello, Strings, Basso Continuo",
418.000 ,RV 418,,,Cello Concerto in A minor,Concerto,A minor,"1. Allegro (la mineur)
2. … (ré mineur)
3. Allegro (la mineur)","Cello, Strings, Basso Continuo",
419.000 ,RV 419,,,Cello Concerto in A minor,Concerto,A minor,"1. Allegro (la mineur)
2. Andante (do majeur)
violoncelle et basse continue
3. Allegro (la mineur)","Cello, Strings, Basso Continuo",
420.000 ,RV 420,,,Cello Concerto in A minor,Concerto,A minor,"1. Andante (la mineur)
2. Adagio (do majeur)
3. Allegro (la mineur)","Cello, Strings, Basso Continuo (Harpsichord)",
421.000 ,RV 421,,,Cello Concerto in A minor,Concerto,A minor,"1. Allegro non troppo (la mineur)
2. … (mi mineur)
violoncelle et basse continue
3. Allegro (la mineur)","Cello, Strings, Basso Continuo",
422.000 ,RV 422,,,Cello Concerto in A minor,Concerto,A minor,"1. Allegro (la mineur)
2. Largo cantabile (la mineur)
violoncelle et basse continue
3. Allegro (la mineur)","Cello, Strings, Basso Continuo",
423.000 ,RV 423,,,Cello Concerto in B-flat major,Concerto,B-flat major,"1. Allegro (si bémol majeur)
2. Largo (si bémol majeur)
3. Allegro (si bémol majeur)","Cello, Strings, Basso Continuo",
424.000 ,RV 424,,,Cello Concerto in B minor,Concerto,B minor,"1. Allegro non molto (si mineur)
2. Largo (si mineur)
violoncelle et basse continue
3. Allegro (si mineur)","Cello, Strings, Basso Continuo",
425.000 ,RV 425,,,Mandolin Concerto in C major,Concerto,C major,"1. Allegro (do majeur)
2. Largo (la mineur)
3. … (do majeur)","Mandolin, Strings, Basso Continuo",
426.000 ,RV 426,,,Concerto for Transverse Flute in D major,Concerto,D major,,"Transverse Flute, Strings, Basso Continuo (Harpsichord)",
427.000 ,RV 427,,,Concerto for Transverse Flute in D major,Concerto,D major,"1. Allegro (ré majeur)
2. Largo (si mineur)
3. ... (ré majeur)","Transverse Flute, Strings, Basso Continuo",
428.000 ,RV 428,op. 10/3,,"Concerto for Transverse Flute in D major ""Il gardellino""",Concerto,D major,"1. Allegro (ré majeur)
[voir 1er movement de RV 90]
2. ... (ré majeur)
flûte traversière et basse continue
[voir 2e movement de RV 90]
3. Allegro (ré majeur)
[voir 3e movement de RV 90]","Transverse Flute, Strings, Basso Continuo (Organ)",
429.000 ,RV 429,,,Concerto for Transverse Flute in D major,Concerto,D major,"1. Allegro (ré majeur)
2. Andante (ré majeur)
flûte traversière, violon solo et basse continue
3. Allegro (ré majeur)","Transverse Flute, Strings, Basso Continuo",
430.000 ,RV 430,,,Concerto for Transverse Flute in E minor,Concerto,E minor,,"Transverse Flute, Strings, Basso Continuo",
431.000 ,RV 431,,,Concerto for Transverse Flute in E minor,Concerto,E minor,"1. Allegro (mi mineur)
2. Grave
[perdu]
3. Allegro (mi mineur)","Transverse Flute, Strings, Basso Continuo",
431.100 ,RV 431a,,,"Concerto for Transverse Flute in D minor ""Il Gran Mogol""",Concerto,D minor,,Transverse Flute,
432.000 ,RV 432,,,Concerto for Transverse Flute in E minor,Concerto,E minor,"1. Allegro (mi mineur)
2. Grave
[perdu]","Transverse Flute, Strings, Basso Continuo",
433.000 ,RV 433,op. 10/1,,"Concerto for Transverse Flute in F major ""La tempesta di mare""",Concerto,F major,"1. Allegro (fa majeur)
[voir 1er movement de RV 98 et RV 570]
2. Largo (ré mineur]
[voir 2e movement de RV 98 et RV 570]
3. Presto (fa majeur)
[voir 3e movement de RV 98 et RV 570]","Transverse Flute, Strings, Basso Continuo (Organ)",
434.000 ,RV 434,op. 10/5,,Concerto for Transverse Flute in F major,Concerto,F major,"1. Allegro ma non tanto (fa majeur)
[voir 1er movement de RV 442]
2. Largo cantabile (sol mineur)
flûte traversière, violons I/II, alto et basse continue
[voir 2e movement de RV 442, RV 740, II:4 et RV 749.24]
3. Allegro (fa majeur)
[voir 3e movement de RV 442]","Transverse Flute, Strings, Basso Continuo (Organ)",
435.000 ,RV 435,op. 10/4,,Concerto for Transverse Flute in G major,Concerto,G major,"1. Allegro (sol majeur)
2. Largo (sol majeur)
3. Allegro (sol majeur)","Transverse Flute, Strings, Basso Continuo (Organ)",
436.000 ,RV 436,,,Concerto for Transverse Flute in G major,Concerto,G major,"1. Allegro (sol majeur)
2. Largo (sol majeur)
flûte traversière et violons I/II
3. Allegro (sol majeur)","Transverse Flute, Strings, Basso Continuo (Harpsichord)",
437.000 ,RV 437,op. 10/6,,Concerto for Transverse Flute in G major,Concerto,G major,"1. Allegro (sol majeur)
[voir 1er movement de RV 101]
2. Largo (sol mineur)
[voir 2e movement de RV 101]
3. Allegro (sol majeur)
[voir 3e movement de RV 101]","Transverse Flute, Strings, Basso Continuo (Organ or Harpsichord)",
438.000 ,RV 438,,,Concerto for Transverse Flute in G major,Concerto,G major,"1. Allegro (sol majeur)
[2 versions - voir 1er movement de RV 414]
2. Larghetto/Andante (mi mineur)
[voir 2e movement de RV 414]
3. Allegro (sol majeur)
[arrangement du 3e movement de RV 414]","Transverse Flute, Strings, Basso Continuo (Bassoon)",
438.100 ,RV 438a,,,,Concerto,G major,,Transverse Flute,
439.000 ,RV 439,op. 10/2,,"Concerto for Transverse Flute in G minor ""La notte""",Concerto,G minor,"1. Largo (sol mineur)
[voir 1er movement de RV 104]
2. Presto Fantasmi (sol mineur)
[voir 2e movement de RV 104]
3. Largo (sol mineur)
[arrangement de 3e movement de RV 104]
4. Presto (fa majeur)
[voir 4e movement de RV 104]
5. Largo Il Sonno (do mineur)
[voir 5e movement de RV 104]
6. Allegro (sol mineur)
[voir 6e movement de RV 104]","Transverse Flute, Strings, Basso Continuo (Organ or Harpsichord)",
440.000 ,RV 440,,,Concerto for Transverse Flute in A minor,Concerto,A minor,"1. Allegro non molto (la mineur)
2. Larghetto (la mineur)
3. Allegro (la mineur)","Transverse Flute, Strings, Basso Continuo",
441.000 ,RV 441,,,,Concerto,C minor,"1. Allegro non molto (do mineur)
2. Largo (do mineur)
3. ... (do mineur)","Alto Recorder, Strings, Basso Continuo",
442.000 ,RV 442,,,,Concerto,F major,"1. Allegro ma non molto (fa majeur)
[voir 1er movement de RV 434]
2. Largo cantabile (fa mineur) / Largo cantabile (fa majeur)
1ere version : flûte à bec alto, violons I/II, alto et basse continue; 2e version : flûte à bec, violons I/II sordini et alto sordini
[1ere version : voir 2e movement de RV 434, RV 740, II:4 et RV 749.24]
3. flûte à bec alto, cordes sordini et basse continue
[voir 3e movement de RV 434]","Alto Recorder, Strings, Basso Continuo",
443.000 ,RV 443,,,Flautino Concerto in C major,Concerto,C major,"1. ... (do majeur)
2. Largo (mi mineur)
3. Allegro molto (do majeur)","piccolo, Strings, Basso Continuo",
444.000 ,RV 444,,,Flautino Concerto in C major,Concerto,C major,"1. Allegro non molto (do majeur)
2. Largo (la mineur)
3. Allegro (do majeur)","piccolo, Strings, Basso Continuo",
445.000 ,RV 445,,,Flautino Concerto in A minor,Concerto,A minor,"1. Allegro (la mineur)
2. Largo (la mineur)
3. ... (la mineur)","piccolo, Strings, Basso Continuo",
446.000 ,RV 446,,,Oboe Concerto in C major,Concerto,C major,"1. ... (do majeur)
2. Adagio (do majeur)
3. ... (do majeur)","Oboe, Strings, Basso Continuo",
447.000 ,RV 447,,,Oboe Concerto in C major,Concerto,C major,"1. Allegro non molto (do majeur)
[voir 1er movement de RV 470]
2. Larghetto (mi mineur)
[voir 2e movement de RV 470]
3. Minuet (do majeur)
[voir 3e movement de RV 448 et RV 470","Oboe, Strings, Basso Continuo",
448.000 ,RV 448,,,Oboe Concerto in C major,Concerto,C major,"1. Allegro non molto (do majeur)
2. Larghetto (mi mineur)
3. Presto (do majeur)
[voir 3e movement de RV 447 et RV 470]","Oboe, Strings, Basso Continuo",
449.000 ,RV 449,,,Oboe Concerto in C major,Concerto,C major,"1. Allegro (do majeur)
[voir 1er movement de RV 178]
2. Largo (do mineur)
hautbois et basse continue
[voir 2e movement de RV 178]
3. Allegro (do majeur)
[voir 3e movement de RV 178]","Oboe, Strings, Basso Continuo (Organ)",
450.000 ,RV 450,,,Oboe Concerto in C major,Concerto,C major,"1. Allegro molto (do majeur)
[voir 1er movement de RV 471]
2. Larghetto (la mineur)
3. Allegro (do majeur)
[voir 3e movement de RV 471]","Oboe, Strings, Basso Continuo",
451.000 ,RV 451,,,Oboe Concerto in C major,Concerto,C major,"1. Allegro molto (do majeur)
2. Largo (la mineur)
[2 versions]
3. Allegro (do majeur)","Oboe, Strings, Basso Continuo",
452.000 ,RV 452,,,Oboe Concerto in C major,Concerto,C major,"1. Allegro (do majeur)
2. Adagio/Largo (la mineur)
3. Allegro (do majeur)","Oboe, Strings, Basso Continuo",
453.000 ,RV 453,,,Oboe Concerto in D major,Concerto,D major,"1. Allegro (ré majeur)
2. Largo (ré mineur)
hautbois et basse continue
3. Allegro (ré majeur)","Oboe, Strings, Basso Continuo",
454.000 ,RV 454,,,Oboe Concerto in D minor,Concerto,D minor,"1. Allegro (ré mineur)
[voir 1er movement de RV 236]
2. Largo (ré mineur)
hautbois et basse continue
[voir 2e movement de RV 236]
3. Allegro (ré mineur)
[voir 3e movement de RV 236]","Oboe, Strings, Basso Continuo (Organ)",
455.000 ,RV 455,,,Oboe Concerto in F major,Concerto,F major,"1. ... (fa majeur)
2. Grave (do majeur)
hautbois et violons I/II
3. Allegro (fa majeur)","Oboe, Strings, Basso Continuo",
456.000 ,RV 456,,,Oboe Concerto in F major,Concerto,F major,,"Oboe, Strings, Basso Continuo",[see Anh. 110]
457.000 ,RV 457,,,Oboe Concerto in F major,Concerto,F major,"1. Allegro non molto (fa majeur)
[voir 1er movement de RV 485]
2. Andante (do majeur)
[arrangement du 2e movement de RV 485]
3. Allegro molto (fa majeur)
[arrangement du 3e movement de RV 485]","Oboe, Strings, Basso Continuo",[Similitudes avec RV 475]
458.000 ,RV 458,,,Oboe Concerto in F major,Concerto,F major,"1. Allegro (fa majeur)
2. Adagio (fa majeur)
3. Allegro (fa majeur)","Oboe, Strings, Basso Continuo",
459.000 ,RV 459,,,Oboe Concerto in G minor,Concerto,G minor,,"Oboe, Strings, Basso Continuo (Organ)",[Voir Anh 111]
460.000 ,RV 460,op. 11/6,,Oboe Concerto in G major,Concerto,G major,"1. Allegro non tanto (sol mineur)
[voir 1er movement de RV 334]
2. Largo (sol mineur)
hautbois, alto et basse continue
[voir 2e movement de RV 334]
3. Allegro non molto (sol mineur)
[voir 3e movement de RV 334]","Oboe, Strings, Basso Continuo (Organ)",[Même oeuvre que RV 334]
461.000 ,RV 461,,,Oboe Concerto in A minor,Concerto,A minor,"1. Allegro non molto (la mineur)
2. Larghetto (do majeur)
3. ... (la mineur)","Oboe, Strings, Basso Continuo",
462.000 ,RV 462,,,Oboe Concerto in A minor,Concerto,A minor,"1. Allegro (la mineur)
2. Largo (do majeur)
3. Allegro (la mineur)","Oboe, Strings, Basso Continuo",
463.000 ,RV 463,,,Oboe Concerto in A minor,Concerto,A minor,"1. Allegro (la mineur)
[similitudes avec 1er movement de RV 500]
2. Largo (do majeur)
hautbois, violons I/II, alto et basse continue
[similitudes avec 2e movement de RV 500]
3. Allegro (la mineur)
[voir 3e movement de RV 500]","Oboe, Strings, Basso Continuo",[Similitudes avec RV 500]
464.000 ,RV 464,op. 7/7,,Oboe Concerto in B-flat major,Concerto,B-flat major,"1. Allegro (si bémol majeur)
2. Largo (sol mineur)
hautbois, violons I/II et alto
3. Allegro (si bémol majeur)","Oboe, Strings, Basso Continuo (Organ)",
465.000 ,RV 465,op. 7/1,,Oboe Concerto in B-flat major,Concerto,B-flat major,"1. Allegro (si bémol majeur)
2. Adagio (sol mineur)
3. Allegro (si bémol majeur)","Oboe, Strings, Basso Continuo (Organ)",
466.000 ,RV 466,,,Bassoon Concerto in C major,Concerto,C major,"1. Allegro (do majeur)
[voir RV 733, II:3]
2. Largo (do majeur)
3. ... (do majeur)","Bassoon, Strings, Basso Continuo",
467.000 ,RV 467,,,Bassoon Concerto in C major,Concerto,C major,"1. Allegro (do majeur)
2. Andante (la mineur)
basson et basse continue
3. Allegro (do majeur)","Bassoon, Strings, Basso Continuo",
468.000 ,RV 468,,,Bassoon Concerto in C major,Concerto,C major,"1. Allegro molto (do majeur)
2. Andante (do mineur)
basson et basse continue","Bassoon, Strings, Basso Continuo",[Incomplet]
469.000 ,RV 469,,,Bassoon Concerto in C major,Concerto,C major,"1. Allegro (do majeur)
2. Largo (do majeur)
3. ... (do majeur)","Bassoon, Strings, Basso Continuo",
470.000 ,RV 470,,,Bassoon Concerto in C major,Concerto,C major,"1. Allegro non molto (do majeur)
[voir 1er movement de RV 447]
2. Larghetto (mi mineur)
[voir 2e movement de RV 447]
3. Allegro (do majeur)
[voir 3e movement de RV 448]","Bassoon, Strings, Basso Continuo",
471.000 ,RV 471,,,Bassoon Concerto in C major,Concerto,C major,"1. Allegro molto (do majeur)
[version du 1er movement de RV 450; RV 718. II,7]
2. Larghetto (la mineur)
3. Allegro (do majeur)
[voir 3e movement de RV 450]","Bassoon, Strings, Basso Continuo",
472.000 ,RV 472,,,Bassoon Concerto in C major,Concerto,C major,"1. Allegro non molto (do majeur)
2. Andante molto (la mineur)
3. Allegro (do majeur)","Bassoon, Strings, Basso Continuo",
473.000 ,RV 473,,,Bassoon Concerto in C major,Concerto,C major,"1. Allegro (do majeur)
2. Largo (la mineur)
3. Minuet (do majeur)","Bassoon, Strings, Basso Continuo",
474.000 ,RV 474,,,Bassoon Concerto in C major,Concerto,C major,"1. Allegro (do majeur)
2. Largo (la mineur)
3. Allegro (do majeur)","Bassoon, Strings, Basso Continuo",
475.000 ,RV 475,,,Bassoon Concerto in C major,Concerto,C major,"1. Allegro non molto (do majeur)
2. Adagio (do majeur)
3. Allegro non molto (do majeur)","Bassoon, Strings, Basso Continuo",
476.000 ,RV 476,,,Bassoon Concerto in C major,Concerto,C major,"1. Allegro (do majeur)
2. Largo (mi mineur)
basson et basse continue
3. Allegro molto (do majeur)","Bassoon, Strings, Basso Continuo",
477.000 ,RV 477,,,Bassoon Concerto in C major,Concerto,C major,"1. Allegro (do majeur)
2. Largo (do majeur)
basson et basse continue
3. Allegro (do majeur)
[2 versions]","Bassoon, Strings, Basso Continuo",
478.000 ,RV 478,,,Bassoon Concerto in C major,Concerto,C major,"1. Allegro (do majeur)
2. Largo (do majeur)
basson, violons I/II, alto et basse continue
3. Allegro (do majeur)","Bassoon, Strings, Basso Continuo",
479.000 ,RV 479,,,Bassoon Concerto in C major,Concerto,C major,"1. Allegro (do majeur)
2. Largo (la mineur)
3. Allegro (do majeur)","Bassoon, Strings, Basso Continuo",
480.000 ,RV 480,,,Bassoon Concerto in C minor,Concerto,C minor,"1. Allegro (do mineur)
2. ... (do mineur)
3. Allegro (do mineur)","Bassoon, Strings, Basso Continuo",
481.000 ,RV 481,,,Bassoon Concerto in D minor,Concerto,D minor,"1. Allegro (ré mineur)
[voir 1er movement de RV 406]
2. Larghetto (sol mineur)
3. Allegro non molto (ré mineur)","Bassoon, Strings, Basso Continuo",
482.000 ,RV 482,,,Bassoon Concerto in D minor,Concerto,D minor,1. Allegro molto (ré mineur),"Bassoon, Strings, Basso Continuo",[Incomplet]
483.000 ,RV 483,,,Bassoon Concerto in E-flat major,Concerto,E-flat major,"1. Presto (mi bémol majeur)
[voir RV 733, III:2]
2. Larghetto (do mineur)
3. Allegro (mi bémol majeur)","Bassoon, Strings, Basso Continuo",
484.000 ,RV 484,,,Bassoon Concerto in E minor,Concerto,E minor,"1. Allegro poco (mi mineur)
2. Andante (ré majeur)
3. Allegro (mi mineur)","Bassoon, Strings, Basso Continuo",
485.000 ,RV 485,,,Bassoon Concerto in F major,Concerto,F major,"1. Allegro non molto (fa majeur)
[similitudes avec 1er movement de RV 457]
2. Andante (do majeur)
[similitudes avec 2e movement de RV 457]
3. Allegro (fa majeur)
[similitudes avec 3e movement de RV 457]","Bassoon, Strings, Basso Continuo",[Similitudes avec RV 457]
486.000 ,RV 486,,,Bassoon Concerto in F major,Concerto,F major,"1. Allegro non molto (fa majeur)
2. Largo (sol mineur)
basson et basse continue
3. Allegro (fa majeur)","Bassoon, Strings, Basso Continuo",
487.000 ,RV 487,,,Bassoon Concerto in F major,Concerto,F major,"1. Allegro (fa majeur)
2. Largo (ré mineur)
basson et basse continue
3. Allegro (fa majeur)","Bassoon, Strings, Basso Continuo",
488.000 ,RV 488,,,Bassoon Concerto in F major,Concerto,F major,"1. Allegro non molto (fa majeur)
avec 2 violons solo
2. Largo (ré mineur)
3. ... (fa majeur)","Bassoon, Strings, Basso Continuo",
489.000 ,RV 489,,,Bassoon Concerto in F major,Concerto,F major,"1. Allegro (fa majeur)
2. Largo (la mineur)
basson, violons I/II, alto et basse continue
3. Allegro (fa majeur)","Bassoon, Strings, Basso Continuo",
490.000 ,RV 490,,,Bassoon Concerto in F major,Concerto,F major,"1. Allegro (fa majeur)
2. Larghetto (la mineur)
basson et basse continue
3. Allegro (fa majeur)","Bassoon, Strings, Basso Continuo",
491.000 ,RV 491,,,Bassoon Concerto in F major,Concerto,F major,"1. Allegro (fa majeur)
2. Largo (sol mineur)
[voir 1er movement de RV 129, 1er movement de RV 587 et RV 610:1]
3. ... (fa majeur)","Bassoon, Strings, Basso Continuo",
492.000 ,RV 492,,,Bassoon Concerto in G major,Concerto,G major,"1. Allegro non molto (sol majeur)
2. Largo (mi mineur)
3. Allegro (sol majeur)","Bassoon, Strings, Basso Continuo",
493.000 ,RV 493,,,Bassoon Concerto in G major,Concerto,G major,"1. Allegro ma poco (sol majeur)
2. Largo (sol majeur)
3. Allegro (sol majeur)","Bassoon, Strings, Basso Continuo",
494.000 ,RV 494,,,Bassoon Concerto in G major,Concerto,G major,"1. Allegro (sol majeur)
2. Largo (do majeur)
3. ... (sol majeur)","Bassoon, Strings, Basso Continuo",
495.000 ,RV 495,,,Bassoon Concerto in G minor,Concerto,G minor,"1. Presto (sol mineur)
2. Largo (sol mineur)
basson et basse continue
3. Allegro (sol mineur)","Bassoon, Strings, Basso Continuo",
496.000 ,RV 496,,,Bassoon Concerto in G minor,Concerto,G minor,"1. ... (sol mineur)
2. Largo (sol mineur)
basson et basse continue
3. ... (sol mineur)","Bassoon, Strings, Basso Continuo",
497.000 ,RV 497,,,Bassoon Concerto in A minor,Concerto,A minor,"1. Allegro molto (la mineur)
2. Andante molto (mi mineur)
3. Allegro (la mineur)","Bassoon, Strings, Basso Continuo",
498.000 ,RV 498,,,Bassoon Concerto in A minor,Concerto,A minor,"1. Allegro (la mineur)
2. Larghetto (fa majeur)
3. Allegro (la mineur)","Bassoon, Strings, Basso Continuo",
499.000 ,RV 499,,,Bassoon Concerto in A minor,Concerto,A minor,"1. Allegro (la mineur)
2. Largo (la mineur)
3. Allegro (la mineur)","Bassoon, Strings, Basso Continuo",
500.000 ,RV 500,,,Bassoon Concerto in A minor,Concerto,A minor,"1. Allegro (la mineur)
[similitudes avec 1er movement de RV 463]
2. Largo (do majeur)
basson, violons I/II, alto et basse continue
[similitudes avec 2e movement de RV 463]
3. Allegro (la mineur)
[voir 3e movement de RV 463]","Bassoon, Strings, Basso Continuo",[Similitudes avec RV 463]
501.000 ,RV 501,,,"Bassoon Concerto in B-flat major ""La notte""",Concerto,B-flat major,"1. Largo (si bémol majeur)
2. Presto Fantasmi (si bémol majeur)
3. Presto (si bémol majeur) / Adagio
4. ... Il Sonno (si bémol majeur)
5. Allegro Sorge l'Aurora (si bémol majeur)
[voir 3e movement de RV 268]","Bassoon, Strings, Basso Continuo",
502.000 ,RV 502,,,Bassoon Concerto in B-flat major,Concerto,B-flat major,"1. Allegro (si bémol majeur)
2. Largo (si bémol majeur)
basson, violons I/II et alto
3. ... (si bémol majeur)","Bassoon, Strings, Basso Continuo",
503.000 ,RV 503,,,Bassoon Concerto in B-flat major,Concerto,B-flat major,"1. Allegro non molto (si bémol majeur)
2. Largo (sol mineur)
3. Allegro (si bémol majeur)","Bassoon, Strings, Basso Continuo",
504.000 ,RV 504,,,Bassoon Concerto in B-flat major,Concerto,B-flat major,"1. Allegro ma poco (si bémol majeur)
2. Larghetto (sol mineur)
basson, violons I/II, alto et basse continue
3. Allegro (si bémol majeur)","Bassoon, Strings, Basso Continuo",
505.000 ,RV 505,,,Concerto for 2 Violins in C major,Concerto,C major,"1. Allegro (do majeur)
2. Andante (ré mineur)
2 violons et basse continue
3. Allegro non molto e cantabile (do majeur)","2 Violins, Strings, Basso Continuo",
506.000 ,RV 506,,,Concerto for 2 Violins in C major,Concerto,C major,"1. Allegro (do majeur)
2. Largo (do majeur)
3. ... (do majeur)","2 Violins, Strings, Basso Continuo (Harpsichord)",
507.000 ,RV 507,,,Concerto for 2 Violins in C major,Concerto,C major,"1. Allegro (do majeur)
2. Largo (sol majeur)
3. Allegro (do majeur)","2 Violins, Strings, Basso Continuo (Organ)",
508.000 ,RV 508,,,Concerto for 2 Violins in C major,Concerto,C major,"1. Allegro (do majeur)
2. Largo (mi mineur)
2 violons, violons I/II et alto
3. Allegro (do majeur)","2 Violins, Strings, Basso Continuo (Harpsichord)",
509.000 ,RV 509,,,Concerto for 2 Violins in C minor,Concerto,C minor,"1. Allegro ma poco e cantabile (do mineur)
2. Andante molto (sol mineur)
2 violons et basse continue
3. Allegro (do mineur)","2 Violins, Strings, Basso Continuo",
510.000 ,RV 510,,,Concerto for 2 Violins in C minor,Concerto,C minor,"1. Allegro (do mineur)
[voir 1er movement de RV 766]
2. Largo (do mineur)
2 violons et violoncelle solo
[voir 2e movement de RV 766]
3. Allegro (do mineur)
[voir 3e movement de RV 766]","2 Violins, Strings, Basso Continuo",Même oeuvre que RV 766
511.000 ,RV 511,,,Concerto for 2 Violins in D major,Concerto,D major,"1. Allegro molto (ré majeur)
2. Largo (mi mineur)
3. Allegro (ré majeur)","2 Violins, Strings, Basso Continuo",
512.000 ,RV 512,,,Concerto for 2 Violins in D major,Concerto,D major,"1. Allegro molto (ré majeur)
2. Largo (ré majeur)
2 violons et basse continue
3. Allegro (ré majeur)","2 Violins, Strings, Basso Continuo",
513.000 ,RV 513,,,Concerto for 2 Violins in D major,Concerto,D major,"1. Allegro molto (ré majeur)
2. Andante (mi mineur)
3. Allegro (ré majeur)","2 Violins, Strings, Basso Continuo (Harpsichord)",
514.000 ,RV 514,,,Concerto for 2 Violins in D minor,Concerto,D minor,"1. Allegro non molto (ré mineur)
2. Adagio (sol mineur)
3. Allegro molto (ré mineur)","2 Violins, Strings, Basso Continuo",
515.000 ,RV 515,,,Concerto for 2 Violins in E-flat major,Concerto,E-flat major,"1. Allegro (mi bémol majeur)
2. Largo (do mineur)
2 violons, violons I/II, alto et basse continue
3. Allegro (mi bémol majeur)","2 Violins, Strings, Basso Continuo",
516.000 ,RV 516,,,Concerto for 2 Violins in G major,Concerto,G major,"1. Allegro molto (sol majeur)
2. Andante (si mineur)
[voir 2e movement de RV 71]
3. Allegro (sol majeur)
[voir 3e movement de RV 71]","2 Violins, Strings, Basso Continuo",
517.000 ,RV 517,,,Concerto for 2 Violins in G minor,Concerto,G minor,"1. Allegro (sol mineur)
2. Andante (do mineur)
3. Allegro (sol mineur)","2 Violins, Strings, Basso Continuo",
518.000 ,RV 518,,,Concerto for 2 Violins in A major,Concerto,A major,,"2 Violins, Strings, Basso Continuo",[Même oeuvre que RV 335]
519.000 ,RV 519,op. 3/5,,Concerto for 2 Violins in A major,Concerto,A major,"1. Allegro (la majeur)
2. Largo (la majeur)
2 violons, violons I/II, altos I/II
3. Allegro (la majeur)","2 Violins, Strings, Basso Continuo (Harpsichord)",
520.000 ,RV 520,,,Concerto for 2 Violins in A major,Concerto,A major,"1. Allegro (la majeur)
2. Largo (la majeur)
3. Allegro (la majeur)","2 Violins, Strings, Basso Continuo (Harpsichord)",
521.000 ,RV 521,,,Concerto for 2 Violins in A major,Concerto,A major,"1. Allegro (la majeur)
2. Largo (la majeur)
3. Allegro (la majeur)","2 Violins, Strings, Basso Continuo (Harpsichord)",
522.000 ,RV 522,op. 3/8,,Concerto for 2 Violins in A minor,Concerto,A minor,"1. Allegro (la mineur)
2. Larghetto (ré mineur)
3. Allegro (la mineur)
[2 versions]","2 Violins, Strings, Basso Continuo (Harpsichord)",[Transcrit par Bach - BWV 593]
522.100 ,RV 522a,,,,Concerto,A minor,,2 Violins,
523.000 ,RV 523,,,Concerto for 2 Violins in A minor,Concerto,A minor,"1. Allegro molto (la mineur)
2. Largo (do majeur)
2 violons et basse continue
3. Allegro (la mineur)","2 Violins, Strings, Basso Continuo",
524.000 ,RV 524,,,Concerto for 2 Violins in B-flat major,Concerto,B-flat major,"1. Allegro (si bémol majeur)
2. Andante (ré mineur)
3. Allegro (si bémol majeur)","2 Violins, Strings, Basso Continuo",
525.000 ,RV 525,,,Concerto for 2 Violins in B-flat major,Concerto,B-flat major,"1. Allegro (si bémol majeur)
2. Larghetto (do mineur)
3. Allegro molto (si bémol majeur)","2 Violins, Strings, Basso Continuo",
526.000 ,RV 526,,,Concerto for 2 Violins in B-flat major,Concerto,B-flat major,"1. Allegro (si bémol majeur)
2. Largo (si bémol majeur)
2 violons et basse continue(?)
3. Allegro (si bémol majeur)","2 Violins, Strings, Basso Continuo (Harpsichord)",[Incomplet]
527.000 ,RV 527,,,Concerto for 2 Violins in B-flat major,Concerto,B-flat major,"1. ... (si bémol majeur)
2. Largo (do mineur)
3. Allegro molto (si bémol majeur)","2 Violins, Strings, Basso Continuo (Harpsichord)",
528.000 ,RV 528,,,Concerto for 2 Violins in B-flat major,Concerto,B-flat major,"1. Allegro (si bémol majeur)
[voir 1er movement de RV 381]
2. Largo (si bémol majeur)
[voir 2e movement de RV 381]
3. Allegro/Gigue (si bémol majeur)
[voir 3e movement de RV 381]","2 Violins, Strings, Basso Continuo",[Même oeuvre que RV 381]
529.000 ,RV 529,,,Concerto for 2 Violins in B-flat major,Concerto,B-flat major,"1. Allegro (si bémol majeur)
2. ... (mi bémol majeur)
3. Allegro (mi bémol majeur)","2 Violins, Strings, Basso Continuo",
530.000 ,RV 530,op. 9/9,,Concerto for 2 Violins in B-flat major,Concerto,B-flat major,"1. Allegro (si bémol majeur)
2. Largo e spiccato (si bémol majeur)
3. Allegro (si bémol majeur)","2 Violins, Strings, Basso Continuo (Organ)",
531.000 ,RV 531,,,Concerto for 2 Cellos in G minor,Concerto,G minor,"1. Allegro (sol mineur)
2. Largo (sol mineur)
2 violoncelles et basse continue
3. Allegro (sol mineur)","2 Cellos, Strings, Basso Continuo",
532.000 ,RV 532,,,Concerto for 2 Mandolins in G major,Concerto,G major,"1. Allegro (sol majeur)
2. Andante (sol majeur)
2 mandolines, violons I/II et alto pizzacato
3. Allegro (sol majeur)","2 Mandolins, Strings, Basso Continuo (Organ)",
533.000 ,RV 533,,,Concerto for 2 Transverse Flutes in C major,Concerto,C major,"1. Allegro molto (do majeur)
2. Largo (do majeur)
2 flûtes traversières et basse continue
3. … (do majeur)","2 Transverse Flutes, Strings, Basso Continuo",
534.000 ,RV 534,,,Concerto for 2 Oboe in C major,Concerto,C major,"1. Allegro (do majeur)
2. Largo (do mineur)
2 hautbois, violons I/II et alto
3. Allegro (do majeur)","2 Oboe, Strings, Basso Continuo (Harpsichord)",
535.000 ,RV 535,,,Concerto for 2 Oboe in D minor,Concerto,D minor,"1. Largo (ré mineur)
2. Allegro (ré mineur)
3. Largo (ré mineur)
2 hautbois et basse continue
4. Allegro molto (ré mineur)","2 Oboe, Strings, Basso Continuo",
536.000 ,RV 536,,,Concerto for 2 Oboe in A minor,Concerto,A minor,"1. … (la mineur)
2. Largo (do majeur)
3. Allegro (la mineur)","2 Oboe, Strings, Basso Continuo",
537.000 ,RV 537,,,Concerto for 2 Trumpets in C major,Concerto,C major,"1. Allegro (do majeur)
2. Largo (do majeur)
[voir 2e movement de RV 110]
3. … (do majeur)","2 Trumpets, Strings, Basso Continuo",
538.000 ,RV 538,,,Concerto for 2 Horns in F major,Concerto,F major,"1. Allegro (fa majeur)
2. Largo (ré mineur)
violoncelle et basse continue
3. Allegro non molto (fa majeur)","2 Horns, Strings, Basso Continuo",
539.000 ,RV 539,,,Concerto for 2 Horns in F major,Concerto,F major,"1. Allegro (fa majeur)
2. Larghetto (fa majeur)
3. Allegro (fa majeur)","2 Horns, Strings, Basso Continuo",
540.000 ,RV 540,,,Concerto in D minor,Concerto,D minor,"1. Allegro (ré mineur)
2. Largo (fa majeur)
viole d'amour, luth et violons I/II
3. Allegro (ré mineur)","Viola d'amore, Lute, Strings, Basso Continuo",
541.000 ,RV 541,,,Concerto in D minor,Concerto,D minor,"1. Allegro (ré mineur)
2. Grave (sol mineur)
violon, orgue et basse continue (?)
3. ... (ré mineur)","Violin, Organ, Strings, Basso Continuo",
542.000 ,RV 542,,,Concerto in F major,Concerto,F major,"1. ... (fa majeur)
2. ... (fa majeur)
violon et orgue
3. Allegro (fa majeur)","Violin, Organ, Strings, Basso Continuo",
543.000 ,RV 543,,,Concerto in F major,Concerto,F major,"1. Allegro (fa majeur)
violon et hautbois solo, cordes et basse continue
[voir 1er movement de RV 139 et RV 729, I:2]
2. Allegro alla Francese (ré mineur)
cordes et basse continue
[voir 2e movement de RV 139]
3. Allegro (fa majeur)
violon et hautbois solo, cordes et basse continue
[voir 3e movement de RV 139]
4. Minuet (fa majeur)
cordes et basse continue","Violin, Oboe, Strings, Basso Continuo",
544.000 ,RV 544,,,Concerto for Violin and Cello in F major “Il Proteo o sia il mondo al rovescio”,Concerto,F major,"1. Allegro (fa majeur)
[voir 1er movement de RV 572]
2. Largo (do majeur)
violon et violoncelle solo avec basse continue
3. ... (fa majeur
[voir 3e movement de RV 572]","Violin, Cello, Strings, Basso Continuo",
545.000 ,RV 545,,,Concerto in G major,Concerto,G major,"1. Andante molto (sol majeur)
2. Largo (sol majeur)
hautbois, basson et basse continue
3. Allegro molto (sol majeur)","Oboe, Bassoon, Strings, Basso Continuo",
546.000 ,RV 546,,,Concerto in A major,Concerto,A major,"1. Allegro (la majeur)
[voir 1er movement de RV 780]
2. Andante (la majeur)
violon, violoncelle, violons I/II, alto et basse continue
[voir 2e movement de RV 780]
3. Allegro (la majeur)
[voir 3e movement de RV 780]","Violin, Cello ""all'Inglese"", Strings, Basso Continuo",[Même oeuvre que RV 780]
547.000 ,RV 547,,,Concerto in B-flat major,Concerto,B-flat major,"1. Allegro (si bémol majeur)
2. Andante (fa majeur)
violon, violoncelle et basse continue
3. Allegro molto (la majeur)","Violin, Cello, Strings, Basso Continuo",
548.000 ,RV 548,,,Concerto in B-flat major,Concerto,B-flat major,"1. ... (si bémol majeur)
[voir 1er movement de RV 764]
2. Largo (sol mineur)
[voir 2e movement de RV 764 et 2e movement de RV 107]
3. Allegro (si bémol majeur)
[voir 3e movement de RV 764]","Violin, Oboe, Strings, Basso Continuo",[Même oeuvre que RV 764]
549.000 ,RV 549,op. 3/1,,Concerto for 4 Violins in D major,Concerto,D major,"1. Allegro (ré majeur)
avec violoncelle solo
2. Largo e spiccato (si mineur)
3. Allegro (ré majeur)","4 Violins, Strings (+2 Violas), Basso Continuo (Harpsichord)",
550.000 ,RV 550,op. 3/4,,Concerto for 4 Violins in E minor,Concerto,E minor,"1. Andante (mi mineur)
2. Allegro (mi mineur)
3. Adagio (sol majeur)
4. Allegro (sol majeur)","4 Violins, Strings, Basso Continuo (Harpsichord)",
551.000 ,RV 551,,,Concerto for 3 Violins in F major,Concerto,F major,"1. Allegro (fa majeur)
2. Andante (ré mineur)
3 violons et basse continue
3. Allegro (fa majeur)","3 Violins, Strings, Basso Continuo",
552.000 ,RV 552,,,,Concerto,A major,"1. Allegro (la majeur)
2. Larghetto (si mineur)
violon solo, violons I/II et alto; Echo : violon solo et violons I/II
3. Allegro (la majeur)","Violin, Echo Violin or 3 Violins, Strings, Basso Continuo",
553.000 ,RV 553,,,,Concerto,B-flat major,"1. Allegro (si bémol majeur)
2. Largo (ré mineur)
3. Allegro (si bémol majeur)","4 Violins, Violas, Basso Continuo",
554.000 ,RV 554,,,,Concerto,C major,"1. ... (do majeur)
[voir 1er movement de RV 554a]
2. ... (do majeur)
violon, hautbois et orgue
[voir 2e movement de RV 554a]
3. Allegro (do majeur)
[voir 3e movement de RV 554a]","Violin, Organ/Violin, Oboe, Strings, Basso Continuo",
554.100 ,RV 554a,,,,Concerto,C major,"1. ... (do majeur)
[voir 1er movement de RV 554]
2. ... (do majeur)
[voir 2e movement de RV 554]
3. Allegro (do majeur)
[voir 3e movement de RV 554]","Violin, Organ/Violin, Cello, Strings, Basso Continuo",[Même oeuvre que RV 554]
555.000 ,RV 555,,,,Concerto,C major,"1. Allegro (do majeur)
2. Largo a piacimento (do majeur)
violon solo et 2 clavevins
3. Allegro (do majeur)
avec 2 trompettes","3 Violins, Oboe, 2 Recorders, 2 Violas da gamba, 2 Salmoes, 2 Cellos, 2 Harpsichords, Strings, Basso Continuo",
556.000 ,RV 556,,,"""Per la Solennita di San Lorenzo""",Concerto,C major,"1. Largo (do majeur) / Allegro molto
2. Largo e cantabile (sol mineur)
instrumentation (?)
3. ... (do majeur)","2 Violins, 2 Recorders, 2 Oboe, 2 Trumpets, Bassoon, Lute(?), Strings, Basso Continuo",
556.100 ,RV 556a,,,"""Per la Solennita di San Lorenzo""",Concerto,C major,,,
557.000 ,RV 557,,,,Concerto,C major,"1. Allegro non molto (do majeur)
2 violons solo, 2 hautbois, cordes et basse continue
2. Largo (sol majeur)
2 flûtes à bec et basson
3. Allegro non molto (do majeur)
2 violons solo, 2 hautbois, cordes et basse continue","2 Violins, 2 Oboes, Strings, Basso Continuo",
558.000 ,RV 558,,,,Concerto,C major,"1. Allegro molto (do majeur)
2. Andante molto (sol majeur)
violons I/II, alto, mandoline et basse continue
3. Allegro (do majeur)","2 Violins ""in tromba"", 2 Recorders, 2 Mandolins, 2 Salmoes, 2 Theorbos, Cello, Strings, Basso Continuo",
559.000 ,RV 559,,,,Concerto,C major,"1. Larghetto (do majeur)
2. Largo (do majeur)
2 clarinettes et 2 hautbois
3. Allegro (do majeur)","2 Oboe, 2 clarinettes, Strings, Basso Continuo",
560.000 ,RV 560,,,,Concerto,C major,"1. Larghetto (do majeur)
2. Largo (fa majeur)
2 hautbois, violons I/II, alto et basse continue
3. ... (do majeur)","2 Oboe, 2 clarinettes, Strings, Basso Continuo",
561.000 ,RV 561,,,,Concerto,C major,"1. Allegro (do majeur)
[voir RV 778, III:4]
2. Largo (do majeur)
violon, 2 violoncelles et basse continue
3. Allegro (do majeur)","Violin, 2 Cellos, Strings, Basso Continuo",
562.000 ,RV 562,,,"""Per la Solennita di San Lorenzo""",Concerto,D major,"1. Andante (ré majeur) / Allegro
2. Grave/Adagio (ré mineur)
violon solo, cordes et basse continue (?)
3. Allegro (ré majeur)
avec cadence
[voir 3e movement de RV 562a et cadence de RV 208]","Violin, 2 Oboe, 2 Horns, Strings, Basso Continuo (Organ or Harpsichord)",[Incomplet]
562.100 ,RV 562a,,,,Concerto,D major,"1. Allegro (ré majeur)
2. Grave (ré majeur)
violon solo, cordes et basse continue
3. Allegro (ré majeur)
[voir 3e movement de RV 562, sans cadence]","Violin, 2 Oboes, 2 Horns, Timpani, Strings, Basso Continuo",
563.000 ,RV 563,,,,Concerto,D major,,"Violin, 2 Oboe, Strings, Basso Continuo",[Même oeuvre que RV 781]
564.000 ,RV 564,,,,Concerto,D major,"1. Allegro (ré mineur)
[voir 1er movement de RV 564a et RV 710, II:13]
2. Largo (ré majeur)
3. Allegro (ré majeur)
[voir 3e movement de RV 564a]","2 Violins, 2 Cellos, Strings, Basso Continuo",
564.100 ,RV 564a,,,,Concerto,D major,"1. Allegro (ré mineur)
[voir 1er movement de RV 564 et RV 710, II:13]
2. Adagio non molto (ré majeur)
2 violons solo, basson, cordes et basse continue
3. Allegro (ré majeur)
[voir 3e movement de RV 564]","2 Violins, 2 Oboe, Bassoon, Strings, Basso Continuo",
565.000 ,RV 565,op. 3/11,,,Concerto,D minor,"1. Allegro (ré mineur) / Adagio e spiccato
2. Allegro (ré mineur)
3. Largo e spiccato (ré mineur)
4. Allegro (ré mineur)","2 Violins, Cello, Strings, Basso Continuo (Harpsichord)",[Transcrit par Bach - BWV 596]
566.000 ,RV 566,,,,Concerto,D minor,"1. Allegro assai (fa majeur)
2. Largo (do majeur)
2 flûtes et basson
3. Allegro (fa majeur)","2 Violins, 2 Recorders, 2 Oboe, Bassoon, Strings, Basso Continuo",
567.000 ,RV 567,op. 3/7,,,Concerto,F major,"1. Andante (fa majeur)
2. Adagio (fa majeur)
3. Allegro (fa majeur)
4. Adagio (fa majeur)
5. Allegro (fa majeur)","4 Violins, Cello, Strings, Basso Continuo (Harpsichord)",
568.000 ,RV 568,,,,Concerto,F major,"1. Allegro assai (fa majeur)
2. Grave (do majeur)
hautbois solo et basse continue
3. Allegro assai (fa majeur)","Violin, 2 Oboe, 2 Horns, Bassoon, Strings, Basso Continuo (Harpsichord)",
569.000 ,RV 569,,,,Concerto,F major,"1. Allegro (fa majeur)
2. Grave (fa majeur)
violon solo, cordes et basse continue
3. Allegro (fa majeur)
avec violoncelle solo","Violin, 2 Oboe, 2 Horns, Bassoon, Strings, Basso Continuo (Harpsichord)",
570.000 ,RV 570,,,"""La tempesta di mare""",Concerto,F major,"1. ... (fa majeur)
avec violon solo
[voir 1er movement de RV 98 et de RV 433]
2. Largo (sol mineur)
[voir 2e movement de RV 98]
3. Presto (fa majeur)
[voir 3e movement de RV 98]","Transverse Flute, Oboe, Bassoon, Strings, Basso Continuo",[Incomplet]
571.000 ,RV 571,,,,Concerto,F major,"1. Allegro (fa majeur)
avec violoncelle solo
[voir 1er movement de RV 99]
2. Largo (si bémol majeur)
violon solo, violons I/II et alto
[voir 2e movement de RV 99]
3. Allegro (fa majeur)
[voir 3e movement de RV 99 et RV 729a, II:1]","Violin, 2 Oboe, 2 Horns, Bassoon, Strings, Basso Continuo (Organ or Harpsichord)",
572.000 ,RV 572,,,"""Il Proteo o sia il mondo al rovescio""",Concerto,F major,"1. Allegro (fa majeur)
[voir 1er movement de RV 544]
2. Largo (do majeur)
3. ... (fa majeur)
[voir 3e movement de RV 544]","Violin, Cello, 2 Transverse Flutes, 2 Oboe, Strings, Basso Continuo. (Harpsichord)",
573.000 ,RV 573,,,,Concerto,F major,"1. Allegro (fa majeur)
2. Largo
3. Presto","2 Oboe, 2 Horns, 2 Bassoons, Strings, Basso Continuo",[Perdu]
574.000 ,RV 574,,,,Concerto,F major,"1. Allegro (fa majeur)
2. Grave (fa majeur)
3. Allegro (fa majeur)
avec violoncelle solo","Violin, 2 Oboe, 2 Trombones, Bassoon, Strings, Basso Continuo (Organ or Harpsichord)",
575.000 ,RV 575,,,,Concerto,G major,"1. Allegro (sol majeur)
2. Largo (mi mineur)
2 violons, 2 violoncelles et basse continue
3. Allegro (sol majeur)","2 Violins, 2 Cellos, Strings, Basso Continuo",[Incomplet(?)]
576.000 ,RV 576,,,,Concerto,G minor,"1. ... (sol mineur)
2. Larghetto (ré mineur)
violon ou hautbois solo, 2 flûtes à bec, 2 hautbois, cordes, basson et basse continue
3. Allegro (sol mineur)","Violin, Oboe, 2 Recorders, 2 Oboe, Bassoon, Strings, Basso Continuo (Harpsichord)",
577.000 ,RV 577,,,"""Per l'orchestra di Dresda""",Concerto,G minor,"1. ... (sol mineur)
2. Largo non molto (do mineur)
violon ou hautbois solo et basson
3. Allegro (sol mineur)","2 Violins, 2 Recorders, 2 Oboe, Bassoon, Strings, Basso Continuo",
578.000 ,RV 578,op. 3/2,,,Concerto,G minor,"1. Adagio e spiccato (sol mineur)
2. Allegro (sol mineur)
3. Larghetto (sol mineur)
4. Allegro (sol mineur)","2 Violins, Cello, Strings, Basso Continuo (Harpsichord)",
578.100 ,RV 578a,,,,Concerto,G minor,,"2 Violins, Cello",
579.000 ,RV 579,,,"""Concerto funèbre""",Concerto,B-flat major,"1. Largo (si bémol majeur)
[voir RV 738, III:12]
2. Allegro poco poco (si bémol majeur)
3. Adagio (do mineur)
4. Allegro (si bémol majeur)
Tutti senza sordini
[voir 3e movement de RV 123]","Violin, Oboe, salmoe, 3 Violas da gamba, Strings, Basso Continuo",
580.000 ,RV 580,op. 3/10,,,Concerto,B minor,"1. Allegro (si mineur)
2. Largo (si mineur)
3. Larghetto (si mineur)
4. Allegro (si mineur)","4 Violins, Cello, Strings (+2 Violas), Basso Continuo (Harpsichord)",
581.000 ,RV 581,,,"""Per la Santissima Assontione di Maria Vergine""",Concerto,C major,"1. Adagio e staccato (do majeur) / Allegro ma poco
[voir 1er movement de RV 179 et RV 179a]
2. Largo (do majeur)
[voir 2e movement de RV 179 et RV 179a]
3. Allegro (do majeur)
[voir 3e movement de RV 179]","Violin, 2 String Orchestras, Basso Continuo",
582.000 ,RV 582,,,"""Per la Santissima Assontione di Maria Vergine""",Concerto,D major,"1. Allegro (ré majeur)
2. Grave (ré mineur)
violon solo et violons du chœur I
3. Allegro (ré majeur)","Violin, 2 String Orchestras, Basso Continuo (Organ)",
583.000 ,RV 583,,,,Concerto,B-flat major,"1. Largo e spiccato (si bémol majeur) / Presto
2. Andante (si bémol majeur)
violon solo avec violons I/II du chœur I et violons I/II, alto et basse continue du chœur II
[voir 2e movement de RV 372a]
3. Allegro (si bémol majeur) avec cadence","Discorded Violin, 2 String Orchestras, Basso Continuo",
584.000 ,RV 584,,,,Concerto,F major,1. Allegro non molto (fa majeur),"2 Violins, 2 Solo Organs, 2 String Orchestras, Basso Continuo",[Incomplet]
585.000 ,RV 585,,,,Concerto,A major,"1. … (la majeur)
2. … (la majeur)
3. … (ré majeur)
4. … (la majeur)
avec violoncelle dans les deux choeurs","Coro I：
2 Violins, 2 Recorders, Strings, Basso Continuo (Organ/Violoncello)
Coro II：
2 Solo Violins, 2 Recorders, Organ, Strings, Basso Continuo (Organ)",
586.000 ,RV 586,,,Messe Sacrum,Mass,C major,,"Soloists (SATB), Choir (SATB), 2 Trumpets, 2 Violins, Cello, Organ",[see Anh 112]
587.000 ,RV 587,,,Kyrie,Mass,G minor,"I. Kyrie
Adagio (G minor)
2 choeurs (SATB) avec cordes et basse continue
[see 1er movement de RV 129, RV 491, RV 611; 2e movement de RV 610]
II. Christe
Allegro (D minor)
2 solistes (SA) avec cordes et basse continue
III. Kyrie
Adagio (G minor) /Allegro
2 choeurs (SATB) avec cordes et basse continue
[see 3e movement de RV 129]","2 Choirs (Soloists SA, Choir SATB), 2 String Orchestras, Basso Continuo",
588.000 ,RV 588,,,Gloria,Mass,D major,"I. Jubila o amaeni chori
soprano solo avec cordes et basse continue
Introduction. Allegro (D major)
[see RV 639a (1)]
II. In tam solemni pompa
soprano solo et basse continue
Récitatif
[see RV 639a(2)]
III. Gloria in excelsis Deo
choeur (SATB) avec trompette, 2 hautbois, cordes et basse continue
Allegro (D major)
IV. Et in terra pax
choeur (SATB) avec cordes et basse continue
Largo (B minor)
[see 2e movement de RV 184]
V. Laudamus te
solistes (SS) avec violons I/II, violoncelle et basse continue
Allegro (G major)
VI. Gratias agimus
choeur (SATB) avec cordes et basse continue
Adagio (G major)
VII. Domine Deus rex coelestis
ténor solo avec cordes et basse continue
Largo (D major)
VIII. Domine Fili unigenite
choeur (SATB) avec cordes basse continue
… (C major)
IX. Domine Deus Agnus Dei
soprano solo avec hautbois solo et basse continue
Allegro (A minor)
X. Qui tollis peccata mundi
choeur (SATB) avec 2 hautbois, cordes et basse continue
Adagio (E minor)
XI. Qui sedes ad desteram
alto solo avec 2 violons solo, 2 altos solo et 2 violoncelles solo
Largo (D major)
XII. Quoniam tu solus sanctus
soprano solo avec 2 hautbois, cordes et basse continue
Allegro (G major)
XIII. Cum Sancto Spiritu
choeur (SATB) avec trompette, 2 hautbois, cordes et basse continue
Adagio (D major)
[see RV 589 (12)]","Soloists (SSATB), Choir (SATB), Trumpet, 2 Oboes, 2 Solo Violins, Strings, Basso Continuo (Organ)",
589.000 ,RV 589,,,Gloria,Mass,D major,"I. Gloria in excelsis Deo
choeur avec trompette, hautbois, cordes et basse continue
Allegro (D major)
II. Et in terra pax
choeur (SATB) avec cordes et basse continue
Andante (B minor)
III. Laudamus te
solistes (SS) avec violons I/II, alto et basse continue
Allegro (G major)
IV. Gratias agimus tibi
choeur (SATB) avec cordes et basse continue
Adagio (G major)
V. Propter magnam gloriam
choeur (SATB) avec cordes et basse continue
Allegro (E minor)
VI. Domine Deus Rex coelestis
soprano solo avec violon/hautbois solo et basse continue
Largo (C major)
VII. Domine Fili unigenite
choeur (SATB) avec cordes et basse continue
Allegro (F major)
VIII. Domine Deus
alto solo et choeur (SATB) avec cordes et basse continue
Adagio (D minor)
IX. Qui tollis peccata mundi
choeur (SATB) avec cordes et basse continue
Adagio (C major)
X. Qui sedes ad dexteram Patris
alto solo avec violons I/II, alto et basse continue
Allegro (B minor)
XI. Quoniam tu solus sanctus
choeur (SATB) avec trompette, hautbois, cordes et basse continue
… (D major)
XII. Cum Sancto Spiritu
choeur (SATB) avec trompette, hautbois, cordes et basse continue
Allegro (D major)
[see RV 588 (14)]","Soloists (SSA), Choir (SATB), Trumpet, Oboe, Solo Violin, Strings, Basso Continuo",
590.000 ,RV 590,,,Gloria,Mass,D major,,"5 Voices, Oboes in Trombae",[Lost]
591.000 ,RV 591,,,Credo,Mass,E minor,"I. Credo in unum Deum
choeur (SATB) avec violons I/II, alto/basse continue
Allegro (E minor)
II. Et incarnatus est
choeur (SATB) avec cordes et basse continue
Adagio (A minor)
III. Crucifixus etiam pro nobis
choeur (SATB) avec cordes et basse continue
Largo (A minor)
IV. Et resurrexit
choeur (SATB) avec violons I/II et alto/basse continue
Allegro (E minor)","Choir (SATB), Strings, Basso Continuo",
592.000 ,RV 592,,,Credo,Mass,G major,"I. Credo in unum Deum
choeur (SATB) avec cordes, viole ténor, hautbois ad lib et orgue
… (G major)
II. Et incarnatus est
choeur (SATB) avec cordes, viole ténor, hautbois ad lib et orgue
… (G major)
III. Crucifixus etiam pro nobis
solistes (SA) avec violons I/II et orgue
… (E minor)
IV. Et resurrexit
choeur (SATB) avec cordes, viole ténor, hautbois ad lib et orgue
Allegro (G major)
V. Credo et unam sanctam
choeur (SATB) avec cordes, viole ténor, hautbois ad lib et orgue
… (G major)
VI. Et vitam venturi seculi
choeur (SATB) avec cordes, viole ténor, hautbois ad lib et orgue
… (G major)","Soloists (SA), Choir (SATB), Oboe, Strings, Tenor Viola, Basso Continuo (Organ)",
593.000 ,RV 593,,,Domine ad adjuvandum me,Psalm,G major,"I. Domine ad adjuvandum me
choeur I : SATB avec 2 hautbois, cordes et basse continue; choeur II : SATB avec cordes et basse continue
Allegro (G major)
II. Gloria Patri et Filio
choeur I : soprano solo avec violons I/II, alto et basse (sans orgue); choeur II : violons I/II, alto et basse (sans orgue)
Andante molto (E minor)
III. Sicut erat in principio
choeur (SATB) avec 2 hautbois, cordes et basse continue
Andante (G major /Allegro","Double Choirs I: Solo Soprano, Choir (SATB), 2 Oboes, Strings, Basso Continuo (Organ); II: Choir (SATB), Strings, Basso Continuo (Organ)",Texte: Psaume 69 et Doxologie
594.000 ,RV 594,,,Dixit Dominus,Psalm,D major,"I. Dixit Dominus
choeur I : SATB avec 2 trompettes, 2 hautbois, cordes et basse continue; choeur II : SATB avec cordes et basse continue
Allegro (D major)
II. Donec ponam inimicos tuos
choeur I : SATB avec cordes et basse continue; choeur II : SATB avec cordes et basse continue
Largo (B minor)
III. Virgam virtutis tuae
choeur I : soprano solo avec cordes et basse continue; choeur II : soprano solo avec cordes et basse continue
Allegro (D major)
IV. Tecum principium
choeur I : alto solo avec cordes et basse continue
Andante (E minor)
V. Juravit Dominus
choeur I : SATB avec cordes et basse continue; choeur II : SATB avec cordes et basse continue
Adagio (C major) /Allegro
VI. Dominus a destris tuis
choeur I: ténor et basse solo avec cordes et basse continue
Allegro (C major)
VII. Judicabit in nationibus
choeur I : SATB avec trompette, 2 hautbois, cordes et basse continue; choeur II : SATB avec trompette, cordes et basse continue
Largo (D major) /Allegro molto
VIII. De torrente
Andante (E minor)
IX. Gloria Patri et Filio
choeur I : SATB avec 2 trompettes, 2 hautbois, cordes et basse continue; choeur II : SATB avec cordes et basse continue
Allegro (D major)
X. Sicut erat in principio
choeur I : SATB avec cordes et basse continue; choeur II : SATB avec cordes et basse continue
Allegro (D major)","Double Choirs I: Soloists (SATB), Choir (SATB), 2 Trumpets, 2 Oboes, Strings, Basso Continuo (Organ); II: Solo Soprano, Choir (SATB), Trumpet, Strings, Basso Continuo (Organ)",Texte: Inconnu
595.000 ,RV 595,,,Dixit Dominus,Psalm,D major,"I. Dixit Dominus
choeur (SSATB) avec 2 hautbois, trompettes, cordes et basse continue
Allegro (D major)
II. Donec ponam inimicos tuos
choeur (SATB) avec cordes et basse continue
Andante (B minor)
III. Virgam virtutis tuae
soprano solo avec cordes et basse continue
Allegro (G major)
IV. Tecum principium
2 sopranos solo avec 2 violoncelles solo et basse continue
Allegro (A minor)
V. Juravit Dominus
choeur (SATB) avec cordes et basse continue
Largo (E minor) /Presto (G major)
VI. Dominus a dextris tuis
soprano solo avec ciolons I""II, alto et basse continue
Allegro (B minor)
VII. Judicabit in nationibus
alto solo et choeur (SATB) avec trompette, cordes et basse continue
Largo (D major) /Allegro
VIII. De torrente
alto solo avec violons I/II, alto et basse continue
Largo (E minor)
IX. Gloria Patri et Filio
solistes (ATB) avec basse continue
Andante (D major)
X. Sicut erat in principio
choeur (SSATB) avec 2 hautbois, trompettes, cordes et basse continue
Allegro (D major)
XI. Et in saecula saeculorum
choeur (SSATB) avec 2 hautbois, cordes et basse continue
Allegro (D major)
[see Anh 29]","Soloists (SSATB), Choir (SSATB), Trumpet, 2 Oboes, 2 Solo Cellos, Strings, Basso Continuo",Texte: Inconnu
596.000 ,RV 596,,,Confitebor tibi Domine,Psalm,C major,"I. Confitebot tibi Domine
solistes (ATB) avec 2 hautbois, cordes et basse continue
Allegro (C major)
II. Memoriam fecit mirabilium
solistes (ATB) avec 2 hautbois, cordes et basse continue
Allegro (A minor)
III. Sanctum et terribile nomen ejus
solistes (ATB) avec 2 hautbois, cordes et basse continue
Andante (F major)
IV. Intellectus bonus ombinus
solistes (ATB) avec 2 hautbois, cordes et basse continue
Allegro (D minor)
[see 4e movement de RV 12]
V. Gloria Patri et Filio
ténor solo avec hautbois et basse continue
Allegro (F major)
VI. Et in saecula saeculorum
solistes (ATB) avec 2 hautbois, cordes et basse continue
Allegro (C major)
[see RV 714, I:12]","Soloists (ATB), 2 Oboes, Strings, Basso Continuo (Organ)",Texte: Inconnu
597.000 ,RV 597,,,Beatus Vir,Psalm,C major,"I. Beatus vir
choeur I : choeur (SATB), 2 hautbois, cordes et basse continue; choeur II : choeur (SATB) avec cordes et basse continue
Allegro (C major)
II. Potens in terra
choeur I : basse solo, violons I/II, alto/basse continue; choeur II : basse solo, violons I/II, alto/basse continue
Allegro non molto (A minor)
III. Beatur vir qui timet Dominum
choeur I + II (SATB) avec violons I/II, alto/basse continue
Allegro (C major)
IV. Gloria et divitiae
choeur I : soprano solo avec hautbois/violons I/II, alto et basse continue; choeur II : soprano solo avec violons I/II, alto et basse continue
Allegro (A minor)
V. Beatur vir qui timet Dominum
choeur I + II (SATB) avec violons I/II, alto/basse continue
Allegro (C major)
[reprise du choeur # 3]
VI. Exortum est in tenebris
choeur I : choeur (SATB) avec 2 hautbois, cordes et basse continue; choeur II : choeur (SATB) avec cordes et basse continue
Andante molto (F major)
VII. Jucundus homo
soprano solo avec orgue solo
Allegro (A minor)
VIII. Beatur vir qui timet Dominum
choeur I + II (SATB) avec violons I/II, alto/basse continue
Allegro (C major)
[reprise du choeur # 3]
IX. In memoria aeterna
choeur I : choeur (ATB) avec cordes et basse continue
Andante molto (C minor)
X. Beatur vir qui timet Dominum
choeur I + II (SATB) avec violons I/II, alto/basse continue
Allegro (C major)
[reprise du choeur # 3]
XI. Paratum cor ejus sperare in Domino
choeur I : choeur (SATB) avec 2 hautbois, cordes et basse continue; choeur II : choeur (SATB) avec cordes et basse continue
Allegro (C major)
XII. Peccator videbit
ténor solo avec cordes et basse continue
Largo e spiccato (F major)
XIII. Beatur vir qui timet Dominum
choeur I + II (SATB) avec violons I/II, alto/basse continue
Allegro (C major)
[reprise du choeur # 3]
XIV. Gloria Patri et Filio
choeur I : choeur (SATB) avec 2 hautbois, cordes et basse continue; choeur II : choeur (SATB) avec cordes et basse continue
… (C major)","Double Choirs I: Soloists (SATB), Choir (SATB), 2 Oboes, Strings, Basso Continuo (Organ); II: Solo Soprano, Choir (SATB), Strings, Basso Continuo (Organ)",[Version de RV 795]
598.000 ,RV 598,,,Beatus vir,Psalm,B-flat major,I. Beatus vir qui timet Dominum Allegro (B-flat major),"Soloists (SSA), Choir (SATB), Strings, Basso Continuo",Texte: Inconnu
599.000 ,RV 599,,,Beatus vir,Psalm,,,,[Lost]
600.000 ,RV 600,,,Laudate pueri Dominum,Psalm,C minor,"1. Laudate pueri Dominum
soprano solo avec cordes et basse continue
Allegro (do mineur)
2. Sit nomen Domini benedictum
soprano solo avec violons I/II et alto
Largo (mi bémol majeur)
3. A solis ortu
soprano solo avec violons I/II, alto et basse continue
Allegro (sol mineur)
4. Excelsus super omnes
soprano solo avec basse continue
Andante (ré mineur)
5. Quis sicut Dominus Deus noster
soprano solo avec violons I/II, alto et basse continue
Largo (la mineur)
6. Suscitans a terra
soprano solo avec cordes et basse continue
Presto (ré mineur) / Adagio
7. Ut collocet eum
soprano solo avec violons I/II, alto et basse continue
Allegro (si bémol majeur)
8. Gloria Patri et Filio
soprano solo avec violon solo et basse continue
Largo (sol mineur)
9. Laudate pueri Dominum… Sicut erat in principio
soprano solo avec cordes et basse continue
Allegro (do mineur)
10. Amen
soprano solo avec cordes et basse continue
… (do mineur)","Solo Soprano, Solo Violin, Strings, Basso Continuo (Organ)",Texte: Inconnu
601.000 ,RV 601,,,Laudate pueri Dominum,Psalm,G major,"I. Laudate pueri Dominum
soprano solo avec 2 hautbois, cordes et basse continue
Allegro non molto (G major)
II. Sit nomen Domini benedictum
soprano solo avec cordes et basse continue
Allegro (E minor)
III. A solis ortu
soprano solo avec cordes et basse continue
Andante (D major)
IV. Excelsus super omnes
soprano solo avec cordes et basse continue
Larghetto (B minor)
V. Suscitans a terra
soprano solo avec cordes et basse continue
Allegro molto (G major)
VI. Ut collocet eum cum principibus
soprano solo avec violons I/II, alto/basse continue
Allegro (C major)
VII. Gloria Patri et Filio
soprano solo avec flûte traversière, cordes et basse continue
Larghetto (A minor)
VIII. Gloria Patri et Filio
soprano solo avec cordes et basse continue
Allegro (G major)
IX. Amen
soprano solo avec cordes et basse continue
Allegro (G major)","Solo Soprano, Transverse Flute, 2 Oboes, Strings, Basso Continuo (Organ)",[Inventorié aussi sous RN 113/3]
602.000 ,RV 602,,,Laudate pueri Dominum,Psalm,A major,"I. Laudate pueri Dominum
choeur I : soprano solo et choeur (SATB) avec cordes et basse continue; choeur II : soprano solo avec cordes et basse continue
Allegro (A major)
[see RV 602a (1)]
II. A solis ortu
choeur I : soprano solo avec cordes et basse continue
Allegro (D major)
[see RV 602a (2), 603 (2)]
III. Excelsus super omnes
choeur II : soprano solo avec cordes et basse continue
Andante (A major)
[see RV 602a (3)]
IV. Quis sicut Dominus Deus noster
choeur I : soprano solo avec cordes et basse continue
… (A major)
[see RV 602a (4)]
V. Sit nomen Domini benedictum
choeur I : choeur (SATB) avec cordes et basse continue; choeur II : soprano solo avec cordes et basse continue
… (A major)
[see RV 602a (5)]
VI. Suscitans a terra
choeur I : soprano solo avec cordes et basse continue; choeur II : soprano solo avec cordes et basse continue
Allegro (B minor)
[see RV 602a (6)]
VII. Ut collocet eum
choeur I : soprano solo avec violons I/II, alto et basse continue
Allegro (A minor)
VIII. Sit nomen Domini benedictum
choeur I : choeur (SATB) avec cordes et basse continue; choeur II : soprano solo avec cordes et basse continue
… (A major)
[reprise du choeur # 5; see RV 602a (8)]
IX. Gloria Patri et Filio
choeur II : soprano solo avec hautbois solo et basse continue
Andante (A major)
X. Sicut erat in principio
choeur I : soprano solo avec choeur (SATB) avec cordes et basse continue; choeur II : soprano solo avec cordes et basse continue
Allegro (A major)","Double Choirs I: Solo Soprano, Choir (SATB), Strings, Basso Continuo (Organ); II: Solo Soprano, Solo Oboe, Strings, Basso Continuo (Organ)","Texte: Psaume 112, Doxologie et Antiphone
[Version de RV 602a et RV 603]"
602.100 ,RV 602a,,,Laudate pueri Dominum,Psalm,A major,"I. Laudate pueri Dominun
choeur I : soprano solo et choeur (SATB) avec cordes et basse continue; choeur II : soprano solo avec cordes et basse continue
Allegro (A major)
[see RV 602 (1)]
II. A sol;is ortu
choeur II : soprano solo avec cordes et basse continue
Andante (A major)
[see RV 602 (2)]
III. Excelsus super omnes
choeur II : soprano solo avec cordes et basse continue
Andante (A major)
[see RV 602 (3)]
IV. Quis sicut Dominus Deus noster
choeur I : soprano solo avec cordes et basse continue
… (A major)
[see RV 602 (4)]
V. Sit nomen Domini benedictum
choeur I : choeur (SATB) avec cordes et basse continue; choeur II : soprano solo avec cordes et basse continue
… (A major)
[see RV 602 (5)]
VI. Suscitans a terra inopem
choeur I : soprano solo avec cordes et basse continue; choeur II : soprano solo avec cordes et basse continue
Allegro (B minor)
[see RV 602 (6)]
VII. Ut collocet eum
choeur II : soprano solo avec cordes et basse continue
Allegro molto (G major)
VIII. Sit nomen Domini benedictum
choeur I : choeur (SATB) avec cordes et basse continue; choeur II : soprano solo avec cordes et basse continue
… (A major)
[reprise du choeur # 5, see RV 602 (5)]
IX. Gloria Patri et Filio
choeur I : soprano solo avec flûte traversière et basse continue
Andante (D major)
[see RV 603 (9)]
X. Sicut erat in pricipio
choeur I : soprano solo et choeur (SATB) avec cordes et basse continue; choeur II : soprano solo avec cordes et basse continue
Allegro (A major)
[see RV 602 (10)]","Double Choirs I: Solo Soprano, Choir (SATB), Transverse Flute, Strings, Basso Continuo (Organ); II: Solo Soprano, Strings, Basso Continuo (Organ)","Texte: Psaume 112, Doxologie et Antiphone
[Version de RV 602 et RV 603]"
603.000 ,RV 603,,,Laudate pueri Dominum,Psalm,A major,"I. Laudate pueri Dominum
choeur I : soprano solo et choeur (SATB) avec cordes et basse continue; choeur II : cordes et basse continue
Allegro (A major)
II. A solis ortu
choeur I : soprano solo avec cordes et basse continue
Allegro (D major)
[see RV 602 (2)]
III. Excelsus super omnes
choeur I : soprano solo avec cordes et basse continue; choeur II : cordes et basse continue
Andante (A major)
IV. Sit nomen Domini benedictum
choeur I : choeur SATB) avec cordes et basse continue; choeur II : cordes et basse continue
… (A major)
V. Suscitans a terra inopem
choeur I : soprano solo et choeur (SATB) avec cordes et basse continue; choeur II : cordes et basse continue
Allegro (B minor)
VI. Ut collocet eum
choeur I : soprano solo avec cordes et basse continue
Allegro molto (G major)
[see RV 602a (7)]
VII. Sit nomen omini benedictum
choeur I : choeur (SATB) avec cordes et basse continue; choeur II : cordes et basse continue
… (A major)
[reprise du choeur # 4]
VIII. Gloria Patri et Filio
choeur I : soprano solo; choeur II : hautbois et basse continue
Andante (D major)
[see RV 602a (9)]
IX. Sicut erat in principio
choeur I : soprano solo et choeur (SATB) avec cordes et basse continue; choeur II : cordes et basse continue
Allegro (A major)","Double Choirs I: Solo Soprano, Choir (SATB), Strings, Basso Continuo (Organ); II: Oboe, Strings, Basso Continuo (Organ)","Texte: Psaume 112, Doxologie et Antiphone
[Version de RV 602 et RV 602a]"
604.000 ,RV 604,,,In exitu Israel,Psalm,C major,"I. Laudate pueri Dominum
choeur I : soprano solo et choeur (SATB) avec cordes et basse continue; choeur II : cordes et basse continue
Allegro (A major)
II. A solis ortu
choeur I : soprano solo avec cordes et basse continue
Allegro (D major)
[see RV 602 (2)]
III. Excelsus super omnes
choeur I : soprano solo avec cordes et basse continue; choeur II : cordes et basse continue
Andante (A major)
IV. Sit nomen Domini benedictum
choeur I : choeur SATB) avec cordes et basse continue; choeur II : cordes et basse continue
… (A major)
V. Suscitans a terra inopem
choeur I : soprano solo et choeur (SATB) avec cordes et basse continue; choeur II : cordes et basse continue
Allegro (B minor)
VI. Ut collocet eum
choeur I : soprano solo avec cordes et basse continue
Allegro molto (G major)
[see RV 602a (7)]
VII. Sit nomen omini benedictum
choeur I : choeur (SATB) avec cordes et basse continue; choeur II : cordes et basse continue
… (A major)
[reprise du choeur # 4]
VIII. Gloria Patri et Filio
choeur I : soprano solo; choeur II : hautbois et basse continue
Andante (D major)
[see RV 602a (9)]
IX. Sicut erat in principio
choeur I : soprano solo et choeur (SATB) avec cordes et basse continue; choeur II : cordes et basse continue
Allegro (A major)","Choir (SATB), Strings, Basso Continuo",Texte: Psaume 113 et Doxologie
605.000 ,RV 605,,,"Credidi propter quod, psalm 115",Psalm,C major,,"Choir (SATTB), 2 Violins, 2 Violas, Basso Continuo",[see Anh 35a]
606.000 ,RV 606,,,Laudate Dominum,Psalm,D minor,I. Laudate Dominum,"Choir (SATB), 2 Violins, Viola, Basso Continuo",Texte: Psaume 116 et Doxologie
607.000 ,RV 607,,,Laetatus sum,Psalm,F major,I. Laetatus sum,"Choir (SATB), 2 Violins, Viola/Basso Continuo",Texte: Psaume 121 et Doxologie
608.000 ,RV 608,,,Nisi Dominus,Psalm,G minor,"I. Nisi Dominus
alto solo avec cordes et basse continue
Allegro (G minor)
II. Vanum est vobis ante lucem surgere
alto solo et basse continue
Largo (G minor)
III. Surgite postquam sederitis
alto solo avec cordes et basse continue
Presto (B-flat major) /Adagio
IV. Cum dederit dilectis suis
alto solo avec 2 violons, alto et orgue
Largo/Andante (G minor)
V. Sicut sagittae in manu potentis
alto solo avec 2 violons et alto/basse continue
Presto/Allegro (E-flat major)
VI. Beatus vir qui implevit
alto solo avec basse continue
Andante (B-flat major)
VII. Gloria Patri et Filio
alto solo avec viole d'amour et orgue
Larghetto (D minor)
VIII. Sicut erat in principio
alto solo avec cordes et basse continue
Allegro (G minor)
IX. Amen
alto solo avec cordes et basse continue
Allegro (G minor)","Alto, Viola d'Amore, Strings, Basso Continuo (Organ)",Texte: Psaume 126 et Doxologie
609.000 ,RV 609,,,Lauda Jerusalem,Psalm,E minor,"I. Lauda Jerusalem
choeur I : 2 soprano solo et choeur (SATB) avec cordes et basse continue; choeur II : 2 sopranos solo et choeur (SATB) avec cordes et basse continue
Allegro (E minor)","Double Choirs I: 2 Solo Sopranos, Choir (SATB), Strings, Basso Continuo; II: 2 Solo Sopranos, Choir (SATB), Strings, Basso Continuo",Texte: Psaume 147 et Doxologie
610.000 ,RV 610,,,Magnificat,Magnificat,G minor,"I. Magnificat anima mea Dominum
choeur (SATB) avec cordes et basse continue
Adagio (G minor)
[see 1er movement RV 610b et RV 611]
II. Et exultavit spiritus meus
solistes (SAT) et choeur (SATB) avec cordes et basse continue
Allegro (B-flat major)
[see 2e movement de RV 610b]
III. Et misericordia ejus
choeur (SATB) avec cordes et basse continue
Andante molto (C minor)
[see 3e movement de RV 610b et 5e movement RV 611]
IV. Fecit potentiam
choeur (SATB) avec cordes et basse continue
Presto (G minor)
[see 4e movement RV 610b et 6e movement 611]
V. Esurientes implevit bonus
solistes (SS) avec basse continue
Allegro (B-flat major)
[see 5e movement de RV 610b]
VI. Suscepit Israel puerum suum
choeur (SATB) avec cordes et basse continue
Largo (D minor) /Allegro
[see 6er movement RV 610b et 8e movement RV 611]
VII. Sicut lucutus est ad Patres nostris
choeur (SAB) avec 2 hautbois, violons I/II, alto et basse continue
Allegro ma poco (F major)
VIII. Gloria Patri, et Filio
choeur (SATB) avec cordes et basse continue
Largo (G minor) /Andante /Allegro
[see 8e movement RV 610b et 10e movement RV 611]","Soloists (SSAT), Choir (SATB), 2 Oboes, Strings, Basso Continuo",Texte: Évangile (Luc I) et Doxologie
610.100 ,RV 610a,,,Magnificat,Magnificat,G minor,,"Choir I: Soloists (ST), Choir (SATB), 2 Oboes, Strings, Basso Continuo; 
Choir II: Soloists (SSA), Choir (SATB), Strings, Basso Continuo","Texte: Évangile (Luc I) et Doxologie
[même oeuvre que RV 610]"
610.200 ,RV 610b,,,Magnificat,Magnificat,G minor,"I. Magnificat anima mea Dominus
choeur (SATB) avec 2 clarini ad lilb, cordes et basse continue
Adagio (G minor)
[see 1er movement RV 610 et RV 611]
II. Et exultavit spiritus meus
solistes (SAT) et choeur (SATB) avec 2 clarini ad lib, cordes et basse continue
Allegro (B-flat major)
III. Et misericordia ejus
choeur (SATB) avec cordes et basse continue
Andante molto (C minor)
[see 3e movement de RV 610]
IV. Fecit potentiam
choeur (SATB) avec 2 clarini ad lib, cordes et basse continue
Presto/Allegro (G minor)
V. Esurientes implevit bonus
solistes (SS) avec basse continue
Allegro (B-flat major)
[see 5e movement de RV 610]
VI. Suscepit Israel puerum suum
choeur (SATB) avec cordes et basse continue
Largo (D minor) /Allegro
[see 6e movement de RV 610 et 8e movement RV 611]
VII. Sicut locutus est ad Patres nostris
choeur (SATB) avec cordes et basse continue
Andante (F major)
VIII. Gloria Patri, et Filio
choeur (SATB) avec 2 clairons, cordes et basse continue
Largo (G minor) /Allegro(Presto)
[see 8e movement RV 610 et 10e movement RV 611]","2 Choirs (SSATB, SATB), 2 Clarions, Strings, Basso Continuo (Organ)",Texte: Évangile (Luc I) et Doxologie
611.000 ,RV 611,,,Magnificat,Magnificat,G minor,"I. Magnificat anima mea Dominus
choeur (SATB) avec cordes et basse continue
Adagio (G minor)
[see 1er movement de RV 610]
II. Et exultavit spiritus meus
soprano solo avec cordes et basse continue
Allegro (B-flat major)
III. Quia respecit humilitatem
soprano solo avec cordes et basse continue
Andante molto (G minor)
IV. Quia fecit mihi magna
soprano solo avec cordes et basse continue
Andante (E-flat major)
V. Et misericordia ejus
choeur (SATB) avec cordes et basse continue
Andante molto (C minor)
[see 3e movement de RV 610]
VI. Fecit potentiam
choeur (SATB) avec cordes et basse continue)
Presto (G minor)
[see 4e movement de RV 610]
VII. Esurientes implevit bonus
alto ou ténor solo avec cordes et basse continue
Andante/Allegro (D minor)
VIII. Suscepit Israel puerum suum
choeur (SATB avec cordes et basse continue
Largo (D minor) /Allegro
IX. Sicut locutus est ad Patres nostros
alto solo avec violons I/II, alto et basse continue
Andante (F major)
X. Gloria Patri, et Filio
choeur (SATB) avec cordes et basse continue
Largo (G minor) /Andante /Allegro
[see 8e movement de RV 610]","Soloists (SA), Choir (SATB), Strings, Basso Continuo",Texte: Évangile (Luc I) et Doxologie
612.000 ,RV 612,,,Deus tuorum militum,Hymn,C major,"I. Deus tuorum militum
solistes (AT) avec 2 hautbois, cordes et basse continue (orgue)
Allegro (C major)","Soloists (AT), 2 Oboes, Strings, Basso Continuo (Organ)",
613.000 ,RV 613,,,Gaude Mater Ecclesia,Hymn,B-flat major,"I. Gaude Mater Ecclesia
soprano solo avec cordes et basse continue
… (B-flat major)
II. Praedicatorum ordinis
soprano solo avec cordes et basse continue
… (B-flat major)
III. Trino Deo et semplici
soprano solo avec cordes et basse continue
… (B-flat major)","Soprano, Strings, Basso Continuo (Organ)",
614.000 ,RV 614,,,Laudate Dominum omnes gentes,Hymn,,,,
615.000 ,RV 615,,,Regina coeli,Hymn,,"I. …
II. Resurrexit
ténor solo avec 2 trompettes, cordes et basse continue
… (C major)
III. Ora pro bonis Deum
ténor solo avec violons I/II, alto et basse (sans orgue)
Largo (C minor)","Solo Tenor, 2 Trumpets, Strings, Basso Continuo (Organ)",[Incomplete]
616.000 ,RV 616,,,Salve Regina,Hymn,C minor,"I. Salve Regina Mater
alto solo avec choeurs I: 2 flûtes à bec, cordes et basse continue; II: cordes et basse continue
Andante (C minor)
II. Ad te clamamus
alto solo avec choeurs I: cordes et basse continue; II: cordes et basse continue
Allegro (E-flat major)
III. Ad te suspiramus
alto solo avec choeur I: flûte traversière, violons I/II, alto et basse continue
Larghetto (G minor)
IV. Eia ergo advocata
alto solo avec choeurs I/II: violons I/II, alto et basse continue
… (E-flat major)
V. Et Jesum benedictum
alto solo avec choeurs I: cordes et basse continue; II: cordes et basse continue
Andante molto (G minor)
VI. O clemens, o pia, o dulcis Virgo
alto solo avec choeurs I: 2 flûtes à bec, cordes et basse continue; II: cordes et basse continue
Andante (C minor)","Solo Alto, Double Choirs (I: 2 Recorders, Transverse Flutes, Strings, Basso Continuo; II: Strings, Basso Continuo)",
617.000 ,RV 617,,,Salve Regina,Hymn,,"I. Salve Regina Mater
soprano solo avec violon solo et orgue
Allegro (F major)
II. Ad te clamamus
soprano solo avec violons I/II, alto et orgue
Allegro (D minor)
III. Eia ergo advocata nostra
soprano solo avec violon solo, cordes et orgue
Allegro (C major)
IV. Et Jesum benedictum
soprano solo vec violon solo, cordes et orgue
Andante (F major)","Solo Soprano, Solo Violin, Strings, Basso Continuo (Organ)",
618.000 ,RV 618,,,Salve Regina,Hymn,G minor,"I. Salve Regina Mater
alto solo avec choeurs I: cordes et basse continue; II: cordes et basse continue
Andante molto (G minor)
[see 1er movement RV 319]
II. Ad te clamamus
alto solo avec choeurs I: cordes et basse continue; II: cordes et basse continue
Allegro (D minor)
III. Ad te suspiramus gementes
alto solo avec choeur I: cordes et basse continue
Larghetto (F major)
IV. Eia ergo advocata
alto solo avec choeurs I: 2 hautbois, cordes et basse continue; II: cordes et basse continue
Allegro (D minor)
V. Et Jesum benedictum
alto solo avec choeurs I:cordes et basse continue; II: cordes et basse continue
Andante (G minor)
VI. O clemens, o pia, o dulcis Virgo
alto solo avec choeurs I: cordes et basse continue; II: cordes et basse continue
Larghetto (G minor)","Solo Alto, Double Choirs (I: 2 Oboes, Strings, Basso Continuo; II: Strings, Basso Continuo)",
619.000 ,RV 619,,,Salve Regina,Hymn,,,"Solo Voice, 2 Transverse Flutes, Cello, Strings, Basso Continuo (Organ)",[Lost]
620.000 ,RV 620,,,Sanctorum meritis,Hymn,C major,"I. Sanctorum meritis inclita gaudia
soprano solo avec cordes et basse continue
Allegro (C major)","Soprano, Strings, Basso Continuo (Organ)",[Incomplet ?]
621.000 ,RV 621,,,Stabat Mater,Hymn,F minor,"I. Stabat Mater dolorosa
alto solo avec cordes et basse continue
Largo (F minor)
II. Cuius anima gemente
alto solo avec cordes et basse continue
Adagissimo (F minor)
III. O quam tristis et afflicta
solo alto avec cordes et basse continue
Andante (F minor)
IV. Quis est homo qui non fleret
alto solo avec cordes et basse continue
Largo (F minor)
[même musique que # 1]
V. Quis non posset contristarsi
alto solo avec cordes et basse continue
Adagissimo (F minor)
[même musique que # 2]
VI. Pro peccatis suae gentes
alto solo avec cordes et basse continue
Andante (F minor)
[même musique que # 3]
VII. Eia Mater fons amoris
alto solo avec violons I/II et alto
Largo (F minor)
VIII. Fac ut ardeat cor meum
alto solo avec cordes et basse continue
Lento (F minor)
IX. Amen
alto solo avec cordes et basse continue
… (F minor)","Solo Alto, Strings, Basso Continuo",
622.000 ,RV 622,,,Te Deum,Hymn,,,,"[Lost]
chant d'action de grâces"
623.000 ,RV 623,,,Canta in prato,Motet,,"I. Canta in prato, aria pour soprano solo avec cordes et basse continue (A major)
II. Sacra fulgescit nobis, récitatif pour soprano solo avec basse continue
III. Avenae rusticae sinceri, aria pour soprano solo avec cordes et basse continue (D major)
IV. Alleluia, aria pour soprano avec cordes et basse continue (A major)","Soprano, Strings, Basso Continuo",[see Introduction RV 636]
624.000 ,RV 624,,,Carae rosae respirate,Motet,,"I. Carae rosae respirate
aria pour soprano avec violons I/II et basse continue
Allegro (G major)
II. Si fontes venti et flores
récitatif pour soprano et basse continue
III. Cor ardeat amore
aria pour soprano avec violons I/II et basse continue
Largo (E minor)
IV. Alleluia
aria pour soprano avec violons I/II et basse continue
Allegro (G major)","Soprano, 2 Violins, Basso Continuo",[Incomplete]
625.000 ,RV 625,,,Clarae stellae scintillate,Motet,,"I. Clarae stellae scintillate
aria pour alto avec cordes et basse continue
Allegro (F major)
II. Caeli repleti iam novo splendore
récitatif pour alto et basse continue
III. Nunc jubilare semper laetare
aria pour alto avec violons I/II, alto et basse continue
Allegro (D minor)
IV. Alleluia
aria pour alto, cordes et basse continue
Allegro (F major)","Alto, Strings, Basso Continuo",Texte: Inconnu
626.000 ,RV 626,,,In furore giustissimae irae,Motet,,"I. In furore giustissimae irae
aria pour soprano avec cordes et basse continue
Allegro (C minor)
II. Miserationum Pater piissime
récitatif pour soprano avec basse continue
III. Tunc meus fletus evadet laetus
aria pour soprano avec cordes et basse continue
Largo (G minor)
IV. Alleluia
aria pour soprano avec cordes et basse continue
… (C minor)","Soprano, Strings, Basso Continuo",Texte: Inconnu
627.000 ,RV 627,,,In turbato mare,Motet,,"I. In turbato mare
aria pour soprano avec cordes et basse continue
Allegro (G major)
II. Splende serena ò lux amata
récitatif pour soprano avec basse continue
III. Resplende bella divina stella
aria pour soprano avec cordes et basse continue
Larghetto (A minor)
IV. Alleluia
aria pour soprano avec cordes et basse continue
Allegro (G major)","Soprano, Strings, Basso Continuo",Texte: Inconnu
628.000 ,RV 628,,,Invicti bellate,Motet,,"I. Invicti bellate
aria pour alto avec cordes et basse continue
Presto (G major)
II. Fortes estote in bello
récitatif pour alto et basse continue
III. Dux eterne, Jesu care
aria pour alto avec cordes et basse continue
Larghetto (E minor)
IV. Alleluia
aria pour alto avec cordes et basse continue
Allegro (G major)","Alto, Strings, Basso Continuo",[Incomplete]
629.000 ,RV 629,,,Longe mala umbrae terrores,Motet,,"I. Longe mala umbra terrores
aria pour soprano avec cordes et basse continue
Allegro (G minor)
II. Recedite nubes et fulgura
récitatif pour soprano avec basse continue
III. Descende ò coeli vos
aria pour soprano avec cordes et basse continue
Largo (C minor)
IV. Alleluia
aria pour soprano avec cordes et basse continue
… (G minor)","Soprano, Strings, Basso Continuo",[see Introduction RV 640]
630.000 ,RV 630,,,Nulla in mundo pax,Motet,,"I. Nulla in mundo pax
aria pour soprano avec violons I/II, alto et basse continue
Largetto (E major)
II. Blando colore oculos mundus decepit
récitatif pour soprano et basse continue
III. Spirat anguis inter flores
aria pour soprano avec violons I/II, alto et basse continue
… (A major)
IV. Alleluia
aria pour soprano avec violon solo, cordes et basse continue
… (E major)","Soprano, Strings, Basso Continuo",Texte: Inconnu
631.000 ,RV 631,,,O qui coeli terraeque,Motet,,"I. O qui coeli terraeque
aria pour soprano avec cordes et basse continue
… (mi béml majeur)
II. Fac ut sordescar tellus
récitatif pour soprano avec basse continue
III. Rosa quae moritur
aria pour soprano avec cordes et basse continue
… (C minor)
IV. Alleluia
aria pour soprano avec cordes et basse continue
… (E-flat major)","Soprano, Strings, Basso Continuo",Texte: Inconnu
632.000 ,RV 632,,,Sum in medio tempestatum,Motet,,"I. Sum in medio tempestatum
aria pour soprano avec cordes et basse continue
Allegro non molto (F major)
II. Quid ergo faciam infelix anima?
récitatif pour soprano avec basse continue
III. Semper maesta sconsolata
aria pour soprano avec cordes et basse continue
Largo (B-flat major)
IV. Alleluia
aria pour soprano avec cordes et basse continue
Allegro (F major)","Soprano, Strings, Basso Continuo",Texte: Inconnu
633.000 ,RV 633,,,Vestro principi divino,Motet,,"I. Vestro principi divino
aria pour alto avec cordes et basse continue
… (F major)
II. O felix culpa fortunata
récitatif pour alto et basse continue
III. Quid loqueris ad cor
aria pour alto avec violons I/II, alto et basse continue
… (F major)
IV. Alleluia
aria pour alto avec violons I/II, alto et basse continue
… (F major)","Alto, Strings, Basso Continuo",Texte: Inconnu
634.000 ,RV 634,,,Vos aurae per montes,Motet,,"I. Vos aurae per montes
aria pour soprano avec cordes et basse continue (orgue)
Allegro (A major)
II. Cuncta orbis creata placida quiescant
récitatif pour soprano avec basse continue (orgue)
III. Tellus astra montes prata
aria pour soprano avec cordes et basse continue (orgue)
Andante molto (D major)
IV. Alleluia
aria pour soprano avec cordes et basse continue (orgue)
… (A major)","Soprano, Strings, Basso Continuo (Organ)",motet pour la solennité de la fête S. Antoine
635.000 ,RV 635,,,Ascende laeta,Introduction,,"I. Ascende laeta montes
aria pour soprano avec cordes et basse continue
Allegro (A major)
II. Quam pulchri quam formosi
récitatif pour soprano avec basse continue
[partition perdue]
III. Sternite Angeli sternite
aria pour soprano avec cordes et basse continue
Presto (A major)","Soprano, Strings, Basso Continuo","Texte: Inconnu
introduction à un Dixit"
636.000 ,RV 636,,,Canta in prato,Introduction,,"I. Canta in prato
aria pour soprano avec hautbois/violons I/II, alto et basse continue
… (G major)
II. Sacra fulgescit
récitatif pour soprano avec basse continue
III. Avenae rusticae sinceri
aria pour soprano avec hautbois, cordes et basse continue
Allegro (G major)","Soprano, 2 or 4 Oboes, 2 String Orchestras, Basso Continuo","Texte: Inconnu
introduction à un Dixit"
637.000 ,RV 637,,,Cur sagittas,Introduction,,"I. Cor sagittas cur tela cur faces
aria pour alto avec cordes et basse continue
Allegro (B-flat major)
II. Hostibus circumventa undique et armis
récitatif pour alto avec cordes et basse continue
III. In te beate Pater
aria pour alto avec cordes et basse continue
… (B-flat major)","Alto, Strings, Basso Continuo (Organ)","Texte: Inconnu
introduction pour un Gloria"
638.000 ,RV 638,,,Filiae mestae Jerusalem,Introduction,,"I. Filiae mestae Jerusalem et Rex universorum
récitatif pour alto avec cordes et basse continue
Adagio
II. Sileant Zepheri
aria pour alto avec cordes et basse continue
Largo (C minor)
III. Sed tenebris diffusis obscuratus est Sol
récitatif pour alto avec cordes et basse continue","Alto, Strings, Basso Continuo","Texte: Inconnu
introduction à un Miserere"
639.000 ,RV 639,,,Jubilate ò amaeni chori,Introduction,,"I. Jubilate ò amaeni chori
aria pour alto avec cordes et basse continue
Allegro (D major)
II. In tam solemni pompa
récitatif pour alto avec basse continue
[partition perdue]
III. Sonoro modulamine /Gloria in excelsis Deo
air pour solistes (SATB) avec chœur (SATB) avec trompette, 2 hautbois, cordes et basse continue
Allegro (D major)","Soloists (SATB), Choir (SATB), Trumpet, 2 Oboes, Strings, Basso Continuo (Organ)","Texte: Inconnu
introduction au Gloria (RV 588)"
639.100 ,RV 639a,,,Jubilate ò amaeni chori,Introduction,,"I. Jubilate ò amaeni chori
aria pour soprano avec cordes et basse continue
Allegro (D major)
II. In tam solemni pompa
récitatif pour soprano avec basse continue
[partition perdue]
3.Sonoro modulamine /Gloria in excelsis Deo
aria pour solistes (STAB) et chœur (SATB) avec trompette, 2 hautbois, cordes et basse continue
Allegro (D major)","Soloists (SATB), Choir (SATB), Trumpet, 2 Oboes, Strings, Basso Continuo (Organ)","[même que RV 639 mais pour soprano]
introduction au Gloria (RV 588)"
640.000 ,RV 640,,,Longe mala umbrae terrores,Introduction,,"I. Longe mala umbrae terrores
aria pour alto avec cordes et basse continue
Allegro ma poco (G minor)
II. Recedite nubes
récitatif pour alto avec violons I/II, alto et basse continue","Alto, Strings, Basso Continuo","Texte: Inconnu
introduction à un Gloria"
641.000 ,RV 641,,,Non in pratis,Introduction,,"I. Non in pratis
récitatif pour alto avec basse continue
II. Ibi spinio confixus
récitatif pour alto avec cordes et basse continue
Adagio
III. Pro me caput spinas habet
aria pour alto avec cordes et basse continue
Largo non molto (D minor)","Alto, Strings, Basso Continuo","Texte: Inconnu
introduction à un Miserere"
642.000 ,RV 642,,,Ostro picta armata spina,Introduction,,"I. Ostro picta armata spina
aria pour soprano avec violons I/II, alto et basse continue
Allegro (D major)
II. Sic transit vana et brevis gloria mundi
récitatif pour sorano avec basse continue
partition perdue]
III. Linguis favete omnes silete
aria pour soprano avec violons I/II, alto et basse continue
Allegro (D major)","Soprano, 2 Violins, Viola, Basso Continuo","Texte: Inconnu
introduction à un Gloria"
643.000 ,RV 643,,,Moyses Deus Pharaonis,Oratorio,,"Act 1
1. Chorus ""Irati Coeli aut pacem reddite""
2. Aria ""Regis cor terrore implebo"" (Moses)
3. Chorus ""O vox grata amata vox"" (Chorus of Hebrews)
4. Aria ""Gaude cor laetare plaude"" (Messenger)
5. Aria ""Constantes sustinete atque sperate"" (Aaron)
6. Aria ""Sponse care sine te"" (Elizabeth)
7. Aria ""Te contemplor stupida et mesta"" (Mary)
8. Aria ""Ridet Coelum nec dira minatur"" (Pharaoh)
9. Aria ""Si dico meo; cor dic quid paves?"" (First Sage)
10. Aria ""Dum timeo sperando"" (Second Sage)
11. Aria ""Jam condemno"" (Pharaoh)
12. Aria ""Obstinatum cor ingratum"" (Moses)
13. Chorus ""Heu nimis durum - fatum et asperum""

Act 2
14. Aria ""Pestis jumenta populum"" (Moses)
15. Chorus ""Summe Rex qui mente et manuit"" (Chorus of Egyptians)
16. Aria ""Parce reis et parce victis"" (First Sage)
17. Aria ""Non mentus Regum facit"" (Second Sage)
18. Aria ""In sinum venite"" (Pharaoh)
19. Chorus ""Sit numen tibi desterum""
20. Aria ""Fortunata gens beata"" (Royal Minister)
21. Aria ""Irata Regis non timet furores"" (Aaron)
22. Solo ""In cor delabere"" (Member of the Hebrew Chorus)
23. Aria ""Torva fronte pupulla minaci"" (Mary)
24. Aria ""Tuae pietatis dona cara"" (Royal Minister)
25. Aria ""Dum floridis in hortis"" (Moses)

Act 3
26. Aria ""Non vulgare non imbecille"" (Elizabeth)
27. Aria ""Sicut nox astra et obscura"" (Pharaoh)
28. Aria ""Stulta et vana"" (First Sage)
29. Aria ""Sunt nostrae lacrymae"" (Second Sage)
30. Aria ""Implacabilis inexorabilis"" (Pharaoh)
31. Aria ""Spes secura est spes divina"" (Moses)
32. Aria ""Vota nostra audice o coeli"" (Aaron)
33. Chorus ""Resonent Aethera"" (Female Chorus of Hebrews)
34. Solo ""Sol, quem colunt falsae gentes"" (Member of the Female Chorus of Hebrews)
35. Aria ""Gratus Israel Deo potenti"" (Mary)
36. Aria ""In sylva frondes carae vos tacete"" (Elizabeth)
37. Chorus ""Resonent Aethera"" (Reprise of No. 33)",Instrumentation inconnue,"[Lost]
Texte: Giovanni Cendoni"
644.000 ,RV 644,,,Juditha triumphans devicta Holofernes Barbarie,Oratorio,,"Part 1
1. Chorus ""Arma, caedes, vindictae, furores angustiae"" (Chorus of Soldiers)
2. Recitative ""Felix in fausta dies""
3. Aria ""Nil arma, nil bella, nil flamma"" (Holofernes)
4. Recitative ""Mi Dux Domine mi""
5. Aria ""Matrona inimica"" (Vagaus)
6. Recitative ""Huc accedat Matrona""
7. Aria ""Quo cum Patriae me ducit"" (Judith)
8. Recitative ""Ne timeas, non laetare""
9. Aria ""Vultus tui vago splendori"" (Abra)
10. Recitative ""Vide humilis prostrata""
11. Chorus ""O quam vaga, venusta o quam decora"" (Vagaus and Chorus of Soldiers)
12. Recitative ""Quem vides propè, aspectu terribili""
13. Aria ""Quamvis ferro et ense gravis"" (Vagaus)
14. Recitative ""Quid cerno! Oculi miei""
15. Aria ""Quanto magis generosa"" (Judith)
16. Recitative ""Magma, ò foemina petis""
17. Aria ""Sede, a cara dilecta speciosa"" (Holofernes)
18. Recitative ""Tu Judex es, tu Dominus""
19. Aria ""Agitata infido flatu"" (Judith)
20. Recitative ""In tentorio supernae, Holofernes""
21. Aria ""O servi volate"" (Vagaus and Chorus)
22. Recitative ""Tu quoque Ebraica ancilla""
23. Aria ""Veni, me sequere fida"" (Judith)
24. Recitative ""Venio, Juditha, venio""
25. Aria ""Fulgeat sol frontis decorae"" (Abra)
26. Recitative ""In urbe interim pia""
27. Chorus ""Mundi Rector de Coelo micanti"" (Chorus of Virgins of Bethulia)

Part 2
28. Recitative ""Summi Regis in mente""
29. Aria ""O sydera, ò stelle"" (Ozias)
30. Recitative ""Jam saevientis in hostem""
31. Aria ""Nox obscura tenebrosa"" (Holofernes)
32. Recitative ""Belligerae meae sorti""
33. Aria ""Transit aetas"" (Judith)
34. Recitative ""Haec in crastinum serva""
35. Aria ""Noli ò cara te adorantis"" (Holofernes)
36. Recitative ""Tibi dona salutis precor ò Caelo Dux""
37. Chorus ""Plena nectare non mero"" (Chorus)
38. Recitative ""Tormenta mentis tuae""
39. Aria ""Viva in pace et pax regnet sincera"" (Judith)
40. Recitative ""Sic in pace inter hostes""
41. Aria ""Umbrae carae"" (Vagaus)
42. Recitative ""Quam fortunata es tu vaga matrona""
43. Aria ""Non ita reducem"" (Abra)
44. Recitative ""Jam pergo postes claudo""
45. Recitative ""Summe Astrorum Creator"" (Judith)
46. Aria ""In somno profundo"" (Judith)
47. Recitative ""Impii indigni tiranni"" (Judith)
48. Recitative ""Abra, accipe manus""
49. Aria ""Si fulgida per te"" (Abra)
50. Recitative ""O mirabilis Deus in servis tuis""
51. Aria ""Ridete in monte"" (Ozias)
52. Recitative ""Jam non procul ab axe""
53. Aria ""Armate face, et anguibus"" (Vagaus)
54. Recitative ""Quam insolita luce""
55. Aria ""Gaude felix Bethulia laetare"" (Ozias)
56. Recitative ""Ita decreto aeterno"" (Ozias)
57. Chorus ""Salve invicta Juditha formosa"" (Chorus of Virgins celebrating Judith's Triumph)","Soloists (SSAAA), Choir (SATB), 2 Flutes, 2 Oboes, 2 Trumpets, 2 Clarinets, 4 Theorboes, Mandolin, Organ, Viola d'amore, Viola da gamba, English Viol, Timpani, Strings, Basso Continuo (Harpsichord, Organ)",Texte: Giacomo Cassetti
645.000 ,RV 645,,,L'adorazione delli tre re magi al bambino Gesu,Oratorio,,"Part 1
1. Aria ""Del bel Sol di giustizia oggi nato"" (Angel)
2. Trio ""Chi mi dà"" (Arabian King, Sabaean King, Ethiopian King)
3. Aria ""Chi pensa di gioir"" (Angel)
4. Aria ""Mi sprona il piede"" (Arabian King)
5. Aria ""Se bene il mar freme"" (Ethiopian King)
6. Aria ""Sento, che non mi chiama"" (Sabaean King)
7. Aria ""Quegli è suon, che da le sfere"" (Angel)
8. Aria ""Cuori tutti ristretti nel moi"" (Arabian King)
9. Aria ""Altri affetti, e un altro core"" (Sabaean King)
10. Aria ""Pargoletto immenso Re"" (Ethiopian King)
11. Trio ""Fa nel Cielo l'uom sazio e beato"" (Arabian King, Ethiopian King, Sabaean King)

Part 2
12. Aria ""Sicuro è il legno"" (Angel)
13. Aria ""Nudo e abietto un Dio c'insegna"" (Arabian King)
14. Aria ""Amabile umiltà"" (Sabaean King)
15. Aria ""La superba del mortal"" (Ethiopian King)
16. Aria ""Non è sicuro"" (Angel)
17. Aria ""Sin or colmi di estrema dolcezza"" (Arabian King)
18. Aria ""Vengo bel lidi Eoi"" (Ethiopian King)
19. Chorus ""Su su si canti"" (Chorus of Shepherds)
20. Solo ""Se su i fiori"" (Sabaean King)
21. Chorus ""Su su si canti"" (Chorus of Shepherds, reprise of No. 19)",Instrumentation inconnue,"[Lost]
Texte: Inconnu"
646.000 ,RV 646,,,Concertus italicus: Ihr Himmel nun,Aria,E major,,"Alto, Solo Violin, Strings, Basso Continuo","see Anh 59:19
[parodie de l'air ""Son come farfalletta"", RV 700,II:12]"
647.000 ,RV 647,,,Aria de Sanctis: Nato pastor pro me /Eja voces plausum date,Aria,E-flat major,,"Bass, Strings, Basso Continuo","see Anh 59:23
[parodie de l'air ""Benche nasconda"", RV 728, II:2]"
648.000 ,RV 648,,,Concertus italicus: Ad corda reclina,Aria,F major,,"Alto, Strings, Basso Continuo","see Anh 59:15
[parodie de l'air ""Vedrai nel volto"", RV 700, II:8]"
649.000 ,RV 649,,,All'ombra d'un bel faggio,Cantata,,"1. All'ombra d'un bel faggio
récitatif pour soprano et basse continue
2. Senti che it risponde
air pour soprano avec basse continue
Largo (si bémol majeur)
3. Ne' men di quel ruscello
récitatif pour soprano et basse continue
4. Vorei moi ben dà te
air pour soprano et basse continue
Allegro (fa majeur)","Solo Soprano, Basso Continuo",Texte: Inconnu
650.000 ,RV 650,,,All'or che lo sguardo,Cantata,,"1. All'or che lo sguardo
air pour soprano avec basse continue
Larghetto (fa majeur)
2. Pena cosi spietata
récitatif pour soprano et basse continue
3. Perche saertami
air pour soprano et basse continue
Allegro (fa majeur)","Solo Soprano, Basso Continuo",Texte: Inconnu
651.000 ,RV 651,,,Amor hai vinto,Cantata,,"1. Amor hai vinto
récitatif pour soprano avec basse continue
2. Passo di pena in pena
air pour soprano avec basse continue
Largo (do mineur)
3. In qual Strano e Confuso
récitatif pour soprano et basse continue
4. Se à me rivolge il Ciglio
air pour soprano avec basse continue
Andante (la mineur)","Solo Soprano, Basso Continuo","Texte: Inconnu, [Même texte que RV 683]"
652.000 ,RV 652,,,Aure voi piu non siete,Cantata,,"1. Aure voi più non siete
récitatif pour soprano avec basse continue
2. Ti confido il pianto moi
air pour soprano avec basse continue
Andante molto (la mineur)
3. Infelice Daliso, ove trà queste
récitatif pour soprano avec basse continue
4. Le fiorite, e belle sponde
air pour soprano avec basse continue
Allegro (mi mineur)","Solo Soprano, Basso Continuo",Texte: Inconnu
653.000 ,RV 653,,,Del suo natio rigore,Cantata,,"1. Del suo natio rigore
récitatif pour soprano avec basse continue
2. Quei begl'occhi io pianger viddi
air pour soprano avec basse continue
Andante (do mineur)
3. Ah che d'amore il cieco nume
récitatif pour soprano avec basse continue
4. Sempre in vano il Dio d'amore
air pour soprano avec basse continue
Allegro (sol mineur)","Solo Soprano, Basso Continuo",Texte: Inconnu
654.000 ,RV 654,,,"Elvira, Elvira anima mea",Cantata,,"1. Elvira, Elvira anima mia
récitatif pour soprano avec basse continue
2. Partirò; Partirò ma vedrai quanto
air pour soprano avec basse continue
Larghetto (sol mineur)
3. Passo al rogo fatal, e son già cinto
récitatif pour soprano avec basse continue
4. Pupille vaghe
air pour soprano avec basse continue
Allegro non molto (do mineur)","Solo Soprano, Basso Continuo",Texte: Inconnu
655.000 ,RV 655,,,Era la notte,Cantata,,"1. Era la notte quando i suoi sospiri
récitatif pour soprano avec basse continue
2. Duri Marmi ch'il moi bene
air pour soprano avec basse continue
Largo (si mineur) / Larghetto
3. Sfogando in questa guisa
récitatif pour soprano avec basse continue
4. Se non potei mirar
air pour soprano avec basse continue
Allegro ma non molto (mi mineur)","Solo Soprano, Basso Continuo",Texte: Inconnu
656.000 ,RV 656,,,Fonti di pianto piangete,Cantata,,"1. Fonti del pianto piangete
air pour soprano avec basse continue
Andante (si bémol majeur)
2. Come cor più spietato
récitatif pour soprano avec basse continue
3. Guarda Guarda ne gl'occhi miei
air pour soprano avec basse continue
Allegro (si bémol majeur)","Solo Soprano, Basso Continuo",Texte: Inconnu
657.000 ,RV 657,,,Geme l'onda che parte,Cantata,,"1. Geme l'onda che parte dal fonte
air pour soprano avec basse continue
Andante (do majeur)
2. Ah ch'un immensa doglia
récitatif pour soprano avec basse continue
3. Deh deh non partir sì presto
air pour soprano avec basse continue
Allegro (do majeur)","Solo Soprano, Basso Continuo",Texte: Inconnu
658.000 ,RV 658,,,Il povero mio cor,Cantata,,"1. Il povero moi cor
air pour soprano avec basse continue
Largo (do mineur)
2. Amor crudele amor, perche tradirmi?
récitatif pour soprano avec basse continue
3. Dispersato confuso agitato
air pour soprano avec basse continue
Allegro (do mineur)","Solo Soprano, Basso Continuo",Texte: Inconnu
659.000 ,RV 659,,,Indarno cerca la tortorella,Cantata,,"1. Indarno cerca la tortorella
air pour soprano avec basse continue
Adagio (sol mineur)
2. Non stà un ora disgiunta
récitatif pour soprano avec basse continue
3. La solla spene
air pour soprano avec basse continue
Larghetto (sol mineur)","Solo Soprano, Basso Continuo",Texte: Inconnu
660.000 ,RV 660,,,La farfalletta s'aggira,Cantata,,"1. La farfalletta s'aggira
air pour soprano avec basse continue
Andante molto (la majeur)
2. Silvia, tu quella sei
récitatif pour soprano avec basse continue
3. Vedrò con nero velo
air pour soprano avec basse continue
Largo (la majeur)","Solo Soprano, Basso Continuo",Texte: Inconnu
661.000 ,RV 661,,,Nel partir da te mio caro,Cantata,,"1. Nel partir da te moi caro
air pour soprano avec basse continue
Largo (mi bémol majeur)
2. Parto moi ben da te, io parto, addio
récitatif pour soprano avec basse continue
3. Dà quel volto sempre amato
air pour soprano avec basse continue
Largo (mi bémol majeur)","Solo Soprano, Basso Continuo",Texte: Inconnu
662.000 ,RV 662,,,Par che tardo,Cantata,,"1. Par che tardo oltre il costume
air pour soprano avec basse continue
Larghetto (fa majeur) / Andante
2. Quando tu d'anfritite
récitatif pour soprano avec basse continue
3. All'or che in Cielo
air pour soprano avec basse continue
Allegro (fa majeur)","Solo Soprano, Basso Continuo",Texte: Inconnu
663.000 ,RV 663,,,Scherza di fronda,Cantata,,"1. Scherza di fronda in fronda
air pour soprano avec basse continue
Andante (mi bémol majeur)
2. Cosi il Garzon Eurillo
récitatif pour soprano avec basse continue
3. Vorrebbe amar il cuor
air pour soprano avec basse continue
Allegro (mi bémol majeur)","Solo Soprano, Basso Continuo",Texte: Inconnu
664.000 ,RV 664,,,Seben vivono senz'alma,Cantata,,"1. Se ben vivono senz'alma
air pour soprano avec basse continue
Largo (fa majeur)
2. Odi che contro te simili accenti
récitatif pour soprano avec basse continue
3. Nella tua guancia amorosa
air pour soprano avec basse continue
Allegro (fa majeur)","Solo Soprano, Basso Continuo",Texte: Inconnu
665.000 ,RV 665,,,Si levi dal pensier,Cantata,,"1. Si levi dal pensier
air pour soprano avec basse continue
Allegro (fa majeur)
2. Pastori vaghi, e infidi
récitatif pour soprano avec basse continue
3. Vanne sull'Adria infido
air pour soprano avec basse continue
Allegro (fa majeur)","Solo Soprano, Basso Continuo",Texte: Inconnu
666.000 ,RV 666,,,Si si luce adorate,Cantata,,"1. Si si luci adorate
récitatif pour soprano avec basse continue
2. Io non vogliò cruda Irene
air pour soprano avec basse continue
Largo (fa majeur)
3. Così mesto Fileno
récitatif pour soprano avec basse continue
4. Beltà spetata
air pour soprano avec basse continue
Allegro (la mineur)","Solo Soprano, Basso Continuo",Texte: Inconnu
667.000 ,RV 667,,,Sorge vermiglia in ciel,Cantata,,"1. Sorge vermiglia in ciel
récitatif pour soprano avec basse continue
2. Nasce il sole ed io sospiro
air pour soprano avec basse continue
Largo (sol mineur)
3. Ah Silvia tu sei quella crudele Pastorella
récitatif pour soprano avec basse continue
4. Ardi svena impiaga, atterra
air pour soprano avec basse continue
Allegro (la mineur)","Solo Soprano, Basso Continuo",Texte: Inconnu
668.000 ,RV 668,,,T'intendo si mio cor,Cantata,,"1. T'intendo si moi cor
air pour soprano avec basse continue
… (do majeur)
2. Aure soavi, e grate
récitatif pour soprano avec basse continue
3. Placido zeffiretto
air pour soprano avec basse continue
Allegro non molto (do majeur)","Solo Soprano, Basso Continuo",Texte: D'après Amor timido de Pietro Metastasio
669.000 ,RV 669,,,"Tra l'erbe, i zeffiri",Cantata,,"1. Tra l'erbe i zeffiri placidi
air pour soprano avec basse continue
Andante (si bémol majeur)
2. Voi Rivi, Angelli, Venti
récitatif pour soprano avec basse continue
3. Nel mar la navicella
air pour soprano avec basse continue
Allegro (si bémol majeur)","Solo Soprano, Basso Continuo",Texte: Inconnu
670.000 ,RV 670,,,"Alla caccia, alla caccia",Cantata,,"1. Alla caccia dell'alme e de' cori
air pour alto et basse continue
Allegro (ré majeur)
2. Mà sia credele ò infida, oh Dio, mi piace
récitatif pour alto et basse continue
3. Preso sei moi cor piagato
air pour alto et basse continue
Allegro (ré majeur)","Solo Alto, Basso Continuo",Texte: Inconnu
671.000 ,RV 671,,,Care selve amici prati,Cantata,,"1. Care selve amici prati
air pour alto et basse continue
Allegro non molto (do majeur)
2. Ben mal'accorto, e folle all'or io fui
récitatif pour alto et basse continue
3. Placido in letto ombroso
air pour alto et basse continue
Allegro ma poco (do majeur)","Solo Alto, Basso Continuo",Texte: Inconnu
672.000 ,RV 672,,,Filli di gioia,Cantata,,"1. Filli di gioia
air pour alto et basse continue
… (fa mineur)
2. Ah mia bella pierosa e dispientata
récitatif pour alto et basse continue
3. Non mi curo che sian mille sparsi
air pour alto et basse continue
… (fa mineur)","Solo Alto, Basso Continuo",Texte: Inconnu
673.000 ,RV 673,,,Ingrata lidia hai vinto,Cantata,,"1. Ingrata Lidia hai vinto
récitatif pour alto et basse continue
2. O di tua man mi svena
air pour alto et basse continue
Adagio (sol mineur)
3. Misero in vano spero
récitatif pour alto et basse continue
4. Ingrata si mi svena
air pour alto et basse continue
Allegro (mi bémol majeur)","Solo Alto, Basso Continuo",Texte: Inconnu
674.000 ,RV 674,,,Perfidissimo cor!,Cantata,,"1. Perfidissimo cor! Iniquo fato!
récitatif pour alto et basse continue
2. Nel torbido moi petto
air pour alto et basse continue
Larghetto (sol mineur)
3. Cosi dunque tradisci, chi contenta
récitatif pour alto et basse continue
4. Più amar non spero nò
air pour alto et basse continue
Allegro non molto (la mineur)","Solo Alto, Basso Continuo",Texte: Inconnu
675.000 ,RV 675,,,"Piango, gemo, sospiro",Cantata,,"1. Piango, gemo, sospiro
air pour alto et basse continue
… (ré mineur)
2. Povero cor che pensi
récitatif pour alto et basse continue
3. Pur ch'a te grata sia la mia morte
air pour alto et basse continue
… (ré mineur)","Solo Alto, Basso Continuo",Texte: Inconnu
676.000 ,RV 676,,,"Pianti, sospiri",Cantata,,"1. Pianti, sospiri, e dimandar mercede
récitatif pour alto et basse continue
2. Lusinga è del Nochhier
air pour alto et basse continue
Larghetto (fa majeur)
3. O'ingannato Nocchiero
récitatif pour alto et basse continue
4. Cor ingrato dispietato
air pour alto et basse continue
Allegro molto (fa majeur)","Solo Alto, Basso Continuo",Texte: Inconnu
677.000 ,RV 677,,,Qual per ignoto,Cantata,,"1. Qual per ignoto calle
récitatif pour alto et basse continue
2. Quel passaggier son io
air pour alto et basse continue
Andante (mi mineur)
3. Deli più non regni nel tuo gentil petto
récitatif pour alto et basse continue
4. Qual doppo lampi e turbini
air pour alto et basse continue
Allegro (do mineur)","Solo Alto, Basso Continuo",Texte: Inconnu
678.000 ,RV 678,,,All'ombra di sospetto,Cantata,,"1. All'ombra di sospetto
récitatif pour soprano avec basse continue
2. Avezzo mo è il core
air pour soprano avec flûte traversière et basse continue
Larghetto (sol majeur)
3. O' quanti amanti, ò quanti
récitatif pour soprano avec basse continue
4. Mentiti contenti
air pour soprano avec flûte traversière et basse continue
Allegro (sol majeur)","Soprano, Transverse Flute, Basso Continuo",Texte: Inconnu
679.000 ,RV 679,,,Che giova il sospirar,Cantata,,"1. Che giova il sospirar povero core
récitatif pour soprano avec basse continue
2. Nell'aspro moi tormento
air pour soprano avec cordes et basse continue
Largo (fa majeur)
[voir RV 712,II:8]
3. Ma tu nume Amor perche consenti
récitatif pour soprano avec basse continue
4. Cupido tu vedi
air pour soprano avec violon solo, cordes et basse continue
… (ré mineur)","Soprano, Solo Violin, Strings, Basso Continuo","Texte: Inconnu, excepté # 2 par Francesco Silvani"
680.000 ,RV 680,,,Lundi dal vago,Cantata,,"1. Lungi dal vago volto
récitatif pour soprano avec basse continue
2. Augelletti voi col canto
air pour soprano avec violon solo et basse continue
Largo (sol mineur)
3. Allegrezza moi core
récitatif pour soprano avec basse continue
4. Mi stringerai si
air pour soprano avec violon solo et basse continue
Allegro (mi bémol majeur)","Soprano, Solo Violin, Basso Continuo",Texte: Inconnu
681.000 ,RV 681,,,Perche son molli,Cantata,,"1. Perche son molli
air pour soprano avec violons I/II solo, violons I/II et basse continue
Largo (sol majeur)
2. Dunque già ch'il moi duolo
récitatif pour soprano avec violons I/II et basse continue
3. Le fresche violete
air pour soprano avec violons I/II solo, violons I/II et basse continue
Allegro (sol majeur)","Soprano, 2 Solo Violins, 2 Violins, Basso Continuo",Texte: Inconnu
682.000 ,RV 682,,,Vengo a voi luci adorate,Cantata,,"1. Vengo a voi luci adorate
air pour soprano avec cordes et basse continue
Larghetto (do majeur)
2. Portando in sen l'ardor
récitatif pour soprano avec basse continue
3. Sempre penare
air pour soprano avec cordes et basse continue
Allegro (do majeur)","Solo Soprano, Strings, Basso Continuo",Texte: Inconnu
683.000 ,RV 683,,,Amor hai vinto,Cantata,,"1. Amor hai vinto
récitatif pour alto avec basse continue
2. Passo di pena in pena
air pour alto avec cordes et basse continue
Andante / Larghetto (mi mineur)
3. In che strano, e confuso vortice di pensieri
réciatif pour alto
(1ere version : avec basse continue / 2e version : avec cordes et basse continue
4. Se à me rivolge il ciglio
air pour alto avec cordes et basse continue
Allegro (do majeur)","Solo Alto, Strings, Basso Continuo",Texte: Inconnu Même texte que RV 651
684.000 ,RV 684,,,Cessate omai cessate,Cantata,,"1. Cessate omai cessate
récitatif pour alto avec cordes et basse continue
Largo e sciolto
[même que RV 684a/1]
2. Ah ch'infelice sempre
air pour alto avec cordes et basse continue
Larghetto (sol mineur)
3. A'voi dunque ricorro orridi specchi
récitatif pour alto avec cordes et basse continue
Andante e pianissimo
[même que RV 684a/3]
4. Nell'orrido albergo
air pour alto avec cordes et basse continue
Allegro (mi bémol majeur)
[même que RV 684a/4]","Solo Alto, Strings, Basso Continuo",Texte: Inconnu [Autre version RV 684a]
684.100 ,RV 684a,,,Cessate omai cessate,Cantata,,"1. Cessate omai cessate
récitatif pour alto avec cordes et basse continue
Largo e sciolto
[même que RV 684/1]
2. Ah ch'infelice sempre
air pour alto avec cordes (sans clavecin)
Andante molto (do mineur)
3. A'voi dunque ricorro orridi specchi
récitatif pour alto avec cordes et basse continue
Andante e pianissimo
[même que RV 684/3]
4. Nell'orrido albergo
air pour alto avec cordes et basse continue
Allegro (mi bémol majeur)
[même que RV 684/4]","Solo Alto, Strings, Basso Continuo",Texte: Inconnu [Autre version RV 684]
685.000 ,RV 685,,,O mie porpore piu belle,Cantata,,"1. O mie porpore più belle
air pour alto avec cordes et basse continue
Allegro (fa majeur)
2. Tutta vaga e festosa
récitatif pour alto avec basse continue
3. Nò son vidi il più gentile
air pour alto avec violons I/II et basse continue
… (fa majeur)","Solo Alto, Strings, Basso Continuo",Texte: Inconnu
686.000 ,RV 686,,,Qual in pioggia dorata,Cantata,,"1. Qual in pioggia dorata
récitatif pour alto avec basse continue
2. Ombre nere voi cedete
air pour alto avec 2 cors, cordes et basse continue
Allegro (fa majeur)
3. Cosi fia che baleni
récitatif pour alto avec basse continue
4. Luce placi da, e serena
air pour alto avec 2 cors, cordes et basse continue
Allegro (fa majeur)","Solo Alto, 2 Horns, Strings, Basso Continuo",Texte: Inconnu
687.000 ,RV 687,,,La Gloria e Himeneo,Cantata,,"1. Dall'eccelsa mia Reggia, ove splende d'intorno
récitatif pour alto avec basse continue
2. Alle amene franche arene
air pour alto avec cordes et basse continue
Andante (fa majeur)
3. O del Polono Cielo beltà più rara
récitatif pour soprano avec basse continue
4. Tenero fanciuletto
air pour soprano avec cordes et basse continue
Allegro (sol mineur)
5. E voi Gratie, ed Amori
récitatif pour alto avec basse continue
6. Questo nodo, e questo strale
air pour alto avec violons I/II, alto/basse continue
Allegro (si mineur)
7. Dall'Inclita Regina al dolce sguardo
récitatif pour soprano avec basse continue
8. Sherzevan sempre d'intorno
air pour soprano avec cordes et basse continue
Andante molto (la mineur)
[voir RV 734, II:3]
9. Impatiente il desio attende la sua gioia
récitatif pour alto avec basse continue
10. Godi pur ch'il caro Sposo
air pour alto avec violons I/II, alto et basse continue
Allegro (ré majeur)
11. Al vezzo al guardo al brio
récitatif pour soprano avec basse continue
12. Care pupille tra mille, e mille
air pour soprano avec cordes et basse continue
Allegro (sol mineur)
[voir RV 740,II:4 (2e version)]
13. Dà inesto così Augusto
récitatif pour alto avec basse continue
14. Al seren d'amica calma
air pour alto avec violons I/II et basse continue (sans clavecin)
Andante molto (fa majeur)
[voir RV 740,II:11]
15. Già della Regal Pompa stupido il Mondo
récitatif avec basse continue
16. Vedrò sempre la pace
air pour soprano et alto avec cordes et basse continue
Allegro (mi mineur)
[voir RV 693, 12]
17. Non turbino giammai noiose cure
récitatif pour soprano avec basse continue
18. Se ingrata nube
air pour soprano avec violons I/II, alto et basse continue
Allegro (do majeur)
[voir RV 710, II:4 et RV 721, II:7]
19. In van potrà la Sorte à si belle ritorte
récitatif pour alto avec basse continue
20. Ogn'or colmi d'estrema dolcezza
air pour alto avec cordes et basse continue (sans clavecin)
Allegro non molto (mi majeur)
[voir RV 693, 35]
21. Delle Regali nozze compito il Sagro ufficio
récitatif avec basse continue
22. In braccio de'contenti
air pour soprano et alto avec cordes et basse continue
Allegro (fa majeur)
[voir RV 693, 31 et RV 717, III:10]","Soprano (Imeneo), Alto (Gloria), Strings, Basso Continuo","cantate du marriage, Texte: Inconnu"
688.000 ,RV 688,,,Le gare del dovere,Serenta,,"Partie I
1. Mi fermo, per mirar
2. Stelle, che di tal Notte
air pour Rovigo
3. Scherzi lieto in ogni intorno
air pour Tempo
4. Naiadi, e Ninfe
air pour Adige
5. Col sereno di stelle brillante
air pour Notte
6. Più bell'ora Fortunate
air pour Tempo
7. Chi saper brama
air pour Tempo
8. Del moi Eroe trionfante
air pour Fama
9. Viva Francesco, e viva
chœur (Populo)
Partie II
10. Giusto e ben che infrà gl'orrori
air pour Notte
11. L'Orbe intero alla mia gloria
air pour Rovigo
12. Si si che è ben dover
air pour Tempo
13. Se di Citera il Nume
air pour Adige
14. Della Gloria in sull'Altare
air pour Notte
15. Per far Eco à lor gloriae Serene
air pour Tempo
16. E di mia Tromba
air pour Fama et chœur (Tutti)","5 Soloists (Notte, Rovigo, Tempo, Adige, Fama), Choir (Populo), Instruments",Texte: Inconnu
689.000 ,RV 689,,,Le gare della giustitia e della pace,Serenta,,,,[Lost] Texte: Giovanni Battista Catena
690.000 ,RV 690,,,Mio cor povero cor,Serenta,,"Partie I
1. Moi co povero cor
air pour soprano (Eurilla) avec 2 hautbois, cordes et basse continue
Largo (do majeur)
2. Ben che ti sembra o Nice di quel Gentil Pastore
récitatif pour soprano avec basse continue
3. Con i vezzi lusinghieri
air pour soprano (Eurilla) avec hautbois I/II, violons I/II, alto et basse continue
… (mi mineur)
4. Eccolo che non passo sciolto cosi
récitatif pour soprano avec basse continue
5. Digli, che miri almeno
air pour soprano (Nice) avec cordes et basse continue
… (fa majeur)
6. Mi sento in petto l'allegro core
air pour ténor (Alcindo) avec 2 hautbois à l'unisson, violons I/II et alto
Allegro (do majeur)
7. Bella Ninfa ti serbi sempre
récitatif pour soprano avec basse continue
8a. Nò nò che non è viltà
air pour soprano (Eurilla) avec cordes et basse continue
Andante (la mineur)
8b. Se all'estivo ardor cocente
air pour soprano (Eurilla) avec cordes et basse continue
… (ré mineur)
9. Si folle non son io
récitatif pour ténor avec basse continue
10. Nel suo carcere ristretto
air pour ténor (Alcindo) avec violons I/II, alto et basse continue
Allegro (ré majeur)
[voir RV 734, II:4; RV 736, II/12]
11. O' quanto folle egl'è, se andar si crede
récitatif pour soprano avec basse continue
12. Alla Caccia d'un cuore spietato
air pour soprano (Eurilla) avec 2 cors, 2 hautbois, cordes et basse continue
Allegro (fa majeur)
[voir RV 738, I:5]
13. Amica Eurilla, dimmi: come Alcindo rispose
récitatif pour soprano avec basse continue
14. Ad infiammar quel seno
air pour soprano (Nice) avec violon solo, cordes et basse continue
Allegro (ré majeur)
Partie II
15. Acque placide che corete
air pour ténor (Alcindo) avec cordes et basse continue
… sol majeur)
16. Tento lò sò, mà pur lo tento in vano
récitatif pour soprano avec basse continue
17. Come l'erba in vago prato
air pour soprano (Nice) avec cordes et basse continue
Allegro (si bémol majeur)
18. A' suo grado scherxar può ben Eurilla
récitatif pour ténor avec basse continue
19. Dell'alma superba
air pour ténor (Alcindo) avec basson/violoncelle et violon
Allegro (si bémol majeur)
20. Alcinco, Alcindo io t'apro il sen
récitatif pour soprano avec basse continue
21. La dolce dolce auretta
air pour soprano (Eurilla) avec violons I/II et basse continue
Allegro (ré majeur)
22. Non dileggiarmi più. Già sò ben io
récitatif pour ténor avec basse continue
23. L'altero bianco Giglio
air pour ténor (Alcindo) avec 2 hautbois, cordes et basse continue
Allegro (do mineur)
24. Dove dimmi ò indiscreto
récitatif pour soprano avec basse continue
25. Di Cocito nell'orrido Regno
air pour soprano (Nice) avec violons I/II et alto/basse continue
… (fa majeur)
26. Almen fingi d'amarmi
récitatif pour soprano avec basse continue
27. Vorresti lusingar
air pour soprano (Eurilla) avec violons I/II, alto et basse continue
Allegro (ré majeur)
28. Nò non fingo; di tua beltà
récitatif avec basse continue
29 Si punisca, si sbrani s'uccida si sbrani
chœur (SST) avec 2 cors, 2 hautbois, violons I/II, alto et basse continue
Allegro (fa majeur)","2 Sopranos (Eurilla, Nice), Tenor (Alcindo), 2 Oboes, 2 Horns, Solo Violin, Strings, Basso Continuo",Texte: Inconnu
691.000 ,RV 691,,,Il Mopso (Egloga pescatoria),Serenta,,,,"Texte: Egidio Nonnannuci ( Giovanni Cendoni)
[Perdu]"
692.000 ,RV 692,,,Questa Eurilla gentil,Serenta,,"Partie I
1. Son tre lustri: E un nuovo fregio
air pour Elpino
2. Dopo torbido procella
air pour Eurilla
3. Quanto lieta di sua sorte
air pour Elpino
4. Se il fiero Sibilo
air pour Tirsi
[voir RV 709A, I:8]
5. Amano i Numi ancor
air pour Fillide
6. Sbocca dal Monte
air pour Elpino
7. Sorte rea dal tuo regore
air pour Fillide
8. Pastorello, che in orrida Selva
air pour Eurilla
9. E in di si amabile
air pour Tirsi
10. Strano amor ignoto affetto
duet pour Eurilla et Elpino
Partie II
11. Con qual piacere oh Dio!
air pour Eurilla
[voir RV 709A, I:13]
12. Se al rivo, al bosco, al prato
air pour Fillide
13. Se tu vuoi saper qual sia
air pour Tirsi
14. Splende talor del Sole
air pour Elpino
15. Viva sì, che di romper non osi
air pour Tirsi
16. Qual ti vide in campo armato
air pour Elpino
17. In simil giorno
air pour Eurilla
18. Le tue lodi invida Sorte
air pour Fillide
19. A turbar la nostra pace
tutti","4 Voices (Eurilla, Elpino, Fillide, Tirsi), Instruments",[Musique perdue]
693.000 ,RV 693,,,La sena festeggiante,Serenta,,"0. Sinfonia
1. cordes et basse continue
Allegro (do majeur)
[voir RV 117, 1er movement]
2. violons I/II, alto et basse (sans clavecin)
Andante molto (do mineur)
3. cordes et basse continue
Allegro molto (do majeur)
[voir RV 117, 3e movement; RV 711, 3]
Partie I
4. Dalle Senna in sù le Sponde
chœur (SATB) avsc 3 ou plusieurs flûtes, 2 ou plusieurs hautbois, cordes et basse continue
Allegro (fa majeur)
5. Io che ramingo errante
récitatif pour basse avec basse continue
6. Se qui pace tall'or vò cercando
air pour soprano (Età) avec cordes et basse continue
Allegro ma non molto (si bémol majeur)
7. Anch'io ramingo errando
récitatif pour alto avec basse continue
8. In quest'onde che feconde
air pour alto (Virtù) avec 2 flûtes, cordes et basse continue
Allegro (sol majeur)
9. Illustri amiche, ò quanto col moi tenero amor
récitatif pour basse et basse continue
10. Qui nel profondo del Cupo fondo
air pour basse (Sena) avec violons I/II et alto/basse continue
Allegro più ch'è possibile (do mineur)
11. Si si già che tu brami
récitatif avec cordes et basse continue
12. Godrem frà noi la pace
duet pour soprano et alto (Età, Virtù) avec cordes et basse continue
Allegro (mi mineur)
[voir RV 687, 16]
13. Tutto m uor, tutto manca
récitatif pour alto avec cordes et basse continue
14. Vaga perla benche sia
air pour alto (Virtù) avec violons I/II, alto et basse continue
Allegro (do majeur)
[voir RV 722, III:4; RV 733, I:8]
15. Tal di me parlo ancora
récitatif pour soprano avec basse continue
16. Al moi seno il Pargoletto
air pour soprano (Età) avec cordes et basse continue
Largo alla Francese (ré mineur)
[voir RV 700, III:8]
17. Della ferrea stagion l'acuta azprezza
récitatif pour alto avec cordes et basse continue
18. Già che virtude ancor
récitatif avec basse continue
19. Qui per darci amabil pace
duet pour soprano et alto (Età, Virtù) avec violons I/II, alto et basse continue
Menuet. Allegro (ré majeur)
20. Mà rimirate amiche
récitatif pour basse avec basse continue
21. L'alta lor gloria immortale
air pour basse (Sena) avec cordes et basse continue
Allegro (si bémol majeur)
22. O'di qual melodia non anch'intesa
récitatif avec basse continue
23. Di queste selve venite ò Numi
chœur (SAB) avec 2 hautbois, 2 flûtes, cordes et basse continue
… (ré majeur)
Partie II
24. Ouverture
cordes et basse continue
Adagio (do mineur) / Presto
[Presto : du madrigal Moralità d'una perla,
extrait de Suetti, terzetti e madrigali a più voci, opus 1 (1705) de Antonio Lotti]
25. cordes et basse continue
Allegro molto (do mineur)
26. Mà già ch'unito in schiera
récitatif pour basse avec cordes et basse continue
27. Pietà dolcezza fanno il tuo volto
air pour basse (Sena) avec cordes et basse continue
Largo (la mineur)
28. Non si ritardi. A veder quel si corra
récitatif pour alto avec basse continue
29. Stelle con vostra pace
air pour alto (Virtù) avec violons I/II, alto et basse continue
Allegro molto (sol mineur)
30. Vedrete in quest'Eroe
récitatif pour cordes et basse continue / basse continue
31. Io qui provo si caro diletto / Qui nel seno hò si tenero affetto
duet pour soprano et alto (Età, Virtù) avec cordes et basse continue
… (sol majeur)
[voir RV 687, 22; RV 717, III:10]
32. Quanto felici siete ò spiaggie
récitatif pour soprano avec basse continue
33. Giace languente
air pour soprano (Età) avec violons I/II et alto/basse continue
Allegro ma poco (do mineur)
[voir RV 709A, I:5]
34. Quando felici ò Spiaggie avventurose
récitatif pour alto avec basse continue
35. Cosi sol nell'Aurora
air pour alto (Virtù) avec cordes en sourdine et basse (sans clavecin)
Allegro (mi majeur)
[voir RV 687, 20]
36. Mà giunti eccone innante
récitatif pour basse avec basse continue
37. Non fù mai più vista in soglio
air pour basse (Sena) avec cordes et basse continue
Allegro (si bémol majeur)
38. Io primo offro i miei voti
récitatif avec cordes et basse continue
39. Il destino la sorte e il fato
chœur (SAB) avec cordes et basse continue
Allegro (si bémol majeur)
[voir RV 717, III:12; RV 722, III/14; RV 739, III:10]","3 Voices (La Sena, Bass; L'Età dell'Oro, Soprano; La Virtù, Alto), 2 or More Flutes, 2 or More Oboes, Strings, Basso Continuo (Harpsichord)",[Reliée à RV 117]
694.000 ,RV 694,,,L'unione della Pace e di Marte,Serenta,,"Partie I
1. T'inganna il tuo pensiero
air pour Lucina
2. Nel vederele amigere schiere
air pour Marte
3. Porta negl'occhi
air pour Apollo
4. Forse per quelle
air pour Lucina
5. Vedrai la bionda chioma
air pour Apollo
6. Mi sento nel petto
air pour Marte
[voir RV 711B, II:2]
7. La trombe sonore
chœur
Partie II
8. Il Talamo Reale
air pour Lucina
9. Un Candido Giglio
air pour Apollo
10. Lo sa il Mondo, se il braccio di Marte
air pour Marte
11. Se da lacci si differra
air pour Lucina
12. Al pensier d'una impresa si bella
air pour Apollo
13. Le trombe sonore
chœur","3 Voices (Apollo, Marte, Lucina), Instruments","Texte: Antonio Grossatesta
[Musique perdue]"
695.000 ,RV 695,,,"Vérone, 1735",Opera,,"Act 1
3. Aria ""O tu tremar non dei"" (Berengario)
4. Aria ""Vanne a colei ch'adori"" (Matilde)
5. Aria ""Vede orgogliosa l'onda"" (Idelberto) [see RV 718 I:5]
7. Aria ""Quel destrier che all'albergo è vicino"" (Ottone) [see RV 725 I:3]
9. Aria ""Langue misero quel valore"" (Clodomiro) [see RV 711D II:3]
10. Aria ""Non fidar il gran disegno"" (Everardo)
11. Aria ""Quel cor, che mi donasti"" (Adelaide)
12. Aria ""Già mi sembra al Carro avvinto"" (Ottone)
13. Chorus ""Viva, e regni fortunato""
15. Aria ""Vado si, ma la mia pena"" (Idelberto)
16. Aria ""Sei troppo troppo facile"" (Adelaide) [see RV 723 II:7]
17. Aria ""Agitata da due venti"" (Matilde) [see RV 718 II:2; Anh. 127a.44]

Act 2
4. Aria ""Se mi condanna"" (Berengario)
5. Aria ""Tiranna ma bella"" (Ottone)
6. Aria ""Se di quelle amare pene"" (Adelaide)
7. Aria ""Dallo sdegno che t'accende"" (Adelaide) [see RV 723 I:5]
10. Aria ""Resta pur, o folle amante"" (Matilde)
11. Aria ""Ho un dardo dentro al Sen"" (Adelaide)
12. Aria ""Ama ò Cor senza speranza"" (Idelberto)
17. Aria ""Quel torrente, che s'innalza"" (Everardo) [see RV 711D III:3; RV 717 II:6]
18. Aria ""Gemo in un punto, e fremo"" (Ottone) [see RV 711G II:11; RV 725 II:15]

Act 3
2. Aria ""Nò non tanta crudeltà"" (Adelaide) [see RV 718 II:5; RV 735B I:15]
3. Aria ""Vincerà la mia costanza"" (Berengario)
4. Aria ""Son qual per mare ignoto"" (Matilde) [see RV 716 II:2; RV 725 III:5; RV 735B II:13]
9. Aria ""Cara son tuo così"" (Ottone) [see RV 725 III:2]
10. Aria ""Alza al Ciel pianta orgogliosa"" (Everardo)
11. Aria ""Dal timor, dallo spavento"" (Clodomiro) [see RV 723 III:3]
13. Aria ""L'aquila generosa"" (Idelberto) [see RV 723 III:1]
17. Chorus ""Dopo l'orrore""",Instrumentation : Inconnue,"Libretto: Antonio Salvi
[Perdu]"
696.000 ,RV 696,,,"Alvilda, regina de' Goti",Opera,,,,[see Anh. 88]
697.000 ,RV 697,,,"Argippo, Prague, 1730",Opera,,"Act 1
1. Aria ""Se lento ancora un fulmine"" (Zanaida)
3. Aria ""Del fallire il rimorso è la pena"" (Silvero)
4. Chorus ""Di Cingone il regnante sen viene""
5. Aria ""Tuona spesso all'Aer cieco"" (Argippo)
6. Aria ""Vidi apena un sol baleno"" (Osira)
7. Aria ""Non v'è perdono"" (Tisifero)

Act 2
1. Aria ""Del giusto moi dolore"" (Zanaida)
2. Aria ""Chi quel timor condanna"" (Argippo)
3. Aria ""Un certo non so che"" (Osira) [see RV 700 II:1; RV 710 I:5]
4. Aria ""Io vorrei col sangue, e vita"" (Silvero)
6. Aria ""Io son rea dell'Onor moi"" (Zanaida)
7. Aria ""Suole ancora lamentarsi"" (Argippo)

Act 3
1. Aria ""Mi sento nel core"" (Osira)
2. Aria ""Vado à morir per te"" (Osira)
3. Aria ""Gelido in ogni vena"" (Argippo) [see RV 711D II:6; RV 735A III:5]
4. Aria ""L'incerto tuo pensiere"" (Zanaida)
5. Aria ""Un pensiero"" (Silvero)
7. Aria ""In Bosco romito"" (Zanaida) [see RV 702B III:7]
8. Aria ""Che farai? Perdonerai"" (Osira)
8a. Chorus ""Se d'inganno Amor si pasce""",Instrumentation : Inconnue,"Libretto : Domenico Lalli
[Perdu]"
697.100 ,RV 697A,,,Argippo,Opera,,,,"Viennese version, 1730"
698.000 ,RV 698,,,Aristide,Opera,,,,[see Anh. 89]
699.000 ,RV 699,,,Armida al campo d'Egitto,Opera,,,,Libretto : Giovanni Palazzi
699.100 ,RV 699a,,,"Armida al campo d'Egitto, Venise, 1718",,,"0. Sinfonia ""Allegro"" / ""..."" / ""Allegro"" [see RV 710 Sinfonia]

Act 1
1. Recitative ""O'dell'altra Mensi, e dell'oppressa amica""
1. Chorus ""Viva del Mondo il lume"" (Chorus)

2. Recitative ""Ben ventura è la nostra inclita Donna""
2. Duet ""Questo ferro, e questo core"" (Adrasto, Tisaferno)

3. Recitative ""Ben al moi sdegno arride amica sorte""
3. Aria ""A'detti amabili"" (Armida)

4. Recitative ""Erminia è sarà ver, che sempre mesta""
4. Aria ""Ardo sì per il moi bene"" (Erminia)

5. Recitative ""Principessa, et è ver, che m'ingannai? Emiren, te lo giuro""
5. Aria ""Il moi fedele amor va lusingando"" (Erminia)

6. Recitative ""Spera, ch'à tuo malgrado vedrai quant'han di forza""

7. Recitative ""Deh, Principessa, se mai t'accese il petto""
7. Aria ""Pensa, che quel bel senno"" (Adrasto)

8. Recitative ""Duce, non ti sgomenti delle promesse mie""
8. Aria ""Nasce dà tuoi diletti"" (Osmira) [see RV 710 I:12]

9. Recitative ""Se non tradisce Osmira gl'affeti miei""
9. Aria ""D'un bel volto arde all face"" (Tisaferno)

10. Recitative ""Ecclesa Donna, al di cui reggio aspetto""
10. Aria ""Sò che combatte ancor"" (Califfo)

11. Recitative ""Si ch'egli è ingiusto Armida, che sotto il duro incarco""
11. Aria ""Sento brillar mi in sen"" (Osmira) [see RV Anh 127a.45]

12. Recitative ""In van speri ch'Adrasto in tolga alla premura""
12. Aria ""Cerca pur con men rossore"" (Emireno)

13. Recitative ""Arti del sdegno moi non vi smarrite"" [see RV Anh 127a.11]
13. Aria ""Armatadi furore"" (Armida) [see RV 710 I:2]


Act 2
1. Chorus ""Di dolce nettare / Dall'alta sede / Ite felice / Al solo folgore"" (Chorus)
2. Aria ""Lascia di sospirar"" (Emireno) [see RV 710 I:13; RV 711DG II:1; RV Anh 82]
4. Aria ""Farfalletta alla sua face / Farfelletta, dolce face"" (Erminia)
5. Aria ""Tra l'oscuro di membi, e procelle"" (Armida)
6. Aria ""Lasciar d'amar non sò"" (Erminia)
7. Aria ""Augelletti garruletti"" (Osmira) [see RV 717 II:8]
8. Aria ""Segui pur, chi t'innamora caro"" (Armida)
9. Aria ""Quando in seno alla tua bella"" (Tisaferno)
10. Aria ""Languire costante"" (Osmira)
11. Aria ""Tal'or il Gelsomin piange nel Prato"" (Adrasto)
14. Aria ""Innocente esser vorresti"" (Armida)
16. Aria ""Ch'alla colpa fa traggitto"" (Califfo)


Act 3

1. Recitative ""Tu già intendesti, Amica""
1. Aria ""Tu mi tolgi alle ritorte"" (Erminia)

2. Recitative ""Giovi ad Erminia, e giovi delle mie frodi""

3. Recitative ""Infedele, che sento? / Ma almen un dolce pegno""
3. Aria ""Nò bel labro men sdegnoso"" (Armida) [see RV 717 I:11]

4. Recitative ""Fortunato Rival or ti consola""
4. Aria ""Quel torrente ch'alza"" (Tisaferno)

5. Recitative ""Adrasto ancor costante sei in amar chi ti sprezza?""
5. Aria ""Agitata de'venti dall'onte"" (Adrasto) [see RV Anh 126]

6. Recitative ""Che credo mai, che spero? Credo, che si lusinghi Adrasto""
6. Aria ""Se correndo in seno al mare"" (Osmira) [see RV 710 II:1; RV 732 I:7]

7. Recitative ""Nò Signor, Tanto basta alle vendette mie""

8. Recitative ""Armida Signor A'che giungesti?""
8. Aria ""Tender lacci tu volesti"" (Armida) [see RV 710 II:7]

9. Recitative ""Duolmi, ò Duce il tuo fato, ma troppo indifo fosti""
9. Aria ""Son infelice è vero"" (Emireno)

10. Recitative ""Ah, ch'inutili io temo questi di tua innocenza""
10. Aria ""Se penar dovessi amando"" (Osmira)

11. Recitative ""Ben invano io sperai""
11. Aria ""Seo pietoso il mioi destino"" (Erminia)

12. Recitative ""Renditi vinto, e per tua gloria basti""

13. Recitative ""Ecco il Reo Principessa, tu la pena prescrivi alla sua culpa""
13. Chorus ""A'pugnar, à ferir, à svenar"" (Chorus)","S1, S2, S3, A1, A2, A3, B, SAB Choir, Solo Violin, Solo Violoncello, 2 Horns, Strings, Basso Continuo",[Incomplete]
699.200 ,RV 699b,,,"Armida al campo d'Egitto, Mantova, 1718",,,"Act 1
1. Recitative ""Viva del Mundo il Lume"" [see RV 699A I:1]
2. Aria ""E legge il tuo piacer"" (Adrasto)
3. Aria ""Del tuo viso in un momento"" (Tisaferno)
4. Aria ""Per piacer hò un cor che sà"" (Armida) [see RV 737 III:6]
5. Aria ""Ardo si per il moi bene"" (Erminia) [see RV 699A I:4]
6. Aria ""Il moi fedele amor"" (Emireno) [see RV 699A I:5]
8. Aria ""Le care pupille"" (Adrasto) [see RV 706A II:12]
9. Aria ""Nasce da tuoi diletti"" (Osmira) [see RV 699A I:8]
10. Aria ""Esangue si cadrà"" (Tisaferno)
11. Aria ""Sò che combatte ancor"" (Califfo) [see RV 699A I:10]
12. Aria ""Ruscelletto ch'è lungi dal mare"" (Osmira) [see RV 717 III:2; RV 737 I:4]
13. Aria ""Cerca pur con men ressore"" (Emireno) [see RV 699A I:12]
14. Aria ""Armata di furore"" (Armida) [see RV 699A I:13]


Act 2
1. Chorus ""Di dolce nettare / Dall'alta sede / Ite felice""
2. Aria ""Non lusinghi il core amante"" (Califfo) [see RV 719 II:17]
2. Aria ""Lascia di sospirar"" (Emireno)
4. Aria ""Farfelletta alla sua face / Farfelletta, dolce face"" (Erminia)
5. Aria ""Allor che goderà"" (Armida)
6. Aria ""E dolce quell'amor"" (Erminia) [see RV 706A II:15]
7. Aria ""S'anche amor fosse crudele"" (Adrasto)
8. Aria ""Augelletti [Garruletti]"" (Osmira)
9. Aria ""Segui pur, chi t'innamora"" (Armida)
10. Aria ""Quando in seno alla tua bella"" (Tisaferno)
11. Aria ""Quella speme, che t'alletta"" (Osmira)
12. Aria ""Tal'or il Gelsomin piange nel Prato"" (Adrasto)
16. Aria ""Rinforza l'ardire"" (Califfo)
17. Aria ""Siano gl'astri a me tiranni"" (Emireno) [see RV 700 II:11]


Act 3
1. Aria ""Se penando io devo amare"" (Erminia)
3. Aria ""Nò, bel labro, men sdegnoso"" (Armida) [see RV 699A III:3]
4. Aria ""Quel torrente, ch'alza l'onde"" (Tisaferno) [see RV 699A III:4]
5. Aria ""Agitata de venti all'onte"" (Adrasto) [see RV 699A III:5]
6. Aria ""Se correndo in seno al Mare"" (Osmira) [see RV 699A III:6]
8. Aria ""Tender lacci tù volesti"" (Armida) [see RV 699A III:8]
9. Aria ""Sol infelice è vero"" (Emireno) [see RV 699A III:9]
10. Aria ""Sento in seno ch'in pioggia di lagrime"" (Osmira) [see RV 717 III:1; RV 737 II:13]
11. Aria ""Se pietoso il moi destino"" (Erminia) [see RV 699A III:11]
13. Chorus ""A pugnar, a ferir, a svenar"" [see RV 699A III:13]","B, A, S, ?, ?, A, ?, SAB Choir, Instrumentation Inconnue",[Lost]
699.300 ,RV 699c,,,"Armida al campo d'Egitto, Vicenza, 1720",,,"Act 1
1. Chorus ""Viva del Mundo il Lume"" [see RV 699A I:1]
2. Duet ""Questo ferro, e questo petto / Un tuo cenno un tuo commando"" (Adrasto, Tisaferno) [see RV 699A I:2]
3. Aria ""Molli affetti"" (Armida)
4. Aria ""Ardo si per il moi bene"" (Erminia) [see RV 699A I:4]
5. Aria ""Il moi fedele amor"" (Emireno) [see RV 699A I:5]
7. Aria ""Le care pupille"" (Adrasto)
8. Aria ""Nasce da tuoi diletti"" (Osmira) [see RV 699A I:8]
9. Aria ""In quella sola in quella"" (Tisaferno) [see RV 737 III:2; RV 740 II:4]
10. Aria ""Sò che combatte ancor"" (Califfo) [see RV 699A I:10]
11. Aria ""Sento brillarmi in sen"" (Osmira) [see RV 699A I:11]
12. Aria ""Cerca pur con men rossore"" (Emireno) [see RV 699A I:12]
13. Aria ""Armata di furore"" (Armida) [see RV 699A I:13]


Act 2
1. Chorus ""Di dolce nettare / Dall'alta sede / Ite felice / Al solo folgore""
2. Aria ""Lascia di sospirar"" (Emireno)
4. Aria ""Farfalletta alla sua face / Farfalletta, dolce face"" (Erminia)
5. Aria ""All'or che goderà"" (Armida)
6. Aria ""Lasciar d'amar non sò"" (Erminia)
7. Aria ""Languire costante"" (Adrasto)
8. Aria ""Augelletti [Garruletti]"" (Osmira)
9. Aria ""Segui pur, che t'innamora"" (Armida)
10. Aria ""Per lo stral que vien da rai"" (Tisaferno) [see RV 727 II:4]
11. Aria ""Si và à regnar"" (Osmira) [see RV 717 III:5; RV 736 III:3; RV 737 II:12]
12. Aria ""Tel'or il Gelsomin piange nel Prato"" (Adrasto)
16. Aria ""L'audace tuo core"" (Califfo)
17. Aria ""Se correndo in seno al mare"" (Emireno) [see RV 699A III:6]


Act 3
1. Aria ""Nel partir"" (Erminia)
3. Aria ""Nò, bel labro, men sdegnoso"" (Armida) [see RV 699A III:3]
4. Aria ""Fingi che sia quel cor"" (Tisaferno)
5. Aria ""Esangue poi cadrà"" (Adrasto) [see RV 699B I:10]
6. Aria ""Son come Farfalletta"" (Osmira) [see RV 700 II:12]
8. Aria ""Tender lacci tù volesti"" (Armida) [see RV 699A III:8]
9. Aria ""Taci per poco ancora"" (Emireno) [see RV 717 II:10; RV 736 I:5; RV 737 III:13]
10. Aria ""Se penando io devo amare"" (Erminia)
11. Aria ""Se pietoso il moi destino"" (Erminia) [see RV 699A III:11]
13. Chorus ""A pugnar, a ferir, a svenar"" [see RV 699A III:13]","B, S, ?, ?, ?, ?, ?, Choir, Instrumentation Inconnue",[Incomplet]
699.400 ,RV 699d,,,"Armida al campo d'Egitto, Venise, 1738",,,"0. Sinfonia [see RV 699A (Sinfonia, 3 movements)]

Act 1
1. Recitative ""O dell' altera Mensi""
1. Chorus ""Viva del Mundo il lume"" (Chorus) [see RV 699A I:1]

2. Recitative ""Ben ventura è la nostra inclita Donna"" [see RV 699A I:2]
2. Duet ""Questo ferro e questo core / Sarà legge a questo brando"" (Tisaferno, Adrasto) [see RV 699A I:2]

3. Recitative ""Ben al moi sdegno arride amica sorte"" [see RV 699A I:3]
3. Aria ""Imparate alle mie pene"" (Armida)

4. Recitative ""Erminia e sarà ver che sempre mesta"" [see RV 699A I:4]
4. Aria ""Ardo si per il moi bene"" (Erminia) [see RV 699A I:4]

5. Recitative ""Principessa et è ver che m'inganni?"" [see RV 699A I:5]
5. Aria ""Se fida ad altra amante"" (Emireno) [Leonardo Leo's work]

6. Recitative ""O' quale à moi s'en vienne Principessa gentil"" [see RV 699A I:8]
6. Aria ""Nasce dà tuoi diletti"" (Osmira) [see RV 699A I:8]

7. Recitative ""Se non tradisce Osmira""
7. Aria ""Sarà qual tigre ircana"" (Tisaferno)

9. Recitative ""Si, ch'egli'è ingiusto, Armida"" [see RV 699A I:11]
9. Recitative ""In van speri ch'Adrasto io tolga"" [see RV 699A I:12]
9. Aria ""Serbomi la tua vita"" (Emireno) [Leonardo Leo]

10. Recitative ""Arti del sdegno moi non vi smarrite"" [see RV 699A I:13]
10. Aria ""Armata di furore"" (Armida) [see RV 699A I:13]


Act 3
1. Recitative ""Tu già intendesti"" [see RV 699A III:1]

2. Recitative ""Eccoti avanti ancora il più infelice"" [see RV 699A III:2]

3. Recitative ""Ma almen un dolce pegno"" [see RV 699A III:3]
3. Aria ""Nò, bel labro, men sdegno"" (Armida) [see RV 699A III:3]

4. Recitative ""Fortunato Rival or ti consola"" [see RV 699A III:4]
4. Aria ""Quel torrente, ch'alza l'onde"" (Tisaferno) [see RV 699A III:4]

5. Recitative ""Adrasto ancor costante"" [see RV 699A III:5]
5. Aria ""Agitata de venti all'onte"" (Adrasto) [see RV 699A III:5]

6. Recitative ""Che credo mai, che spero?"" [see RV 699A III:6]
6. Aria ""Se correndo in seno al mare"" (Osmira) [see RV 699A III:6]

7. Recitative ""Nò Signor, Tanto basta"" [see RV 699A III:7]

8. Recitative ""Armida Signor A'che giungesti?"" [see RV 699A III:8]

9. Recitative ""E così tu condanni ingannato Signor un innocente""
9. Aria ""La bella mia nemica"" (Emireno) [see RV 731 III:2]

10. Recitative ""Renditi vinto, e tua gloria"" [see RV 699A III:12]

11. Recitative ""Ecco il Reo Principessa"" [see RV 699A III:13]
11. Chorus ""A pugnar, a ferir, a svenar"" (Chorus) [see RV 699A III:13]","B, A, S1, S2, S3, A1, A2, SAB Choir, Solo Violin, Solo Cello, Strings, Basso Continuo",[Incomplete]
700.000 ,RV 700,,,"Arsilda, regina di Ponto, Venise, 1716",Opera,,"0. Sinfonia ""Allegro - Andante - Presto"" [see RV 736 (Sinfonia)]

Act 1
1. Chorus ""Tutto il Regno in lieta grata""
1. Recitative ""Figli, non men, che miei Vassalli, accetto / Questa, ò fidi, è mis sposa e perche tal vostra Regnante""
1. Aria ""L'esperto Nochiero"" (Cisardo) [see RV Anh 127a.42]
2. Recitative ""Sposa à che tal mi chiami, se di sposa il bel nome""
2. Aria ""Io sento in questo seno"" (Arsilda)
3. Recitative ""Sol di Bittinia il prence non sen corre à moi prò""
3. Aria ""Col piacer della mia fede"" (Nicandro) [see RV 736 III:4]
4. Recitative ""Partano i Servi: Odi Miranda""
4. Aria ""Fingi d'aver un cor"" (Lisea)
5. Recitative ""Dunque questo ch'amor chiaman le genti""
5. Aria ""Non m'è caro amor penando"" (Mirinda)
6. Recitative ""Del sotterraneo loco discoperto il sentier""
6. Aria ""Dove sei bel volto amato"" (Barzane) [see RV Anh 127a.11]
7. Recitative ""D'Ama la Regia à questa, e questo Ciel""
7. Aria ""La Tiranna avversa sorte"" (Tamese)
8. Arioso ""Sò ben lo qual pena sia"" (Arsilda)
8. Recitative ""Povera in mezzo all'oro; tocco con mano il lido""
8. Arioso ""Sò ben io qual pena sia"" (Arsilda)
9. Recitative ""Ecco l'ingrata; al fianco assistetemi, ò fidi""
10. Recitative ""Scoperto il tradimento à tempo io giungo""
11. Recitative ""Tutto al tuo braccio io deggio giovane ardito""
11. Aria ""Perche veggo nel tuo volto"" (Arsilda)
12. Recitative ""Dunque il cultor degl'Orti prima Arsilda soccorse""
12. Chorus ""Amorett vezzosetti""
12. Recitative ""Prendi Signor, compisci il degno ufficio e pio""
12. Recitative ""O' dell'adusta Lenno famoso abitator""
12. Recitative ""Cisardo, or già il sacro rito compi""
13. Recitative ""Io se tu'l vuoi, Regina, dell'inimico Campo""
14. Recitative ""Tu Mirinda quai voti per me porgeste?""
14. Aria ""Porta amore una tal face"" (Lisea) [see RV 644.31; RV 710 II:3]
15. Recitative ""Benche d'amor le stravaganze intesi""
15. Aria ""Io son quel gelsomino"" (Mirinda) [see RV 719 II:12]

Act 2
1. Recitative ""Il Pastorel, che raffrenò l'ardire""
1. Aria ""Un certo non sò che"" (Mirinda) [see RV 697 II:3; RV 710 I:5]
2. Recitative ""State lungi soldati Al fin Tamese""
2. Aria ""Ben conosco à poco à poco"" (Barzane)
3. Recitative ""Arsilda ecco ne vien, lusinghe usate""
4. Recitative ""Del Pastor la sembianza mi sveglia""
4. Aria ""Se un cor soffrir saprà"" (Lisea) [see Anh 127a.43]
5. Recitative ""Si che un Tiranno Sposo del moi duol si fà gioco""
5. Aria ""Precipitio, è del moi petto"" (Arsilda) [see RV 736 I:10; Anh 127a.25]
6. Sinfonia ""Allegro""
6. Chorus ""Su alla Caccia si gridi"" (Chorus)
6. movement musical ""D'una Cervetta"" (Lisea)
6. movement musical ""Già il Prato ameno, Ciel sereno"" (Mirinda, Nicandro) [see RV 710 I:1]
6. Recitative ""Ma per tua mano, ò Prence dell'uccisa Cervetta il don vogl'io""
6. movement musical ""Su svegliatevi Augelletti"" (Arsilda)
6. movement musical and Chorus ""Di questi boschi / Viva Cintia"" (Cisardo, Tamese, Arsilda, Lisea; Chorus)
6. Recitative ""Di giovane Cervetta e pena avezza""
6. Chorus ""Sù alla Caccia si gridi"" (Chorus)
7. Recitative ""Al geloso amor moi, al mio rossore""
8. Recitative ""Rege Qui sono, perche l'arcan mi sveli""
8. Aria ""Vedrai nel volto"" (Lisea) [see RV 738 III:6; RV 740 II:6]
9. Recitative ""Vive Lisea! ah s'egli è ver che vive""
9. Aria ""Quel usignolo"" (Barzane)
10. Recitative ""Non ti sia di spiacer Vergine illustre""
10. Aria ""Ancor la Tortorella"" (Soprano) [see Anh 127a.31]
11. Recitative ""Mà qual sciocca dimora più nascoso mi tien?""
11. Aria ""Siano gl'astri à me Tiranni"" (Tamese) [see RV 699B II:17]
12. Recitative ""Qual non più inteso inganno""
12. Aria ""Son come Farfalletta"" (Arsilda) [see RV 699C III:6; Anh 127a.25,48,43]
13. Recitative ""Che intensi mai? Lisea sotto spoglie non sue""
14. Recitative ""Se scoprir la sua pena non vuole il Prence""
14. Aria ""Quando sorge in Ciel l'Aurora"" (Nicandro) [see RV 719 I:16]

Act 3
1. Recitative ""Dà quel, che più non era, à quel ch'io sono""
2. Recitative ""Eccolo (Il cor mi gelà) Olà chi mai""
2. Aria ""Pupille del moi ben"" (Soprano)
3. Recitative ""O' del cieco amot moi mal cauto impegno!""
3. Aria ""Di Cariddi li vortici ondosi"" (Lisea) [see Anh 127a.1]
4. Recitative ""Al tuo braccio, al tuo ardir molto Cilicia deve""
4. Aria ""Ride il fior canta l'augello"" (Nicandro)
5. Recitative ""Finch'à l'amata, al Zio chiaro non resta""
5. Aria ""Chi vuol goder d'amor"" (Mirinda) [see RV 709B III:1]
6. Recitative ""Già che scoperto io son, finche non giungo""
6. Aria ""La mia Gloria ed il moi amore"" (Tamese)
7. Recitative ""Cisardo… Apunto io deggio Signor parlarti""
7. Aria ""Mille frodi e mille inganni"" (Cisardo)
8. Recitative ""Suol tal'ora un gran rischio giurarci à un gran piacer""
8. Aria ""Tornar voglio al primo ardore"" (Barzane) [see RV 693.16]
9. Recitative ""Regina, il bel momento giuto è del tuo goder""
10. Recitative ""Finga Lisea, ch'or discoperto il moi non finto Sposo""
10. Aria ""Al Nocchiero"" (Arsilda)
11. Recitative ""Popoli ancor non tutto saprete il goder vostro""
12. Recitative ""German, su'l Tron, ch'è tuo vanne a seder tua Sposa""
12. Chorus ""D'un tal di sia lo splendor / D'Imeneo la bella face"" (Chorus)

Supplement
Act 1
2. Aria ""Del goder la bella spene"" (Arsilda)
5. Aria ""Io son quel gelsomino"" (Mirinda)
5. Aria ""Non m'è caro amor penando"" (Mirinda)
6. Recitative ""Del sotterraneo loco discoperto""
6. Aria ""Sempre piace goder il suo bene"" (Barzane)
7. Aria ""Và per selve, e sol pien d'ira"" (Tamese)
7. Aria ""La Tiranna avversa sorte"" (Tamese)
9. Recitative ""Scoperto il tradimento""
9. Aria ""L'esser vinto non son le mie pene"" (Barzane)
14. Aria ""Porta amore una tal face"" (Lisea)

Act 2
2. Aria ""Ah non sò no sò se quel ch'io sento"" (Barzane)
2. Ritornello (a)
3. Aria ""Và superbo quel Vassalo"" (Tamese)
8. Aria ""Frà cieche tenebre"" (Lisea)
8. Ritornello (e)
13. Aria ""Qual'è à l'onte de venti sul monte"" (Cisardo)
13. Aria ""Quale all'onte de venti sul monte"" (Cisardo)
14. Recitative ""Udito il gran racconto, inorridisco""

Act 3
8. Aria ""Tornar voglio al primo ardore"" (Barzane)
9. Aria ""Cara giola, e bel diletto"" (Lisea)","A1, A2, S1, S2, T, B, S3, SATB Choir, 2 Flutes, 2 Trumpets, 2 Horns, 2 Solo Violins, Strings, Basso Continuo",
701.000 ,RV 701,,,"Artabano, re de' Parti",Opera,,,,"[Voir RV 706B, RV 706C et RV 706D]"
702.000 ,RV 702,,,L'Atenaide,Opera,,,,Libretto : Apostolo Zeno
702.100 ,RV 702a,,,"L'Atenaide, Firenze, 1729",Opera,,,"S, ?, A, ?, T, ?, ?, SATB Choir, Instrumentaion inconnue",[Lost]
702.200 ,RV 702b,,,"L'Aténaide, Inconnue",Opera,,,"S1, S2, A1, A2, T1, A3, T2,SATB Choir, 2 Flutes, 2? Oboes, Strings, Basso Continuo",
703.000 ,RV 703,,,"Bajazet (Tamerlano), Vérone, 1735",Opera,,,,
704.000 ,RV 704,,,"La Candace o Siano li Veri Amici, Mantoue, 1738",Opera,,,,
705.000 ,RV 705,,,"Catone in Utica, Vérone, 1737",Opera,,,,
706.000 ,RV 706,,,La costanza trionfante degl'amori e degl'odii,Opera,,,,"Libretto : Antonio Marchi
[Incomplet]"
706.100 ,RV 706a,,,"La costanza trionfante, Venise, 1716",Opera,,,"?, ? , S, A, ?, ?, ?, Instrumentaion inconnue",[Incomplet]
706.200 ,RV 706b,,,"Artabano, re dei Parti, Venise, 1719",Opera,,,"S, A, A, S, S, A, B, Instrumentaion inconnue",
706.300 ,RV 706c,,,"Artabano, re dei Parti, Vicence, 1719",Opera,,,"?, ?, ?, ?, ?, ?, ?, Instrumentaion inconnue",[Lost]
706.400 ,RV 706d,,,"L'Artabano, Mantoue, 1725",Opera,,,"?, A, S, S, ?, ?, Instrumentaion inconnue",[Lost]
706.500 ,RV 706e,,,"Doriclea, Prague, 1732",Opera,,,"?, ?, ?, ?, ?, ?, Instrumentaion inconnue",[Lost]
707.000 ,RV 707,,,"Cunegonda, Venise, 1726",Opera,,,,
708.000 ,RV 708,,,Doriclea,Opera,,,,
709.000 ,RV 709,,,Dorilla in Tempe,Opera,,,,[Incomplet]
709.100 ,RV 709a,,,"Dorilla in Tempe, Venise, 1726",Opera,,,,"[Incomplet], Libretto : Antonio Maria Lucchini"
709.200 ,RV 709b,,,"Dorilla in Tempe, Prague, 1732",Opera,,,,"[Incomplet], Libretto : Antonio Maria Lucchini"
709.300 ,RV 709c,,,"Dorilla in Tempe, Venise, 1732",Opera,,,,"[Incomplet], Libretto : Antonio Maria Lucchini avec adaptation par Bartolomeo Vitturi"
709.400 ,RV 709d,,,"Dorilla in Tempe, unknown version",Opera,,,"B, S, S, S, S, S, SATB Choir, 2 Flutes, 2 Trumpets, 2 Horns, Strings, Basso Continuo","[Incomplet], Libretto : Antonio Maria Lucchini"
710.000 ,RV 710,,,"Ercole sul Termodonte, Rome, 1723",Opera,,,,"[Perdu - douteux], Libretto : Giovanni Francesco Bussani"
711.000 ,RV 711,,,Farnace,Opera,,,,[Incomplet]
711.100 ,RV 711a,,,"Farnace, Venise, 1727",Opera,,,"A, ?, A, ?, ?, ?, ?, fanciullo+chœur de soldats romains et asiatiques, Instrumentation : Inconnue","[Incomplet], Libretto : Antonio Maria Lucchini"
711.200 ,RV 711b,,,"Farnace, Venise, 1727",Opera,,,"A, ?, ?, A, T/B, A/S, A , fanciullo+chœur de soldats romains et asiatiques, Instrumentation : Inconnue","[Incomplet], Libretto : Antonio Maria Lucchini"
711.300 ,RV 711c,,,"Farnace, Prague, 1730",Opera,,,"?, A, ?, ?, Figurants, Instrumentation : Inconnue","[Incomplet], Libretto : Antonio Maria Lucchini"
711.400 ,RV 711d,,,"Farnace, Pavie, 1731",Opera,,,"T, A, S, S, S, A, T, fanciullo+chœur de soldats romains et asiatiques-SATB, 2 Trumpets, 2? Horns, Strings, Basso Continuo","[Incomplet], Libretto : Antonio Maria Lucchini"
711.500 ,RV 711e,,,"Farnace, Mantoue, 1732",Opera,,,"A, A, S, ?, ?, fanciullo+chœur de soldats romains et asiatiques, Instrumentation : Inconnue","[Incomplet], Libretto : Antonio Maria Lucchini"
711.600 ,RV 711f,,,"Farnace, Trévise, 1737",Opera,,,"?, ?, ?, ?, ?, ?, fanciullo+chœur de soldats romains et asiatiques, Instrumentation : Inconnue","[Incomplet], Libretto : Antonio Maria Lucchini"
711.700 ,RV 711g,,,"Farnace, unknown, 1738",Opera,,,"S, A, S, A, S, T, T, fanciullo+chœur de soldats romains et asiatiques, Instrumentation : Inconnue","[Incomplet], Libretto : Antonio Maria Lucchini"
712.000 ,RV 712,,,"La fede tradita e vendicata, Venise, 1726",Opera,,,,[Incomplet]
713.000 ,RV 713,,,"Feraspe, Venise, 1739",Opera,,,,"[Incomplet], Libretto : Francesco Silvani, adaptation de Bartolomeo Vitturi"
714.000 ,RV 714,,,"La fida ninfa, Vérone, 1732",Opera,,,,Libretto : Scipione Maffei
715.000 ,RV 715,,,"Filippo re di Macedonia, Venise, 1721",Opera,,,,"[Incomplet], Libretto : Domenico Lalli
Musique de Giuseppe Boniventi (Actes I et II) et Vivaldi (Acte III)"
716.000 ,RV 716,,,"Ginevra principessa di Scozia, Florence, 1736",Opera,,,,"[Incomplet], Libretto : Antonio Salvi"
717.000 ,RV 717,,,"Il Giustino, Rome, 1724",Opera,,,,Libretto : Nicola Berengani
718.000 ,RV 718,,,"Griselda, Venise, 1735",Opera,,,,
719.000 ,RV 719,,,"L'incoronazione di Dario, Venise, 1717",Opera,,,,
720.000 ,RV 720,,,Gli'inganni per vendetta,Opera,,,,voir RV 699C
721.000 ,RV 721,,,"L'inganno trionfante in amore, Venise, 1725",Opera,,,,"[Incomplet], Libretto : Matteo Noris, adaptation de Giovanni Maria Ruggieri"
722.000 ,RV 722,,,"Ipermestra, Florence, 1727",Opera,,,,"[Incomplet], Libretto : Antonio Salvi"
723.000 ,RV 723,,,"Motezuma, Venise, 1733",Opera,,,,"[Incomplet], Libretto : Girolamo/Alvise Luigi Giusti"
724.000 ,RV 724,,,"Nerone fatto Cesare, Venise, 1715",Opera,,,,"[Incomplet], Libretto : Matteo Noris
Pasriche avec airs de différentes compositions"
725.000 ,RV 725,,,"L'Olimpiade, Venise, 1734",Opera,,,,"[Incomplet], Libretto : Pietro Metastasio, adaptation de Bartolomeo Vitturi"
726.000 ,RV 726,,,"L'oracolo in Messenia, Venise, 1738",Opera,,,,"[Incomplet], Libretto : Apostolo Zeno"
727.000 ,RV 727,,,"Orlando finto pazzo, Venise, 1714",Opera,,,"Orlando (B), Ersilla (S), Tigrinda (S), Origille (A), Argillano (A), Grefone (S), Brandimarte (S), chœur (SATB) des prêtresses d'Hécate, des ministres du temple de Pluton, des nymphes et des faunes
Instrumentation : 2 trombes de chasses, cordes et basse continue","[Incomplet], Libretto : Grazio Braccioli"
728.000 ,RV 728,,,"Orlando finto pazzo, Venise, 1714",Opera,,,"Orlando (B), Ersilla (S), Tigrinda (S), Origille (A), Argillano (A), Grefone (S), Brandimarte (S), chœur (SATB) des prêtresses d'Hécate, des ministres du temple de Pluton, des nymphes et des faunes
Instrumentation : 2 trombes de chasses, cordes et basse continue","[Incomplet], Libretto : Grazio Braccioli"
729.000 ,RV 729,,,Ottone in villa,Opera,,,,
729.100 ,RV 729a,,,"Ottone in Villa, Vicence, 1713",Opera,,,,Libretto : Domenico Lalli d'après Francesco Maria Piccioli
729.200 ,RV 729b,,,"Ottone in Villa, Trévise, 1729",Opera,,,,"[Incomplet], Libretto : Domenico Lalli d'après Francesco Maria Piccioli"
730.000 ,RV 730,,,"Rosilena ed Oronta, Venise, 1728",Opera,,,,"[Incomplet], Libretto : Giovanni Palazzi"
731.000 ,RV 731,,,"Rosmira (fedèle), Venise, 1738",Opera,,,,"[Incomplet], Libretto : Silvio Stampiglia d'après Pietro Metastasio"
732.000 ,RV 732,,,"Scanderbeg, Florence, 1718",Opera,,,,"[Incomplet], Libretto : Antonio Salvi"
732.100 ,RV 732b,,,Scanderbeg,Opera,,,,"Sienese version, summer 1718"
733.000 ,RV 733,,,"Semiramide, Mantoue, 1732",Opera,,,,"Libretto : Francesco Silvani
[Incomplet, avec références à RV Anh 53,59,132]"
734.000 ,RV 734,,,"La Silvia, Milan, 1721",Opera,,,,"Libretto : Enrico Bissaro (Bissari)
[Incomplet]"
735.000 ,RV 735,,,Siroe re di Persia,Opera,,,,
735.100 ,RV 735a,,,"Siroe re di Persia, Reggio, 1727",Opera,,,,"Libretto : Pietro Metastasio
[Incomplet]"
735.200 ,RV 735b,,,"Siroe re di Persia, Ancône, 1738",Opera,,,,"Libretto : Pietro Metastasio
[Incomplet]"
735.300 ,RV 735c,,,"Siroe re di Persia, Ferrare, 1739",Opera,,,,"Libretto : Pietro Metastasio
[Incomplet]"
736.000 ,RV 736,,,"Il Teuzzone, Mantoue, 1738",Opera,,,,"Libretto : Apostolo Zeno
[Pastiche]"
737.000 ,RV 737,,,"Tieteberga, Venise, 1717",Opera,,,,"Libretto : Antonio Maria Lucchini
[Incomplet]"
738.000 ,RV 738,,,"Tito Manlio, Mantoue, 1719",Opera,,,,"Libretto : Matteo Noris
[1ere version]"
739.000 ,RV 739,,,"La verità in cimento, Venise, 1720",Opera,,,,"Libretto : Giovanni Palazzi et Domenico Lalli
[Incomplet]"
740.000 ,RV 740,,,"La virtù trionfante dell'amore e dell'odio vero il Tigrane, Rome, 1724",Opera,,,,"Libretto : Francesco Silvani
[Pastiche : Acte I musique de Benedetto Micheli, Acte III musique de Nicolas Romaldi]"
741.000 ,RV 741,,,Sinfonia in C major,Sinfonia,C major,,Strings,[Lost]
742.000 ,RV 742,,,Violin Concerto in D major,Concerto,D major,,"Violin, Strings, Basso Continuo",[fragment]
743.000 ,RV 743,,,Composition instrumentale,,F major,,,
744.000 ,RV 744,,,Violin Sonata in A major,Sonata,A major,"I. ...
II. movement lent","Violin, Strings, Basso Continuo",
745.000 ,RV 745,,,Violin Sonata in B-flat major,Sonata,B-flat major,I. Finale (en B-flat major),"Violin, Strings, Basso Continuo",[5è movement de RI 38/1]
746.000 ,RV 746,,,2 Pieces,,A major,,Organ,
747.000 ,RV 747,,,Candida Lylia,,,,,[Lost]
748.000 ,RV 748,,,,Aria,G major,,Soprano,Per la communione
749.000 ,RV 749,,,,Aria,,,,Airs d'opéra non identifiables
749.160 ,RV 749.16a,,,,Aria,,,,from Non trova mai riposo
749.330 ,RV 749.33,,,,Aria,,,,from In quella solo in quella
749.340 ,RV 749.34,,,,Aria,,,,from Al folgorar del Armi
750.000 ,RV 750,,,Compositions diverses,,,,,
751.000 ,RV 751,,,,Concerto,D major,,"2 Transverse Flutes, 2 Violins, 2 Bassoons
Bassoon, Strings, Basso Continuo",[Lost]
752.000 ,RV 752,,,,Concerto,D major,,"Violin, Strings, Basso Continuo",
753.000 ,RV 753,,,Prendea con mandi latte,Opera,,,,[see Anh. 94]
754.000 ,RV 754,,,,Sonata,D major,"I. Preludio. Largo (C major)
II. Allemanda. Allegro (C major)
III. Sarabanda. Largo (C minor)
IV. Corrente. Allegro (C major)","Violin, Basso Continuo (Harpsichord)",
755.000 ,RV 755,,,,Sonata,,"I. Preludio. Andante (D major)
II. Corrente. Allegro (D major)
III. Andante (B minor)
[see 2e movement de RV 229]
IV. Corrente. Allegro (D major)
[voir3e movement de RV 229]","Violin, Basso Continuo (Harpsichord)",
756.000 ,RV 756,,,,Sonata,,"I. Preludio. Largo (E-flat major)
II. Allemanda. Allegro (E-flat major)
III. Sarabanda. Andante (C minor)
IV. Giga. Allegro (E-flat major)","Violin, Basso Continuo (Harpsichord)",
757.000 ,RV 757,,,,Sonata,,"I. Preludio.Largo (G minor)
II. Allemanda. Allegro (G minor)
III. Sarabanda. Grave (E-flat major)
[see 2e movement de RV 329]
IV. Corrente. Allegro (G minor)","Violin, Basso Continuo (Harpsichord)",
758.000 ,RV 758,,,,Sonata,,"I. Preludio. Largo (A major)
II. Corrente. Allegro (A major)
III. Andante (A major)
IV. Corrente. Presto (A major)","Violin, Basso Continuo",[Reliée à 746]
759.000 ,RV 759,,,,Sonata,,"I. Preludio. Largo (B-flat major)
II. Allemanda. Allegro (B-flat major)
III. Sarabanda. Largo (E-flat major)
IV. Corrente. Allegro (B-flat major)","Violin, Basso Continuo (Harpsichord)",
760.000 ,RV 760,,,,Sonata,,"I. Preludio. Andante (B minor)
II. Corrente. Allegro (B minor)
III. Largo (F-sharp minor)
IV. Giga. Allegro (B minor)","Violin, Basso Continuo (Harpsichord)",
761.000 ,RV 761,,,,Concerto,C minor,"1. Allegro (do mineur)
2. Largo (do mineur)
3. Allegro (do mineur)","Violin, Strings, Basso Continuo (Harpsichord)","""Amato bene"""
762.000 ,RV 762,,,,Concerto,E major,,"Violin, Strings, Basso Cotinuo (Organ)",
763.000 ,RV 763,,,,Concerto,A major,,"Violin, Strings, Basso Cotinuo",L'Ottavina
764.000 ,RV 764,,,,Concerto,B-flat major,"1. Allegro (si bémol majeur)
[voir 1er movement de RV 548]
2. Largo (sol mineur)
[voir 2e movement de RV 107 et RV 548]
3. Allegro (si bémol majeur)
[voir 3e movement de RV 548]","2 Violins, Strings, Basso Continuo",[Même oeuvre que RV 548]
765.000 ,RV 765,,,,Concerto,F major,"1. Allegro (fa majeur)
[voir 1er movement de RV 767]
2. Larghetto (la mineur)
2 violons et basse continue
[voir 2e movement de RV 767]
3. Allegro (fa majeur)
[voir 3e movement de RV 767]","2 Violins, Strings, Basso Continuo",[Même oeuvre que RV 767]
766.000 ,RV 766,,,,Concerto,C minor,"1. Allegro (do mineur)
[voir 1er movement de RV 510]
2. Largo (do mineur)
violon solo et orgue
[voir 2e movement de RV 510]
3. Allegro (do mineur)
[voir 3e movement de RV 510]","Violin, Organ, Strings, Basso Continuo",[Même oeuvre que RV 510]
767.000 ,RV 767,,,,Concerto,F major,"1. Allegro (fa majeur)
[voir 1er movement de RV 765]
2. Larghetto (la mineur)
[voir 2e movement de RV 765]
3. Allegro (fa majeur)
[voir 3e movement de RV 765]","Violin, Organ, Strings, Basso Continuo",[Même oeuvre que RV 765]
768.000 ,RV 768,,,,Concerto,A major,,"Violin, Strings, Basso Cotinuo",
769.000 ,RV 769,,,,Concerto,D minor,,"Violin, Strings, Basso Continuo","[Même œuvre que pour viole d'amour, 393]"
770.000 ,RV 770,,,,Concerto,D minor,,"Violin, Strings, Basso Continuo","[Même oeuvre pour viole de gambe, 395]"
771.000 ,RV 771,,,,Concerto,C minor,"1. Andante (do mineur)
2. Grave (do mineur)
3. Allegro (do mineur)","Violin, Strings, Basso Continuo",
772.000 ,RV 772,,,,Concerto,D major,,"Violin, Strings, Basso Continuo",
773.000 ,RV 773,,,,Concerto,F major,,"Violin, Strings, Basso Cotinuo",
774.000 ,RV 774,,,,Concerto,C major,"1. Allegro (do majeur)
[voir 1er movement de RV 123]
2. Adagio (sol majeur)
3. Allegro (do majeur)","Violin, Organ, Strings, Basso Continuo",[Incomplet]
775.000 ,RV 775,,,,Concerto,F major,"1. ...(fa majeur)
[voir 1er movement de RV 285]
2. ... (la mineur)
3. ... (fa majeur)","Violin, Organ, Strings, Basso Continuo",[Incomplet]
776.000 ,RV 776,,,,Sonata,,,"Violin, Basso Continuo",[see Anh. 98]
777.000 ,RV 777,,,Il giorno felice,Opera,,,,[see Anh. 92]
778.000 ,RV 778,,,"Tito Manlio, Rome, 1720",Opera,,,,"Libretto : Matteo Noris
[2e version, Pastiche - Acte I musique de Gaetano Boni, Acte II musique de Giovanni Giorgi]"
779.000 ,RV 779,,,,Sonata,,"I. Andante (C major)
II. Allegro (C major)
III. Largo cantabile (A minor)
IV. Allegro (C major)","Violin, Oboe, Organ, Basso continuo (Salmoe ad libitum)",[Même œuvre que 779a mais avec différents instruments]
779.100 ,RV 779a,,,,Sonata,C major,"I. Andante (C major)
II. Allegro (C major)
III. Largo cantabile (A minor)
IV. Allegro (C major)","2 Violins, Oboe, Basso Continuo",[Même oeuvre que RV 779 mais avec différents instruments]
780.000 ,RV 780,,,,Concerto,A major,"1. Allegro (la majeur)
[voir 1er movement de RV 546]
2. Andante (la majeur)
clavecin, violons I/II, alto et basse continue
[voir 2e movement de RV 546]
3. Allegro (la mejeur)
[voir 3e movement de RV 546]","Harpsichord, Strings, Basso Continuo",Même œuvre que RV 546
781.000 ,RV 781,,,,Concerto,D major,"1. Allegro (ré majeur)
2. Grave (fa majeur)
violon solo, cordes et basse continue
3. Allegro (ré majeur)","2 Trumpets(/Oboes), Strings, Basso Continuo","[Même œuvre pour hautbois, RV 563]"
782.000 ,RV 782,,,La vittoria navale,Oratorio,,"Part 1
1. Aria ""La Vendetta [già m'aspetta]"" (Infedelta)
2. Aria ""Spirerò sur le tue Genti"" (Valore)
3. Aria ""La tardanza più mi rende"" (Valore)
4. Aria ""Questi Regni, che tuoi sono"" (Pio)
5. Aria ""Povero afflito core"" (Angel)
6. Aria ""Verserà la Turba esangue"" (Angel)
7. Aria ""E' la Fede un fermo scoglio"" (Pio)
8. Aria ""Col fiero tuo furore"" (Angel)
9. Chorus ""Dietro all'orme il Duce si grande"" (Chorus of the Faithful)

Part 2
10. Aria ""Debellar si tenta in vano"" (Pio)
11. Aria ""Ne già al sangue, ch'esce à fiumi"" (Angel)
12. Aria ""Pur, s'io penso, reo non sono"" (Pio)
13. Aria ""Questi Lauri trionfali"" (Angel)
14. Duet ""Ah Valor tu mi lasciasti"" (Infedelta, Valore)
15. Aria ""Non potea un Cor portare"" (Infedelta)
16. Aria ""Se per Pio combatte il Ciel"" (Valore)
17. Aria ""Or men volo al moi lasciato"" (Angel)
18. Aria / Chorus ""Sin che Pio sostien gl'honori"" (Valore / Chorus of the Faithful)",Instrumentation inconnue,"[Lost]
Texte: Inconnu"
783.000 ,RV 783,,,,Concerto,D major,"1. ... (ré majeur)
2. Largo (ré majeur)
flûte traversière, violons I/II et alto
3. Allegro (ré majeur)","Transverse Flute, Strings, Basso Continuo",
784.000 ,RV 784,,,,Concerto,G major,1. ... (sol majeur),"Transverse Flute, Strings, Basso Continuo",
785.000 ,RV 785,,,,Sonata,D major,,"Violin, Basso Continuo",[see Anh. 134]
786.000 ,RV 786,,,,Sinfonia,D major,"I. Allegro molto (D major)
II. Andante (D major)
III. Minuetto (D major)","Strings, Basso Continuo",[Incomplete]
787.000 ,RV 787,,,,Concerto,E major,"1. Allegro (mi mineur)
2. Largo (mi mineur)
3. Allegro molto (mi mineur)","Cello, Strings, Basso Continuo",
788.000 ,RV 788,,,,Concerto,B-flat major,"1. Allegro (si bémol majeur)
2. Larghetto (ré mineur)
3. Allegro (si bémol majeur)","Cello, Strings, Basso Continuo",
789.000 ,RV 789,,,Confitebor tibi Domine,Psalm,B-flat major,"I. Magna opera Domini
Allegro (B-flat major)
II. Sanctum et terribnile nomen ejus
Adagio (G minor)
III. Gloria Patri et Filio
Allegro (B-flat major)","Voices, Instruments Unspecified",[Incomplete]
790.000 ,RV 790,,,,Concerto,B-flat major,,"Violin, Strings, Basso Continuo",
791.000 ,RV 791,,,,Sonata,B-flat major,I. ...(en B-flat major),"Violin, Basso Continuo",[fragment]
792.000 ,RV 792,,,,Concerto,A major,,"Violin, Strings, Basso Cotinuo",
793.000 ,RV 793,,,,Concerto,C major,"1. … (do majeur)
2. Andante ??
3. Allegro (do majeur)","2 Organs, 2 String Orchestras, Basso Continuo",[Incomplet]
794.000 ,RV 794,,,,Concerto,F major,,"Violin, Strings, Basso Cotinuo",
795.000 ,RV 795,,,"Beatus vir, psaume 111",Psalm,C major,"I. Beatus vir
choeur (SATB) avec cordes et basse continue
Allegro (C major)
II. Gloria et divitiae
soprano solo avec cordes et basse continue
Allegro (A minor)
[2 versions]
III. Beatus vir qui timet Dominum
choeur (SATB) avec cordes et basse continue
… (C major)
IV. Exortum est in tenebris
soprano solo avec cordes et basse continue
Andante molto (F major)
V. Beatus vir qui timet Dominum
choeur (SATB) avec cordes et basse continue
… (C major)
[reprise du choeur # 3]
VI. Jucundus homo
soprano solo avec violon I solo et basse continue
Allegro (A minor)
VII. Beatus vir qui timet Dominum
choeur (SATB) avec cordes et basse continue
… (C major)
[reprise du choeur # 3]
VIII. In memoria aeterna
solistes (AAT) avec cordes et basse continue
Andante molto (C minor)
IX. Beatus vir qui timet Dominum
choeur (SATB) avec cordes et basse continue
… (C major)
[reprise du choeur # 3]
X. Paratum cor ejus
alto solo avec cordes et basse continue
Andante (F major)
XI. Beatus vir qui timet Dominum
choeur (SATB) avec cordes et basse continue
… (C major)
[reprise du choeur # 3]
XII. Dispersit dedit pauperibus
alto solo avec violons I/II, alto/violoncelle solo
Andante (A minor)
XIII. Beatus vir qui timet Dominum
choeur (SATB) avec cordes et basse continue
… (C major)
[reprise du choeur # 3]
XIV. Peccator videbit
ténor solo avec cordes et basse continue
Largo e spiccato (F major) /Allegro /Largo
XV. Gloria Patri et Filio
choeur (SATB) avec cordes et basse continue
Allegro (C major)","Soloists (SAAT), Choir (SSATB), Strings, Basso Continuo",[Version de RV 597]
796.000 ,RV 796,,,Unsignoletto bello,Cantata,,"1. Usignoletto bello
air pour soprano avec basse continue
Andante (sol majeur)
2. Mà tu rapido fuggi e tra più folti
récitatif pour soprano avec basse continue
3. Come te cantando anch'io
air pour soprano avec basse continue
Larghetto (sol majeur)","Solo Soprano, Basso Continuo",Texte: Inconnu
797.000 ,RV 797,,,Credo,Mass,G major,,,[Lost] [non spécifié]
798.000 ,RV 798,,,Violin Sonata in D major,Sonata,D major,"I. Andante (D major)
II. ... (D major)
III. Adagio (D major)
IV. Allegro (D major)","Violin, Basso Continuo",
799.000 ,RV 799,,,Tremori al braccio,Cantata,,"1. Tremori al braccio e lagrime sul ciglio
récitatif pour soprano avec basse continue
2. Quando chiami dolce e cara
Andante (do mineur)
3. Ah nò, mia cara Elvira
récitatif pour soprano avec basse continue
4. Quello che senti, o bella
air pour soprano avec basse continue
Largo (sol mineur)","Solo Soprano, Basso Continuo",Texte: Inconnu
800.000 ,RV 800,,,Sonata for 2 Transverse Flutes in A major,Sonata,A major,"I. Allegro (A major)
II. Andante (A major)
III. Allegro (A major)","2 Transverse Flutes, Basso Continuo",
801.000 ,RV 801,,,,Sonata,C major,"I. Largo (C major)
II. Allegro (C major)
III. Largo (C minor)
IV. Allegro (C major)","Transverse Flute, Oboe, Bassoon, Harpsichord",
802.000 ,RV 802,,,"Sinfonia in C major ""Improvisata""",Sinfonia,C major,"I. Allegro (C major)
II. Menuet. Allegro assai (C major)","Strings, Basso Continuo",
804.000 ,RV 804,,,Salve Regina,Hymn,E-flat major/E minor,,"Solo Alto, 2 Transverse Flutes, Solo Organ, Strings, Basso Continuo",[Lost]
805.000 ,RV 805,,,Concerto for Transverse Flute in G major,Concerto,G major,"1. ... (sol majeur)
[voir 3e movement de RV 217 et RV 682]","Transverse Flute, Strings, Basso Continuo",
806.000 ,RV 806,,,Recorder Sonata in G major,Sonata,G major,"I. Andante (G major)
II. Allegro (G major)
III. Largo (G major)
IV. Allegro (G major)","Recorder, Basso Continuo (Harpsichord)",
808.000 ,RV 808,,,,Concerto,C major,"1. ... (do majeur)
2. Largo (do majeur)
3. Allegro (do majeur)","Violin, Organ, Strings, Basso Continuo",[Incomplet]
809.000 ,RV 809,,,Recorder Sonata in C major,Sonata,C major,"I. Adagio (C major)
II. Allegro (C major)
III. Adagio (F major)
IV. Allegro (C major)","Recorder, Basso Continuo",
810.000 ,RV 810,,,Violin Sonata in D major,Sonata,D major,,"Violin, Basso Continuo",
811.000 ,RV 811,,,"Vos invito, barbarae faces",Motet,,,"Alto, Strings",listed after RV 634
812.000 ,RV 812,,,,Concerto,G minor,,"Oboe, Violin, Cello, Strings",
813.000 ,RV 813,,,Violin Concerto in D minor,Concerto,D minor,,"Violin, Strings, Basso Continuo",
814.000 ,RV 814,,,,Concerto,G major,,"Violin, Cello, Strings",[Incomplet]
815.000 ,RV 815,,,Violin Sonata in C major,Sonata,C major,,"Violin, Basso Continuo",[version pour clavier seulement]
816.000 ,RV 816,,,Violin Sonata in D major,Sonata,D major,,"Violin, Basso Continuo",[version pour orgue seulement]
817.000 ,RV 817,,,,Concerto,A major,,,previously RV Anh. 86
818.000 ,RV 818,,,,Concerto,D major,,,"[Incomplet]
previously RV Anh. 72"
819.000 ,RV 819,,,Orlando (furioso),Opera,,,,"first music setting, 1714"
820.000 ,RV 820,,,,Sonata,G major,,"Violin, Cello, Basso Continuo",
821.000 ,RV 821,,,La Francia,Concerto,,"I.  Allegro 
II. Largo 
III. Allegro",,[Lost]
822.000 ,RV 822,,,L‘Inghilterra,Concerto,,"I.  Allegro 
II. Siciliano – Arioso 
III. Allegro",,[Lost]
823.000 ,RV 823,,,L'Olanda,Concerto,,,,[Lost]
824.000 ,RV 824,,,La Germania,Concerto,,,,[Lost]
825.000 ,RV 825,,,La Spagna,Concerto,,"I. Allegro
II. Andante 
III. Presto",,[Lost]
826.000 ,RV 826,,,L'Intalia,Concerto,,,,[Lost]
827.000 ,RV 827,,,"Lætatus sum, pslam 121",Psalm,C major,,,
999.001 ,RV Anh. 1,,,Cello Sonata in A major,Sonata,A major,,"Cello, Basso Continuo",[Anonyme]
999.002 ,RV Anh. 2,,,,Concerto / Sinfonia,C major,,"Strings, Basso Continuo",[Oeuvre de Giovanni Battista Sammartini
999.003 ,RV Anh. 3,,,String Concerto in D minor,Concerto,D minor,,"Strings, Basso Continuo",[Anonyme]
999.004 ,RV Anh. 4,,,Sinfonia in G major,Sinfonia,G major,,"Strings, Basso Continuo",[Œuvre de Johann Adolph Hasse]
999.005 ,RV Anh. 5,,,,Sonata,A major,,"Strings, Basso Continuo",[Œuvre de Giovanni Battista Sammartini]
999.006 ,RV Anh. 6,,,Sinfonia in A major,Sinfonia,A major,,Strings,[Œuvre de Antonio Brioschi]
999.007 ,RV Anh. 7,,,Violin Concerto in C major,Concerto,C major,,"Violin, Strings, Basso Continuo",[Œuvre de Tomaso Albinoni]
999.008 ,RV Anh. 8,,,Violin Concerto in D major,Concerto,D major,,"Violin, Strings, Basso Continuo",[Œuvre de Anton Giraneck - perdu]
999.009 ,RV Anh. 9,,,Violin Concerto in D major,Concerto,D major,,"Violin, Strings, Basso Continuo",[Œuvre de Francesco Maria Veracini]
999.010 ,RV Anh. 10,,,Violin Concerto in D minor,Concerto,D minor,,"Violin, Strings, Basso Continuo",[Œuvre de Giuseppe Torelli ?]
999.011 ,RV Anh. 11,,,Violin Concerto in G major,Concerto,G major,,"Violin, Strings, Basso Continuo",[Œuvre de Johann-Ernst von Sachsen-Weimer]
999.012 ,RV Anh. 12,,,Violin Concerto in G major,Concerto,G major,,"Violin, Strings, Basso Continuo",[Œuvre de Johann-Ernst von Sachsen-Weimer]
999.013 ,RV Anh. 13,,,Violin Concerto in A major,Concerto,A major,,"Violin, Strings, Basso Continuo",[Œuvre de Giovanni Battista Somis]
999.014 ,RV Anh. 14,,,Violin Concerto in A major,Concerto,A major,,"Violin, Strings, Basso Continuo",[Œuvre de Francesco Maria Veracini]
999.015 ,RV Anh. 15,,,Violin Concerto in A minor,Concerto,A minor,,"Violin, Strings, Basso Continuo",[Anonyme]
999.016 ,RV Anh. 16,,,Violin Concerto in D minor,Concerto,D minor,,"Oboe, Strings, Basso Continuo",[Œuvre de Alessandro Marcello]
999.017 ,RV Anh. 17,,,Violin Concerto in G minor,Concerto,G minor,,"Violin, Oboe, Strings, Basso Continuo",[Œuvre de Georg Philip Telemann]
999.018 ,RV Anh. 18,,,Violin Concerto in B-flat major,Concerto,B-flat major,,"Violin, Oboe, Strings, Basso Continuo",[Anonyme - Relié à RV 364]
999.019 ,RV Anh. 19a,,,,Sonata,D major,,"3 Violins, Trumpet, Basso Continuo",
999.019 ,RV Anh. 19b,,,,Sonata,C major,,"2 Violins, Violin, Haute-contre, Basso Continuo",
999.019 ,RV Anh. 19c,,,,Sonata,A major,,"2 Violins, Haute-contre, Basso Continuo",
999.019 ,RV Anh. 19d,,,,Sonata,C major,,"4 Violins, Haute-contre, Basso Continuo",
999.020 ,RV Anh. 19e,,,,Sonata,A major,,"4 Violins, Haute-contre, Basso Continuo",
999.020 ,RV Anh. 19f,,,,Sonata,D major,,"2 Violins, Trumpet, Haute-contre, Basso Continuo",
999.020 ,RV Anh. 19g,,,,Sonata,F major,,"2 Violins, Haute-contre, Basso Continuo",
999.020 ,RV Anh. 19h,,,,Sonata,E minor,,"3 Violins, Basso Continuo",
999.020 ,RV Anh. 19i,,,,Sonata,D major,,"2 Violins, Haute-contre, Basso Continuo",
999.020 ,RV Anh. 19j,,,,Sonata,F major,,"2 Violins, Haute-contre, Basso Continuo",
999.020 ,RV Anh. 19k,,,,Sonata,C major,,"2 Violins, Haute-contre, Basso Continuo",
999.020 ,RV Anh. 19l,,,Sonata for 2 Violins in E major,Sonata,E major,,"2 Violins, Basso Continuo",
999.020 ,RV Anh. 19m,,,Sonata for 2 Violins in D major,Sonata,D major,,"2 Violins, Basso Continuo",
999.020 ,RV Anh. 19n,,,Sonata for 2 Violins in D minor,Sonata,D minor,,"2 Violins, Basso Continuo",
999.020 ,RV Anh. 20,,,Kyrie,,,,,[Anonyme]
999.021 ,RV Anh. 21,,,Kyrie,,,,,[Anonyme]
999.022 ,RV Anh. 22,,,Gloria,,,,,[Anonyme]
999.022 ,RV Anh. 22a,,,Domine Deus Agnus Dei,,,,,[Anonyme]
999.023 ,RV Anh. 23,,,Gloria,,,,,[Œuvre de Giovanni Maria Ruggieri - Relié à RV 588 et 589]
999.024 ,RV Anh. 24,,,Gloria,,,,,[Œuvre de Giovanni Maria Ruggieri]
999.025 ,RV Anh. 25,,,Domine ad adjuvandum me,,,,,[Anonyme]
999.026 ,RV Anh. 26,,,Qui habitat in ajutorio,,,,,[Anonyme]
999.027 ,RV Anh. 27,,,Dixit Dominus,,,,,[Anonyme]
999.028 ,RV Anh. 28,,,Beatus vir,,,,,[Anonyme]
999.029 ,RV Anh. 29,,,Laudate pueri Dominum,,,,,[Anonyme]
999.030 ,RV Anh. 30,,,Laudate pueri Dominum,,,,,[Anonyme]
999.031 ,RV Anh. 31,,,Laetatus sum,,,,,[Anonyme]
999.032 ,RV Anh. 32,,,Nisi Dominus,,,,,[Anonyme]
999.033 ,RV Anh. 33,,,Nisi Dominus,,,,,[Anonyme]
999.034 ,RV Anh. 34,,,Nisi Dominus,,,,,[Anonyme]
999.035 ,RV Anh. 35,,,Lauda Jerusalem,,,,,[Anonyme]
999.035 ,RV Anh. 35a,,,Lauda Jerusalem,,,,,[Anonyme]
999.035 ,RV Anh. 35b,,,Credidi,,,,,[Anonyme]
999.036 ,RV Anh. 36,,,Ad te levavi,,,,,[Œuvre de Giuseppe Antonio Bernabei]
999.037 ,RV Anh. 37,,,Confessio et pulchritudo,,,,,[Anonyme]
999.038 ,RV Anh. 38,,,Te Deum,,,,,[Anonyme]
999.039 ,RV Anh. 39,,,The Alchemist,,,,,[Avec musique de Georg Friedrich Händel HWV 44]
999.040 ,RV Anh. 40,,,Alessandro nell'Indie,,,,,[Œuvre de Johann Adolph Hasse]
999.041 ,RV Anh. 41,,,L'amante Cabala,,,,,[Attribution non fondée]
999.042 ,RV Anh. 42,,,Ariodante,,,,,[Composition collective]
999.043 ,RV Anh. 43,,,La Bottega del Caffè,,,,,[Attribution non fondée]
999.044 ,RV Anh. 44,,,Demetrio,,,,,[Œuvre de Johann Adolph Hasse]
999.045 ,RV Anh. 45,,,Ernelinda,,,,,[Composition collective]
999.046 ,RV Anh. 46,,,Il filosofo,,,,,[Attribution non fondée]
999.047 ,RV Anh. 47,,,The Golden Pippin,,,,,[Pastiche - composition collectivee]
999.048 ,RV Anh. 48,,,Griselda,,,,,[Pastiche de Antonio Bioni]
999.049 ,RV Anh. 49,,,Merope,,,,,[Pastiche de Antonio Bioni]
999.050 ,RV Anh. 50,,,Monsieur Petiton,,,,,[Attribution non fondée]
999.051 ,RV Anh. 51,,,L'odio vinto dalla contanza,,,,,[Version de Antonio Galeozzi de RV 706]
999.052 ,RV Anh. 52,,,Orlando furioso,,,,,[Composition collective]
999.053 ,RV Anh. 53,,,Semiramide riconosciuta,,,,,[Pastiche de Georg Friedrich Händel HWV A8]
999.054 ,RV Anh. 54,,,"Siroe, re di Persia",,,,,[Composition collectivee]
999.055 ,RV Anh. 55,,,La tirannia gastigata,,,,,[Composition collective]
999.056 ,RV Anh. 56,,,Tito Manlio,,,,,[see RV 778]
999.057 ,RV Anh. 57,,,Der über Liebe und Hass siegende beständigkeit oder Tigranes König von Armenien,,,,,[Composition collective]
999.058 ,RV Anh. 58,,,Il vinot trionfante del vincitore,,,,,[? Pastiche de Tomaso Albinoni]
999.059 ,RV Anh. 59,,,28 Arias anonymes attributed to Vivaldi,,,"RV Anh. 59/1. ""Che m'ami ti prega""
RV Anh. 59/2. ""Con empia crudeltà""
RV Anh. 59/3. ""Di se senti""
RV Anh. 59/4. ""Già sede in calma""
RV Anh. 59/5. ""Per mia pace""
RV Anh. 59/6. ""Tuona a destra""
RV Anh. 59/7. ""Che quel cor quel ciglio""
RV Anh. 59/8. ""Dite degno non sarei""
RV Anh. 59/9. ""Pensa ad amare""
RV Anh. 59/10. ""Per far che risplenda""
RV Anh. 59/11. ""Saper bramate""
RV Anh. 59/12. ""Se in campo armato""
RV Anh. 59/13. ""Se l'amor tuo mi rendi""
RV Anh. 59/14. ""Fu di Rè comando allora""
RV Anh. 59/15. ""Ad corda reclina""
RV Anh. 59/16. ""Agitato da più venti""
RV Anh. 59/17. ""Ah quis à te me sperabit?""
RV Anh. 59/18. ""Già si sa ch'un empio sei""
RV Anh. 59/19. ""Ihr Himmel nun""
RV Anh. 59/20. ""Io ritorno a rivederti""
RV Anh. 59/21. ""La fatal sentenza""
RV Anh. 59/22. ""Mente stragio""
RV Anh. 59/23. ""Nato pastor pro me""
RV Anh. 59/24. ""Non val con siglio ed arte""
RV Anh. 59/25. ""Ritorna a lusingarmi""
RV Anh. 59/26. ""Tu solo sei la mia speranza""
RV Anh. 59/27. ""Vibro il ferro e pur non sò""
RV Anh. 59/28. ""Tortorella innamorata""",,[Pastiche]
999.060 ,RV Anh. 60,,,Cantates,,,,,[Aucune cantate au nom de Vivaldi dans le recueil]
999.061 ,RV Anh. 61,,,7 Cantates,,,,,[Faussement identifiés par Rinaldi - 5 cantates RN 318 et 2 cantates RN 319]
999.062 ,RV Anh. 62,,,,Concerto,C major,,"Violin, Clavier",[Oeuvre de Fritz Kreisler]
999.063 ,RV Anh. 63,,,13 Motets,Motet,,,,[Oeuvre de Filippo Vitali]
999.064 ,RV Anh. 64,,,,Concerto,E minor,,"Transverse Flute, 2 Violins, Basso Continuo",[Œuvre de Johann Adolph Hasse]
999.064 ,RV Anh. 64a,,,,Concerto,E minor,,"Violin, 2 Violins, Basso Continuo",[see RV Anh 64 - 1st & 3rd movements]
999.065 ,RV Anh. 65,,,,Concerto,A major,,"Violin, Strings, Basso Continuo",[Œuvre de Joseph Meck]
999.066 ,RV Anh. 66,,,,Sonata,C major,,"Several instruments, Basso Continuo",[classifié sous RV 801]
999.067 ,RV Anh. 67,,,Didone abbandonata,,,,,"[Œuvre de Georg Friedrich Händel, HWV A12]"
999.068 ,RV Anh. 68,,,,Sinfonia,G major,,"Strings, Basso Continuo",[see RV 148]
999.069 ,RV Anh. 69,,,,Sonata,D minor,,"Flute, Basso Continuo",[Anonyme - see RV 52]
999.070 ,RV Anh. 70,,,Introduzione / Sonata,Sonata,G major,,"Strings/Solo Violin, Basso Continuo",[see RV 144]
999.116 ,RV Anh. 116,,,Il Padre Sacrificator della Figlia overo Jefte,Opera,,,,[Pastiche]
999.116 ,RV Anh. 116a,,,Da trionfo le perdite,Oratorio,,,,after RV Anh. 116
999.117 ,RV Anh. 117,,,Andromeda liberata,,,,,[Pastiche]
999.118 ,RV Anh. 118,,,Didone abbandonata,,,,,[Pastiche]
999.119 ,RV Anh. 119,,,Henrich der Vogler,,,,,[Pastiche]
999.120 ,RV Anh. 120,,,L'innocanza giustificata,,,,,[Pastiche de Antonio Denzio et Antonio Bioni]
999.121 ,RV Anh. 121,,,Nero,,,,,[Pastiche]
999.122 ,RV Anh. 122,,,Orlando furioso,,,,,[Pastiche de Georg Caspar Schürmann]
999.123 ,RV Anh. 123,,,Der rasende Roland,,,,,
999.124 ,RV Anh. 124,,,Stratonica,,,,,[Pastiche de Leonardo Vinci]
999.125 ,RV Anh. 125,,,Turno Aricino,,,,,[Pastiche de Leonardo Leo et Leonardo Vinci]
999.126 ,RV Anh. 126,,,Ulysses,,,,,[Pastiche de Georg Philipp Telemann]
999.127 ,RV Anh. 127,,,32 Opéras non entièrement de Vivaldi,,,,,
999.127 ,RV Anh. 127a,,,47 Opéras contenant des airs de Vivaldi,,,,,
999.128 ,RV Anh. 128,,,,Concerto,B-flat major,,"Violin, Strings, Basso Continuo",[Incomplet]
999.129 ,RV Anh. 129,,,,Concerto,C major,,"Violin, Strings, Basso Continuo",
999.130 ,RV Anh. 130,,,,Concerto,F major,,"Violin, Strings, Basso Continuo (Organ)",
999.131 ,RV Anh. 131,,,,Concerto,F major,,"Violin, Strings, Basso Continuo",[Œuvre de Romaso Albinoni]
999.132 ,RV Anh. 132,,,,Concerto,F major,,"Violin, Strings, Basso Continuo","[Œuvre de Giuseppe Torelli, op. 8/11]"
999.133 ,RV Anh. 133,,,,Concerto,B-flat major,,"Violin, Strings, Basso Continuo",[Oeucre de Giuseppe Matteo Alberto op. 1/1]
999.134 ,RV Anh. 134,,,,Sonata,D major,,"Violin, Basso Continuo",[Œuvre de Andrea Zani op. 1/12]
999.135 ,RV Anh. 135,,,,Sinfonia,C major,,,
999.136 ,RV Anh. 136,,,,Sonata,C major,,Recorder,"Gaetano Meneghetto's work
previously RV 809"
999.137 ,RV Anh. 137,,,Argippo,Opera,,,,by Antonio Denzio?
999.138 ,RV Anh. 138,,,Creso tolto à le Fiamme,Opera,,,,[Lost]
999.139 ,RV Anh. 139,,,Venezia(nascente?),Opera,,,,[Lost]
999.140 ,RV Anh. 140,,,,Sonata,G major,,,previously RV 24
999.141 ,RV Anh. 141,,,,Concerto,B-flat major,,,"op. 7, libro 2, no. 1 (=7)
previously RV 464"
999.142 ,RV Anh. 142,,,,Concerto,B-flat major,,,"op. 7, libro 1, no. 1
previously RV 465"
999.143 ,RV Anh. 143,,,,Concerto,C major,,,"Carlo Tessarini's work
previously RV 174"
999.144 ,RV Anh. 144,,,,Sinfonia,C major,,,previously RV 116
999.145 ,RV Anh. 145,,,,Concerto,D major,,,previously RV 404
999.146 ,RV Anh. 146,,,,Concerto,G major,,,previously RV 415
999.147 ,RV Anh. 147,,,Filli di gioia vuoi farmi morir,Cantata,,,,previously RV 672
999.148 ,RV Anh. 148,,,Ingrata Lidia ha vinto il tuo rigore,Cantata,,,,previously RV 673
999.149 ,RV Anh. 149,,,Piango gemo sospiro e peno,Cantata,,,,previously RV 675
999.150 ,RV Anh. 150,,,,Concerto,A major,,,"Gaetano Meneghetto's work
previously RV 351"
999.151 ,RV Anh. 151,,,"La ninfa infelice, e fortunata",Opera,,,,"Melodrama pastorale
[lost]"
999.152 ,RV Anh. 152,,,,Concerto,F major,,,previously RV 458
999.153 ,RV Anh. 153,,,,Concerto,B-flat major,,,"op. 7, libro 2, no. 3 (=9)
previously RV 373"
999.154 ,RV Anh. 154,,,,Concerto,F major,,,previously RV 773
999.155 ,RV Anh. 155,,,,Sinfonia,D major,,,previously RV 122
999.156 ,RV Anh. 156,,,,Sinfonia,D major,,,previously RV 125
999.157 ,RV Anh. 157,,,,Sinfonia,F major,,,previously RV 137
999.158 ,RV Anh. 158,,,,Sonata,A major,,,
,,,,Dixit Dominus,Hymn,D major,"I. Nisi Dominus
solistes (SAT) avec cordes et basse continue
Allegro (A major)
II. Nisi Dominus custodierit
alto solo avec viole d'amour, 2 violons et orgue
Allegro (D major)
III. Vanum est vobis ante lucem
alto solo avec cordes et basse continue
Allegro (G major)
IV. Cum dederit dilectis suis somnum
alto solo avec chalumeau, 2 violons et orgue
V. Sicut sagittae in manu potentis
ténor solo avec tromba marina, cordes et basse continue
Allegro (G major)
VI. Beatus vir qui implevit desiderium
soprano solo avec violoncelle solo et orgue
… (D major)
VII. Gloria Patri et Filio
soprano solo avec cordes et orgue obligé
Larghetto (E minor)
VIII. Sicut erat in principio
solistes (SAT) avec cordes et basse continue
Allegro (A major)
solistes (SAT) avec cordes et basse continue
Allegro (A major)
II. Nisi Dominus custodierit
alto solo avec viole d'amour, 2 violons et orgue
Allegro (D major)
III. Vanum est vobis ante lucem
alto solo avec cordes et basse continue
Allegro (G major)
IV. Cum dederit dilectis suis somnum
alto solo avec chalumeau, 2 violons et orgue
V. Sicut sagittae in manu potentis
ténor solo avec tromba marina, cordes et basse continue
Allegro (G major)
VI. Beatus vir qui implevit desiderium
soprano solo avec violoncelle solo et orgue
… (D major)
VII. Gloria Patri et Filio
soprano solo avec cordes et orgue obligé
Larghetto (E minor)
VIII. Sicut erat in principio
solistes (SAT) avec cordes et basse continue
Allegro (A major)","Soloists (SSATT), Choir (SATB), Trumpet, 2 Oboes, Strings, Basso Continuo",Texte: Inconnu
,,,,Nisi Dominus,Hymn,A major,"I. Nisi Dominus
solistes (SAT) avec cordes et basse continue
Allegro (A major)
II. Nisi Dominus custodierit
alto solo avec viole d'amour, 2 violons et orgue
Allegro (D major)
III. Vanum est vobis ante lucem
alto solo avec cordes et basse continue
Allegro (G major)
IV. Cum dederit dilectis suis somnum
alto solo avec chalumeau, 2 violons et orgue
V. Sicut sagittae in manu potentis
ténor solo avec tromba marina, cordes et basse continue
Allegro (G major)
VI. Beatus vir qui implevit desiderium
soprano solo avec violoncelle solo et orgue
… (D major)
VII. Gloria Patri et Filio
soprano solo avec cordes et orgue obligé
Larghetto (E minor)
VIII. Sicut erat in principio
solistes (SAT) avec cordes et basse continue
Allegro (A major)","Soloists (SAT), Viola d'Amore, Chalumeau, Tromba Marina, Solo Cello, Obligato Organ, Strings, Basso Continuo",Texte: Psaume 110 et Doxologie