Catalogue,Title,Type,Key,Movement,Instrumentation,Note
TWV 1:1,Abscheuliche Tiefe des großen Verderbens,Cantata,,,,Sunday after Christmas
TWV 1:2,"Ach, ach, mein Jesus geht von mir",Cantata,,,,4th Sunday after Easter
TWV 1:3,Ach bleib mit deinem Wörte,Cantata,,,,2nd day of Easter
TWV 1:4,"Ach, dass der Herr aus Zion käme",Cantata,,,,1st Sunday of Advent
TWV 1:5,"Ach, dass der Herr aus Zion käme",Cantata,,,,2nd day of Christmas
TWV 1:6,"Ach, dass die Hülf aus Zion käme",Cantata,,,,2nd day of Christmas
TWV 1:7,"Ach, dass du den Himmel zerrissest",Cantata,,,,Feast of Christmas
TWV 1:8,"Ach, dass ich dich, mein Jesu",Cantata,,,,20th Sunday after Trinity
TWV 1:9,"Ach ewiges Wort, in Herz und Munde",Cantata,,,,3rd day of Christmas
TWV 1:10,"Ach Gott, dein Zion klagt und weint",Cantata,,,,10th Sunday after Trinity
TWV 1:11,"Ach Gott, du bist gerecht",Cantata,,,,22nd Sunday after Trinity
TWV 1:12,"Ach Gott, es geht gar übel zu",Cantata,,,,8th Sunday after Trinity
TWV 1:13,"Ach Gott, es wird ja diese Zeit",Cantata,,,,27th Sunday after Trinity
TWV 1:14,Ach Gott vom Himmel sieh darein,Cantata,,,,10th Sunday after Trinity
TWV 1:15,"Ach Gott, wenn mir das kommen ein",Cantata,,,,3rd Sunday after Trinity
TWV 1:16,"Ach Gott, wie drückt der Sorgen Last",Cantata,,,,10th Sunday after Trinity
TWV 1:17,"Ach Gott, wie elend wären wir",Cantata,,,,4th Sunday of Advent
TWV 1:18,"Ach Gott, wie manches Herzeleid",Cantata,,,,3rd Sunday of Advent
TWV 1:19,"Ach Gott, wir manches Herzeleid",Cantata,,,,3rd Sunday after Easter
TWV 1:20,"Ach Gott, wie manches Herzelied",Cantata,,,,2nd day of Christmas
TWV 1:21,"Ach Gott, wie manches Herzeleid",Cantata,,,,Sunday after Ascension
TWV 1:22,"Ach, gross sind unsre Sünden",Cantata,,,,10th Sunday after Trinity
TWV 1:23,"Ach Herr, du Schöpfer aller Dinge",Cantata,,,,2nd day of Christmas
TWV 1:24,"Ach Herr, lehr uns bedenken wohl",Cantata,,,,10th Sunday after Trinity
TWV 1:25,"Ach Herr, mich armen Sünder",Cantata,,,,3rd Sunday after Trinity
TWV 1:26,"Ach Herr, wie ist meiner Feinde so viel",Cantata,,,,Sunday after New Year
TWV 1:27,"Ach Herr, wie sind meiner Feinde so viel",Cantata,,,,Sunday after New Year
TWV 1:28,"Ach, Jesus geht zu seiner Pein",Cantata,,,,Sunday of Quinquagesima
TWV 1:29,"Ach, mein Herze schwimmt im Blute",Cantata,,,,10th Sunday after Trinity
TWV 1:30,"Ach Not, wenn Gottes Hand",Cantata,,,,25th Sunday after Trinity
TWV 1:31,"Ach, sagt mit nichts von Gold und Schätzen",Cantata,,,,10th Sunday after Trinity
TWV 1:32,"Ach, sollte doch die ganze Welt",Cantata,,,,10th Sunday after Trinity
TWV 1:33,"Ach süsse Ruh, die stets mein Geist",Cantata,,,,22nd Sunday after Trinity
TWV 1:34,"Ach, welche Bitterkeit der Schmerzen",Cantata,,,,10th Sunday after Trinity
TWV 1:35,"Ach, wer verkündigt mir, was mir ins zukunftige",Cantata,,,,Cantates diverses
TWV 1:36,"Ach, wie beisst micht mein Gewissen",Cantata,,,,10th Sunday after Trinity
TWV 1:37,"Ach, wie nichtig, ach wie flüchtig",Cantata,,,,25th Sunday after Trinity
TWV 1:38,"Ach wie nichtig, ach wie flüchtig",Cantata,,,,24th Sunday after Trinity
TWV 1:39,"Ach, wie so gut ist hier zu sein",Cantata,,,,6th Sunday after Epiphany
TWV 1:40,"Ach, wie so lang, ach Herr",Cantata,,,,2nd Sunday after Epiphany
TWV 1:41,"Ach, wo bin ich hingeraten",Cantata,,,,3rd Sunday after Trinity
TWV 1:42,"Ach, wo bin ich hingeraten",Cantata,,,,Cantates diverses
TWV 1:43,"Ach, wo flieh ich Armer hin",Cantata,,,,3rd Sunday after Trinity
TWV 1:44,"Ach, wo ist mein Jesus hin",Cantata,,,,1st Sunday after Epiphany
TWV 1:45,"Ach, wo kömmt doch das böse Ding her",Cantata,,,,23rd Sunday after Trinity
TWV 1:46,"Ach, wundergrosser Siegesheld",Cantata,,,,Feast of the Ascension
TWV 1:47,Ach wundergrosser Siegesheld,Cantata,,,,Feast of the Ascension
TWV 1:48,Ach zu den tiefsten Jammerhöhlen,Cantata,,,,Sunday after Ascension
TWV 1:49,"Alle, die gottselig leben wollen",Cantata,,,,Sunday after New Year
TWV 1:50,"Alle, die gottselig leben wollen",Cantata,,,,Sunday after Christmas
TWV 1:51,"Alle, die gottselig leben wollen",Cantata,,,,Sunday after Ascension
TWV 1:52,"Alle, die gottselig leben wollen",Cantata,,,,3rd Sunday after Easter
TWV 1:53,"Alle, die gottselig leben wollen",Cantata,,,,3rd Sunday after Easter
TWV 1:54,"Alle, die gottselig leben wollen",Cantata,,,,Sunday after New Year
TWV 1:55,Alle gute Gaben und alle vollkommenen Gaben,Cantata,,,,4th Sunday after Easter
TWV 1:56,"Allein dein Wort, Herr Jesu Christ",Cantata,,,,Sunday of Sexagesima
TWV 1:57,Allein die Anfechtung lehret,Cantata,,,,3rd Sunday after Easter
TWV 1:58,Allein Gott in der Höh sei Ehr,Cantata,,,,Feast of Christmas
TWV 1:59,Allein Gott in der Höh sei Ehr,Cantata,,,,Cantate-chorale
TWV 1:60,"Allein zu dir, Herr Jesu Christ",Cantata,,,,Feast of the Assumption of Mary
TWV 1:61,"Allein zu dir, Herr Jesu Christ",Cantata,,,,10th Sunday after Trinity
TWV 1:62,"Allein zu dir, Herr Jesu Christ",Cantata,,,,2nd Sunday of Lent
TWV 1:63,"Alleluja, Herr Gott, dich loben wir",Cantata,,,,1st Sunday of Advent
TWV 1:64,Allenthalben ist dies Leben,Cantata,,,,10th Sunday after Trinity
TWV 1:65,Aller Augen warten auf dich,Cantata,,,,4th Sunday of Lent
TWV 1:66,Aller Augen warten auf dich,Cantata,,,,7th Sunday after Trinity
TWV 1:67,Aller Augen warten auf dich,Cantata,,,,10th Sunday after Trinity
TWV 1:68,Alles Fleisch ist Heu,Cantata,,,,10th Sunday after Trinity
TWV 1:69,"Alles, was ihr tut",Cantata,,,,New Year
TWV 1:70,"Alles, was von Gott geboren ist",Cantata,,,,Feast of the Holy Trinity
TWV 1:71,All eure Sorgen werfet auf den Herrn,Cantata,,,,10th Sunday after Trinity
TWV 1:72,"Allmächtiger, heiliger, starker Gott",Cantata,,,,1st Sunday of Lent
TWV 1:73,All's Glück und Ungelücke,Cantata,,,,10th Sunday after Trinity
TWV 1:74,Also hat Gott die Welt geliebet,Cantata,,,,2nd day of Pentecost
TWV 1:75,Also hat Gott die Welt geliebet,Cantata,,,,2nd day of Pentecost
TWV 1:76,Also hat Gott die Welt geliebet,Cantata,,,,2nd day of Pentecost
TWV 1:77,Also hat Gott die Welt geliebet,Cantata,,,,2nd day of Pentecost
TWV 1:78,Also hat Gott die Welt geliebet,Cantata,,,,3rd day of Pentecost
TWV 1:79,Also hat Gott die Welt geliebet,Cantata,,,,3rd day of Christmas
TWV 1:80,Also hat Gott die Welt geliebet,Cantata,,,,2nd day of Pentecost
TWV 1:81,Also hat Gott die Welt ..,Cantata,,,,2nd day of Pentecost
TWV 1:82,Also hat Gott die Welt geliebet,Cantata,,,,2nd day of Pentecost
TWV 1:83,Also hat Gott die Welt geliebet,Cantata,,,,Feast of Pentecost
TWV 1:84,Also hat Gott die Welt geliebet,Cantata,,,,2nd day of Pentecost
TWV 1:85,Also hat Gott die Welt geliebet,Cantata,,,,2nd day of Pentecost
TWV 1:86,Also hat Gott die Welt geliebet,Cantata,,,,2nd day of Pentecost
TWV 1:87,Also hoch und also sehr,Cantata,,,,2nd day of Pentecost
TWV 1:88,Also ist geschrieben und also ..,Cantata,,,,3rd day of Easter
TWV 1:89,"Also schweig mein Mund, verstummet",Cantata,,,,2nd day of Pentecost
TWV 1:90,Also wird auch sein die Zukunft,Cantata,,,,1st Sunday of Advent
TWV 1:91,"Amen, amen, Lob und Ehre",Cantata,,,,Sunday after Christmas
TWV 1:92,"Amen, amen, Lob und Ehre",Cantata,,,,Sunday after Christmas
TWV 1:93,Am göttlichen Segen ist alles gelegen,Cantata,,,,7th Sunday after Trinity
TWV 1:94,Am guten Tag sei guter Dinge,Cantata,,,,2nd Sunday of Lent
TWV 1:95,An Jesu kann ich mich,Cantata,,,,2nd Sunday after Easter
TWV 1:96,"Auf ehernen Mauern, auf",Cantata,,,,1st Sunday after Easter
TWV 1:97,Auf ein gleich erhörtes Flehen,Cantata,,,,10th Sunday after Trinity
TWV 1:98,"Auf, erwachet meine Sinnen",Cantata,,,,3rd day of Christmas
TWV 1:99,"Auf, fröhliches Zion, auf, danket",Cantata,,,,New Year
TWV 1:100,Auf Gott will ich mich stets verlassen,Cantata,,,,Cantates diverses
TWV 1:101,Auf grüner Auen wollest du mich,Cantata,,,,Feast of Pentecost
TWV 1:102,Auf ihr Christen insgemein,Cantata,,,,Feast of the Epiphany
TWV 1:103,"Auf ihr Priester, auf zum Schlachten",Cantata,,,,Palm Sunday
TWV 1:104,"Auf, lasset in Zions geheiligten Hallen",Cantata,,,,Feast of Easter
TWV 1:105,"Auf, lasset uns ein feines Leben",Cantata,,,,1st Sunday of Advent
TWV 1:106,"Auf mein Herze, rüste dich",Cantata,,,,2nd Sunday of Advent
TWV 1:107,"Auf, reiniget das Feld der ungeschl.",Cantata,,,,Sunday of Sexagesima
TWV 1:108,"Auf, und lasset uns besingen",Cantata,,,,Feast of Easter
TWV 1:109,"Auf Zion, und lass in geheiligten Hallen",Cantata,,,,Feast of Christmas
TWV 1:110,"Augenweide, Fleischeslust",Cantata,,,,Cantates diverses
TWV 1:111,Aus Gnaden seid ihr selig worden,Cantata,,,,20th Sunday after Trinity
TWV 1:112,Aus Gnaden seid ihr selig worden,Cantata,,,,Sunday of Septuagesima
TWV 1:113,Aus Gnaden seid ihr selig worden,Cantata,,,,Sunday of Septuagesima
TWV 1:114,Aus Zion bricht der schöne Glanz,Cantata,,,,2nd Sunday of Advent
TWV 1:115,Barmherzig und gnädig ist der Herr,Cantata,,,,22nd Sunday after Trinity
TWV 1:116,Barmherzig und gnädig ist der Herr,Cantata,,,,22nd Sunday after Trinity
TWV 1:117,"Bedenk o Mensch, erwäge doch",Cantata,,,,Feast of Easter
TWV 1:118,"Beglückte Zeit, die uns",Cantata,,,,24th Sunday after Trinity
TWV 1:119,"Begnadigte Seelen, gesegneter",Cantata,,,,5th Sunday after Trinity
TWV 1:120,Bei dem Herrn findet man Hülfe,Cantata,,,,10th Sunday after Trinity
TWV 1:121,Bekehret euch zu mir,Cantata,,,,3rd Sunday after Trinity
TWV 1:122,Belebende Lüfte,Cantata,,,,Feast of Easter
TWV 1:123,"Bequemliches Leben, gemächlicher Stand",Cantata,,,,2nd Sunday after Easter
TWV 1:124,Bestelle dein Haus,Cantata,,,,10th Sunday after Trinity
TWV 1:125,"Bete nur, betrübtes Herze",Cantata,,,,Feast of the Rogation Days
TWV 1:126,"Bin ich ja schwach, lass dein T.",Cantata,,,,4th Sunday of Advent
TWV 1:127,"Bittet, so wird euch gegeben",Cantata,,,,Feast of the Rogation Days
TWV 1:128,"Bittet, so wird euch gegeben",Cantata,,,,2nd Sunday of Lent
TWV 1:129,"Bittet, so wird euch gegeben",Cantata,,,,Feast of the Rogation Days
TWV 1:130,"Bleib, o Jesu, bleib bei mir",Cantata,,,,Cantates diverses
TWV 1:131,Brannte nicht unser Herz in uns,Cantata,,,,2nd day of Easter
TWV 1:132,"Brausende Stürme, wallende Wellen",Cantata,,,,4th Sunday after Epiphany
TWV 1:133,Brich an und werde Licht,Cantata,,,,Feast of Christmas
TWV 1:134,Brich den Hungrigen dein Brot,Cantata,,,,10th Sunday after Trinity
TWV 1:135,Christen heissen und nicht sein,Cantata,,,,4th Sunday of Advent
TWV 1:136,Christ ist erstanden von der,Cantata,,,,Feast of Easter
TWV 1:137,Christum lieb haben ist besser,Cantata,,,,10th Sunday after Trinity
TWV 1:138,Christus der ist mein Leben,Cantata,,,,Cantate-chorale
TWV 1:139,Christus hat ausgezogen die Fürstentumer,Cantata,,,,Feast of Easter
TWV 1:140,Christus hat einmal für sie Sünde gelitten,Cantata,,,,Sunday of Quinquagesima
TWV 1:141,Christus hat gelitten für uns,Cantata,,,,Palm Sunday
TWV 1:142,Christus hat sich selbst für uns gegeben,Cantata,,,,10th Sunday after Trinity
TWV 1:143,Christus hat uns ein Vorbild,Cantata,,,,23rd Sunday after Trinity
TWV 1:144,Christus hat unsere Sünde selbst,Cantata,,,,Feast of the Assumption of Mary
TWV 1:145,Christus ist aufgefahren in die Höhe,Cantata,,,,Feast of the Ascension
TWV 1:146,Christus ist das wahrhaftige Licht,Cantata,,,,Feast of the Epiphany
TWV 1:147,Christus ist das wahrhaftige Licht,Cantata,,,,Feast of the Epiphany
TWV 1:148,Christus ist der Glanz,Cantata,,,,Feast of the Purification of Mary
TWV 1:149,Christus ist kommen,Cantata,,,,Sunday after Ascension
TWV 1:150,Christus ist nicht eingegangen,Cantata,,,,4th Sunday after Easter
TWV 1:151,Christus ist um unserer Missetat willen,Cantata,,,,Sunday of Quinquagesima
TWV 1:152,Christus ist wahrlich der Prophet,Cantata,,,,4th Sunday of Lent
TWV 1:153,Da die Zeit erfüllet war,Cantata,,,,Feast of the Assumption of Mary
TWV 1:154,Da die Zeit erfüllet ward,Cantata,,,,2nd day of Christmas
TWV 1:155,Dafür halte uns jedermann,Cantata,,,,9th Sunday after Trinity
TWV 1:156,Da Jesus nun merkte,Cantata,,,,4th Sunday of Lent
TWV 1:157,"Danket dem Herrn, denn er ist freundlich",Cantata,,,,Sunday after Christmas
TWV 1:158,"Danket dem Herrn, denn er ist freundlich",Cantata,,,,Feast of Saint John the Baptist
TWV 1:159,"Danket dem Herrn, denn er ist freundlich",Cantata,,,,New Year
TWV 1:160,Danket dem Herrn und prediget,Cantata,,,,Feast of Saint Michael
TWV 1:161,Danket dem Herrn und prediget,Cantata,,,,10th Sunday after Trinity
TWV 1:162,Danket dem Herrn und prediget,Cantata,,,,New Year
TWV 1:163,Danket dem Herrn Zebaoth,Cantata,,,,Sunday after Christmas
TWV 1:164,Daran erkennen wir,Cantata,,,,Feast of Pentecost
TWV 1:165,Daran ist erchienen die Liebe Gottes,Cantata,,,,2nd day of Pentecost
TWV 1:166,Daran (Darzu) ist erschienen die Liebe Gottes,Cantata,,,,3rd day of Christmas
TWV 1:167,Daran ist erschienen die Liebe Gottes,Cantata,,,,3rd day of Christmas
TWV 1:168,Daran ist erschienen die Liebe Gottes,Cantata,,,,2nd day of Pentecost
TWV 1:169,"Darum, wenn sie zu euch sagen",Cantata,,,,25th Sunday after Trinity
TWV 1:170,"Das Blöcken der Schafe, das Brüllen der Rinder",Cantata,,,,Feast of the Assumption of Mary
TWV 1:171,Das Blut Christi wird unser Gewissen reinigen,Cantata,,,,10th Sunday after Trinity
TWV 1:172,Das Blut Jesu Christi des Sohnes Gottes,Cantata,,,,1st Sunday after Easter
TWV 1:173,Das ew'ge Licht geht da herein,Cantata,,,,3rd day of Christmas
TWV 1:174,Das heulende Winseln aud Belias Rachen,Cantata,,,,Feast of Easter
TWV 1:175,Da sie aber davon redeten,Cantata,,,,3rd day of Easter
TWV 1:176,Das ist das ewige Leben,Cantata,,,,3rd day of Pentecost
TWV 1:177,Das ist das ewige Leben,Cantata,,,,3rd day of Pentecost
TWV 1:178,Das ist die Freudigkeit,Cantata,,,,Feast of the Rogation Days
TWV 1:179,Das ist die Freudigkeit,Cantata,,,,10th Sunday after Trinity
TWV 1:180,Das ist ein köstlich Ding,Cantata,,,,10th Sunday after Trinity
TWV 1:181,Das ist je gewisslich wahr,Cantata,,,,3rd Sunday after Trinity
TWV 1:182,Das ist je gewisslich wahr,Cantata,,,,3rd Sunday of Advent
TWV 1:183,Das ist je gewisslich wahr,Cantata,,"I. Chor „Das ist je gewißlich wahr und ein theuer werthes Wort“
II. Arie [Tenor] „Jesus ist der Menschen Heil“
III. Rezitativ [Alt] „Wir müssen recht im Geiste nach ihm fragen“
IV. Arie [Bass] „Jesu, Trost der Geistlich-Armen“","Solo Alto, Solo Tenor, Solo Bass, SATB, 2 Oboes, 2 Violins, Viola, Basso Continuo","3rd Sunday of Advent
 BWV 141 = BWV Anh.III 157"
TWV 1:184,Das ist je gewisslich wahr,Cantata,,,,3rd Sunday of Advent
TWV 1:185,"Das ist lieblich, das ist fein",Cantata,,,,Feast of the Purification of Mary
TWV 1:186,Das ist meine Freude und Zuversicht,Cantata,,,,Cantates diverses
TWV 1:187,Das ist meine Freude,Cantata,,,,Cantates diverses
TWV 1:188,"Das ist meine Freude, dass ich mich",Cantata,,,,Feast of the Visitation of Mary
TWV 1:189,"Das ist sein Gebot, dass wir gläuben",Cantata,,,,10th Sunday after Trinity
TWV 1:190,Das Kreuz ist eine Liebesprobe,Cantata,,,,21st Sunday after Trinity
TWV 1:191,Das macht Gottes Vaterherz,Cantata,,,,Feast of Saint John the Baptist
TWV 1:192,Das Manna deiner Speise,Cantata,,,,Cantate-chorale pour la communion
TWV 1:193,Das Reich Gottes ist nicht essen und trinken,Cantata,,,,2nd Sunday after Trinity
TWV 1:194,"Dass Herz und Sinn, o schwacher",Cantata,,,,27th Sunday after Trinity
TWV 1:195,"Das sollst du wissen, dass in den letzten Tagen",Cantata,,,,25th Sunday after Trinity
TWV 1:196,Das weiss ich fürwahr,Cantata,,,,3rd Sunday after Easter
TWV 1:197,"Das weiss ich fürwahr, wer Gott dienet",Cantata,,,,Feast of Saint John the Baptist
TWV 1:198,Das weiss ich fürwahr: Wer Gott deinet,Cantata,,,,24th Sunday after Trinity
TWV 1:199,Das Wetter rührt mit Strahl und Blitzen,Cantata,,,,9th Sunday after Trinity
TWV 1:200,Das Wort Jesus Christus ist das wahrhaftige Licht,Cantata,,,,3rd day of Christmas
TWV 1:201,Das Wort ward Fleisch,Cantata,,,,Sunday after Christmas
TWV 1:202,Das Wort ward Fleisch und wohnet unter uns,Cantata,,,,3rd Sunday of Advent
TWV 1:203,Das Wort ward Fleisch,Cantata,,,,Feast of Christmas
TWV 1:204,"Davids Sohn, lass mich Hilfe schauen",Cantata,,,,2nd Sunday of Lent
TWV 1:205,Dazu ist erschienen der Sohn Gottes,Cantata,,,,3rd Sunday of Lent
TWV 1:206,Dazu ist erschienen der Sohn Gottes,Cantata,,,,2nd day of Christmas
TWV 1:207,Dazu ist erschienen der Sohn Gottes,Cantata,,,,3rd Sunday of Lent
TWV 1:208,Dazu ist erschienen der Sohn Gottes,Cantata,,,,3rd Sunday of Lent
TWV 1:209,"Deine Liebe, liebster Jesu",Cantata,,,,2nd day of Easter
TWV 1:210,Deine Reden sind mit süsse,Cantata,,,,24th Sunday after Trinity
TWV 1:211,Deiner Sanftmut Schild,Cantata,,,,6th Sunday after Trinity
TWV 1:212,Deines neuen Bundes Gnade,Cantata,,,,10th Sunday after Trinity
TWV 1:213,Deine Toten werden leben,Cantata,,,,Feast of the Rogation Days
TWV 1:214,Dein gnädig Ohr,Cantata,,,,Feast of the Rogation Days
TWV 1:215,Dein Schade ist verzweifelt böse,Cantata,,,,10th Sunday after Trinity
TWV 1:216,Dein Wort ist meinem Munde süsser denn Honig,Cantata,,,,Sunday of Sexagesima
TWV 1:217,Dein Wort ist meines Herzens Trost,Cantata,,,,Sunday of Sexagesima
TWV 1:218,Dem Herren musst du trauen,Cantata,,,,10th Sunday after Trinity
TWV 1:219,Dem höchsten Gott zu loben,Cantata,,,,Cantate pour la fête d'action de grâces
TWV 1:220,"Denen, die Gott lieben",Cantata,,,,21st Sunday after Trinity
TWV 1:221,Den Frommen gehet das Licht auf,Cantata,,,,Feast of the Purification of Mary
TWV 1:222,Dennoch bleib ich immer stille,Cantata,,,,10th Sunday after Trinity
TWV 1:223,Dennoch bleibe ich stets an dir,Cantata,,,,10th Sunday after Trinity
TWV 1:224,Dennoch bleib ich stets an dir,Cantata,,,,9th Sunday after Trinity
TWV 1:225,Dennoch bleib ich stets an dir,Cantata,,,,2nd Sunday of Lent
TWV 1:226,"Denn, do jemand das ganze Gesetz",Cantata,,,,10th Sunday after Trinity
TWV 1:227,Den Reichen von dieser Welt,Cantata,,,,9th Sunday after Trinity
TWV 1:228,Den Reichen von dieser Welt,Cantata,,,,9th Sunday after Trinity
TWV 1:229,Der Allergrösste von Weisheit,Cantata,,,,10th Sunday after Trinity
TWV 1:230,Der alte Drach und böse Feind,Cantata,,,,Feast of Saint Michael
TWV 1:231,Der arme Mensch muss durch der Sünden,Cantata,,,,4th Sunday after Easter
TWV 1:232,Der Engel des Herrn lagert sich,Cantata,,,,Feast of Saint Michael
TWV 1:233,Der Engel des Herrn lagert sich,Cantata,,,,Feast of Saint Michael
TWV 1:234,Der Engel des Herrn lagert sich,Cantata,,,,Feast of Saint Michael
TWV 1:235,Der Engel des Herrn lagert sich,Cantata,,,,Feast of Saint Michael
TWV 1:236,Der Engel des Herrn lagert sich,Cantata,,,,Feast of Saint Michael
TWV 1:237,Der Feind ist viel,Cantata,,,,9th Sunday after Trinity
TWV 1:238,Der feste Grund Gottes bestehet,Cantata,,,,2nd Sunday after Easter
TWV 1:239,"Der Friede Gottes, welcher höher ist",Cantata,,,,1st Sunday after Easter
TWV 1:240,"Der Friede Gottes, welcher höher ist",Cantata,,,,1st Sunday after Easter
TWV 1:241,Der Fromme muss allhier gar vieles,Cantata,,,,Sunday after Ascension
TWV 1:242,"Der Geist des Herrn, Herrn",Cantata,,,,3rd day of Pentecost
TWV 1:243,Der Geist gibt Zeugnis,Cantata,,,,Feast of Pentecost
TWV 1:244,Der Geiz ist die Wurzel alles Übels,Cantata,,,,10th Sunday after Trinity
TWV 1:245,Der Gerechte kommt um,Cantata,,,,Feast of the Purification of Mary
TWV 1:246,Der Gerechte muss viel leiden,Cantata,,,,10th Sunday after Trinity
TWV 1:247,Der Gerechte muss viel leiden,Cantata,,,,10th Sunday after Trinity
TWV 1:248,Der Gerechten Seelen sind in,Cantata,,,,Feast of the Purification of Mary
TWV 1:249,Der Gott des Friedens zertrete,Cantata,,,,3rd day of Easter
TWV 1:250,"Der Gott des Friedens, der",Cantata,,,,2nd Sunday after Easter
TWV 1:251,Der Gottlose ist wie ein Wetter,Cantata,,,,23rd Sunday after Trinity
TWV 1:252,Der Gottlose lasse von seinem Wege,Cantata,,,,10th Sunday after Trinity
TWV 1:253,Der Gottlose lauret,Cantata,,,,22nd Sunday after Trinity
TWV 1:254,Der Gott unsers Herrn Jesu Christi,Cantata,,,,4th Sunday after Easter
TWV 1:255,Der Heiland aller Welt,Cantata,,,,Feast of the Purification of Mary
TWV 1:256,Der Herr behütet alle,Cantata,,,,Sunday after New Year
TWV 1:257,Der Herr bewahret die Seelen,Cantata,,,,Sunday after New Year
TWV 1:258,"Der Herr, der Hüter Israel",Cantata,,,,4th Sunday after Epiphany
TWV 1:259,Der Herr des Himmels ist mein,Cantata,,,,2nd Sunday after Easter
TWV 1:260,Der Herr hat gesagt zu meinem Herrn,Cantata,,,,10th Sunday after Trinity
TWV 1:261,Der Herr hat offenbaret,Cantata,,,,Feast of the Epiphany
TWV 1:262,Der Herr hat offenbaret,Cantata,,,,Feast of Christmas
TWV 1:263,Der Herr ist mein getreuer Hirte,Cantata,,,,2nd Sunday after Easter
TWV 1:264,Der Herr ist mein Hirte,Cantata,,,,3rd day of Pentecost
TWV 1:265,Der Herr ist mein Hirte,Cantata,,,,2nd Sunday after Easter
TWV 1:266,Der Herr ist mein Hirte,Cantata,,,,2nd Sunday after Easter
TWV 1:267,Der Herr ist mein Hirte,Cantata,,,,2nd Sunday after Easter
TWV 1:268,Der Herr ist mein Hirte,Cantata,,,,3rd day of Pentecost
TWV 1:269,Der Herr ist mein Hirte,Cantata,,,,10th Sunday after Trinity
TWV 1:270,"Der Herr ist mit mir, darum",Cantata,,,,3rd Sunday of Lent
TWV 1:271,"Der Herr ist nahe allen denen, die",Cantata,,,,3rd Sunday after Epiphany
TWV 1:272,"Der Herr ist nahe allen, die ihn",Cantata,,,,3rd Sunday after Easter
TWV 1:273,"Der Herr ist nahe allen, die ihn anrufen",Cantata,,,,2nd Sunday of Lent
TWV 1:274,"Der Herr ist nahe allen, die ihn anrufen",Cantata,,,,3rd Sunday after Epiphany
TWV 1:275,Der Herr ist nahe bei denen,Cantata,,,,3rd day of Easter
TWV 1:276,Der Herr ist nahe bei denen,Cantata,,,,2nd day of Easter
TWV 1:277,Der Herr ist Sonn und Schild,Cantata,,,,Feast of Saint John the Baptist
TWV 1:278,Der Herr ist unser Gott,Cantata,,,,Sunday of Septuagesima
TWV 1:279,Der Herr Jesus wird offenbart werden,Cantata,,,,10th Sunday after Trinity
TWV 1:280,Der Herr kennet die Tage der Frommen,Cantata,,,,4th Sunday of Lent
TWV 1:281,Der Herr kennet die Tage der Frommen,Cantata,,,,4th Sunday of Lent
TWV 1:282,Der Herr kennet die Tage der Frommen,Cantata,,,,5th Sunday after Trinity
TWV 1:283,Der Herr kennet die Tage der Frommen,Cantata,,,,2nd Sunday after Epiphany
TWV 1:284,Der Herr lebet,Cantata,,,,Feast of Easter
TWV 1:285,Der Herr regieret,Cantata,,,,4th Sunday of Advent
TWV 1:286,Der Herr schauet vom Himmel,Cantata,,,,20th Sunday after Trinity
TWV 1:287,Der Herr sprach zu meinem Herrn,Cantata,,,,Feast of the Ascension
TWV 1:288,Der Herr veratösst nicht ewiglich,Cantata,,,,21st Sunday after Trinity
TWV 1:289,Der Herr weiss die Gottseligen,Cantata,,,,1st Sunday of Lent
TWV 1:290,Der Herr weiss die Gottseligen,Cantata,,,,3rd Sunday of Lent
TWV 1:291,Der Herr wird den Elenden,Cantata,,,,Sunday after Ascension
TWV 1:292,Der Herr wird dich schlagen,Cantata,,,,10th Sunday after Trinity
TWV 1:293,Der Herr wird ein Neues im Lande schaffen,Cantata,,,,20th Sunday after Trinity
TWV 1:294,Der Herr Zebaoth wird allen Völkern,Cantata,,,,2nd Sunday after Trinity
TWV 1:295,"Der Himmel ist offen, der Himmel ist mein",Cantata,,,,Feast of the Ascension
TWV 1:296,"Der Himmel ist offen, mein Jesus",Cantata,,,,Feast of the Ascension
TWV 1:297,Der Himmel wird heiter,Cantata,,,,Feast of the Ascension
TWV 1:298,Der himmlischen Geister unzählbare Menge,Cantata,,,,Feast of Saint Michael
TWV 1:299,Der ist gerecht vor Gott allein,Cantata,,,,6th Sunday after Trinity
TWV 1:300,Der höchste Gott ist rein,Cantata,,,,5th Sunday after Epiphany
TWV 1:301,Der jüngste Tag wird bald sein Ziel,Cantata,,,,2nd Sunday of Advent
TWV 1:302,Der jüngste Tag wird bald,Cantata,,,,2nd Sunday of Advent
TWV 1:303,Der Kern verdammter Sünder,Cantata,,,,Sunday of the Passion
TWV 1:304,"Der König der Ehren, Jesu Christ",Cantata,,,,10th Sunday after Trinity
TWV 1:305,Der Mensch lebet nicht allein,Cantata,,,,6th Sunday after Epiphany
TWV 1:306,Der mit Sünden beleidigte Heiland,Cantata,,,,New Year
TWV 1:307,Der Morgenstern wil bei der Nacht,Cantata,,,,Feast of Saint John the Baptist
TWV 1:308,Der natürliche Mensch verstehet nichts,Cantata,,,,Feast of the Trinity
TWV 1:309,Der Segen des Herrn machet reich ohne Mühe,Cantata,,,,7th Sunday after Trinity
TWV 1:310,Der Segen des Herrn macht reich ohne Mühe,Cantata,,,,5th Sunday after Trinity
TWV 1:311,Der Segen des Herrn macht reich ohne Mühe,Cantata,,,,5th Sunday after Trinity
TWV 1:312,Der Regen Gottes fällt auf gute Sprossen,Cantata,,,,5th Sunday after Epiphany
TWV 1:313,Der Reichtum macht allein beglückt,Cantata,,,,2nd Sunday of Lent
TWV 1:314,"Der Ruf des Herrn, o Mensch, klopft",Cantata,,,,Feast of the Assumption of Mary
TWV 1:315,Der Satan bläset oft den Frömmsten,Cantata,,,,1st Sunday after Easter
TWV 1:316,Der Segen des Herrn macht reich,Cantata,,,,5th Sunday after Trinity
TWV 1:317,Der Sohn Gottes hat geliebet,Cantata,,,,2nd Sunday after Easter
TWV 1:318,"Der Stein, den die Bauleute",Cantata,,,,Sunday after Christmas
TWV 1:319,"Der Stein, den die Bauleute verworfen haben",Cantata,,,,Sunday after Christmas
TWV 1:320,Der Tod ist verschlungen in den Sieg,Cantata,,,,Feast of Easter
TWV 1:321,Der Tod ist verschlungen in den Sieg,Cantata,,,,Feast of Easter
TWV 1:322,Der Tod ist verschlungen in den Sieg,Cantata,,,,3rd day of Easter
TWV 1:323,Der Tod ist verschlungen in den Sieg,Cantata,,,,Feast of Easter
TWV 1:324,"Der treue Freund, der unser Elend schaut",Cantata,,,,20th Sunday after Trinity
TWV 1:325,Der wahre Glaub und ein inbrünstig,Cantata,,,,3rd Sunday of Lent
TWV 1:326,Des Herrn Zorn währet eine Weile,Cantata,,,,24th Sunday after Trinity
TWV 1:327,Des Königs Tochter ist ganz herrlich,Cantata,,,,2nd Sunday after Epiphany
TWV 1:328,"Dich, den meine Seele",Cantata,,,,6th Sunday after Epiphany
TWV 1:329,Dich rühmen die Welten,Cantata,,,,Feast of Saint Michael
TWV 1:330,"Die auf den Herrn hoffen, die werden",Cantata,,,,3rd Sunday of Advent
TWV 1:331,Die Bosheit siehet oft die grössten,Cantata,,,,6th Sunday after Trinity
TWV 1:332,Die Ehe soll ehrlich gehalten werden,Cantata,,,,2nd Sunday after Epiphany
TWV 1:333,Die Ehe soll ehrlich gehalten werden,Cantata,,,,2nd Sunday after Epiphany
TWV 1:334,Die Ehre des herrlichen Schöpfers,Cantata,,,,20th Sunday after Trinity
TWV 1:335,Die Engel sind allzumal dienstbare Geister,Cantata,,,,Feast of Saint Michael
TWV 1:336,Die Furcht des Herrn ist der rechte Gottes-dienst,Cantata,,,,1st Sunday after Epiphany
TWV 1:337,Die Furcht des Herrn ist Ehre und Ruhm,Cantata,,,,Feast of Easter
TWV 1:338,Die G'bot uns all gegeben sind,Cantata,,,,Feast of Pentecost
TWV 1:339,Die Gnadentüre stehet offen,Cantata,,,,10th Sunday after Trinity
TWV 1:340,Die Gottesfürchtigen trösten sich,Cantata,,,,10th Sunday after Trinity
TWV 1:341,Die Gottes Gnad alleine,Cantata,,,,1st Sunday after Epiphany
TWV 1:342,Die Gottlosen werden in die ewigen,Cantata,,,,10th Sunday after Trinity
TWV 1:343,Die Gottlosen ziehen das Schwerdt aus,Cantata,,,,Sunday after New Year
TWV 1:344,"Die Gott vertrauen, die erfahren",Cantata,,,,25th Sunday after Trinity
TWV 1:345,Die Grube ist von Gestern her zugerichtet,Cantata,,,,10th Sunday after Trinity
TWV 1:346,"Die Güte des Herrn ist, dass wir nicht gar aus sind",Cantata,,,,Cantate pour la fête d'action de grâces
TWV 1:347,Die Hauptsumme der Gebote ist,Cantata,,,,10th Sunday after Trinity
TWV 1:348,"Die ihm vertrauen, die erfahren",Cantata,,,,3rd Sunday of Advent
TWV 1:349,Die Kinder des Höchsten,Cantata,,,,Feast of Saint John the Baptist
TWV 1:350,Die Liebe gegen meinen Gott,Cantata,,,,10th Sunday after Trinity
TWV 1:351,Die Lust zur Sünde hullt sich oft,Cantata,,,,3rd day of Pentecost
TWV 1:352,"Die mit Tränen säen, werden mit Freuden ernten",Cantata,,,,21st Sunday after Trinity
TWV 1:353,"Die Opfer, die Gott gefallen",Cantata,,,,Feast of the Epiphany
TWV 1:354,Diesen Tag hat Gott gemacht,Cantata,,,,1st Sunday of Advent
TWV 1:355,"Dieser Jesus, welcher von euch ist",Cantata,,,,Feast of the Ascension
TWV 1:356,Dies ist der Gotteskinder Last,Cantata,,,,3rd Sunday after Easter
TWV 1:357,"Dies ist der Tag, den der Herr macht",Cantata,,,,2nd day of Pentecost
TWV 1:358,"Dies ist der Tag, den der Herr",Cantata,,,,Feast of the Assumption of Mary
TWV 1:359,"Dies ist der Tag, den der Herr",Cantata,,,,Feast of the Assumption of Mary
TWV 1:360,"Dies ist der Tag, den Gott",Cantata,,,,Feast of the Assumption of Mary
TWV 1:361,"Dies ist der Tag, den uns der Herr",Cantata,,,,Feast of the Ascension
TWV 1:362,"Die, so ihr den Herrn fürchtet",Cantata,,,,4th Sunday after Epiphany
TWV 1:363,Die stärkende Wirkung des Geistes der Gnade,Cantata,,,,10th Sunday after Trinity
TWV 1:364,Die stille Nacht umschloss den Kreis der Erden,Cantata,,,,Cantates diverses
TWV 1:365,Die Sünd hat uns verderbet sehr,Cantata,,,,Sunday of the Passion
TWV 1:366,"Die Sünd macht Lied, Christus beut Freud",Cantata,,,,Feast of Christmas
TWV 1:367,Die Wahrheit fällt auf die Gasse,Cantata,,,,Sunday of the Passion
TWV 1:368,Die Wahrheit ist ein edles Kind,Cantata,,,,2nd day of Pentecost
TWV 1:369,Die Wahrheit ist ein himmlisch,Cantata,,,,Sunday of the Passion
TWV 1:370,Die Weisheit ruft und keiner hört,Cantata,,,,2nd Sunday after Trinity
TWV 1:371,Die Welt bekümmert sich,Cantata,,,,Sunday after Ascension
TWV 1:372,Die Welt kann ihre Lust,Cantata,,,,21st Sunday after Trinity
TWV 1:373,Die Welt vergehet mit ihrer Lust,Cantata,,,,10th Sunday after Trinity
TWV 1:374,"Drei sind, die da zeugen im Himmel",Cantata,,,,Feast of the Trinity
TWV 1:375,"Drei sind, die da zeugen im Himmel",Cantata,,,,Feast of the Trinity
TWV 1:376,"Drei sind, die da zeugen im Himmel",Cantata,,,,Feast of the Trinity
TWV 1:377,"Drei sind, die da zeugen im Himmel",Cantata,,,,Feast of the Trinity
TWV 1:378,Drückt euch das schwere Joch der Sünden,Cantata,,,,10th Sunday after Trinity
TWV 1:379,"Du aber, was richtest du deinen Bruder",Cantata,,,,4th Sunday after Trinity
TWV 1:380,"Du aber, was richtest du deinen Bruder",Cantata,,,,4th Sunday after Epiphany
TWV 1:381,Du bereitest vor mir einen Tisch,Cantata,,,,Feast of Saint Michael
TWV 1:382,Du bist erschrecklich,Cantata,,,,22nd Sunday after Trinity
TWV 1:383,"Du bist es, der mich tröst",Cantata,,,,10th Sunday after Trinity
TWV 1:384,"Du bist mein Vater, ich dein Kind",Cantata,,,,Sunday after Christmas
TWV 1:385,"Du bist verflucht, o Schreckensstimme",Cantata,,,,4th Sunday of Lent
TWV 1:386,Dünke dich nicht weise sein,Cantata,,,,4th Sunday after Trinity
TWV 1:387,Du fährest mit Jauchzen und heller Posaune,Cantata,,,,Feast of the Ascension
TWV 1:388,"Du Friedefürst, Herr Jesu Christ",Cantata,,,,1st Sunday after Easter
TWV 1:389,"Du Gott, dem nichts verborgen",Cantata,,,,1st Sunday after Easter
TWV 1:390,"Du heiliges Licht, edler Hort",Cantata,,,,2nd day of Pentecost
TWV 1:391,"Du Hirte Israel, höre",Cantata,,,,2nd Sunday after Easter
TWV 1:392,"Du machst mir, strenger Tod",Cantata,,,,24th Sunday after Trinity
TWV 1:393,"Du meine Seele, singe",Cantata,,,,Feast of Pentecost
TWV 1:394,Do o schones Weltgebäude,Cantata,,,,Cantate-chorale
TWV 1:395,Durch Adams Fall ist ganz verderbt,Cantata,,,,10th Sunday after Trinity
TWV 1:396,Durch Adams Fall ist ganz verderbt,Cantata,,,,10th Sunday after Trinity
TWV 1:397,Durch Christi Auferstehungskraft,Cantata,,,,3rd day of Easter
TWV 1:398,Durch Christum habt ihr gehöret,Cantata,,,,3rd day of Pentecost
TWV 1:399,"Durchsuche dich, o stolzer Geist",Cantata,,,,10th Sunday after Trinity
TWV 1:400,Durch tausend gekünzelte Ränke,Cantata,,,,1st Sunday of Lent
TWV 1:401,Durch Trauren und durch Plagen,Cantata,,,,New Year
TWV 1:402,Du riefest einst aus tiefen Schlünden,Cantata,,,,Feast of Pentecost
TWV 1:403,Du sollst lieben Gott deinen Herrn,Cantata,,,,10th Sunday after Trinity
TWV 1:404,Du teure Liebe,Cantata,,,,10th Sunday after Trinity
TWV 1:405,"Du Tochter Zion, freue dich sehr",Cantata,,,,1st Sunday of Advent
TWV 1:406,"Du Tochter Zion, freue dich sehr",Cantata,,,,1st Sunday of Advent
TWV 1:407,"Du Tochter Zion, freue dich seht",Cantata,,,,1st Sunday of Advent
TWV 1:408,"Du Tochter Zion, freue dich sehr",Cantata,,,,1st Sunday of Advent
TWV 1:409,Du unbegreiflich höchstes Gut,Cantata,,,,Feast of Pentecost
TWV 1:410,Edler Geist ins Himmels Trone,Cantata,,,,Cantate-chorale
TWV 1:411,Ehre sey Gott in der Höhe,Cantata,,,,Feast of Christmas
TWV 1:412,Ehre sei Gott in der Höhe,Cantata,,,,Feast of Christmas
TWV 1:413,Ehr und Dank sei dir gesungen,Cantata,,,,Feast of Saint Michael
TWV 1:414,"Eilt hinweg, verfolgte Sinnen",Cantata,,,,Sunday after New Year
TWV 1:415,"Eilt zu, ruft laut, ihr langst verlangten Boten",Cantata,,,,1st Sunday of Advent
TWV 1:416,Ein Arzt ist uns gegeben,Cantata,,,,3rd Sunday after Epiphany
TWV 1:417,Ein Aussatz ist die Sünde,Cantata,,,,10th Sunday after Trinity
TWV 1:418,Einen solchen Hohenpriester,Cantata,,,,Sunday of the Passion
TWV 1:419,Ein feste Burg ist unser Gott,Cantata,,,,Cantate-chorale
TWV 1:420,Ein feste Burg ist unser Gott,Cantata,,,,Cantate-chorale
TWV 1:421,Ein gläubiges Flehn in Jesu Namen,Cantata,,,,Feast of the Rogation Days
TWV 1:422,Ein gütiges Herz ist des Leibes Leben,Cantata,,,,4th Sunday after Trinity
TWV 1:423,Ein Jahr ist wiederum den,Cantata,,,,New Year
TWV 1:424,"Ein Jammerton, ein Schluchzend Ach",Cantata,,,,2nd Sunday after Epiphany
TWV 1:425,"Ein jeder läuft, der in dem Schranken",Cantata,,,,Sunday of Septuagesima
TWV 1:426,Ein Kindlein so löbelich,Cantata,,,,2nd day of Christmas
TWV 1:427,Ein lispelnd murmelndes Gedränge,Cantata,,,,1st Sunday after Epiphany
TWV 1:428,Ein Mensch hält gegen den andern,Cantata,,,,6th Sunday after Trinity
TWV 1:429,Ein Richter muss im Urteil sprechen,Cantata,,,,Sunday of Quinquagesima
TWV 1:430,"Ein sanftes Erdreuen, ein ruhiges Erg.",Cantata,,,,Sunday of Septuagesima
TWV 1:431,Eins bitte ich vom Herrn,Cantata,,,,1st Sunday after Epiphany
TWV 1:432,"Ei nun, mein lieber Jesu",Cantata,,,,6th Sunday after Epiphany
TWV 1:433,"Eins ist not, ach Herr, dies eine",Cantata,,,,2nd Sunday after Trinity
TWV 1:434,Ein ungefärbt Gemüte,Cantata,,,,4th Sunday after Trinity
TWV 1:435,Ein Weiser rühme sich nicht,Cantata,,,,4th Sunday of Advent
TWV 1:436,Ein zartes Kindhat nirgends,Cantata,,,,25th Sunday after Trinity
TWV 1:437,"Ei, warum sollt ich dich lassen",Cantata,,,,1st Sunday after Epiphany
TWV 1:438,"Elend, Trübsal, Blut und Mord",Cantata,,,,Sunday after Ascension
TWV 1:439,Empfinde du dein Elend nicht,Cantata,,,,10th Sunday after Trinity
TWV 1:440,Endlich wird die Stunde schlagen,Cantata,,,,2nd Sunday of Advent
TWV 1:441,Entziehe meine Seele dich,Cantata,,,,10th Sunday after Trinity
TWV 1:442,"Entzückende Lust, unendliche Freuden",Cantata,,,,Cantate-chorale pour la communion
TWV 1:443,"Erbarme dich mein, o Herre Gott",Cantata,,,,22nd Sunday after Trinity
TWV 1:444,"Er, der Herr des Friedens",Cantata,,,,3rd day of Easter
TWV 1:445,"Er, der Messias, ist ein Stein des Anstosses",Cantata,,,,Sunday after Christmas
TWV 1:446,Erdulde die Dornen der plagenden,Cantata,,,,3rd Sunday of Advent
TWV 1:447,Ergeuss dich zur Salbung der schmachtenden,Cantata,,,,3rd day of Pentecost
TWV 1:448,"Ergötzt euch nur, ihr eitlen Seelen",Cantata,,,,2nd Sunday after Easter
TWV 1:449,"Erhalte mich, o Herr, in deinem",Cantata,,,,22nd Sunday after Trinity
TWV 1:450,Erhalt mein Herz im Glauben,Cantata,,,,1st Sunday after Easter
TWV 1:451,Erhalt und Herr bei deinem Wort,Cantata,,,,8th Sunday after Trinity
TWV 1:452,Er hat alles wohlgemacht,Cantata,,,,10th Sunday after Trinity
TWV 1:453,Er hat ein Gedächtnis gestiftet,Cantata,,,,3rd Sunday of Lent
TWV 1:454,"Erhebe dich, steig zu mir zu",Cantata,,,,Feast of the Trinity
TWV 1:455,"Erhebet den Herrn, unsern Gott",Cantata,,,,Cantates diverses
TWV 1:456,"Erhebt euch, ihr Christen",Cantata,,,,Feast of the Assumption of Mary
TWV 1:457,"Erhebt euch, weil Christus gen Himmel gefahren",Cantata,,,,Feast of the Ascension
TWV 1:458,Erhöhet die Täler!,Cantata,,,,4th Sunday of Advent
TWV 1:459,"Erhöre mich, wenn ich rufe",Cantata,,,,Feast of the Rogation Days
TWV 1:460,Er ist auferstanden,Cantata,,,,Feast of Easter
TWV 1:461,"Er ist mein, und ich bin sein",Cantata,,,,3rd day of Pentecost
TWV 1:462,"Er kam, lobsinget ihm",Cantata,,,,Feast of the Ascension
TWV 1:463,"Erkennet, dass der Herr Gott ist",Cantata,,,,3rd day of Pentecost
TWV 1:464,Er kennt die rechten Freudenstunden,Cantata,,,,2nd Sunday after Epiphany
TWV 1:465,"Erkenntliche Christen, frohlocket und lachet",Cantata,,,,3rd day of Pentecost
TWV 1:466,"Ermuntert euch, bestützte Sinnen",Cantata,,,,2nd day of Easter
TWV 1:467,Er neigte den Himmel,Cantata,,,,Feast of the Ascension
TWV 1:468,"Eröffne dich, du Reich der Seligkeiten",Cantata,,,,Feast of the Ascension
TWV 1:469,Erquickendes Wunder,Cantata,,,,Feast of Christmas
TWV 1:470,"Erquicktes Herz, sei voller Freuden",Cantata,,,,2nd day of Christmas
TWV 1:471,Erscheine Gott in deinem Tempel,Cantata,,,,Feast of the Purification of Mary
TWV 1:472,"Erschrick, im Geiz versenkter Sünder",Cantata,,,,9th Sunday after Trinity
TWV 1:473,Erschrick mein Herz vor dir,Cantata,,,,10th Sunday after Trinity
TWV 1:474,Erstanden ist der heilge Christ,Cantata,,,,Feast of Easter
TWV 1:475,"Erster Anfang, letztes Ende",Cantata,,,,4th Sunday of Advent
TWV 1:476,"Ertönet bald herrlich, ihr letzten Posaunen",Cantata,,,,2nd Sunday of Advent
TWV 1:477,Ertönet von Jubel ihr heiligen,Cantata,,,,Sunday after Christmas
TWV 1:478,"Ertont, ihr Hutten der Gerechten",Cantata,,,,Cantates diverses
TWV 1:479,Ertrage nur das Joch der Mängel,Cantata,,,,10th Sunday after Trinity
TWV 1:480,"Erwachet, entreisst euch den sündigen Traumen",Cantata,,,,Sunday after Ascension
TWV 1:481,"Erwachet zum Kriegen, ihr",Cantata,,,,1st Sunday of Advent
TWV 1:482,"Erwecke dich, Herr, warum schläfest du?",Cantata,,,,4th Sunday after Epiphany
TWV 1:483,"Erweiche dich, du steinern Herze",Cantata,,,,Sunday of Sexagesima
TWV 1:484,Er wird trinken vom Bach auf dem Wege,Cantata,,,,2nd day of Easter
TWV 1:485,Erzittre Welt vor dem Gericht,Cantata,,,,2nd Sunday of Advent
TWV 1:486,Es danken dir Gott die Völker,Cantata,,,,Sunday of Sexagesima
TWV 1:487,Es erhub sich ein Streit im Himmel,Cantata,,,,Feast of Saint Michael
TWV 1:488,Es erhub sich ein Streit im Himmel,Cantata,,,,Feast of Saint Michael
TWV 1:489,Es fähret Jesus auf mit Jauchzen,Cantata,,,,Feast of the Ascension
TWV 1:490,Es fliehet das Jahr auf Adelers Flügeln,Cantata,,,,New Year
TWV 1:491,Es gleitet mein Fuss auf schlüpfrigen Wegen,Cantata,,,,1st Sunday after Epiphany
TWV 1:492,Es hat mich umgeben Leiden ohne Zahl,Cantata,,,,10th Sunday after Trinity
TWV 1:493,Es heisst: was wir von Gott nur bitten,Cantata,,,,Feast of the Rogation Days
TWV 1:494,Es ist das Heil uns kommen her,Cantata,,,,Sunday of Septuagesima
TWV 1:495,Es ist das Herz ein trotzig und verzagt Ding,Cantata,,,,10th Sunday after Trinity
TWV 1:496,"Es ist die gesagt, Mensch, was gut ist",Cantata,,,,5th Sunday after Trinity
TWV 1:497,"Er ist dir gesagt, Mensch, was gut ist",Cantata,,,,10th Sunday after Trinity
TWV 1:498,Es ist ein elend jämmerlich Ding,Cantata,,,,10th Sunday after Trinity
TWV 1:499,Es ist eine Stimme eines Predigers,Cantata,,,,Feast of Saint John the Baptist
TWV 1:500,Es ist ein Gott und ein Mittler,Cantata,,,,2nd day of Pentecost
TWV 1:501,"Es ist ein grosser Gewinn, wer gottselig",Cantata,,,,Sunday of Septuagesima
TWV 1:502,Es ist ein grosser Gewinn,Cantata,,,,10th Sunday after Trinity
TWV 1:503,Es ist ein grosser Gewinn,Cantata,,,,7th Sunday after Trinity
TWV 1:504,Es ist ein köstlich Ding,Cantata,,,,3rd Sunday after Easter
TWV 1:505,Es ist ein schlechter Ruhm,Cantata,,,,10th Sunday after Trinity
TWV 1:506,Es ist erschienen die heilsame Gnade,Cantata,,,,Feast of Christmas
TWV 1:507,Es ist erschienen die heilsame Gnade,Cantata,,,,Feast of the Assumption of Mary
TWV 1:508,Es ist gewisslich an der Zeit,Cantata,,,,25th Sunday after Trinity
TWV 1:509,Es ist gewisslich an der Zeit,Cantata,,,,2nd Sunday of Advent
TWV 1:510,Es ist gewisslich an der Zeit,Cantata,,,,25th Sunday after Trinity
TWV 1:511,"Es ist gut, auf den Herrn vertrauen",Cantata,,,,21st Sunday after Trinity
TWV 1:512,Es ist keine Obrigkeit ohne von Gott,Cantata,,,,23rd Sunday after Trinity
TWV 1:513,Es ist um aller Menschen Leben,Cantata,,,,10th Sunday after Trinity
TWV 1:514,"Es ist umsonst, dass ihr früh aufsteht",Cantata,,,,5th Sunday after Trinity
TWV 1:515,"Es ist umsonst, dass ihr früh aufsteht",Cantata,,,,5th Sunday after Trinity
TWV 1:516,Es jauchzen die Engel entzückende Lieder,Cantata,,,,Feast of Christmas
TWV 1:517,Es kann nicht anders sein,Cantata,,,,3rd Sunday after Easter
TWV 1:518,Es komm mein End heut oder morgen,Cantata,,,,Feast of the Purification of Mary
TWV 1:519,Es kommt die Stunde,Cantata,,,,26th Sunday after Trinity
TWV 1:520,"Es kommt die Zeit heran, ich soll",Cantata,,,,Feast of the Ascension
TWV 1:521,Es kommt die Stunde,Cantata,,,,26th Sunday after Trinity
TWV 1:522,Es lebt so mancher Mensch in Sünde,Cantata,,,,2nd Sunday of Advent
TWV 1:523,"Es sei denn, dass jemand von neuem geboren werde",Cantata,,,,4th Sunday of Advent
TWV 1:524,"Es sei denn, dass jemand von Neuem",Cantata,,,,Feast of the Trinity
TWV 1:525,Es sei ferne von mit rühmen,Cantata,,,,Palm Sunday
TWV 1:526,Es sind mancherlei Gaben,Cantata,,,,Feast of Pentecost
TWV 1:527,Es sind schon die letzten Zeiten,Cantata,,,,2nd Sunday of Advent
TWV 1:528,Es sind schon die letzten Zeiten,Cantata,,,,25th Sunday after Trinity
TWV 1:529,Es soll auf diesen Tag niemand sterben,Cantata,,,,Feast of the Assumption of Mary
TWV 1:530,Es spielen die Strahlen der göttlichen Werke,Cantata,,,,10th Sunday after Trinity
TWV 1:531,"Es spricht, der solches zeuget",Cantata,,,,2nd Sunday of Advent
TWV 1:532,Es spricht der Unweisen Mund,Cantata,,,,8th Sunday after Trinity
TWV 1:533,Es werde geschrieben auf die,Cantata,,,,25th Sunday after Trinity
TWV 1:534,"Es werden nicht alle, die zu mir sagen: Allah, lieber Vater",Cantata,,,,8th Sunday after Trinity
TWV 1:535,Es werden sich viele falsche Propheten erheben,Cantata,,,,25th Sunday after Trinity
TWV 1:536,Es wird des Herrn Tag kommen,Cantata,,,,26th Sunday after Trinity
TWV 1:537,Es wird des Herrn Tag kommen,Cantata,,,,27th Sunday after Trinity
TWV 1:538,Es wird ein Durchbrecher vor ihnen herauffahren,Cantata,,,,Feast of Easter
TWV 1:539,Es wird ein Schwert durch seine Seele dringen,Cantata,,,,Feast of Christmas
TWV 1:540,Es wird ein Tag sein,Cantata,,,,25th Sunday after Trinity
TWV 1:541,Es wird ein unbarmherzig Gericht,Cantata,,,,10th Sunday after Trinity
TWV 1:542,"Es ist (wird) geschehen, dass des Menschen Sohn",Cantata,,,,26th Sunday after Trinity
TWV 1:543,Es woll uns Gott gnädig sein,Cantata,,,,10th Sunday after Trinity
TWV 1:544,Euch zuvörderst hat Gott auferwecket,Cantata,,,,10th Sunday after Trinity
TWV 1:545,"Ewge Quell, milder Strom",Cantata,,,,4th Sunday after Easter
TWV 1:546,"Feiert, Kinder des Höchsten",Cantata,,,,Feast of Pentecost
TWV 1:547,Findet nun im Grabe Ruh,Cantata,,,,Cantates diverses
TWV 1:548,Fleuch der Lüste Zauberauen,Cantata,,,,1st Sunday of Lent
TWV 1:549,Fleuch der Lüste deiner Jugend,Cantata,,,,Sunday after New Year
TWV 1:550,"Fleuch, fleuch der Lüste deiner Jugend",Cantata,,,,Sunday after New Year
TWV 1:551,"Flügel her, nur Flügel her",Cantata,,,,Feast of the Purification of Mary
TWV 1:552,"Fraget nicht, was mich betrübet",Cantata,,,,1st Sunday after Epiphany
TWV 1:553,"Fragst du, Jesu, was ich liebe",Cantata,,,,Cantate-chorale pour la communion
TWV 1:554,"Freu dich sehr, o meine Seele",Cantata,,,,10th Sunday after Trinity
TWV 1:555,"Freuet euch des Herrn, ihr Gerechten",Cantata,,,,8th Sunday after Trinity
TWV 1:556,"Freuet euch, die ihr mit Christo",Cantata,,,,2nd day of Christmas
TWV 1:557,"Freuet euch, ihr Himmel",Cantata,,,,Feast of Saint Michael
TWV 1:558,Freuet euch mit Jerusalem,Cantata,,,,Feast of Easter
TWV 1:559,Freut euch ihr Christen alle,Cantata,,,,2nd day of Pentecost
TWV 1:560,"Friede, Friede! Jesus lebt",Cantata,,,,1st Sunday after Easter
TWV 1:561,Friede sei mit euch,Cantata,,,,1st Sunday after Easter
TWV 1:562,"Frohlocket, erleuchtete Knechte des",Cantata,,,,10th Sunday after Trinity
TWV 1:563,"Frohlocket, ihr Engel und jauchzet",Cantata,,,,Feast of the Ascension
TWV 1:564,"Frohlocket, ihr Völker",Cantata,,,,Feast of the Ascension
TWV 1:565,Frohlocket mit Herzen,Cantata,,,,Sunday after Christmas
TWV 1:566,Frohlocket und jauchzet ihr Frommen,Cantata,,,,Feast of Christmas
TWV 1:567,Frohlocket vor Freuden,Cantata,,,,3rd day of Christmas
TWV 1:568,"Fürchte dich nicht, du kleine Herde",Cantata,,,,Sunday after Ascension
TWV 1:569,"Fürchtet den Herrn, ihr seine",Cantata,,,,10th Sunday after Trinity
TWV 1:570,"Fürchtet den Herrn, ihr seine",Cantata,,,,4th Sunday of Lent
TWV 1:571,Fürchtet euch nicht für denen,Cantata,,,,Sunday after Ascension
TWV 1:572,"Fürchtet Gott, ehret den König",Cantata,,,,23rd Sunday after Trinity
TWV 1:573,"Für Schmeicheln, List und Heuchelei",Cantata,,,,8th Sunday after Trinity
TWV 1:574,"Fürwahr, er (der Herr Messias) trug unsre Krankheit",Cantata,,,,Palm Sunday
TWV 1:575,"Fürwahr, er trug unsre Krankheit",Cantata,,,,Sunday of Sexagesima
TWV 1:576,Furcht und Zittern kommt mich an,Cantata,,,,Cantate-chorale pour la communion
TWV 1:577,"Gebet dem Kaiser, was des Kaisers ist",Cantata,,,,23rd Sunday after Trinity
TWV 1:578,"Gebet dem Kaiser, was des Kaisers ist",Cantata,,,,23rd Sunday after Trinity
TWV 1:579,"Gebet, so wird euch gegeben",Cantata,,,,4th Sunday after Trinity
TWV 1:580,Gadenke des Sabbattages,Cantata,,,,10th Sunday after Trinity
TWV 1:581,"Gedenke doch, wie herrlich hoch",Cantata,,,,Feast of the Assumption of Mary
TWV 1:582,"Gedenke doch, wir ich so elend",Cantata,,,,2nd Sunday of Lent
TWV 1:583,"Gedenket an den, der ein solches",Cantata,,"I. Chor [Dictum] „Gedenke doch, wie ich so elend“ (g-Moll, 3/2)
II. Choral „Herr Jesu Christ, erbarm dich mein“ (g-Moll)
III. Rezitativ „Nicht nur die Seufzer steigen“ (modulierend)
IV. Arie (TWV 10:14) „Lass mein Sehnen“ (G-Dur, 3/4, Beweglich)
V. Choral „Lässt sich’s gleich an, als wollt er nicht“ (G-Dur)
VI. Arie „Ich lasse dich nicht“ (G-Dur, Lebhaft)
VII. Chor [Dictum] „Gedenke doch, wie ich so elend“ (g-Moll, 3/2)",,Sunday of the Passion
TWV 1:584,"Gedenke an den, der ein",Cantata,,,,3rd Sunday of Lent
TWV 1:585,Gedenket an Jesum,Cantata,,,,3rd Sunday of Lent
TWV 1:586,Geduldig sein und hoffen,Cantata,,,,24th Sunday after Trinity
TWV 1:587,Geduld und Langmut siegen,Cantata,,,,2nd Sunday after Epiphany
TWV 1:588,"Geduld, wenn Menschen sich zu Teufel machen",Cantata,,,,3rd Sunday of Lent
TWV 1:589,Gefährten zum Ewgen,Cantata,,,,New Year
TWV 1:590,"Gehe hin, mein Volk, in deine Kammer",Cantata,,,,Feast of the Purification of Mary
TWV 1:591,Gehet ein durch die enge Pforte,Cantata,,,,10th Sunday after Trinity
TWV 1:592,"Gehet hin, gehet hin durch die Tore",Cantata,,,,1st Sunday of Advent
TWV 1:593,"Geht heraus, ihr Zions Töchter",Cantata,,,,Sunday of the Passion
TWV 1:594,Gelobet sei der Gott Israel,Cantata,,,,Feast of Saint John the Baptist
TWV 1:595,"Gelobet sei der Herr, der Gott",Cantata,,,,Feast of Saint John the Baptist
TWV 1:596,"Gelobet sei der Herr, der",Cantata,,,,Feast of Christmas
TWV 1:597,"Gelobet sei der Herr, der Gott Israel",Cantata,,,,Feast of Saint John the Baptist
TWV 1:598,"Gelobet sei der Herr, der Gott",Cantata,,,,Feast of Saint John the Baptist
TWV 1:599,Gelobet sei der Herr täglich,Cantata,,,,24th Sunday after Trinity
TWV 1:600,Gelobet sei der Herr,Cantata,,,,Feast of Saint John the Baptist
TWV 1:601,Gelobet sei der Herr,Cantata,,,,Feast of Saint John the Baptist
TWV 1:602,Gelobet sei des Herrn Nam,Cantata,,,,10th Sunday after Trinity
TWV 1:603,Gelobet sei der Gott der Herr,Cantata,,,,Feast of Saint John the Baptist
TWV 1:604,Gelobet sei Gott der Herr,Cantata,,,,New Year
TWV 1:605,"Gelobet sei Gott, der mein Gebet",Cantata,,,,24th Sunday after Trinity
TWV 1:606,Gelobet sei Gott und der Vater,Cantata,,,,Feast of the Trinity
TWV 1:607,Gelobet sei Gott und der Vater,Cantata,,,,Feast of Easter
TWV 1:608,Gelobet sei Gott und der Vater,Cantata,,,,Feast of Easter
TWV 1:609,Gelobet sei Gott und der Vater,Cantata,,,,Feast of the Trinity
TWV 1:610,"Gelobet seist du, Jesus Christ",Cantata,,,,2nd day of Christmas
TWV 1:611,"Gelobet seist du, Jesus Christ",Cantata,,,,Feast of Christmas
TWV 1:612,Gen Himmel zu dem Vater mein,Cantata,,,,Sunday after Ascension
TWV 1:613,"Gerechter Gott, ach strafe nicht",Cantata,,,,Cantate-chorale
TWV 1:614,Gerechtigkeit und Leben,Cantata,,,,Feast of the Trinity
TWV 1:615,Gesegnet ist die Zuversicht,Cantata,,,,7th Sunday after Trinity
TWV 1:616,Gesegnet sei die Zuversicht,Cantata,,,,7th Sunday after Trinity
TWV 1:617,"Getrost, getrost, bedrängte Herzen",Cantata,,,,7th Sunday after Trinity
TWV 1:618,"Getrost, will es gleich oft mit",Cantata,,,,5th Sunday after Trinity
TWV 1:619,Gib auch den Gottern dieser Erden,Cantata,,,,23rd Sunday after Trinity
TWV 1:620,"Gib, dass ich mich nicht",Cantata,,,,23rd Sunday after Trinity
TWV 1:621,Gib mildiglich dein' Segen,Cantata,,,,5th Sunday after Trinity
TWV 1:622,Gib mir ein fröhliches Herz,Cantata,,,,Sunday of Septuagesima
TWV 1:623,Gib uns Segen an die Hand,Cantata,,,,Sunday of Septuagesima
TWV 1:624,"Gläubst, du? - Wilig. Gläubst du? Nein!",Cantata,,,,1st Sunday after Easter
TWV 1:625,"Glaubet, hoffet, leidet, duldet",Cantata,,,,26th Sunday after Trinity
TWV 1:626,Glaubt nicht einem jeglichen Geist,Cantata,,,,25th Sunday after Trinity
TWV 1:627,Gleichwie der Blitz aufgehet,Cantata,,,,2nd Sunday of Advent
TWV 1:628,Gleichwie der Hirsch nach,Cantata,,,,4th Sunday after Easter
TWV 1:629,Gleichwie der Regen und Schnee,Cantata,,,,Sunday of Sexagesima
TWV 1:630,Gleich wie man das Unkraut,Cantata,,,,5th Sunday after Epiphany
TWV 1:631,Glückliches Jerusalem,Cantata,,,,1st Sunday of Advent
TWV 1:632,"Gott, bei dir ist die lebendige Quelle",Cantata,,,,4th Sunday of Advent
TWV 1:633,Gott der Hoffnung erfülle euch,Cantata,,,,Feast of Pentecost
TWV 1:634,Gott der liebt nicht nut die Frommen,Cantata,,,,10th Sunday after Trinity
TWV 1:635,Gott der Vater wohnt uns bei,Cantata,,,,1st Sunday of Lent
TWV 1:636,"Gott, du erhörest Gebet",Cantata,,,,Feast of the Rogation Days
TWV 1:637,"Gott, du lässest mich erfahren",Cantata,,,,3rd Sunday after Easter
TWV 1:638,"Gottesfurcht, der Weisheit Quelle",Cantata,,,,1st Sunday after Epiphany
TWV 1:639,Gottes Liebe gehet weit,Cantata,,,,Feast of the Assumption of Mary
TWV 1:640,"Gottes Wort, was ist das wor ein Schatz",Cantata,,,,Sunday of Sexagesima
TWV 1:641,Gott fähret auf mit Jauchzen,Cantata,,,,Feast of the Ascension
TWV 1:642,Gott fähret auf mit Jauchzen,Cantata,,,,Feast of the Ascension
TWV 1:643,Gott fähret auf mit Jauchzen,Cantata,,,,Feast of the Ascension
TWV 1:644,Gott fähret auf mit Jauchzen,Cantata,,,,Feast of the Ascension
TWV 1:645,Gott fähret auf mit Jauchzen,Cantata,,,,Feast of the Ascension
TWV 1:646,Gott fähret auf mit Jauchzen,Cantata,,,,Feast of the Ascension
TWV 1:647,Gott fähret auf mit Jauchzen,Cantata,,,,Feast of the Ascension
TWV 1:648,Gott gibt sein Wort,Cantata,,,,Sunday of Sexagesima
TWV 1:649,"Gott hält gewiss, was er versprochen",Cantata,,,,Feast of Saint John the Baptist
TWV 1:650,Gott hat den Herrn auferwecket,Cantata,,,,1st Sunday after Easter
TWV 1:651,Gott hat den Sabbath längst gesetzet,Cantata,,,,10th Sunday after Trinity
TWV 1:652,Gott hat Geduld mit uns,Cantata,,,,22nd Sunday after Trinity
TWV 1:653,Gott hat Jesum erhöhet,Cantata,,,,New Year
TWV 1:654,Gott hat sein Kind Jesu verklärt,Cantata,,,,6th Sunday after Epiphany
TWV 1:655,Gott hat uns berufen mit einem,Cantata,,,,Sunday of Septuagesima
TWV 1:656,Gott hat das ewige Leben,Cantata,,,,2nd day of Pentecost
TWV 1:657,Gott hat uns Guter ausgetan,Cantata,,,,9th Sunday after Trinity
TWV 1:658,"Gott, ich weihe dir mein Herze",Cantata,,,,Sunday of Quinquagesima
TWV 1:659,"Gott ist die Liebe, und wer",Cantata,,,,10th Sunday after Trinity
TWV 1:660,Gott ist die Liebe,Cantata,,,,10th Sunday after Trinity
TWV 1:661,Gott ist die Liebe,Cantata,,,,10th Sunday after Trinity
TWV 1:662,Gott ist ein (ge)rechter Richter,Cantata,,,,10th Sunday after Trinity
TWV 1:663,Gott ist für uns! O segensvoller,Cantata,,,,Feast of Christmas
TWV 1:664,Gott ist unsre Zuversicht,Cantata,,,,4th Sunday after Epiphany
TWV 1:665,Gott ist unsre Zuversicht,Cantata,,,,Sunday after New Year
TWV 1:666,Gott ist unsre Zuversicht,Cantata,,,,4th Sunday after Epiphany
TWV 1:667,Gott ist unsre Zuversicht,Cantata,,,,4th Sunday after Epiphany
TWV 1:668,Gott lässet die Seinen nicht,Cantata,,,,4th Sunday after Epiphany
TWV 1:669,"Gottlob, die Frucht hat sich gezeiget",Cantata,,,,Feast of the Visitation of Mary
TWV 1:670,Gottlob! Nun geht das Jahr zu Ende,Cantata,,,,Sunday after Christmas
TWV 1:671,"Gott Lob und Dank, heut grüsset uns ein neues Jahr",Cantata,,,,New Year
TWV 1:672,"Gott Lob und Dank, heut grüsset uns ein neues Jahr",Cantata,,,,New Year
TWV 1:673,Gott Lob und Dank,Cantata,,,,Feast of Easter
TWV 1:674,Gott macht ein Abendmahl von,Cantata,,,,2nd Sunday after Trinity
TWV 1:675,"Gott mein Ruhm, schweige nicht",Cantata,,,,8th Sunday after Trinity
TWV 1:676,Gott schützt uns durch der Engel Hut,Cantata,,,,Feast of Saint Michael
TWV 1:677,"Gott, schweige doch nicht also",Cantata,,,,Sunday of the Passion
TWV 1:678,Gott segne den Frommen ihre Güter,Cantata,,,,5th Sunday after Trinity
TWV 1:679,Gott sei Dank durch alle Welt,Cantata,,,,1st Sunday of Advent
TWV 1:680,Gott sei mit gnädig,Cantata,,,,10th Sunday after Trinity
TWV 1:681,"Gott steh mir bei, und seine Treu",Cantata,,,,5th Sunday after Trinity
TWV 1:682,"Gott, strafe nicht nach meiner Schuld",Cantata,,,,10th Sunday after Trinity
TWV 1:683,Gott straft den kranken Menschen,Cantata,,,,10th Sunday after Trinity
TWV 1:684,Gott über alle Dinge lieben,Cantata,,,,10th Sunday after Trinity
TWV 1:685,"Gott unser Heiland will, dass",Cantata,,,,20th Sunday after Trinity
TWV 1:686,"Gott Vater, deine Liebesflammen",Cantata,,,,Feast of the Trinity
TWV 1:687,Gott Vater Sohn und heiliger Geist,Cantata,,,,Feast of the Trinity
TWV 1:688,Gott verlässt die Seinen nicht,Cantata,,,,Sunday after New Year
TWV 1:689,Gott widerstehet den Hoffärtigen,Cantata,,,,10th Sunday after Trinity
TWV 1:690,Gott widerstehet den Hoffärtigen,Cantata,,,,10th Sunday after Trinity
TWV 1:691,"Gott, wie ist dein Name",Cantata,,,,Feast of the Epiphany
TWV 1:692,"Gott will, dass allen Menschen geholfen werde",Cantata,,,,2nd day of Christmas
TWV 1:693,Gott will Mensch und sterblich werden,Cantata,,,,Feast of the Annunciation of Mary
TWV 1:694,Gott will uns alle selig haben,Cantata,,,,2nd Sunday after Trinity
TWV 1:695,Gott wird geben einem jeglichen,Cantata,,,,10th Sunday after Trinity
TWV 1:696,Gott wird in ihm auch Christum,Cantata,,,,3rd day of Christmas
TWV 1:697,"Gott Zebaoth, in deinem Namen",Cantata,,,,10th Sunday after Trinity
TWV 1:698,"Gott Zebaoth, wende dich",Cantata,,,,Sunday of Septuagesima
TWV 1:699,Greulich sind die letzten Zeiten,Cantata,,,,25th Sunday after Trinity
TWV 1:700,"Grosse Gottheit, deine Starke",Cantata,,,,Cantates diverses
TWV 1:701,"Grosse Städte, grosse Sünden",Cantata,,,,10th Sunday after Trinity
TWV 1:702,Gross sind die Werke des Herrn,Cantata,,,,Feast of the Visitation of Mary
TWV 1:704,"Gute Nacht, vergangnes Jahr",Cantata,,,,New Year
TWV 1:705,Habe deine Lust an dem Herrn,Cantata,,,,5th Sunday after Trinity
TWV 1:706,Habe deine Lust an dem Herrn,Cantata,,,,2nd Sunday after Epiphany
TWV 1:707,Habe deine Lust an dem Herrn,Cantata,,,,5th Sunday after Trinity
TWV 1:708,"Habt ihr nicht gesehen den, den meine Seele liebe!",Cantata,,,,Feast of Epiphany
TWV 1:709,Habt mich lieb die Welt,Cantata,,,,1st Sunday after Trinity
TWV 1:710,Habt nicht lieb die Welt,Cantata,,,,9th Sunday after Trinity
TWV 1:711,Habt nicht lieb die Welt,Cantata,,,,20th Sunday after Trinity
TWV 1:712,Halleluja! Er lebet,Cantata,,,,2nd Day of Feast of Easter
TWV 1:713,Halleluja! Lobet den Namen des Herrn,Cantata,,,,New Year
TWV 1:714,Halleluja! Singet dem Herrn,Cantata,,,,Feast of the Visitation of Marie
TWV 1:715,Halt ein mit deinem Wetterstrahl,Cantata,,,,New Year
TWV 1:716,Haltet fest an der Demut,Cantata,,,,17th Sunday after Trinity
TWV 1:717,Halt im Gedächtnis Jesum Christ,Cantata,,,,2nd Day of Feast of Easter
TWV 1:718,"Hast du denn, Jesu, dein Angesicht ganzlich verborgen",Cantata,,,,1st dimanche of Advent
TWV 1:719,Heilige Flamme der weigen Liebe,Cantata,,,,Feast of the Pentecost
TWV 1:720,Heiliger Samen göttlicher Kraft,Cantata,,,,Sunday of the Sexagésime
TWV 1:721,"Heiliges Fest, dein liebreicher West",Cantata,,,,Feast of Trinity
TWV 1:722,Heilige sie Vater in deinem,Cantata,,,,Sunday of the Sexagésime
TWV 1:723,"Heilig, heilig ist der Herr",Cantata,,,,Feast of Trinity
TWV 1:724,"Heilig, heilig ist der Herr Zebaoth",Cantata,,,,Feast of Trinity
TWV 1:725,"Heilig, heilig ist Gott der Herr",Cantata,,,,Feast of Trinity
TWV 1:726,Heilig ist der Herr Zebaoth,Cantata,,,,Feast of Trinity
TWV 1:727,Heilig ist der Herr Zebaoth,Cantata,,,,Feast of Trinity
TWV 1:728,Heilig ist Gott der Herr,Cantata,,,,Cantates diverses
TWV 1:729,Helft mit Gottes Güte preisen,Cantata,,,,New Year
TWV 1:730,"Hemmet den Eifer, verbannet",Cantata,,,,4th Sunday after Epiphany
TWV 1:731,"Herr Christ, den rechten",Cantata,,,,5th Sunday after Epiphany
TWV 1:732,"Herr Christ, der einge Gottessohn",Cantata,,,,Feast of the Assomption of Marie
TWV 1:733,"Herr Christ, der einge Gottessohn",Cantata,,,,Feast of the Assomption of Marie
TWV 1:734,"Herr, deine Augen sehen nach dem Glauben",Cantata,,,,3rd Sunday after Epiphany
TWV 1:735,"Herr, dein Wort erhält die",Cantata,,,,1st dimanche du Lent
TWV 1:736,"Herr, die Demut fällt zur Erden",Cantata,,,,3rd Sunday after Epiphany
TWV 1:737,"Herr, die Wasserströme erheben sich",Cantata,,,,4th Sunday after Epiphany
TWV 1:738,"Herr, erhöre meine Stimme",Cantata,,,,Feast of Rogations
TWV 1:739,"Herr, es haben dir die Hoffärtigen",Cantata,,,,Feast of the Purification of Marie
TWV 1:740,"Herr, gehe nicht ins Gericht",Cantata,,,,22nd Sunday after Trinity
TWV 1:741,"Herr Gott, barmherzig und gnädig",Cantata,,,,19th Sunday after Trinity
TWV 1:742,"Herr Gott, der du uns hast von",Cantata,,,,14th Sunday after Trinity
TWV 1:743,"Herr Gott, dich loben wir",Cantata,,,,Feast of Saint-Michel
TWV 1:744,"Herr Gott, dich loben wir",Cantata,,,,Feast of Saint-Michel
TWV 1:745,"Herr Gott, dich loben wir",Cantata,,,,New Year
TWV 1:746,"Her Gott, du König aller Himmel",Cantata,,,,Feast of Christmas
TWV 1:747,"Herr Gott, ich bin ein Baum",Cantata,,,,8th Sunday after Trinity
TWV 1:748,"Herr Gott, wann manches gläubige",Cantata,,,,5th Sunday after Epiphany
TWV 1:749,"Herr Gott, wer wird es dir genug verdanken",Cantata,,,,Feast of the Visitation of Marie
TWV 1:750,"Herr Gott Zebaoth, wer ist wie du",Cantata,,,,4th Sunday after Epiphany
TWV 1:751,"Herr Gott Zebaoth, wie lang willt du zurnen",Cantata,,,,13rd Sunday after Trinity
TWV 1:752,"Herr hilf uns, wir verderben",Cantata,,,,4th Sunday after Epiphany
TWV 1:753,"Herr, ich bin beide",Cantata,,,,2nd Day of Feast of Easter
TWV 1:754,"Herr, in dir ist Freude die Fülle",Cantata,,,,6th Sunday after Epiphany
TWV 1:755,"Herr Jesu Christ, dich zu uns wend",Cantata,,,,3rd Day of Feast of Pentecost
TWV 1:756,"Herr Jesu Christ, du höchstes Gut",Cantata,,,,22nd Sunday after Trinity
TWV 1:757,"Herr Jesus Christ, gross ist die Not",Cantata,,,,4th Sunday after Epiphany
TWV 1:758,"Herr Jesu Christ, ich schrei zu dir",Cantata,,,,2nd dimanche du Lent
TWV 1:759,"Herr Jesu Christ, zu dir allein",Cantata,,,,21st Sunday after Trinity
TWV 1:760,"Herr Jesu, Davids Sohn",Cantata,,,,Sunday of the Quinquagésime
TWV 1:761,"Herr Jesu, der du wunderbar",Cantata,,,,Sunday after the Feast of Christmas
TWV 1:762,"Herr, lehre mich stets dein End bedenken",Cantata,,,,2nd Day of Feast of Christmas
TWV 1:763,"Herr, lehre uns bedenken",Cantata,,,,16th Sunday after Trinity
TWV 1:764,"Herr, meiner Sehnsucht Seltenheit",Cantata,,,,11st Sunday after Trinity
TWV 1:765,"Herr, mein Herz hält dir für",Cantata,,,,22nd Sunday after Trinity
TWV 1:766,"Herr, nun lass in Frieden",Cantata,,,,Feast of the Purification of Marie
TWV 1:767,"Herr, schau doch meine matte Seele",Cantata,,,,1st Sunday after Easter
TWV 1:768,"Herr, segne meinen Tritt",Cantata,,,,Sunday after the New Year
TWV 1:769,"Herr, sei mit gnädig, denn mit ist angst",Cantata,,,,11st Sunday after Trinity
TWV 1:770,"Herr sei mit gnädig, heile meine Seele",Cantata,,,,3rd Sunday after Epiphany
TWV 1:771,"Herr, strafe mich nicht in deinem Zorn",Cantata,,,,19th Sunday after Trinity
TWV 1:772,"Herr, tue meine Lippen auf",Cantata,,,,Feast of Saint-Jean-Baptiste
TWV 1:773,Herr unser Herrscher,Cantata,,,,Feast of Epiphany
TWV 1:774,"Herr, warum trittest du so ferne",Cantata,,,,2nd Day of Feast of Easter
TWV 1:775,"Herr, was muss ich tun, dass ich das ewige Leben erbe?",Cantata,,,,Feast of Trinity
TWV 1:776,"Herr, wenn ich nur dich habe",Cantata,,,,Feast of the Purification of Marie
TWV 1:777,"Herr, wir lange willt du",Cantata,,,,2nd dimanche du Lent
TWV 1:778,"Herr, wie lange wiltu mein so gar vergessen",Cantata,,,,2nd dimanche du Lent
TWV 1:779,"Herr, wie sind deine Werke so gross",Cantata,,,,15th Sunday after Trinity
TWV 1:780,"Herr, wie sind deine Werke so gross",Cantata,,,,7th Sunday after Trinity
TWV 1:781,"Herr, wir liegen vor dir mit unserem Gebet",Cantata,,,,6th Sunday after Trinity
TWV 1:782,"Herr, wir liegen vor dir mit unserm Gebet",Cantata,,,,Feast of Rogations
TWV 1:783,"Herzlich lieb hab ich dich, Herr",Cantata,,,,18th Sunday after Trinity
TWV 1:784,Herzlich tut mich verlangen,Cantata,,,,Feast of the Purification of Marie
TWV 1:785,"Herzliebster Jesu, was hast du verbrochen",Cantata,,,,2nd Sunday after Easter
TWV 1:786,Herzog meiner Seligkeit,Cantata,,,,16th Sunday after Trinity
TWV 1:787,Heute geht aus seiner Kammer Gottes Held,Cantata,,,,2nd Day of Feast of Christmas
TWV 1:788,"Heute, wo ihr seine Stimmen hören...",Cantata,,,,20th Sunday after Trinity
TWV 1:789,Heut ist die werte Christenheit,Cantata,,,,1st dimanche of Advent
TWV 1:790,"Heut lebst du, heut bekehre dich",Cantata,,,,Feast of Saint-Jean-Baptiste
TWV 1:791,Heut schleusst er wieder auf die Tür,Cantata,,,,Feast of the Ascension
TWV 1:792,Heut triumphieret Gottes Sohn,Cantata,,,,2nd Sunday after Easter
TWV 1:793,Heut triumphieret Gottes Sohn,Cantata,,,,2nd Day of Feast of Easter
TWV 1:794,Hier hab ich manche Plage,Cantata,,,,13rd Sunday after Trinity
TWV 1:795,"Hier ist mein Herz, geliebter Jesu",Cantata,,,,Feast of Epiphany
TWV 1:796,Hier kann das Los uns nicht nach,Cantata,,,,21st Sunday after Trinity
TWV 1:797,"Hier schälft es, o wie süsse",Cantata,,,,Feast of Christmas
TWV 1:798,"Hilf, dass ich sei von Herzen froh",Cantata,,,,11st Sunday after Trinity
TWV 1:799,"Hilf Herr, die Heiligen haben abgenommen",Cantata,,,,25th Sunday after Trinity
TWV 1:800,"Hilf Herr, die Heiligen haben abgenommen",Cantata,,,,8th Sunday after Trinity
TWV 1:801,"Hilf Herr, die Heiligen haben abgenommen",Cantata,,,,13rd Sunday after Trinity
TWV 1:802,"Hilf Jesu, hilf, ich bin von Sünden krank",Cantata,,,,Cantate-chorale pour la communion
TWV 1:803,"Hilf Herr, o hilf, du grosser König",Cantata,,,,Palm Sunday
TWV 1:804,Hinweg mit allen Schätzen,Cantata,,,,Feast of the Pentecost
TWV 1:805,Hirt und Bischof unsrer Seelen,Cantata,,,,2nd Sunday after Easter
TWV 1:806,"Horche nur, dort regt sich was",Cantata,,,,3rd Day of Feast of Easter
TWV 1:807,Hosianna Davids Samen,Cantata,,,,1st dimanche of Advent
TWV 1:808,Hosianna dem Sohne David,Cantata,,,,1st dimanche of Advent
TWV 1:809,Hosianna dem Sohne Davids,Cantata,,,,1st dimanche of Advent
TWV 1:810,"Hosianna, dieses soll die Losung sein",Cantata,,,,Feast of Christmas
TWV 1:811,"Hütet euch, dass eure Herzen",Cantata,,,,2nd dimanche of Advent
TWV 1:812,"Ich armer Mensch, ich armer Sunder",Cantata,,,,Cantates diverses
TWV 1:813,"Ich armer Mensch, ich bin ja Staub und Erde",Cantata,,,,20th Sunday after Trinity
TWV 1:814,"Ich bin arm und elend, der Herr",Cantata,,,,Sunday after the New Year
TWV 1:815,Ich bin das A und das O,Cantata,,,,Feast of Easter
TWV 1:816,Ich bin der erste und der letzte,Cantata,,,,Feast of Easter
TWV 1:817,"Ich bin der Herr, dein Arzt",Cantata,,,,12nd Sunday after Trinity
TWV 1:818,"Ich bin der Weg, die Wahrheit und das Laben",Cantata,,,,3rd Day of Feast of Christmas
TWV 1:819,"Ich bin dir, Herr, mehr als zehntausend",Cantata,,,,22nd Sunday after Trinity
TWV 1:820,Ich bin getauft in Christi Tode,Cantata,,,,6th Sunday after Trinity
TWV 1:821,Ich bin getrost in meinem Leben,Cantata,,,,Feast of Saint-Michel
TWV 1:822,Ich bin ja Herr in deiner Macht,Cantata,,,,Cantate-chorale
TWV 1:823,Ich bin vergnügt an diesen Gütern,Cantata,,,,9th Sunday after Trinity
TWV 1:824,Ich danke dir und preise,Cantata,,,,12nd Sunday after Trinity
TWV 1:825,Ich fahre auf zu meinem Vater,Cantata,,,,Feast of the Ascension
TWV 1:826,Ich freue mich im Herren,Cantata,,,,20th Sunday after Trinity
TWV 1:827,Ich fürchte keinen Tod auf Erden,Cantata,,,,24th Sunday after Trinity
TWV 1:828,Ich fürchte mich nicht,Cantata,,,,Sunday after the New Year
TWV 1:829,Ich gehe voll Freuden zum Hause des Herrn,Cantata,,,,Cantates diverses
TWV 1:830,"Ich (g)irre, seufze, klage",Cantata,,,,3rd Sunday after Trinity
TWV 1:831,"Ich glaube aber, dass ich sehen werde",Cantata,,,,Cantates diverses
TWV 1:832,Ich habe in meiner Jahre Morgen,Cantata,,,,Sunday of the Septuagésime
TWV 1:833,Ich habe Lust abzuscheiden,Cantata,,,,16th Sunday after Trinity
TWV 1:834,Ich habe Lust abzuscheiden,Cantata,,,,16th Sunday after Trinity
TWV 1:835,Ich habe Lust abzuscheiden,Cantata,,,,16th Sunday after Trinity
TWV 1:836,Ich habe Lust abzuscheiden,Cantata,,,,Feast of the Purification of Marie
TWV 1:837,Ich habe meine Lust,Cantata,,,,1st dimanche of Advent
TWV 1:838,Ich habe oft des Himmels Mann verachtet,Cantata,,,,Feast of Trinity
TWV 1:839,Ich habe Wächter über euch gesetzt,Cantata,,,,2nd Day of Feast of Christmas
TWV 1:840,Ich halte aber dafür,Cantata,,,,Sunday after the Ascension
TWV 1:841,"Ich halte es dafür, dass dieser",Cantata,,,,Sunday after the Ascension
TWV 1:842,Ich hatte mich verirret,Cantata,,,,3rd Sunday after Trinity
TWV 1:843,Ich hatte viel Bekümmernis,Cantata,,,,2nd dimanche du Lent
TWV 1:844,Ich hebe meine Augen auf zu den Bergen,Cantata,,,,Sunday of the Sexagésime
TWV 1:845,Ich hebe meine Augen auf,Cantata,,,,3rd Sunday after Epiphany
TWV 1:846,Ich hebe mich ein wenig kaum empor,Cantata,,,,Sunday of the Passion
TWV 1:847,"Ich hoffe darauf, dass du so gnädig bist",Cantata,,,,3rd Sunday after Easter
TWV 1:848,"Ich hoffe darauf, dass du so",Cantata,,,,21st Sunday after Trinity
TWV 1:849,"Ich komme, o höchster Gott zu dir",Cantata,,,,2nd Sunday after Trinity
TWV 1:850,Ich lebe und ihr sollt auch leben,Cantata,,,,Feast of Easter
TWV 1:851,Ich muss auf den Bergen weinen,Cantata,,,,10th Sunday after Trinity
TWV 1:852,Ich muss im Leben immer wandeln,Cantata,,,,3rd Sunday after Easter
TWV 1:853,Ich muss seufzen,Cantata,,,,3rd dimanche du Lent
TWV 1:854,Ich recke meine Hand aus,Cantata,,,,2nd Sunday after Trinity
TWV 1:855,Ich rufe dich demütig flehend an,Cantata,,,,Feast of the Pentecost
TWV 1:856,"Ich rufe zu dir, Herr Jesu Christ",Cantata,,,,22nd Sunday after Trinity
TWV 1:857,"Ich rufe zu dir, Herr Jesu Christ",Cantata,,,,6th Sunday after Trinity
TWV 1:858,"Ich sage euch, dieser ging hinab",Cantata,,,,11st Sunday after Trinity
TWV 1:859,Ich schaue bloss auf Gottes,Cantata,,,,18th Sunday after Trinity
TWV 1:860,Ich schicke mich zu meinem Ende,Cantata,,,,16th Sunday after Trinity
TWV 1:861,"Ich schlafe, aber mein Herz wachet",Cantata,,,,Cantates diverses
TWV 1:862,"Ich schreie, Gott zu dir",Cantata,,,,2nd dimanche du Lent
TWV 1:863,Ich sehe mich mit Finsternissen,Cantata,,,,Feast of Saint-Jean-Baptiste
TWV 1:864,Ich sprach in meinem,Cantata,,,,16th Sunday after Trinity
TWV 1:865,"Ich suchte, den meine Seele liebet",Cantata,,,,Feast of Easter
TWV 1:866,Ich suchte des Nachts in meinem Bette,Cantata,,,,1st Sunday after Epiphany
TWV 1:867,Ich taumle vor Freuden,Cantata,,,,27th Sunday after Trinity
TWV 1:868,Ich traue auf Gott,Cantata,,,,Palm Sunday
TWV 1:869,Ich traue Gott und seinem Segen,Cantata,,,,4th dimanche du Lent
TWV 1:870,"Ich wandere in der Irre, Wohin?",Cantata,,,,2nd Day of Feast of Easter
TWV 1:871,Ich wandle mit furchtsamen Schritten,Cantata,,,,5th Sunday after Epiphany
TWV 1:872,Ich war tot und siehe,Cantata,,,,Feast of Easter
TWV 1:873,"Ich weiss, dass mein Erlöser lebt",Cantata,,,,2nd Day of Feast of Easter
TWV 1:874,"Ich weiss, dass mein Erlöser lebt",Cantata,,,,24th Sunday after Trinity
TWV 1:875,"Ich weiss, dass mein Erlöser lebt",Cantata,,,,Feast of Easter
TWV 1:876,"Ich weiss, dass mein Erlöser lebt",Cantata,,,,24th Sunday after Trinity
TWV 1:877,"Ich weiss, dass mein Erlöser lebt",Cantata,,,,Feast of Easter
TWV 1:878,"Ich weiss, dass mein Erlöser lebt",Cantata,,,,Feast of Easter
TWV 1:879,"Ich weiss, dass mein Erlöser lebt",Cantata,,,,2nd Day of Feast of Easter
TWV 1:880,"Ich weiss wohl, was ich für Gedanken",Cantata,,,,3rd Day of Feast of Easter
TWV 1:881,Ich werde fast entzückt,Cantata,,,,Feast of the Assomption of Marie
TWV 1:882,Ich werfe mich zu deinen Füssen,Cantata,,,,19th Sunday after Trinity
TWV 1:883,Ich will auf dem Herrn schauen,Cantata,,,,Feast of the Purification of Marie
TWV 1:884,Ich will den Kreuzweg gerne gehen,Cantata,,,,21st Sunday after Trinity
TWV 1:885,Ich will dich erhöhen,Cantata,,,,14th Sunday after Trinity
TWV 1:886,"Ich will dich erhöhen, mein Gott",Cantata,,,,7th Sunday after Trinity
TWV 1:887,Ich will die muden Seelen erquicken,Cantata,,,,10th Sunday after Trinity
TWV 1:888,Ich will mich mit dir verloben,Cantata,,,,20th Sunday after Trinity
TWV 1:889,Ich will mich mit dir verloben,Cantata,,,,2nd Sunday after Epiphany
TWV 1:890,Ich will mit Danken kommen,Cantata,,,,10th Sunday after Trinity
TWV 1:891,Ich will rein Wasser über euch sprengen,Cantata,,,,14th Sunday after Trinity
TWV 1:892,Ich will rühmen Gottes Wort,Cantata,,,,Sunday after the New Year
TWV 1:893,Ich will singen von der Gnade des Herrn,Cantata,,,,3rd dimanche du Lent
TWV 1:894,Ich winselte wie ein Kranich,Cantata,,,,3rd Sunday after Epiphany
TWV 1:895,"Ihr Christen, findet euch zu Gott mit Beten",Cantata,,,,14th Sunday after Trinity
TWV 1:896,"Ihr Christen, wollt ihr selig sein",Cantata,,,,14th Sunday after Trinity
TWV 1:897,"Ihr, deren Leben mit banger Finsternis",Cantata,,,,12nd Sunday after Trinity
TWV 1:898,"Ihr, die ihr Christi",Cantata,,,,Sunday of the Passion
TWV 1:899,"Ihr, die ihr euren Nächsten sucht",Cantata,,,,4th Sunday after Trinity
TWV 1:900,"Ihr frommen Christen, auf",Cantata,,,,Sunday of the Quinquagésime
TWV 1:901,"Ihr Gerechten, freuet euch des",Cantata,,,,Palm Sunday
TWV 1:902,Ihr gesandten Jesuherzen,Cantata,,,,10th Sunday after Trinity
TWV 1:903,Ihr habt nicht einen knechtischen Geist empfangen,Cantata,,,,Feast of the Pentecost
TWV 1:904,Ich habt nicht einen knechtischen Geist,Cantata,,,,Feast of the Pentecost
TWV 1:905,Ihr habt nicht einen knechtischen Geist,Cantata,,,,Feast of the Pentecost
TWV 1:906,"Ihr Heuchler, die ihr euch",Cantata,,,,11st Sunday after Trinity
TWV 1:907,"Ihr irrenden Lichter, verschwindende",Cantata,,,,2nd Sunday after Easter
TWV 1:908,"Ihr Lieben, glaubet nicht einem jeglichen",Cantata,,,,8th Sunday after Trinity
TWV 1:909,"Ihr Lieben, lasset uns untereinander lieb haben",Cantata,,,,13rd Sunday after Trinity
TWV 1:910,Ihr Mauren des irdischen Jerichow,Cantata,,,,2nd dimanche of Advent
TWV 1:911,Ihr schnöden Sünden packt euch,Cantata,,,,1st Sunday after Epiphany
TWV 1:912,Ihr schüchternen Blicke,Cantata,,,,26th Sunday after Trinity
TWV 1:913,"Ihr Seelen, die ihr denkt an jenen",Cantata,,,,6th Sunday after Trinity
TWV 1:914,Ihr seid alle Gottes Kinder,Cantata,,,,4th dimanche of Advent
TWV 1:915,Ihr seid alle Gottes Kinder,Cantata,,,,4th dimanche of Advent
TWV 1:916,Ihr seid alle Gottes Kinder,Cantata,,,,4th dimanche of Advent
TWV 1:917,Ihr seligen Stunden erquickender Freuden,Cantata,,,,4th Sunday after Trinity
TWV 1:918,Ihr sollt geschickt sein,Cantata,,,,26th Sunday after Trinity
TWV 1:919,"Ihr Völker, bringet her",Cantata,,,,Feast of Epiphany
TWV 1:920,"Ihr Völker, bringet her",Cantata,,,,Feast of Epiphany
TWV 1:921,"Ihr Völker hort, wie Gott aufs neue",Cantata,,,,Feast of Epiphany
TWV 1:922,"Ihr werdet, aus Gottes Macht",Cantata,,,,21st Sunday after Trinity
TWV 1:923,Ihr werdet weinen und heulen,Cantata,,,,3rd Sunday after Easter
TWV 1:924,Ihr Wölfe droht mit euren Klauen,Cantata,,,,3rd Day of Feast of Pentecost
TWV 1:925,"Im Glück sich brüsten, zu schwarmen",Cantata,,,,1st Sunday after Epiphany
TWV 1:926,Im hellen Glanz der Glaubenssonne,Cantata,,,,3rd Day of Feast of Christmas
TWV 1:927,Im sechsten Monat war der Engel Gabriel,Cantata,,,,Feast of the Assomption of Marie
TWV 1:928,In allen meinen Taten,Cantata,,,,5th Sunday after Trinity
TWV 1:929,In Christo Jesu gilt weder Beschneidung,Cantata,,,,13rd Sunday after Trinity
TWV 1:930,In Christo Jesu gilt weder Beschneidung,Cantata,,,,New Year
TWV 1:931,In deinem Wort und Sakrament,Cantata,,,,1st dimanche of Advent
TWV 1:932,In dem Namen Jesu wollen sich,Cantata,,,,Feast of Epiphany
TWV 1:933,In Demuth gehen,Cantata,,,,17th Sunday after Trinity
TWV 1:934,"In den Seilen deiner Liebe, Jesu",Cantata,,,,Feast of Easter
TWV 1:935,In der Angst rief ich,Cantata,,,,21st Sunday after Trinity
TWV 1:936,In der Welt habet ihr Angst,Cantata,,,,3rd Sunday after Easter
TWV 1:937,"In dich hab ich gehoffet, Herr",Cantata,,,,23rd Sunday after Trinity
TWV 1:938,In dich wollst du mich,Cantata,,,,20th Sunday after Trinity
TWV 1:939,In dulci jubilo,Cantata,,,,3rd Day of Feast of Christmas
TWV 1:940,In Ephraim sind allenthalben Lügen,Cantata,,,,17th Sunday after Trinity
TWV 1:941,In gering und rauhen Schalen,Cantata,,,,1st Sunday after Epiphany
TWV 1:942,In Gott vergnügt zu leben,Cantata,,,,Feast of Trinity
TWV 1:943,In ihren Bitten sind die meisten,Cantata,,,,2nd Sunday after Epiphany
TWV 1:944,Ist auch ein Kreuz bitter und schwer,Cantata,,,,13rd Sunday after Trinity
TWV 1:945,Ist deine Stunde bald zugegen,Cantata,,,,2nd Sunday after Epiphany
TWV 1:946,Ist Gott versöhnt und,Cantata,,,,New Year
TWV 1:947,Ist gleich der Glaube schwach und klein,Cantata,,,,11st Sunday after Trinity
TWV 1:948,Ist Widerwärtigkeit den Frommen eigen,Cantata,,,,2nd Sunday after Epiphany
TWV 1:949,"Ja, selig sind, die Gottes Wort",Cantata,,,,Sunday of the Sexagésime
TWV 1:950,Jauchze du Tochter Zion,Cantata,,,,New Year
TWV 1:951,Jauchzet dem Herrn alle Welt,Cantata,,,,Feast of Trinity
TWV 1:952,Jauchzet dem Herrn alle Welt,Cantata,,,,New Year
TWV 1:953,"Jauchzet, frohlocket",Cantata,,,,2nd Day of Feast of Christmas
TWV 1:954,Jauchzet Gott alle Lande,Cantata,,,,Feast of the Ascension
TWV 1:955,"Jauchzet, ihr Christen",Cantata,,,,3rd Day of Feast of Easter
TWV 1:956,"Jauchzet, ihr getreuen Herze",Cantata,,,,Cantates diverses
TWV 1:957,"Jauchzet ihr Himmel, freue dich Erde",Cantata,,,,4th dimanche du Lent
TWV 1:958,"Jauchzet, ihr Himmel, freue dich Erde",Cantata,,,,Feast of the Assomption of Marie
TWV 1:959,Jauchzt dem Höchsten alle Welt,Cantata,,,,Feast of Easter
TWV 1:960,Jedermann sei untertan der Obrigkeit,Cantata,,,,23rd Sunday after Trinity
TWV 1:961,Jedermann sei untertan,Cantata,,,,23rd Sunday after Trinity
TWV 1:962,Jedermann sei untertan der Obrigkeit,Cantata,,,,23rd Sunday after Trinity
TWV 1:963,Jesu durch den Auferstehen,Cantata,,,,3rd Day of Feast of Easter
TWV 1:964,"Jesu, in deinem Namen bin ich heute",Cantata,,,,New Year
TWV 1:965,Jesu meine Freude,Cantata,,,,13rd Sunday after Trinity
TWV 1:966,Jesu meine Freude,Cantata,,,,20th Sunday after Trinity
TWV 1:967,Jesu meine Freude,Cantata,,,,6th Sunday after Epiphany
TWV 1:968,Jesu meine Freude,Cantata,,,,Feast of Christmas
TWV 1:969,Jesu meine Freude,Cantata,,,,20th Sunday after Trinity
TWV 1:970,Jesu meine Freude,Cantata,,,,Cantate-chorale
TWV 1:971,Jesu meine Freude,Cantata,,,,2nd Day of Feast of Christmas
TWV 1:972,Jesu meine Freude,Cantata,,,,2nd Day of Feast of Christmas
TWV 1:973,Jesu meine Freude,Cantata,,,,Cantate-chorale pour la communion
TWV 1:974,Jesu meiner Seelen Weide,Cantata,,,,Cantates diverses
TWV 1:975,Jesus Christus ist kommen und hat,Cantata,,,,3rd Day of Feast of Easter
TWV 1:976,Jesus Christus unser Heiland,Cantata,,,,3rd Day of Feast of Easter
TWV 1:977,Jesus Christus wohnt uns bei,Cantata,,,,1st dimanche du Lent
TWV 1:978,"Jesus der mein Heiland, lebt",Cantata,,,,2nd Sunday after Easter
TWV 1:979,"Jesus der mein Heiland, lebt",Cantata,,,,2nd Day of Feast of Easter
TWV 1:980,Jesus ist der Heilands-Name,Cantata,,,,Autres cantates (Fête du St-Nom of Jésus)
TWV 1:981,Jesus ist der Heilands-Name,Cantata,,,,Autres cantates (Fête du St-Nom of Jésus)
TWV 1:982,Jesus Liebe mich vergnuget,Cantata,,,,Cantates diverses
TWV 1:983,Jesus liegt in letzten Zugen,Cantata,,,,Cantates diverses
TWV 1:984,Jesus meine Zuversicht,Cantata,,,,Cantate-chorale
TWV 1:985,Jesus nimmt die Sünder an,Cantata,,,,Cantate-chorale
TWV 1:986,Jesus sei mein erstes Wort,Cantata,,,,5th Sunday after Trinity
TWV 1:987,Jesus tilget alle Sünden,Cantata,,,,3rd Sunday after Trinity
TWV 1:988,"Jesu, wirst du bald erscheinen",Cantata,,,,26th Sunday after Trinity
TWV 1:989,Jetzt geht der Lebensfürst zum Tode,Cantata,,,,Palm Sunday
TWV 1:990,Kann man auch Trauben lesen,Cantata,,,,8th Sunday after Trinity
TWV 1:991,Kaum ist der Heiland auf der Erden,Cantata,,,,New Year
TWV 1:992,"Kaum wag ich es, dir, Richter, mich zu nahn",Cantata,,,,19th Sunday after Trinity
TWV 1:993,Kein Hirte kann so fleissig gehen,Cantata,,,,3rd Sunday after Trinity
TWV 1:994,Kein Vogel kann in Weiten fliegen,Cantata,,,,10th Sunday after Trinity
TWV 1:995,"Kein Zepter, keine Krone eucht er",Cantata,,,,1st Sunday after Epiphany
TWV 1:996,"Kinder, es ist die letzte Stunde",Cantata,,,,27th Sunday after Trinity
TWV 1:997,"Kinder, es ist die letzte Stunde",Cantata,,,,8th Sunday after Trinity
TWV 1:998,"Kommet herzu, lasset uns den Herrn",Cantata,,,,14th Sunday after Trinity
TWV 1:999,"Komm, Geist des Herrn",Cantata,,,,Feast of the Pentecost
TWV 1:1000,"Komm Gnadentau, befeuchte mich",Cantata,,,,Feast of the Pentecost
TWV 1:1001,"Komm heiliger Geist, Herre Gott",Cantata,,,,Feast of the Pentecost
TWV 1:1002,"Komm heiliger Geist, Herre Gott",Cantata,,,,Feast of the Pentecost
TWV 1:1003,"Kommt alle, die ihr traurig seid",Cantata,,,,3rd Sunday after Epiphany
TWV 1:1004,"Kommt alle, die von so manchem Sündenfalle",Cantata,,,,3rd Sunday after Trinity
TWV 1:1005,"Kommt, Christen, lasst uns Christus fragen",Cantata,,,,3rd dimanche of Advent
TWV 1:1006,"Kommt, die Tafel ist (steht) gedeckt",Cantata,,,,2nd Sunday after Trinity
TWV 1:1007,"Kommt her zu mit alle, die",Cantata,,,,2nd Sunday after Trinity
TWV 1:1008,"Kommt her zu mit alle, die",Cantata,,,,2nd Sunday after Trinity
TWV 1:1009,"Kommt herzu, lasset uns",Cantata,,,,Cantates diverses
TWV 1:1010,"Kommt, ihr Schäflein, lasst euch weiden",Cantata,,,,2nd Sunday after Easter
TWV 1:1011,"Kommt, ihr Sünder, kommt heran",Cantata,,,,3rd Sunday after Trinity
TWV 1:1012,"Kommt, lasset uns anbeten",Cantata,,,,3rd Day of Feast of Pentecost
TWV 1:1013,Kommt und lasst uns Jesum lehren,Cantata,,,,18th Sunday after Trinity
TWV 1:1014,"Kommt, verruchte Sodoms-Knechte",Cantata,,,,10th Sunday after Trinity
TWV 1:1015,"Kränke dich nur nicht, mein",Cantata,,,,Sunday after the Feast of Christmas
TWV 1:1016,"Kreuz, Verfolgung, Blut und Mord",Cantata,,,,Sunday after the Ascension
TWV 1:1017,Kündlich gross ist das gottselige Geheimnis,Cantata,,,,3rd Day of Feast of Christmas
TWV 1:1018,Kündlich gross ist dass gottselige Geheimnis,Cantata,,,,2nd Day of Feast of Christmas
TWV 1:1019,Kündlich gross ist das gottselige Geheimnis,Cantata,,,,Feast of Christmas
TWV 1:1020,Kündlich gross ist das gottselige Geheimnis,Cantata,,,,Feast of Christmas
TWV 1:1021,Lasset das Wort Christi unter,Cantata,,,,5th Sunday after Epiphany
TWV 1:1022,Lasset mich voll Freude sprechen,Cantata,,,,4th dimanche of Advent
TWV 1:1023,Lasset uns aufsehen auf Jesum,Cantata,,,,Sunday of the Quinquagésime
TWV 1:1024,"Lasset uns beweisen, als die Diener Gottes",Cantata,,,,Sunday after the Ascension
TWV 1:1025,Lasset uns den Herrn preisen,Cantata,,,,1st Sunday after Easter
TWV 1:1026,Lasset uns Gott lieben,Cantata,,,,18th Sunday after Trinity
TWV 1:1027,Lasset uns Gott lieben,Cantata,,,,3rd Day of Feast of Pentecost
TWV 1:1028,Lasset uns nicht eitler Ehre geizig sein,Cantata,,,,17th Sunday after Trinity
TWV 1:1029,Lasset uns rechtschaffen sein,Cantata,,,,1st Sunday after Epiphany
TWV 1:1030,Lasset uns rechtschaffen sein,Cantata,,,,5th Sunday after Epiphany
TWV 1:1031,Lasset uns von Gott singen,Cantata,,,,Cantate-chorale pour la communion
TWV 1:1032,Lasset uns zu Gottes Haus kehren,Cantata,,,,1st Sunday after Epiphany
TWV 1:1033,Lass mich an andern üben,Cantata,,,,24th Sunday after Trinity
TWV 1:1034,Lass mich beizeit mein Haus bestellen,Cantata,,,,Feast of Trinity
TWV 1:1035,Lass mich durch deine Nägelmahle,Cantata,,,,1st Sunday after Easter
TWV 1:1036,Lasst uns eins ums andre singen,Cantata,,,,Cantates diverses
TWV 1:1037,"Lass mich, o mein Gott",Cantata,,,,7th Sunday after Trinity
TWV 1:1038,Lass vom Bösen und tue Gutes,Cantata,,,,4th Sunday after Epiphany
TWV 1:1039,Lass Weisheit und Verstand,Cantata,,,,1st Sunday after Epiphany
TWV 1:1040,"Lauter Wonne, lauter Freude",Cantata,,,,4th dimanche of Advent
TWV 1:1041,"Leben wir, so leben wir dem Herrn",Cantata,,,,Feast of the Purification of Marie
TWV 1:1042,"Lehre uns bedenken, dass wir sterben mussen",Cantata,,,,9th Sunday after Trinity
TWV 1:1043,"Lehre uns bedenken, dass wir sterben müssen",Cantata,,,,27th Sunday after Trinity
TWV 1:1044,"Liebe, die vom Himmel flammet",Cantata,,,,5th Sunday after Epiphany
TWV 1:1045,"Liebe, Liebe muss der Christen Merkmal seih",Cantata,,,,13rd Sunday after Trinity
TWV 1:1046,"Liebet eure Feinde, segnet",Cantata,,,,6th Sunday after Trinity
TWV 1:1047,Liebet eure Feinde,Cantata,,,,4th Sunday after Trinity
TWV 1:1048,Leiblicher Saiten ergötzendes Schallen,Cantata,,,,4th dimanche of Advent
TWV 1:1049,"Liebster Heiland, dein Verlangen",Cantata,,,,10th Sunday after Trinity
TWV 1:1050,"Liebster Jesu, deine Liebe",Cantata,,,,25th Sunday after Trinity
TWV 1:1051,"Liebster Jesu, kehre wieder",Cantata,,,,1st Sunday after Epiphany
TWV 1:1052,Liebster Jesu meine Lust,Cantata,,,,18th Sunday after Trinity
TWV 1:1053,"Lobe den Herrn meine Seele, Halleluja",Cantata,,,,Feast of the Visitation of Marie
TWV 1:1054,Lobe den Herrn meine Seele und,Cantata,,,,12nd Sunday after Trinity
TWV 1:1055,Lobe den Herrn meine Seele,Cantata,,,,Feast of Epiphany
TWV 1:1056,Lobe den Herrn meine Seele,Cantata,,,,7th Sunday after Trinity
TWV 1:1057,"Lob, Ehr und Preis sei Gott",Cantata,,,,Feast of Saint-Michel
TWV 1:1058,Lobet den Herrn alle Heiden,Cantata,,,,Feast of Epiphany
TWV 1:1059,Lobet den Herrn alle Heiden,Cantata,,,,Feast of Epiphany
TWV 1:1060,Lobet den Herrn alle Heiden,Cantata,,,,Feast of Saint-Jean-Baptiste
TWV 1:1061,"Lobet den Herrn, alle seine Heerscharen",Cantata,,,,New Year
TWV 1:1062,"Lobet den Herrn, ihr seine Engel",Cantata,,,,16th Sunday after Trinity
TWV 1:1063,"Lobet den Herrn, ihr seine Engel",Cantata,,,,Feast of Saint-Michel
TWV 1:1064,Lobsinget dem Herrn,Cantata,,,,New Year
TWV 1:1065,Lobsinget dem Herrn,Cantata,,,,Feast of the Visitation of Marie
TWV 1:1066,Lobt Gott ihr Christen allzugleich,Cantata,,,,Feast of Christmas
TWV 1:1067,Lobt ihn mit Herz und Munde,Cantata,,,,Feast of the Visitation of Marie
TWV 1:1068,Lobt ihr Engel insgemein,Cantata,,,,Feast of Saint-Michel
TWV 1:1069,"Locke nur, Erde, mit",Cantata,,,,23rd Sunday after Trinity
TWV 1:1070,"Mache dich auf, werde Licht",Cantata,,,,Feast of Christmas
TWV 1:1071,"Mache dich auf, werde Licht",Cantata,,,,Feast of Epiphany
TWV 1:1072,"Mache dich auf, werde Licht",Cantata,,,,Feast of Epiphany
TWV 1:1073,"Machet Bahn dem, der da sanft herfähret",Cantata,,,,Feast of the Pentecost
TWV 1:1074,Machet die Tore weit,Cantata,,,,1st dimanche of Advent
TWV 1:1075,Machet die Tore weit,Cantata,,,,1st dimanche of Advent
TWV 1:1076,Machet euch Freunde mit dem ungerechten Mammom,Cantata,,,,9th Sunday after Trinity
TWV 1:1077,Machet euch Freunde mit dem ungerechten Mammom,Cantata,,,,9th Sunday after Trinity
TWV 1:1078,Machet keusch eure Seelen,Cantata,,,,Sunday of the Sexagésime
TWV 1:1079,Mach mich an meiner Seele reich,Cantata,,,,15th Sunday after Trinity
TWV 1:1080,Mach mir stets zuckersüss,Cantata,,,,2nd Sunday after Trinity
TWV 1:1081,"Man bete, wie uns Jesus lehret",Cantata,,,,Feast of Rogations
TWV 1:1082,Man muss nicht zu seht trauern,Cantata,,,,24th Sunday after Trinity
TWV 1:1083,Man schicke sich in Gottes Wille,Cantata,,,,3rd Sunday after Epiphany
TWV 1:1084,Man singet mit Freuden vom Sieg,Cantata,,,,1st dimanche du Lent
TWV 1:1085,Man singet mit Freuden vom Sieg,Cantata,,,,Feast of Easter
TWV 1:1086,Man singet mit Freuden vom Sieg,Cantata,,,,Feast of Easter
TWV 1:1087,Man singet mit Freuden vom Sieg,Cantata,,,,Feast of Easter
TWV 1:1088,Man singet mit Freuden vom Sieg,Cantata,,,,Feast of Easter
TWV 1:1089,Maria stund auf in den Tagen,Cantata,,,,Feast of the Visitation of Marie
TWV 1:1090,Mein Alter kömmt,Cantata,,,,Feast of the Purification of Marie
TWV 1:1091,"Mein Christ, stellet sich bei dir",Cantata,,,,7th Sunday after Trinity
TWV 1:1092,Meine Angst des Herzens ist unsäglich,Cantata,,,,19th Sunday after Trinity
TWV 1:1093,Meine Augen sehen stets zu dem,Cantata,,,,3rd dimanche du Lent
TWV 1:1094,"Meine Brüder, seid stark in dem Herrn",Cantata,,,,3rd dimanche du Lent
TWV 1:1095,Meine Liebe lebt in Gott,Cantata,,,,2nd Day of Feast of Pentecost
TWV 1:1096,Meinem Jesum will ich singen,Cantata,,,,3rd Sunday after Easter
TWV 1:1097,Meinen Jesum lass ich nicht,Cantata,,,,Feast of the Purification of Marie
TWV 1:1098,Meine Jesum will ich lieben,Cantata,,,,Feast of the Purification of Marie
TWV 1:1099,Meine Rede bleibt betrubt,Cantata,,,,Cantates diverses
TWV 1:1100,Meines Bleibens ist nicht hier,Cantata,,,,2nd Day of Feast of Easter
TWV 1:1101,Meines Bleibens ist nicht hier,Cantata,,,,2nd Day of Feast of Easter
TWV 1:1102,Meine Schafe hören meine Stimme,Cantata,,,,2nd Sunday after Easter
TWV 1:1103,Meine Schafe hören meine Stimme,Cantata,,,,2nd Sunday after Easter
TWV 1:1104,Meine Seele erhebt den Herrn,Cantata,,,,Feast of the Visitation of Marie
TWV 1:1105,Meine Seele erhebet den Herrn,Cantata,,,,Feast of the Assomption of Marie
TWV 1:1106,Meine Seele erhebet den Herrn,Cantata,,,,Feast of the Assomption of Marie
TWV 1:1107,Meine Seele erhebt den Herrn,Cantata,,,,Feast of the Visitation of Marie
TWV 1:1108,Meine Seele erhebt den Herrn,Cantata,,,,Feast of the Visitation of Marie
TWV 1:1109,Meine Seele harret nur auf Gott,Cantata,,,,2nd dimanche du Lent
TWV 1:1110,Meine Seele trägt Verlangen,Cantata,,,,Sunday after the Ascension
TWV 1:1111,Mein Glaubenslicht ist schwach,Cantata,,,,1st Sunday after Easter
TWV 1:1112,"Mein Gott, ich bin gesinnt",Cantata,,,,7th Sunday after Trinity
TWV 1:1113,"Mein Gott, ich habe missgehandelt",Cantata,,,,13rd Sunday after Trinity
TWV 1:1114,"Mein Gott, ich schäme mich",Cantata,,,,22nd Sunday after Trinity
TWV 1:1115,Mein Herz ängstet sich,Cantata,,,,1st Sunday after Easter
TWV 1:1116,"Mein Herze, heg Barmherzigkeit",Cantata,,,,4th Sunday after Trinity
TWV 1:1117,"Mein Herz, warum betrubst du dich",Cantata,,,,2nd Sunday after Epiphany
TWV 1:1118,"Mein Herz, was kränkest du dich",Cantata,,,,15th Sunday after Trinity
TWV 1:1119,"Mein Jesu, ist dies denn verborgen",Cantata,,,,2nd Sunday after Epiphany
TWV 1:1120,"Mein Jesu, meines Herzens Freude",Cantata,,,,3rd Day of Feast of Pentecost
TWV 1:1121,Mein Jesus ist der Herzens Weide,Cantata,,,,4th Sunday after Easter
TWV 1:1122,Mein Jesus ist mein Leben,Cantata,,,,Cantates diverses
TWV 1:1123,Mein Jesus ist mein treuer Hirt,Cantata,,,,2nd Sunday after Easter
TWV 1:1124,Mein Jesus nimmt die Kranken an,Cantata,,,,3rd dimanche of Advent
TWV 1:1125,Mein Jesus starb und lebt durch sich,Cantata,,,,Feast of Easter
TWV 1:1126,Mein Jesus wird gewisslich kommen,Cantata,,,,2nd dimanche of Advent
TWV 1:1127,Mein Jesus wirft mit voller Hand,Cantata,,,,Sunday of the Sexagésime
TWV 1:1128,"Mein Kind, verwirf die Zucht des Herrn nicht",Cantata,,,,21st Sunday after Trinity
TWV 1:1129,"Mein Kind, willtu Gottes Diener sein",Cantata,,,,3rd dimanche of Advent
TWV 1:1130,"Mein Kind, willt du Gottes Diener sein",Cantata,,,,3rd dimanche of Advent
TWV 1:1131,Mein lieber Gott allein,Cantata,,,,2nd Sunday after Easter
TWV 1:1132,Mein Schutz und Hülfe kommt,Cantata,,,,19th Sunday after Trinity
TWV 1:1133,Mein Schade ist verzweifelt bose,Cantata,,,,Cantates diverses
TWV 1:1134,Mein Sünd mich werden kränken sehr,Cantata,,,,19th Sunday after Trinity
TWV 1:1135,"Me miserum, miseriarum conflictu",Cantata,,,,Cantates diverses
TWV 1:1136,"Michael, wer ist wie Gott",Cantata,,,,Feast of Saint-Michel
TWV 1:1137,Mir hat die Welt trüglich Gericht,Cantata,,,,17th Sunday after Trinity
TWV 1:1138,Mir hat die Welt trüglich Gericht,Cantata,,,,3rd dimanche du Lent
TWV 1:1139,Mir stehet keine Weltlust an,Cantata,,,,Feast of the Ascension
TWV 1:1140,Mit Fried und Freud ich fahr dahin,Cantata,,,,Feast of the Purification of Marie
TWV 1:1141,Mit Gott im Gnadenbunde stehen,Cantata,,,,3rd Sunday after Epiphany
TWV 1:1142,Mit Gott im Gnadenbunde stehen,Cantata,,,,4th Sunday after Easter
TWV 1:1143,Mitten unter den Gedanken,Cantata,,,,3rd Day of Feast of Easter
TWV 1:1144,"Möcht ich, Jesu, mein Amt verwalten",Cantata,,,,Feast of the Pentecost
TWV 1:1145,"Muntre Gedanken, fliehet",Cantata,,,,Feast of Epiphany
TWV 1:1146,Muss nicht ein Mensch immer im Streit sein,Cantata,,,,1st dimanche du Lent
TWV 1:1147,Nach ausgelöchtem Feindschafts-Feuer,Cantata,,,,3rd Day of Feast of Easter
TWV 1:1148,"Nach dem Weinen, nach dem Leiden",Cantata,,,,3rd Sunday after Easter
TWV 1:1149,Nach dir will ich mich sehnen,Cantata,,,,4th Sunday after Easter
TWV 1:1150,Nach Finsternis und Todesschatten,Cantata,,,,Feast of Saint-Jean-Baptiste
TWV 1:1151,Nach seiner Barmherzigkeit,Cantata,,,,Feast of Trinity
TWV 1:1152,"Nehmt hin, ihr Reichen dieser Welt",Cantata,,,,1st Sunday after Trinity
TWV 1:1153,"Nichts, nichts kann mich",Cantata,,,,1st dimanche du Lent
TWV 1:1154,Nicht über eine kleine Weile,Cantata,,,,27th Sunday after Trinity
TWV 1:1155,"Nicht uns, Herr, nicht uns",Cantata,,,,4th dimanche of Advent
TWV 1:1156,Nicht viel Weise nach dem Fleisch,Cantata,,,,Sunday of the Septuagésime
TWV 1:1157,Neidrigkeit ist ein Spott,Cantata,,,,Sunday after the Feast of Christmas
TWV 1:1158,Niemand kann in den Himmel kommen,Cantata,,,,Feast of the Ascension
TWV 1:1159,"Nimm von uns Herr, du treuer Gott",Cantata,,,,10th Sunday after Trinity
TWV 1:1160,"Nimm nicht zu Herzen, was die Rotten",Cantata,,,,18th Sunday after Trinity
TWV 1:1161,"Nun aber, die ihr in Christo Jesu seid",Cantata,,,,1st Sunday after Easter
TWV 1:1162,Nun aber gahe ich hin,Cantata,,,,4th Sunday after Easter
TWV 1:1163,Nun aber gehe ich hin,Cantata,,,,4th Sunday after Easter
TWV 1:1164,Nun aber gehe ich hin zu dem,Cantata,,,,Sunday after the Feast of Christmas
TWV 1:1165,Nun danket alle Gott,Cantata,,,,New Year
TWV 1:1166,Nun danket alle Gott,Cantata,,,,Cantate pour la fête d'action of grâces
TWV 1:1167,"Nun freut euch, Gottes Kinder",Cantata,,,,Feast of the Ascension
TWV 1:1168,Nun freut euch liebe Christengemein,Cantata,,,,2nd Day of Feast of Easter
TWV 1:1169,Nun freut euch liebe Christengemein,Cantata,,,,2nd Day of Feast of Easter
TWV 1:1170,Nun ist das Heil und die Kraft,Cantata,,,,Feast of Saint-Michel
TWV 1:1171,Nun ist das Heil und die Kraft,Cantata,,,,Feast of Saint-Michel
TWV 1:1172,Nun ist das Heil und die Kraft,Cantata,,,,Feast of Saint-Michel
TWV 1:1173,Nun ist das Reich des göttlichen Sohnes,Cantata,,,,Feast of the Pentecost
TWV 1:1174,Num komm der Heiden Heiland,Cantata,,,,1st dimanche of Advent
TWV 1:1175,Nun komm der Heiden Heiland,Cantata,,,,1st dimanche of Advent
TWV 1:1176,Nun komm der Heiden Heiland,Cantata,,,,1st dimanche of Advent
TWV 1:1177,Nun komm der Heiden Heiland,Cantata,,"I. [Tutti] „Nun komm der Heiden Heiland“ (a-Moll)
II. Arie „Gottlob, der Heiland ist gekommen“ (C-Dur)
III. Rezitativ „Zwar Jesus kam ins Fleisch“ (C-Dur)
IV. Arie „Gottlob, der Himmel steht uns offen“ (C-Dur)
V. [Tutti = Nr. I] da capo, alla breve „Nun komm der Heiden Heiland“
VI. Rezitativ [– Arioso – Rezitativ] „Da auch zur Herzenslust der Frommen“ (C-Dur)
VII. Arie „Rein im Glauben, rein im Herzen“ (f-Moll)
VIII. Conclusio „Schaffe in mir, Gott, ein rein Herz“ (A-Dur)",,1st dimanche of Advent
TWV 1:1178,Nun komm der Heiden Heiland,Cantata,,,,1st dimanche of Advent
TWV 1:1179,Nun kommt die grosse Marterwoche,Cantata,,,,Palm Sunday
TWV 1:1180,Nun lass uns Gott den Herrn,Cantata,,,,4th Sunday after Easter
TWV 1:1181,Nun lernet dich mein Herze kennen,Cantata,,,,Sunday after the New Year
TWV 1:1182,Nunmehr hab ich ausgeruft (?),Cantata,,,,12nd Sunday after Trinity
TWV 1:1183,Nun weicht ihr trüben Trauerstuden,Cantata,,,,Feast of the Assomption of Marie
TWV 1:1184,Nun wir denn sind gerecht worden,Cantata,,,,1st Sunday after Easter
TWV 1:1185,Nur getrost und unverzagt,Cantata,,,,Feast of Rogations
TWV 1:1186,Ob bei uns ist der Sünden viel,Cantata,,,,3rd Sunday after Trinity
TWV 1:1187,Ob Menschen klug und weise,Cantata,,,,1st Sunday after Epiphany
TWV 1:1188,O ein gütiges Befehlen,Cantata,,,,15th Sunday after Trinity
TWV 1:1189,"O Ewigkeit, o Ewigkeir, wer denkt an dich",Cantata,,,,1st Sunday after Trinity
TWV 1:1190,"O fröhliche Stunden, der Lebensfürst lebt",Cantata,,,,Feast of Easter
TWV 1:1191,"O Gotteslamm, o Liebesflamm",Cantata,,,,18th Sunday after Trinity
TWV 1:1192,"O Gottes Sohn, Herr Jesu Christ",Cantata,,,,21st Sunday after Trinity
TWV 1:1193,"O Gott, gedenke mein am besten",Cantata,,,,Cantates diverses
TWV 1:1194,"O Gott, wie gross ist deine Güte",Cantata,,,,Sunday of the Septuagésime
TWV 1:1195,O grosse Lieb,Cantata,,,,Sunday of the Quinquagésime
TWV 1:1196,O grosser Gott von Macht,Cantata,,,,10th Sunday after Trinity
TWV 1:1197,"O heilige Zeit, wo Himmel",Cantata,,,,Feast of Christmas
TWV 1:1198,Ohne Glaube ist's ohnmöglich,Cantata,,,,3rd Sunday after Epiphany
TWV 1:1199,Ohne Glaube ist's unmöglich,Cantata,,,,1st Sunday after Easter
TWV 1:1200,"O Jesu Christ, dein",Cantata,,,,2nd Day of Feast of Christmas
TWV 1:1201,"O Jesu, meine Wonne",Cantata,,,,20th Sunday after Trinity
TWV 1:1202,"O Jesu, treuer Hirte",Cantata,,,,2nd Sunday after Easter
TWV 1:1203,"O Land, höre des Herrn Wort",Cantata,,,,10th Sunday after Trinity
TWV 1:1204,"O liebster Gott, was mangelt mir",Cantata,,,,Feast of the Pentecost
TWV 1:1205,"O mein Gott, vor den ich trete",Cantata,,,,1st Sunday after Easter
TWV 1:1206,"O mein Gott, vor den ich trete",Cantata,,,,1st Sunday after Easter
TWV 1:1207,"O Mensch, bedenke stets dein Ende",Cantata,,,,1st Sunday after Trinity
TWV 1:1208,"O Mensch, bedenk doch in der Zeit",Cantata,,,,10th Sunday after Trinity
TWV 1:1209,"O Mensch, wer du auch immer bist",Cantata,,,,9th Sunday after Trinity
TWV 1:1210,Opfre Gott Dank,Cantata,,,,23rd Sunday after Trinity
TWV 1:1211,"O selig ist, wer Jesum schauet",Cantata,,,,13rd Sunday after Trinity
TWV 1:1212,"O seliges Vergnügen, o heilige Lust",Cantata,,,,Cantate-chorale pour la communion
TWV 1:1213,O seltnes Meisterstück der Liebe,Cantata,,,,3rd Day of Feast of Christmas
TWV 1:1214,"O setze alles Leid hintan, o Seele",Cantata,,,,Feast of the Pentecost
TWV 1:1215,O tausendmal gewünschter Tag,Cantata,,,,Feast of the Assomption of Marie
TWV 1:1216,"O weh, schaut der Egypter Heer",Cantata,,,,Feast of Saint-Jean-Baptiste
TWV 1:1217,O wie herrlich wirds im Himmel,Cantata,,,,Feast of the Purification of Marie
TWV 1:1218,O wie herrlich wirds im Himmel,Cantata,,,,Feast of the Purification of Marie
TWV 1:1219,"O, wie ist die Barmherzigkeit des Herrn",Cantata,,,,12nd Sunday after Trinity
TWV 1:1220,O wie selig ist die Stunde,Cantata,,,,6th Sunday after Trinity
TWV 1:1221,O wie wird der Mensch geliebt,Cantata,,,,Cantates diverses
TWV 1:1222,"Packe dich, gelähmter Drache",Cantata,,,,Feast of Saint-Michel
TWV 1:1223,Posaunen wird man hören gehn,Cantata,,,,26th Sunday after Trinity
TWV 1:1224,Preise Jerusalem den Herrn,Cantata,,,,New Year
TWV 1:1225,Redet untereinander mit Psalmen und Lobgesang,Cantata,,,,New Year
TWV 1:1226,Redet untereinander mit Psalmen und Lobgesang,Cantata,,,,Feast of the Visitation of Marie
TWV 1:1227,Reichtum und alle Schatze,Cantata,,,,Cantates diverses
TWV 1:1228,"Reiner Geist, lass doch mein Herze",Cantata,,,,Feast of the Pentecost
TWV 1:1229,"Reiss los, reiss vom Leibe",Cantata,,,,6th Sunday after Epiphany
TWV 1:1230,Ruft es aus in alle Welt,Cantata,,,,Feast of Christmas
TWV 1:1231,"Sage mir an, du, den meine Seele liebet",Cantata,,,,1st Sunday after Epiphany
TWV 1:1232,"Sage nicht, ich bin ein Christ",Cantata,,,,4th Sunday after the Trinity
TWV 1:1233,Saget dem verzagten Herzen,Cantata,,,,1st Sunday of Advent
TWV 1:1234,Saget der Tochter Zion,Cantata,,,,1st Sunday of Advent
TWV 1:1235,Saget der Tochter Zion: Siehe dein Heil,Cantata,,,,1st Sunday of Advent
TWV 1:1236,Sanftmut und Geduld sind die Schilder,Cantata,,,,3rd Sunday of Lent
TWV 1:1237,Schaffe in mir Gott ein reines Herz,Cantata,,,,Feast of the Pentecost
TWV 1:1238,Schaffe in mir Gott ein reines Herz,Cantata,,,,Feast of the Pentecost
TWV 1:1239,Schaffe in mir Gott ein reines Herz,Cantata,,,,Feast of the Purification of Marie
TWV 1:1240,Schaffe in mir Gott ein reines Herz,Cantata,,,,Cantate-chorale pour la communion
TWV 1:1241,Schaffe in mir Gott ein reines Herz,Cantata,,,,2nd day of the Feast of the Pentecost
TWV 1:1242,Schaue Zion dir Stadt unsers Stifts,Cantata,,,,New Year
TWV 1:1243,Schau nach Sodom nicht zurücke,Cantata,,,,14th Sunday after the Trinity
TWV 1:1244,"Schau Seele, Jesus geht zum Vater",Cantata,,,,4th Sunday after Easter
TWV 1:1245,"Schaut, die Demuts-Palmen tragen",Cantata,,,,Palm Sunday
TWV 1:1246,Schicket euch in die Welt,Cantata,,,,25th Sunday after the Trinity
TWV 1:1247,Schicket euch in die Zeit,Cantata,,,,25th Sunday after the Trinity
TWV 1:1248,"Schlage bald, erwünschte Stunde",Cantata,,,,2nd Sunday after Epiphany
TWV 1:1249,"Schmecket und sehet, wie freundlich",Cantata,,,,2nd day of the Feast of Christmas
TWV 1:1250,"Schmecket und sehet, wie freundlich der Herr",Cantata,,,,7th Sunday after the Trinity
TWV 1:1251,"Schmecket und sehet, wie freundlich der Herr",Cantata,,,,Feast of Christmas
TWV 1:1252,Schmecket und sehet unsres Gottes,Cantata,,,,Sunday after le New Year
TWV 1:1253,"Schmücke dich, o liebe Seele",Cantata,,,,22nd Sunday after the Trinity
TWV 1:1254,"Schmücke dich, o liebe Seele",Cantata,,,,Cantates diverses
TWV 1:1255,Schmücket das Fest mit Mayen,Cantata,,,,Feast of the Pentecost
TWV 1:1256,Schmücket das frohe Fest mit Mayen,Cantata,,,,2nd day of the Feast of the Pentecost
TWV 1:1257,Schwing dich auf zu deinem Gott,Cantata,,,,4th Sunday after Easter
TWV 1:1258,"Seele, lerne dich erkennen",Cantata,,,,Sunday of the Quinquagésime
TWV 1:1259,Sehet an die Exempel der Alten,Cantata,,,,2nd Sunday after Epiphany
TWV 1:1260,Sehet auf und hebet eure,Cantata,,,,2nd Sunday of Advent
TWV 1:1261,"Sehet darauf, dass nicht jemand",Cantata,,,,10th Sunday after the Trinity
TWV 1:1262,"Sehet nun zu, wie ihr fürsichtiglich wandelt",Cantata,,,,8th Sunday after the Trinity
TWV 1:1263,"Sehet, wir gehn hinauf nach Jerusalem",Cantata,,,,Sunday of the Quinquagésime
TWV 1:1264,"Sehet, wir gehen hinauf nach Jerusalem",Cantata,,,,Sunday of the Quinquagésime
TWV 1:1265,"Sehet, wir gehen hinauf nach Jerusalem",Cantata,,,,Sunday of the Quinquagésime
TWV 1:1266,Seid allesamt gleichgesinnt,Cantata,,,,6th Sunday after the Trinity
TWV 1:1267,Seid allezeit bereit zur,Cantata,,,,4th Sunday of Advent
TWV 1:1268,"Seid barmherzig, wie auch euer Vater",Cantata,,,,4th Sunday after the Trinity
TWV 1:1269,Seid dankbar in allen Dingen,Cantata,,,,14th Sunday after the Trinity
TWV 1:1270,"Seid getrost, fürchtet euch nicht",Cantata,,,,3rd Sunday of Lent
TWV 1:1271,Seid getrost und hoch erfreut,Cantata,,,,26th Sunday after the Trinity
TWV 1:1272,Seid ihr mit Christo auferstanden,Cantata,,,,Feast of the Ascension
TWV 1:1273,Seid nüchtern und wachet,Cantata,,,,5th Sunday after Epiphany
TWV 1:1274,Seid nüchtern und wachet,Cantata,,,,1st Sunday of Lent
TWV 1:1275,Seid nüchtern und wachet,Cantata,,,,5th Sunday after Epiphany
TWV 1:1276,Seid nüchtern und wachet,Cantata,,,,1st Sunday after Easter
TWV 1:1277,Seid nüchtern und wachet,Cantata,,,,5th Sunday after Epiphany
TWV 1:1278,Seid nüchtern und wachet,Cantata,,,,1st Sunday of Lent
TWV 1:1279,Seid stark in dem Herrn und in seiner Macht,Cantata,,,,1st Sunday of Lent
TWV 1:1280,Seid stark in dem Herrn,Cantata,,,,Sunday of the Quinquagésime
TWV 1:1281,Seid wacker alle Zeit und betet,Cantata,,,,2nd Sunday of Advent
TWV 1:1282,Sei du mein Anfang,Cantata,,,,1st Sunday of Advent
TWV 1:1283,Sei getreu bis in den Tod,Cantata,,,,3rd Sunday of Advent
TWV 1:1284,Sei getreu bis in den Tod,Cantata,,,,Sunday after the Ascension
TWV 1:1285,Sei getrost in deinem Leiden,Cantata,,,,19th Sunday after the Trinity
TWV 1:1286,"Sei Herr Jesu, sei gepriesen",Cantata,,,,4th Sunday after Easter
TWV 1:1287,Sei Jesu treu bis in den Tod,Cantata,,,,3rd Sunday of Advent
TWV 1:1288,Sein starker Arm hat mit dem Tod gerungen,Cantata,,,,2nd day of the Feast of Easter
TWV 1:1289,"Sei unverzagt, tu recht und traue",Cantata,,,,23rd Sunday after the Trinity
TWV 1:1290,Sei zufrieden meine Seele,Cantata,,,,2nd day of the Feast of Easter
TWV 1:1291,"Selig ist der Mann, der die Anfechtung",Cantata,,,,Sunday after the Ascension
TWV 1:1292,"Selig ist der Mann, der die Anfechtung",Cantata,,,,2nd day of the Feast of Christmas
TWV 1:1293,Selig ist der und heilig,Cantata,,,,24th Sunday after the Trinity
TWV 1:1294,Selig sind die Augen,Cantata,,,,13rd Sunday after the Trinity
TWV 1:1295,"Selig sind, die Gottes Wort hören",Cantata,,,,Sunday of the Sexagésime
TWV 1:1296,"Selig sind, die Gottes Wort hören",Cantata,,,,Sunday of the Sexagésime
TWV 1:1297,"Selig sind, die Gottes Wort hören",Cantata,,,,3rd Sunday of Lent
TWV 1:1298,Selig sind die Toten,Cantata,,,,24th Sunday after the Trinity
TWV 1:1299,Selig sind die Toten,Cantata,,,,24th Sunday after the Trinity
TWV 1:1300,Selig sind die Toten,Cantata,,,,16th Sunday after the Trinity
TWV 1:1301,Selig sind die Toten,Cantata,,,,16th Sunday after the Trinity
TWV 1:1302,Selig sind die Toten,Cantata,,,,15th Sunday after the Trinity
TWV 1:1303,Selig sind die Toten,Cantata,,,,Feast of the Purification of Marie
TWV 1:1304,"Selig sind, die zum Abendmahl des Lammes",Cantata,,,,2nd Sunday after the Trinity
TWV 1:1305,"Selig sind, die zum Abendmahl des Lammes",Cantata,,,,20th Sunday after the Trinity
TWV 1:1306,"Selig sind, dir zum Abendmahl des Lammes",Cantata,,,,2nd Sunday after the Trinity
TWV 1:1307,"Selig sind, die zum Abendmahl des Lammes",Cantata,,,,2nd Sunday after the Trinity
TWV 1:1308,"Selig sind, die zum Abendmahl des Lammes",Cantata,,,,2nd Sunday after the Trinity
TWV 1:1309,"Selig sind, die zum Abendmahl des Lammes",Cantata,,,,2nd Sunday after the Trinity
TWV 1:1310,Sende dein Licht,Cantata,,,,Feast of Saint-Michel
TWV 1:1311,Sie gehen dahin unter den Sorgen,Cantata,,,,2nd day of the Feast of Christmas
TWV 1:1312,Sie gehen in die Welt,Cantata,,,,24th Sunday after the Trinity
TWV 1:1313,Siehe an meinen Jammer und Elend,Cantata,,,,14th Sunday after the Trinity
TWV 1:1314,"Siehe da, eine Hütte Gottes",Cantata,,,,Feast of the Pentecost
TWV 1:1315,"Siehe da, ich lege in Zion einen Stein",Cantata,,,,Sunday after the Feast of Christmas
TWV 1:1316,"Siehe, das ist Gottes Lamm",Cantata,,,,Sunday of the Quinquagésime
TWV 1:1317,"Siehe, das ist Gottes Lamm",Cantata,,,,Sunday of the Quinquagésime
TWV 1:1318,"Siehe, das ist Gottes Lamm",Cantata,,,,Sunday of the Quinquagésime
TWV 1:1319,"Siehe, das ist Gottes Lamm",Cantata,,,,3rd Sunday after the Trinity
TWV 1:1320,"Siehe, das ist Gottes Lamm",Cantata,,,,Palm Sunday
TWV 1:1321,"Siehe, dein Heil kommt",Cantata,,,,1st Sunday of Advent
TWV 1:1322,"Siehe, der Herr kommt",Cantata,,,,2nd Sunday of Advent
TWV 1:1323,"Siehe, der Hüter Israel",Cantata,,,,2nd day of the Feast of Christmas
TWV 1:1324,"Siehe, des Herrn Auge siehet auf die",Cantata,,,,7th Sunday after the Trinity
TWV 1:1325,"Siehe, dieser wird gesetzt zu einem Fall",Cantata,,,,Sunday after the Feast of Christmas
TWV 1:1326,"Siehe, eine Jungfrau ist schwanger",Cantata,,,,Feast of the Assomption of Marie
TWV 1:1327,"Siehe, eine Jungfrau ist schwanger",Cantata,,,,New Year
TWV 1:1328,"Siehe, es hat überwunden der Löwe",Cantata,,,,3rd day of the Feast of Easter
TWV 1:1329,"Siehe, es hat überwunden der Löwe",Cantata,,,,Feast of Easter
TWV 1:1330,"Siehe, es kömmt ein Tag, der",Cantata,,,,26th Sunday after the Trinity
TWV 1:1331,"Siehe, ich komme, im Buch ist von mir",Cantata,,,,Sunday of the Quinquagésime
TWV 1:1332,Siehe ich komme,Cantata,,,,Sunday of the Quinquagésime
TWV 1:1333,"Siehe, ich verkündige euch grosse Freude",Cantata,,,,Feast of Christmas
TWV 1:1334,"Siehe, ich verkündige euch grosse Freude",Cantata,,,,Feast of Christmas
TWV 1:1335,"Siehe, ich will meinen Engel",Cantata,,,,Feast of Saint-Jean-Baptiste
TWV 1:1336,"Sie ist gefallen, Babylon, die grosse",Cantata,,,,3rd Sunday of Lent
TWV 1:1337,"Sie ist gefallen, Babylon, die grosse",Cantata,,,,3rd Sunday of Lent
TWV 1:1338,Sie sind allzumal Sünder,Cantata,,,,Sunday of the Septuagésime
TWV 1:1339,Sie verachten das Gesetz des Herrn Zebaoth,Cantata,,,,10th Sunday after the Trinity
TWV 1:1340,Sind sie nicht allzumal dienstbare Geister,Cantata,,,,Feast of Saint-Michel
TWV 1:1341,Sing Dank und Ehr,Cantata,,,,Feast of Saint-Michel
TWV 1:1342,Singet dem Herrn ein neues Lied,Cantata,,,,23rd Sunday after the Trinity
TWV 1:1343,Singet dem Herrn ein neues Lied,Cantata,,,,Feast of the Ascension
TWV 1:1344,Singet dem Herrn ein neues Lied,Cantata,,,,Feast of Easter
TWV 1:1345,Singet dem Herrn ein neues Lied,Cantata,,,,Feast of Saint-Jean-Baptiste
TWV 1:1346,"Singet Gott, lobsinget seinem Namen",Cantata,,,,Feast of the Pentecost
TWV 1:1347,Singt um einander dem Herrn,Cantata,,,,New Year
TWV 1:1348,"So der Geist des, der Jesum von den Toten",Cantata,,,,24th Sunday after the Trinity
TWV 1:1349,"So du freiest, sundigest du nicht",Cantata,,,,2nd Sunday after Epiphany
TWV 1:1350,So du mit deinem Munde bekennest,Cantata,,,,Feast of Easter
TWV 1:1351,So du mit deinem Munde bekennest,Cantata,,,,1st Sunday after Easter
TWV 1:1352,So du mit deinem Munde bekennest,Cantata,,,,1st Sunday after Easter
TWV 1:1353,So einer für alle gestorben,Cantata,,,,3rd day of the Feast of Easter
TWV 1:1354,"So fahre hin, du tolle Schar",Cantata,,,,14th Sunday after the Trinity
TWV 1:1355,So feiern wir das hohe Fest,Cantata,,,,Feast of Easter
TWV 1:1356,So Feuer als Flamme,Cantata,,,,6th Sunday after the Trinity
TWV 1:1357,So folgt der Fesseln schütternd Klingen,Cantata,,,,3rd Sunday of Advent
TWV 1:1358,So hoch hat Gott geliebet,Cantata,,,,2nd day of the Feast of the Pentecost
TWV 1:1359,So ihr den Menschen ihre Fehler vergebet,Cantata,,,,22nd Sunday after the Trinity
TWV 1:1360,So ihr die Person ansehet,Cantata,,,,23rd Sunday after the Trinity
TWV 1:1361,So ist der Mensch gesinnt,Cantata,,,,4th Sunday after Epiphany
TWV 1:1362,So jemand Christi Wort wird halten,Cantata,,,,Sunday of the Passion
TWV 1:1363,So lasset uns nun hinzutreten mit Freudigkeit,Cantata,,,,Feast of Rogations
TWV 1:1364,So lasset uns nun nicht schlafen,Cantata,,,,5th Sunday after Epiphany
TWV 1:1365,Solche Lieb ist nicht zu finden,Cantata,,,,17th Sunday after the Trinity
TWV 1:1366,So leget ab alle Unsauberkeit,Cantata,,,,Sunday of the Sexagésime
TWV 1:1367,So leget nun ab von euch,Cantata,,,,20th Sunday after the Trinity
TWV 1:1368,So leget nun ab von euch,Cantata,,,,New Year
TWV 1:1369,So leget nun ab von euch,Cantata,,,,Feast of the Trinity
TWV 1:1370,So leget nun von euch ab,Cantata,,,,Feast of the Trinity
TWV 1:1371,Soll ich nicht von Jammer sagen,Cantata,,,,19th Sunday after the Trinity
TWV 1:1372,Sollte ich mich nicht beklagen,Cantata,,,,1st Sunday after Epiphany
TWV 1:1373,Sollt ein chrisliches Gemüte,Cantata,,,,Feast of Saint-Michel
TWV 1:1374,Sollt uns Gott nun können lassen,Cantata,,,,2nd day of the Feast of the Pentecost
TWV 1:1375,"So macht's die Welt, die falsche Welt",Cantata,,,,23rd Sunday after the Trinity
TWV 1:1376,So nun das alles soll zergehen,Cantata,,,,2nd Sunday of Advent
TWV 1:1377,So ofte Jesu grosser Name,Cantata,,,,19th Sunday after the Trinity
TWV 1:1378,Sorge nur nichts,Cantata,,,,2nd Sunday after Epiphany
TWV 1:1379,So richtet denn des Herren Wege,Cantata,,,,4th Sunday of Advent
TWV 1:1380,So seid nun wacker allezeit,Cantata,,,,26th Sunday after the Trinity
TWV 1:1381,So seid nun wacker allezeit,Cantata,,,,27th Sunday after the Trinity
TWV 1:1382,So sei nun wiederum zufrieden,Cantata,,,,Feast of the Visitation of Marie
TWV 1:1383,So spricht der Herr: Man höret ein klagliches,Cantata,,,,Sunday after le New Year
TWV 1:1384,So spricht der Herr Zebaoth: richte recht,Cantata,,,,4th Sunday after the Trinity
TWV 1:1385,So töricht ist die Welt,Cantata,,,,3rd Sunday after Easter
TWV 1:1386,So wie das alte Jahr mit Tagen,Cantata,,,,New Year
TWV 1:1387,"So wir denn nun haben, lieben Brüder, die",Cantata,,,,4th Sunday after Easter
TWV 1:1388,"So wir sagen, dass wir Gemeinschaft mit Gott haben",Cantata,,,,11è Sunday after the Trinity
TWV 1:1389,"So wir sagen, wir haben keine Sunde",Cantata,,,,11è Sunday after the Trinity
TWV 1:1390,"So ziehet nun an, als die Auserwählten Gottes",Cantata,,,,6th Sunday after the Trinity
TWV 1:1391,So ziehet nun an als die Auserwahlten,Cantata,,,,4th Sunday after the Trinity
TWV 1:1392,Sprich nicht in Mangel,Cantata,,,,4th Sunday of Lent
TWV 1:1393,Sprich nur ein Wort so,Cantata,,,,21è Sunday after the Trinity
TWV 1:1394,Spricht der Herr aber also,Cantata,,,,3rd Sunday after Epiphany
TWV 1:1395,"Sprich, was nutzt des Mundes",Cantata,,,,3rd Sunday of Advent
TWV 1:1396,"Stehe auf, Nordwind und komme, Südwind",Cantata,,,,Feast of the Pentecost
TWV 1:1397,"Stehe auf, Nordwind und komm, Südwind",Cantata,,,,2nd day of the Feast of the Pentecost
TWV 1:1398,"Stern aus Jacob, Licht der Heiden",Cantata,,,,Feast of Epiphany
TWV 1:1399,"Stern aus Jacob, Licht der Welt",Cantata,,,,Sunday after le New Year
TWV 1:1400,Sticht dich so mancher falscher Feind,Cantata,,,,23rd Sunday after the Trinity
TWV 1:1401,Stille die Tränen der winselnden Armen,Cantata,,,,2nd Sunday after the Trinity
TWV 1:1402,Stimmt an mit vollen Chören,Cantata,,,,Feast of Saint-Jean-Baptiste
TWV 1:1403,"Suchet den Herrn, weil er zu finden ist",Cantata,,,,3rd Sunday after the Trinity
TWV 1:1404,"Suchet den Herrn, weil er zu finden ist",Cantata,,,,3rd Sunday after the Trinity
TWV 1:1405,"Suchet den Herrn, weil er zu finden ist",Cantata,,,,11è Sunday after the Trinity
TWV 1:1406,"Suchet den Herrn, rufet ihn an",Cantata,,,,11è Sunday after the Trinity
TWV 1:1407,Süsser Trost für meine kranke Seele,Cantata,,,,14th Sunday after the Trinity
TWV 1:1408,Süsse Ruh in herben Leide,Cantata,,,,14th Sunday after the Trinity
TWV 1:1409,Tausend Segens Proben,Cantata,,,,Feast of the Visitation of Marie
TWV 1:1410,Tönet die Freude,Cantata,,,,Feast of Christmas
TWV 1:1411,Trachtet am ersten nach dem Reiche Gottes,Cantata,,,,Sunday of the Septuagésime
TWV 1:1412,Trachtet am ersten nach dem Reich Gottes,Cantata,,,,15th Sunday after the Trinity
TWV 1:1413,Trag mit Gefulf die herben Schmerzen,Cantata,,,,Cantates diverses
TWV 1:1414,Trauret ihr Himmel,Cantata,,,,Feast of Easter
TWV 1:1415,"Trauriges Herz, verzage nicht",Cantata,,,,Feast of Saint-Michel
TWV 1:1416,"Treuer Gott, ich muss dir klagen",Cantata,,,,1st Sunday of Lent
TWV 1:1417,Trifft menschlich und voll Fehler sein,Cantata,,,,15th Sunday after the Trinity
TWV 1:1418,Tritt Arbeit und Beruf in Gottes Namen an,Cantata,,,,Sunday of the Septuagésime
TWV 1:1419,Tritt Arbeit und Beruf in Gottes Namen an,Cantata,,,,5th Sunday after the Trinity
TWV 1:1420,Tritt auf die Glaubensbahn,Cantata,,,,Sunday after the Feast of Christmas
TWV 1:1421,Triumph! Denn mein Erlöser lebet,Cantata,,,,Feast of Easter
TWV 1:1422,Trimunphierender Versöhner!,Cantata,,,,2nd day of the Feast of Easter
TWV 1:1423,"Triumph, lobsinget dem",Cantata,,,,Feast of Easter
TWV 1:1424,"Triumph, Triumph, ihr Frommen, freuet euch",Cantata,,,,Feast of Easter
TWV 1:1425,"Tröstet mein Volk, spricht euer Gott",Cantata,,,,Feast of Saint-Jean-Baptiste
TWV 1:1426,"Umschlinget uns, ihr sanften",Cantata,,,,17th Sunday after the Trinity
TWV 1:1427,Und alle Engel stunden um den Stuhl,Cantata,,,,Feast of Saint-Michel
TWV 1:1428,Und als der Tag der Pfingsten erfüllet war,Cantata,,,,Feast of the Pentecost
TWV 1:1429,Und als er nahe hinzu kam,Cantata,,,,10th Sunday after the Trinity
TWV 1:1430,Und da die Engel gen Himmel,Cantata,,,,2nd day of the Feast of Christmas
TWV 1:1431,Und das Wort ward Fleisch,Cantata,,,,3rd day of the Feast of Christmas
TWV 1:1432,Und der Herr Zebaoth,Cantata,,,,2nd Sunday after the Trinity
TWV 1:1433,Und die Apostel sprachen zu dem Herrn,Cantata,,,,1st Sunday after Easter
TWV 1:1434,Und es erhub sich ein Streit im Himmel,Cantata,,,,Feast of Saint-Michel
TWV 1:1435,Und es waren Hirten,Cantata,,,,Feast of Christmas
TWV 1:1436,Und Gott ruhte am 7. Tage von Allem,Cantata,,,,17th Sunday after the Trinity
TWV 1:1437,"Und siehe, eine Stimme aus den Wolken",Cantata,,,,6th Sunday after Epiphany
TWV 1:1438,Und sie redeten miteinander,Cantata,,,,2nd day of the Feast of Easter
TWV 1:1439,Unempfindlich muss man sein,Cantata,,,,Cantates diverses
TWV 1:1440,Unschuld und ein gut Gewissen,Cantata,,,,3rd Sunday of Lent
TWV 1:1441,Unschuld und ein gut Gewissen,Cantata,,,,3rd Sunday of Lent
TWV 1:1442,Unser keiner lebet im selber,Cantata,,,,16th Sunday after the Trinity
TWV 1:1443,Unser keiner lebet ihm selber,Cantata,,,,16th Sunday after the Trinity
TWV 1:1444,Unser Leben währet siebenzig Jahre,Cantata,,,,Feast of the Purification of Marie
TWV 1:1445,"Unser Trost ist der, dass wir",Cantata,,,,Sunday of the Passion
TWV 1:1446,Unser Vater in dem Himmel,Cantata,,,,19th Sunday after the Trinity
TWV 1:1447,Unser Vater in dem Himmel,Cantata,,,,5th Sunday after the Trinity
TWV 1:1448,Unser Wandel aber ist im Himmel,Cantata,,,,6th Sunday after Epiphany
TWV 1:1449,Unser Wandel ist im Himmel,Cantata,,,,Feast of the Ascension
TWV 1:1450,Uns ist ein Kind geboren,Cantata,,,,Feast of Christmas
TWV 1:1451,Uns ist ein Kind geboren,Cantata,,,,Feast of Christmas
TWV 1:1452,Uns ist erin Kind geboren,Cantata,,,,Feast of Christmas
TWV 1:1453,Uns ist ein Kind geboren,Cantata,,,,Feast of Christmas
TWV 1:1454,Uns ist ein Kind geboren,Cantata,,,,Feast of Christmas
TWV 1:1455,Uns ist ein Kind geboren,Cantata,,,,Feast of Christmas
TWV 1:1456,Unverzagt in allem Leide,Cantata,,,,3rd day of the Feast of Christmas
TWV 1:1457,Unverzagt und ohne Grauen,Cantata,,,,3rd Sunday of Advent
TWV 1:1458,Valet will ich dir geben,Cantata,,,,17th Sunday after the Trinity
TWV 1:1459,"Vater, Gott von Ewigkeit",Cantata,,,,Feast of the Visitation of Marie
TWV 1:1460,Vater unser im Himmelreich,Cantata,,,,Feast of Rogations
TWV 1:1461,Vater unser im Himmelreich,Cantata,,,,Cantates diverses
TWV 1:1462,Vater unser in dem Himmel,Cantata,,,,19th Sunday after the Trinity
TWV 1:1463,"Verdammet, fluchet ihr Gesetze",Cantata,,,,Feast of the Purification of Marie
TWV 1:1464,"Verdammte Brut, die Belial zuerst",Cantata,,,,Sunday of the Septuagésime
TWV 1:1465,"Verdammter Wankelmut, verfluchter Unbestand",Cantata,,,,Palm Sunday
TWV 1:1466,Verflucht sei jedermann,Cantata,,,,11è Sunday after the Trinity
TWV 1:1467,"Verfolgter Geist, wohin",Cantata,,,,21è Sunday after the Trinity
TWV 1:1468,Verirrter Knecht der Welt,Cantata,,,,3rd Sunday of Advent
TWV 1:1469,"Verirrte Sünder, Kehret, ach kehret um",Cantata,,,,2nd day of the Feast of Christmas
TWV 1:1470,"Verlass doch einst, o Menschenkind",Cantata,,,,3rd day of the Feast of Easter
TWV 1:1471,Verlöschet ihr Funken der,Cantata,,,,1st Sunday after the Trinity
TWV 1:1472,"Verschliesst euch, ihr eitlen",Cantata,,,,1st Sunday of Advent
TWV 1:1473,"Versuchet euch selbst, ob ihr im Glauben",Cantata,,,,21è Sunday after the Trinity
TWV 1:1474,Vertraue Gottes Huld,Cantata,,,,Feast of Saint-Jean-Baptiste
TWV 1:1475,"Victoria, Triumph, Victoria",Cantata,,,,Feast of Easter
TWV 1:1476,Viel Kreuze liegt auf meinem Rücken,Cantata,,,,21è Sunday after the Trinity
TWV 1:1477,Viel Menschen sind noch heut,Cantata,,,,20th Sunday after the Trinity
TWV 1:1478,"Viel(e) sind berefen, aber wenig",Cantata,,,,2nd Sunday after the Trinity
TWV 1:1479,"Viel tausend sind, die hier und",Cantata,,,,27th Sunday after the Trinity
TWV 1:1480,Von Gott soll mich nichts trennen,Cantata,,,,3rd Sunday of Advent
TWV 1:1481,Vor allen Dingen ergreifet,Cantata,,,,1st Sunday of Lent
TWV 1:1482,Vor allen Dingen habt unter einander,Cantata,,,,9th Sunday after the Trinity
TWV 1:1483,Vor des lichten Tages Schein,Cantata,,,,3rd Sunday of Advent
TWV 1:1484,Vor Gott gilt keine Heuchelei,Cantata,,,,8th Sunday after the Trinity
TWV 1:1485,Vor Wölfen in der Schafe Kleider,Cantata,,,,8th Sunday after the Trinity
TWV 1:1486,"Wache auf, der du schläfest",Cantata,,,,2nd Sunday of Advent
TWV 1:1487,"Wachet auf, ruft uns die Stimme",Cantata,,,,27th Sunday after the Trinity
TWV 1:1488,"Wachet auf, ruft uns die Stimme",Cantata,,,,Cantate-chorale
TWV 1:1489,"Wachet und betet, dass ihr nicht",Cantata,,,,3rd day of the Feast of Easter
TWV 1:1490,"Wachet und betet, dass ihr nich in Anf..",Cantata,,,,1st Sunday of Lent
TWV 1:1491,Wachset in der Gnade und Erkenntnis,Cantata,,"I. Chor [Dictum] „Wachset in der Gnade und Erkenntnis“（C-Dur）
II. Choral „Lass uns in deiner Liebe“（C-Dur）
III. Rezitativ „Viel Menschen, die doch Christen wollen sein“（modulierend）
IV. Arie „Ich weiß, an wen ich gläube“（a-Moll，TWV 10:15）
V. Choral „Ich dank dir, Christ, o Gottes Sohn“（a-Moll）
VI. Arie „Weg, ihr schnöden Eitelkeiten“（C-Dur，3/2，TWV 10:17）
VII. Chor [Dictum] „Wachset in der Gnade und Erkenntnis“（C-Dur）",,4th Sunday of Advent
TWV 1:1492,"Wachet auf, ruft uns die Stimme",Cantata,,,,20th Sunday after the Trinity
TWV 1:1493,"Wahrlich ich sage euch, so ihr den Vater",Cantata,,,,Feast of Rogations
TWV 1:1494,Wahrlich ich sage euch: ein Reicher wird,Cantata,,,,1st Sunday after the Trinity
TWV 1:1495,Wahrlich ich sage euch: ein Reicher wird,Cantata,,,,1st Sunday after the Trinity
TWV 1:1496,"Wahrlich ich sage euch, so ihr den Vater",Cantata,,,,Feast of Rogations
TWV 1:1497,"Wahrlich ich sage euch, so ihr den Vater",Cantata,,,,Feast of Rogations
TWV 1:1498,Wandelt in der Liebe,Cantata,,,,3rd Sunday of Lent
TWV 1:1499,"Warum betrubst du dich, meine Seele",Cantata,,,,2nd Sunday after Epiphany
TWV 1:1500,Warum betrübst du dich mein Herz,Cantata,,,,2nd Sunday after Epiphany
TWV 1:1501,Warum sollt ich taurig sein,Cantata,,,,4th Sunday of Advent
TWV 1:1502,Warum verstellst du die Gebärde,Cantata,,,,3rd Sunday after Epiphany
TWV 1:1503,Warum währet doch unser Schmerz so lange,Cantata,,,,3rd Sunday after Epiphany
TWV 1:1504,Warum währet doch unser Schmerz so lange,Cantata,,,,3rd Sunday after Epiphany
TWV 1:1505,"Was betrübst du dich, meine Seele",Cantata,,,,7th Sunday after the Trinity
TWV 1:1506,"Was betrübst du dich, meine Seele",Cantata,,,,2nd day of the Feast of Easter
TWV 1:1507,Was fehlt dir doch,Cantata,,,,12nd Sunday after the Trinity
TWV 1:1508,Was frag ich nach der Welt,Cantata,,,,Feast of Christmas
TWV 1:1509,Was für ein jauchzendes Gedränge,Cantata,,,,1st Sunday of Advent
TWV 1:1510,"Was gibst du denn, o meine Seele",Cantata,,,,23rd Sunday after the Trinity
TWV 1:1511,Was gleicht dem Adel wahrer Christen,Cantata,,,,Sunday after the Feast of Christmas
TWV 1:1512,Was Gott im Himmel will das,Cantata,,,,3rd Sunday after Epiphany
TWV 1:1513,"Was hast du, Mensch!",Cantata,,,,9th Sunday after the Trinity
TWV 1:1514,Was hat das Licht vor Gemeinschaft mit,Cantata,,,,15th Sunday after the Trinity
TWV 1:1515,Was hilft der Erden Lust,Cantata,,,,24th Sunday after the Trinity
TWV 1:1516,Was ist das Herz,Cantata,,,,6th Sunday after Epiphany
TWV 1:1517,Was ist dein Freund vor andern Freunden,Cantata,,,,6th Sunday after Epiphany
TWV 1:1518,"Was ist der Tand, das bisgen",Cantata,,,,Feast of the Assomption of Marie
TWV 1:1519,Was ist ein gut Gewissen,Cantata,,,,3rd Sunday of Advent
TWV 1:1520,Was ist ein Mensch,Cantata,,,,4th Sunday after the Trinity
TWV 1:1521,Was ist mir doch das Rühmen nütze,Cantata,,,,Sunday of the Sexagésime
TWV 1:1522,Was ist schöner als Gott dienen,Cantata,,,,Sunday of the Sexagésime
TWV 1:1523,Was Jesus nur mit mir wird fügen,Cantata,,,,12nd Sunday after the Trinity
TWV 1:1524,Was Jesus nur mit mir wird fügen,Cantata,,,,5th Sunday after the Trinity
TWV 1:1525,Was Jesus nur mit mir wird fügen,Cantata,,,,12nd Sunday after the Trinity
TWV 1:1526,"Was Jesus tut, ist wohlgetan",Cantata,,,,12nd Sunday after the Trinity
TWV 1:1527,"Was Lobes soll man dir, o Vater, singen",Cantata,,,,2nd day of the Feast of the Pentecost
TWV 1:1528,"Was Lobes soll man dir, o Vater, singen",Cantata,,,,12nd Sunday after the Trinity
TWV 1:1529,"Was mein Gott will, das gescheh allzeit",Cantata,,,,3rd Sunday after Epiphany
TWV 1:1530,"Was meinst du, was will aus dem Kindlein",Cantata,,,,Feast of Saint-Jean-Baptiste
TWV 1:1531,Was suchet ihr den Lebendigen bei den Toten,Cantata,,,,3rd day of the Feast of Easter
TWV 1:1532,"Was treibt euch, freche Menschenkinder",Cantata,,,,Cantates diverses
TWV 1:1533,"Was vom Fleisch geboren wird, das ist",Cantata,,,,Feast of the Assomption of Marie
TWV 1:1534,Weg mit Sodoms giftgen Früchten,Cantata,,,,Feast of Easter
TWV 1:1535,"Weg nichtige Freude, weg flüchtiges Leben",Cantata,,,,4th Sunday after Easter
TWV 1:1536,Weiche Lust und Fröhlichkeit,Cantata,,,,Autres cantates [Passio Christi]
TWV 1:1537,Weichet fort aus meiner Seele,Cantata,,,,15th Sunday after the Trinity
TWV 1:1538,"Weicht ihr Sünden, bleibt dahinten",Cantata,,,,8th Sunday after the Trinity
TWV 1:1539,"Weich, verborgner Pharisäer",Cantata,,,,Sunday of the Septuagésime
TWV 1:1540,Weil ich denn rufe und ihr,Cantata,,,,2nd Sunday after the Trinity
TWV 1:1541,"Weine nicht, siehe, er hat überwunden",Cantata,,,,Feast of Easter
TWV 1:1542,"Weint, weint, betrübte Augen",Cantata,,,,2nd Sunday of Lent
TWV 1:1543,"Weisst du nicht, dass euer Leid",Cantata,,,,2nd day of the Feast of the Pentecost
TWV 1:1544,Welche der Geist Gottes treibet,Cantata,,,,6th Sunday after the Trinity
TWV 1:1545,Welcher under euch kann mich einer Sünde,Cantata,,,,Sunday of the Passion
TWV 1:1546,Welch Getümmel erschüttert den Himmel,Cantata,,,,Feast of Saint-Michel
TWV 1:1547,"Welt, hinaus aus meinem Herzen",Cantata,,,,Cantates diverses
TWV 1:1548,"Welt, du wirst in Flammen stehen",Cantata,,,,2nd Sunday of Advent
TWV 1:1549,"Welt, ich frage nichts darnach",Cantata,,,,Sunday after le New Year
TWV 1:1550,Wende dich zu mit und sei mir,Cantata,,,,3rd Sunday after the Trinity
TWV 1:1551,Wende meine Augen ab,Cantata,,,,8th Sunday after the Trinity
TWV 1:1552,Wenn aber der Tröster kommen wird,Cantata,,,,4th Sunday after Easter
TWV 1:1553,Wenn aber des Menschen Sohn kommen wird,Cantata,,,,26th Sunday after the Trinity
TWV 1:1554,Wenn Angst und Not dich hat betroffen,Cantata,,,,4th Sunday after Easter
TWV 1:1555,Wenn böse Zungen stechen,Cantata,,,,4th Sunday after the Trinity
TWV 1:1556,Wenn der Herr Friede gibt,Cantata,,,,3rd Sunday after Easter
TWV 1:1557,Wenn du deine Gabe auf dem Altar,Cantata,,,,6th Sunday after the Trinity
TWV 1:1558,Wenn du mein Herze tröstest,Cantata,,,,1st Sunday of Advent
TWV 1:1559,Wenn Gott in diesem Leben,Cantata,,,,1st Sunday after the Trinity
TWV 1:1560,Wenn ich dich nur habe,Cantata,,,,Cantates diverses
TWV 1:1561,Wenn ich ein gut Gewissen habe,Cantata,,,,Sunday of the Passion
TWV 1:1562,Wenn Israel am Nilus-Strande,Cantata,,,,7th Sunday after the Trinity
TWV 1:1563,Wenn jemand das Gesetz Mosis bricht,Cantata,,,,2nd Sunday after the Trinity
TWV 1:1564,Wenn langer Seuchen Heftigkeit,Cantata,,,,21è Sunday after the Trinity
TWV 1:1565,Wenn meine Sünd mich kränken,Cantata,,,,Cantate-chorale
TWV 1:1566,Wenn mich die böse Rott anfällt,Cantata,,,,3rd Sunday of Lent
TWV 1:1567,"Wenn mit angt ist, so rufe ich",Cantata,,,,4th Sunday after Epiphany
TWV 1:1568,Wenn wir in höchsten Nöten sind,Cantata,,,,4th Sunday after Epiphany
TWV 1:1569,Wenn wir in h¨¨ochsten Noten,Cantata,,,,4th Sunday after Epiphany
TWV 1:1570,Wenn wir nicht Kreuz und Trubsal hatten,Cantata,,,,3rd Sunday after Easter
TWV 1:1571,Wen seh ich dort an jenem Berge liegen,Cantata,,,,Feast of the Assomption of Marie
TWV 1:1572,"Wer Arges tut, der kommt nicht",Cantata,,,,2nd day of the Feast of the Pentecost
TWV 1:1573,Wer bei Gott in Gnaden ist,Cantata,,,,Feast of Saint-Jean-Baptiste
TWV 1:1574,Wer bringt dir nicht Ehre,Cantata,,,,Cantates diverses
TWV 1:1575,"Wer da saget, ich kenne ihn",Cantata,,,,18th Sunday after the Trinity
TWV 1:1576,Werde munter mein Gemüte,Cantata,,,,Cantate-chorale pour la communion
TWV 1:1577,"Wer denkt, die Krone des Lebens zu erben",Cantata,,,,2nd day of the Feast of Christmas
TWV 1:1578,Wer der Barmherzigkeit und Güte nachjaget,Cantata,,,,4th Sunday after the Trinity
TWV 1:1579,Werd ich dann zu deiner Rechten,Cantata,,,,26th Sunday after the Trinity
TWV 1:1580,Werfet Panier auf im Lande,Cantata,,,,2nd day of the Feast of Christmas
TWV 1:1581,Wer Gotte meint was abzuringen,Cantata,,,,Sunday of the Septuagésime
TWV 1:1582,Wer hofft im Gott und dem vertraut,Cantata,,,,17th Sunday after the Trinity
TWV 1:1583,"Wer ist aber, der die Welt überwindet",Cantata,,,,4th Sunday of Advent
TWV 1:1584,"Wer ist, der dort von Edom",Cantata,,,,Sunday of the Passion
TWV 1:1585,"Wer ist der, so von Sodom kommt",Cantata,,,,Palm Sunday
TWV 1:1586,"Wer ist der, so von Edom kommt",Cantata,,,,Sunday of the Quinquagésime
TWV 1:1587,Wer ist wohl wie du Jesu,Cantata,,,,Feast of Epiphany
TWV 1:1588,Wer Jesum kennt,Cantata,,,,7th Sunday after the Trinity
TWV 1:1589,"Wer mich liebet, der wird mein Wort halten",Cantata,,,,Feast of the Pentecost
TWV 1:1590,"Wer mich liebet, der wird mein",Cantata,,,,Feast of the Pentecost
TWV 1:1591,"Wer mich liebet, der wird mein Wort halten",Cantata,,,,Feast of the Pentecost
TWV 1:1592,"Wer nicht mit Jesu ist, ist wider ihn",Cantata,,,,3rd Sunday of Lent
TWV 1:1593,Wer nur den lieben Gott lässt walten,Cantata,,,,4th Sunday of Lent
TWV 1:1594,"Wer sehnet sich nach Kerker, Stein",Cantata,,,,3rd Sunday after the Trinity
TWV 1:1595,Wer seinen Bruder hasset,Cantata,,,,6th Sunday after the Trinity
TWV 1:1596,Wer seinen Bruder hasset,Cantata,,,,6th Sunday after the Trinity
TWV 1:1597,Wer sich auf seinen Reichtum verlässt,Cantata,,,,1st Sunday after the Trinity
TWV 1:1598,Wer sich des Armen erbarmet,Cantata,,,,13rd Sunday after the Trinity
TWV 1:1599,Wer sich des Armen erbarmt und solchem,Cantata,,,,1st Sunday after the Trinity
TWV 1:1600,"Wer sich rächt, an dem wird sich der Herr",Cantata,,,,6th Sunday after the Trinity
TWV 1:1601,"Wer sich rächet, an dem wird",Cantata,,"I. Chor [Dictum] „Wer sich rachet“ (f-Moll)
II. Choral „All unser Schuld vergib uns, Herr“ (f-Moll)
III. Rezitativ „Ach, dass ein Mensch kann unversöhnlich sein“ (modulierend)
IV. Arie „Vergib, so wird dir auch vergeben“ (f-Moll) Freundlich
V. Choral „Verleih, dass ich aus Herzensgrund“ (f-Moll)
VI. Arie „Mein Gott, du wolltest mir verleihen“ (c-Moll)Beweglich
VII. Chor [Dictum] „Wer sich rachet“ (f-Moll)",,22nd Sunday after the Trinity
TWV 1:1602,"Wer sich rächet, an dem wird sich der Herr",Cantata,,,,6th Sunday after the Trinity
TWV 1:1603,"Wer sich erhöhet, der soll erniedrigt werden",Cantata,,,,17th Sunday after the Trinity
TWV 1:1604,Wer sich selbst erhöhet,Cantata,,,,4th Sunday of Advent
TWV 1:1605,"Wer sich vor dir, O Gott, in Demut niederlegst",Cantata,,,,11è Sunday after the Trinity
TWV 1:1606,"Wertes Zion, sei getrost",Cantata,,,,23rd Sunday after the Trinity
TWV 1:1607,"Wertes Zion, sei getrost",Cantata,,,,23rd Sunday after the Trinity
TWV 1:1608,"Wer weiss, wie nahe mir mein Ende",Cantata,,,,16th Sunday after the Trinity
TWV 1:1609,"Wer weiss, wie nahe mir mein Ende",Cantata,,,,3rd day of the Feast of Christmas
TWV 1:1610,"Wer weiss, wie nahe mir mein Ende",Cantata,,,,9th Sunday after the Trinity
TWV 1:1611,"Wer weiss, wie nahe mir mein Ende",Cantata,,,,16th Sunday after the Trinity
TWV 1:1612,Wer will die Auserwählten,Cantata,,,,2nd day of the Feast of Easter
TWV 1:1613,Wer will uns scheiden von der Liebe Gottes,Cantata,,,,Sunday after the Ascension
TWV 1:1614,Wer zu Gott kommen will,Cantata,,,,21è Sunday after the Trinity
TWV 1:1615,"Wer zweifelt, dass man unser Herze",Cantata,,,,4th Sunday after Epiphany
TWV 1:1616,Wie der Hirsch schreiet nach frischem Wasser,Cantata,,,,16th Sunday after the Trinity
TWV 1:1617,Wie der Hirsch schreiet nach frischem Wasser,Cantata,,,,21è Sunday after the Trinity
TWV 1:1618,Wie der Hirsch schreiet nach frischem Wasser,Cantata,,,,Feast of the Assomption of Marie
TWV 1:1619,Wie ein Lämmlein sich dahin lasst,Cantata,,,,Sunday of the Quinquagésime
TWV 1:1620,Wie fehlet doch ein Herz,Cantata,,,,20th Sunday after the Trinity
TWV 1:1621,Wie freudig seh ich dir entgegen,Cantata,,,,Cantates diverses
TWV 1:1622,Wiegen gleich die eitlen Sünden,Cantata,,,,25th Sunday after the Trinity
TWV 1:1623,Wie gnädig geht des höchsten Vaters,Cantata,,,,3rd Sunday after the Trinity
TWV 1:1624,Wie ist dein Name so gross,Cantata,,,,17th Sunday after the Trinity
TWV 1:1625,"Wie, kehen sich, bei Jesu Krippen",Cantata,,,,Sunday after le New Year
TWV 1:1626,Wie lange hinket ihr auf beiden Seiten,Cantata,,,,4th Sunday of Lent
TWV 1:1627,Wie lieblich sind deine Wohnungen,Cantata,,,,1st Sunday after Epiphany
TWV 1:1628,Wie lieblich sind deine Wohnungen,Cantata,,,,1st Sunday after Epiphany
TWV 1:1629,Wie liegt die Stadt so wüste,Cantata,,,,10th Sunday after the Trinity
TWV 1:1630,Wie mancher baut sich Schlösser,Cantata,,,,2nd day of the Feast of Easter
TWV 1:1631,"Wie mancher, der nach seinem",Cantata,,,,Sunday of the Septuagésime
TWV 1:1632,Wie missbraucht mancher Mensch in,Cantata,,,,9th Sunday after the Trinity
TWV 1:1633,Wie ofte hört man nicht die noch verwohnten,Cantata,,,,2nd Sunday after Epiphany
TWV 1:1634,Wie schmerzlich drückt die schwere Bürde,Cantata,,,,7th Sunday after the Trinity
TWV 1:1635,Wie schön leuchtet der Morgenstern,Cantata,,,,18th Sunday after the Trinity
TWV 1:1636,Wie schön leucht uns der Morgenstern,Cantata,,,,Feast of Epiphany
TWV 1:1637,Wie schön leuchtet der Morgenstern,Cantata,,,,Feast of Epiphany
TWV 1:1638,Wie schön leucht' uns der Morgenstern,Cantata,,,,Feast of Epiphany
TWV 1:1639,Wie schön leucht' uns der Morgenstern,Cantata,,,,New Year
TWV 1:1640,Wie schön wirds nicht im Himmel sein,Cantata,,,,Feast of the Ascension
TWV 1:1641,Wie sich ein Vater über Kinder erbarmet,Cantata,,,,2nd Sunday of Lent
TWV 1:1642,Wie soll ich dich empfangen,Cantata,,,,1st Sunday of Advent
TWV 1:1643,"Wie, sollte Jesus von mit gehn?",Cantata,,,,4th Sunday after Easter
TWV 1:1644,Wie Spinnen Gift aus Blumen saugen,Cantata,,,,3rd Sunday of Lent
TWV 1:1645,Wie teuer ist deine Güte,Cantata,,,,6th Sunday after Epiphany
TWV 1:1646,Wie teuer ist deine Güte,Cantata,,,,2nd day of the Feast of Christmas
TWV 1:1647,Wie wendet doch der Mensch,Cantata,,,,12nd Sunday after the Trinity
TWV 1:1648,Wiewohl er (Jesus Christus) Gottes Sohn war,Cantata,,,,New Year
TWV 1:1649,Wie würd es uns(mir) ergehen,Cantata,,,,Feast of Saint-Michel
TWV 1:1650,"Willkommen, auserwählter Tag",Cantata,,,,Feast of the Assomption of Marie
TWV 1:1651,"Wilkommen, du Licht aus Licht geboren",Cantata,,,,1st Sunday of Advent
TWV 1:1652,"Willkommen, segenvolles Fest",Cantata,,,,Feast of Easter
TWV 1:1653,"Willkommen, segensvolles Fest",Cantata,,,,Feast of Easter
TWV 1:1654,"Wir aber, die wir des Tages Kinder sind",Cantata,,,,2nd Sunday of Advent
TWV 1:1655,Wir aber singen von der Gnade des Herrn,Cantata,,,,3rd Sunday of Lent
TWV 1:1656,Wir Christenleut hab'n jetzund Freud,Cantata,,,,Feast of Christmas
TWV 1:1657,"Wir danken dir, Gott",Cantata,,,,3rd Sunday of Advent
TWV 1:1658,Wird mein Jesus nicht bald kommen,Cantata,,,,2nd Sunday of Advent
TWV 1:1659,Wir gingen alle in der Irre,Cantata,,,,2nd Sunday after Easter
TWV 1:1660,Wir glauben an den heiligen Geist,Cantata,,,,Feast of the Pentecost
TWV 1:1661,Wir haben den Funden,Cantata,,,,3rd Sunday of Advent
TWV 1:1662,Wir haben die Hoffnung,Cantata,,,,4th Sunday after Easter
TWV 1:1663,Wir haben ein festes prophetisches Wort,Cantata,,,,5th Sunday after Epiphany
TWV 1:1664,Wir haben ein festes prophetisches Wort,Cantata,,,,Feast of Epiphany
TWV 1:1665,Wir haben hier keine bleibende Statt,Cantata,,,,Feast of the Visitation of Marie
TWV 1:1666,Wir haben hier keine bleibende Stätte,Cantata,,,,Sunday after le New Year
TWV 1:1667,Wir haben nicht mit Fleisch und Blut zu kampfen,Cantata,,,,3rd Sunday of Lent
TWV 1:1668,"Wir liegen, grosser Gott, vor dir",Cantata,,,,22nd Sunday after the Trinity
TWV 1:1669,Wir müssen alle offenbar werden,Cantata,,,,9th Sunday after the Trinity
TWV 1:1670,Wir müssen alle offenbaret werden,Cantata,,,,9th Sunday after the Trinity
TWV 1:1671,Wir müssen alle offenbar werden,Cantata,,,,27th Sunday after the Trinity
TWV 1:1672,Wir müssen alle offenbar werden,Cantata,,,,26th Sunday after the Trinity
TWV 1:1673,Wir müssen alle sterben,Cantata,,,,Feast of the Purification of Marie
TWV 1:1674,Wir sind allesamt wie die Unreinen,Cantata,,,,6th Sunday after the Trinity
TWV 1:1675,Wir sind allesamt wie die Unreinen,Cantata,,,,20th Sunday after the Trinity
TWV 1:1676,Wir sind allzumal Sünder,Cantata,,,,Sunday of the Septuagésime
TWV 1:1677,Wir sind Gottes Mitarbeiter,Cantata,,,,5th Sunday after Epiphany
TWV 1:1678,Wir sollen selig werden und bleiben,Cantata,,,,Feast of the Trinity
TWV 1:1679,Wirst du den Herrn suchen,Cantata,,,,1st Sunday after Epiphany
TWV 1:1680,Wir waren weiland Heiden,Cantata,,,,Feast of Epiphany
TWV 1:1681,"Wir wissen, dass denen, die Gott lieben",Cantata,,,,Sunday after le New Year
TWV 1:1682,"Wir wissen, dass denen, die Gott lieben",Cantata,,,,3rd Sunday after Easter
TWV 1:1683,"Wir wissen, dass Gott die Sünder nicht horet",Cantata,,,,Feast of Rogations
TWV 1:1684,Wischt doch den Schlaf aus den Augen,Cantata,,,,4th Sunday of Advent
TWV 1:1685,"Wisset ihr nicht, dass alle",Cantata,,,,4th Sunday of Advent
TWV 1:1686,"Wisset ihr nicht, dass euer Leib",Cantata,,,,Feast of the Pentecost
TWV 1:1687,"Wisset ihr nicht, dass ihr Gottes Tempel",Cantata,,,,Feast of the Pentecost
TWV 1:1688,"Wisset ihr nicht, dass ihr",Cantata,,,,25th Sunday after the Trinity
TWV 1:1689,Wo bleibt die brüderliche Lieb,Cantata,,,,22nd Sunday after the Trinity
TWV 1:1690,Wo find ich meinen Jesum wieder,Cantata,,,,1st Sunday after Epiphany
TWV 1:1691,Wo Gott der Herr nicht bei uns hält,Cantata,,,,Sunday after the Ascension
TWV 1:1692,Wohin ich nur die Augen wende,Cantata,,,,25th Sunday after the Trinity
TWV 1:1693,Wohin ich nur die Augen wende,Cantata,,,,25th Sunday after the Trinity
TWV 1:1694,"Wohlan alle, die ihr durstig seid",Cantata,,,,2nd Sunday after the Trinity
TWV 1:1695,"Wohlan alle, die ihr durstig seid",Cantata,,,,26th Sunday after the Trinity
TWV 1:1696,"Wohlan, ich will meinem Lieben",Cantata,,,,Sunday of the Septuagésime
TWV 1:1697,"Wohlauf Herze, sing und spring",Cantata,,,,24th Sunday after the Trinity
TWV 1:1698,"Wohl dem, dem die Ubertretungen",Cantata,,,,19th Sunday after the Trinity
TWV 1:1699,"Wohl dem, dem die Übertretungen",Cantata,,,,22nd Sunday after the Trinity
TWV 1:1700,"Wohl dem, dem die Übertretungen",Cantata,,,,19th Sunday after the Trinity
TWV 1:1701,"Wohl dem, dem die Übertretungen",Cantata,,,,19th Sunday after the Trinity
TWV 1:1702,"Wohl dem, der den Herrn fürchtet",Cantata,,,,Sunday of the Septuagésime
TWV 1:1703,"Wohl dem, der den Herrn fürchtet",Cantata,,,,15th Sunday after the Trinity
TWV 1:1704,"Wohl dem, der den Herrn fürchtet",Cantata,,,,4th Sunday after Easter
TWV 1:1705,"Wohl dem, der in Gelassenheit",Cantata,,,,3rd Sunday after Epiphany
TWV 1:1706,"Wohl dem, der in Gottes Furcht stehet",Cantata,,,,2nd Sunday after Epiphany
TWV 1:1707,"Wohl dem, der mit Geduld bei schwerer Zeit",Cantata,,,,25th Sunday after the Trinity
TWV 1:1708,"Wohl dem, des Hülfe der Gott Jacobs",Cantata,,,,3rd Sunday after Epiphany
TWV 1:1709,"Wohl dem, des Hülfe der Gott Jacobs ist",Cantata,,,,4th Sunday of Lent
TWV 1:1710,"Wohl dem Volk, das jauchzen kann",Cantata,,,,Feast of the Visitation of Marie
TWV 1:1711,"Wohl dir, o Volk, dass du durch",Cantata,,,,3rd day of the Feast of the Pentecost
TWV 1:1712,Wohl her nun und lasset uns wohlleben,Cantata,,,,3rd Sunday after Easter
TWV 1:1713,Wohl her nun und lasset uns wohlleben,Cantata,,,,3rd Sunday after Easter
TWV 1:1714,"Wo ich gehe, wo ich stehe",Cantata,,,,Feast of Christmas
TWV 1:1715,"Wo ich gehe, wo ich stehe",Cantata,,,,Feast of Christmas
TWV 1:1716,Wo ist denn dein Freund hingegangen,Cantata,,,,1st Sunday after Epiphany
TWV 1:1717,Wo ist denn mein Jesus hin?,Cantata,,,,Cantates diverses
TWV 1:1718,Wo ist ein solcher Gott,Cantata,,,,22nd Sunday after the Trinity
TWV 1:1719,"Wo ist ein solcher Gott, wie du bist",Cantata,,,,22nd Sunday after the Trinity
TWV 1:1720,"Wo ist solch ein Gott, wie du bist",Cantata,,,,3rd Sunday after the Trinity
TWV 1:1721,"Wo ist solch ein Gott, wie du bist",Cantata,,,,19th Sunday after the Trinity
TWV 1:1722,Wo Jesus Hunger merket,Cantata,,,,4th Sunday of Lent
TWV 1:1723,Wollüstiger Sinnen bemühtes Beginnen,Cantata,,,,3rd Sunday of Advent
TWV 1:1724,Wo soll ich fliehen hin,Cantata,,,,22nd Sunday after the Trinity
TWV 1:1725,Wo soll ich fliehen hin,Cantata,,,,Cantates diverses
TWV 1:1726,Wünschet Jerusalem Glück,Cantata,,,,New Year
TWV 1:1727,Wünschet Jerusalem Glück,Cantata,,,,New Year
TWV 1:1728,Zeuch ohn Verzug in deinen Nöten,Cantata,,,,Feast of Rogations
TWV 1:1729,Ziehet euch Kinder auf,Cantata,,,,1st Sunday after Epiphany
TWV 1:1730,Zions Hülf und Abrams Lohn,Cantata,,,,New Year
TWV 1:1731,Zion spricht: Der Herr hat mich verlassen,Cantata,,,,3rd Sunday after Easter
TWV 1:1732,"Zischet nur, stechet, ihr feurigen",Cantata,,,,Feast of the Pentecost
TWV 1:1733,Zorn und Wüten sind Greuel,Cantata,,,,6th Sunday after the Trinity
TWV 1:1734,Zorn und Wüten sind Greuel,Cantata,,,,6th Sunday after the Trinity
TWV 1:1735,"Zu dir flieh ich, verstoss mich nicht",Cantata,,,,11è Sunday after the Trinity
TWV 1:1736,Zu Mitternacht ward ein Geschrei,Cantata,,,,20th Sunday after the Trinity
TWV 1:1737,Zuvor bracht ich euch Freude,Cantata,,,,3rd Sunday after Easter
TWV 1:1738,Zween Jünger gehn nach Emmaus,Cantata,,,,2nd day of the Feast of Easter
TWV 1:1739,"Zwei Menschen, welche Saba hat geboren",Cantata,,,,Feast of Epiphany
TWV 1:1740,Aussatz hat mich ganz gefressen,Cantata,,,,3rd Sunday after Epiphany
TWV 1:1743,"Selig sind, die zum Abendmahl des Lammes berufen sind",Cantata,,,,Cantates diverses
TWV 1:1744,"So gehest du nun, mein Jesu, hin",Cantata,,,,Cantates diverses
TWV 1:1745,Unbegreiflich ist dein Wesen,Cantata,,,,Feast of the Trinity
TWV 1:1746,"Victoria, mein Jesus ist erstanden",Cantata,,,,Feast of Easter
TWV 1:1747,"Was Gott tut, ist wohlgetan",Cantata,,,,Cantates diverses
TWV 1:1748,Singet dem Herrn ein neues Lied,Cantata,,,,New Year
TWV 1:1014a,"Krache, mimke, morsche Hutte",Cantata,,,,16th Sunday after Trinity
TWV 1:1014b,"Kruftiges Wort, voll Heil",Cantata,,,,12nd Sunday after Trinity
TWV 1:1037a,Lass uns in deine Liebe,Cantata,,,,2nd Sunday after Epiphany
TWV 1:1037b,Lass uns in deiner Liebe,Cantata,,,,4th dimanche of Advent
TWV 1:1040a,"Lebendiger Gott, dein Wort",Cantata,,,,Sunday of the Sexagésime
TWV 1:1040b,"Lebensfurst, auf dein Erblassen",Cantata,,,,Feast of Easter
TWV 1:1080a,Machtiger Heiland,Cantata,,,,2nd Day of Feast of Christmas
TWV 1:109a,"Auf zum Streiten, auf zum",Cantata,,,,1st Sunday of Lent
TWV 1:1110a,Mein Freud ist mein,Cantata,,,,2nd Sunday after Epiphany
TWV 1:1111a,Mein Glaube ringt in letzten Zugen,Cantata,,,,3rd dimanche of Advent
TWV 1:1116a,Hein Herze muss an Freuden,Cantata,,,,Feast of the Visitation of Marie
TWV 1:115a,Barmherzigkeit kann uns,Cantata,,,,6th Sunday after Trinity
TWV 1:117a,Begluckte Mutter,Cantata,,,,Feast of the Epiphany
TWV 1:1210a,"Opfre Gott Preis, Lob und",Cantata,,,,22nd Sunday after Trinity
TWV 1:1210b,O schmode Wollust dieser Erden,Cantata,,,,23rd Sunday after Trinity
TWV 1:1223a,"Prang im Gold, stolze Welt",Cantata,,,,20th Sunday after Trinity
TWV 1:1223b,Pragende Lilien in spross,Cantata,,,,15th Sunday after Trinity
TWV 1:1229a,"Rufst du, susse Hirtenstimme",Cantata,,,,2nd Sunday after Easter
TWV 1:1235a,"Sanftmutswolle, zarte Triebe",Cantata,,,,22nd Sunday after the Trinity
TWV 1:123a,Beschamt und zittern soll,Cantata,,,,3rd Sunday after Trinity
TWV 1:1241a,"Schmucke dich nur, wie",Cantata,,,,8th Sunday after the Trinity
TWV 1:1258a,Seel und Leib sind fest,Cantata,,,,13rd Sunday after the Trinity
TWV 1:1258b,Segenereicher Gang,Cantata,,,,4th Sunday after Easter
TWV 1:125a,Betrubter Lohn der Missetaten,Cantata,,,,10th Sunday after Trinity
TWV 1:125b,"Beweget euch munter, ihr lassigen Hande",Cantata,,,,Sunday of Septuagesima
TWV 1:126a,Bist du denn so gar,Cantata,,,,2nd Sunday after Trinity
TWV 1:1288a,"Sei still, zerreiss der Nahrung Netze",Cantata,,,,5th Sunday after the Trinity
TWV 1:130a,"Blitz, der Herz und Geist",Cantata,,,,10th Sunday after Trinity
TWV 1:130b,"Blut, das Glut und Eifer",Cantata,,,,Palm Sunday
TWV 1:132a,"Brecht, heisse Seufzer, los",Cantata,,,,3rd Sunday after Easter
TWV 1:1357a,So grauss machtig ist der Teufel,Cantata,,,,3rd Sunday of Lent
TWV 1:1358a,So kommt dens auch,Cantata,,,,1st Sunday of Advent
TWV 1:1406a,"Sunder, die sich selbst",Cantata,,,,3rd Sunday of Lent
TWV 1:1408a,Tag und Stunden sind zu,Cantata,,,,4th Sunday of Lent
TWV 1:1409a,Todesangst und Hollenschrecken,Cantata,,,,19th Sunday after the Trinity
TWV 1:1425a,Tronen der Gottheit in,Cantata,,,,Feast of Saint-Michel
TWV 1:1425b,Uber der Propheten Blut,Cantata,,,,2nd day of the Feast of Christmas
TWV 1:1439a,Unerschaffnes Licht,Cantata,,,,2nd day of the Feast of the Pentecost
TWV 1:1470a,Verliere mur gebrochen dich,Cantata,,,,Feast of the Purification of Marie
TWV 1:1533a,Was zeigen freche Hollenkinder,Cantata,,,,Sunday of the Passion
TWV 1:1539a,Weide mich auf gruner Auen,Cantata,,,,2nd Sunday after Easter
TWV 1:1540a,"Weil ich glaube, wird der",Cantata,,,,24th Sunday after the Trinity
TWV 1:1549a,"Walt, verlange nicht mein",Cantata,,,,18th Sunday after the Trinity
TWV 1:155a,"Da Jesu, deinen Ruhm zu mehren",Cantata,,,,10th Sunday after Trinity
TWV 1:1591a,Wer mit Gott den Anfang,Cantata,,,,5th Sunday after the Trinity
TWV 1:15a,"Ach Gott, wie beugt der Eltern Herze",Cantata,,,,21st Sunday after Trinity
TWV 1:1623a,Wie hoch bist du gest,Cantata,,,,Feast of Christmas
TWV 1:1722a,"Wolken regnen, Berge geb",Cantata,,,,9th Sunday after the Trinity
TWV 1:1722b,"Wolken, ward ihr leer von Blitzen",Cantata,,,,Sunday of the Passion
TWV 1:1727a,Zerbrechliche Gefasse,Cantata,,,,4th Sunday after the Trinity
TWV 1:1727b,"Zerknirsche, du mein blodes",Cantata,,,,3rd Sunday after the Trinity
TWV 1:1735a,"Zurne nur, du alte Schlange",Cantata,,,,Feast of Easter
TWV 1:1a,Abscheuliche Tiefe des großen Verderbens,Cantata,,,,"Sunday after Christmas
Fortsetzung des Harmonischen Gottes-Dienstes #8"
TWV 1:1a,Absteigende Gottheit in,Cantata,,,,Feast of the Assumption of Mary
TWV 1:219a,Demut ist der Tugend Krone,Cantata,,,,10th Sunday after Trinity
TWV 1:219b,Den Christen mischt Christus,Cantata,,,,2nd day of Easter
TWV 1:248a,Der Glaube muss dauern,Cantata,,,,21st Sunday after Trinity
TWV 1:27a,"Ach, indem ich dich erblicke",Cantata,,,,Feast of the Ascension
TWV 1:296a,Der Himmelskonig will,Cantata,,,,23rd Sunday after Trinity
TWV 1:29a,"Ach, mein herzlieben Jesulein",Cantata,,,,Feast of Christmas
TWV 1:30a,"Ach reiner Geist, dein gnädig",Cantata,,,,Feast of Pentecost
TWV 1:31a,"Ach Seele, hungre, dürste",Cantata,,,,2nd Sunday after Trinity
TWV 1:327a,Des wutenden Meeres betaubendes Brausen,Cantata,,,,2nd Sunday of Advent
TWV 1:338a,"Die Glut des Zorns, das Feur",Cantata,,,,6th Sunday after Trinity
TWV 1:383a,"Du bist ja, hochbedrangte Liebe",Cantata,,,,10th Sunday after Trinity
TWV 1:384a,"Du bist mir, schnodes Gut der",Cantata,,,,9th Sunday after Trinity
TWV 1:422a,Ein heisser Durst nach,Cantata,,,,3rd Sunday after Easter
TWV 1:422b,"Ein Herz, mit seinem",Cantata,,,,Sunday after Ascension
TWV 1:431a,Ein seliges Kind Gottes,Cantata,,,,4th Sunday after Trinity
TWV 1:440a,"Engel, Menschen, Himmel",Cantata,,,,Feast of Saint John the Baptist
TWV 1:446a,"Er freur dich, Gewissen",Cantata,,,,1st Sunday after Easter
TWV 1:465a,"Erleuchte uns, wesentliche",Cantata,,,,Feast of the Rogation Days
TWV 1:466a,"Ermuntre dich, mein schwacher Geist",Cantata,,,,Feast of the Epiphany
TWV 1:47a,"Ach Zion, lass den Fall",Cantata,,,,10th Sunday after Trinity
TWV 1:481a,Erwacht aus eurem Sorgen,Cantata,,,,10th Sunday after Trinity
TWV 1:482a,"Erweche dich, mein",Cantata,,,,3rd Sunday of Advent
TWV 1:487b,"Erwag, o Mensch, sechs ganze Tage",Cantata,,,,10th Sunday after Trinity
TWV 1:490a,Es fullen der Allmacht,Cantata,,,,10th Sunday after Trinity
TWV 1:518a,Es klinget oft klaglich nach,Cantata,,,,2nd Sunday of Lent
TWV 1:544a,Euch wackelhafte Hoffartsberge,Cantata,,,,1st Sunday after Lent
TWV 1:547a,"Feinde, berst vor Grimm",Cantata,,,,Sunday after New Year
TWV 1:554a,Freud und Hoffnung sind,Cantata,,,,2nd day of Easter
TWV 1:578a,Gebenedeites Weibersamen,Cantata,,,,New Year
TWV 1:621a,Gib deiner Gnade Sonnenschein,Cantata,,,,Sunday of Septuagesima
TWV 1:632a,"Gottlichs Kind, lass mit",Cantata,,,,Feast of Christmas
TWV 1:661a,Gott ist die Liebe,Cantata,,,,10th Sunday after Trinity
TWV 1:676a,Gott nimmt die Farren von,Cantata,,,,10th Sunday after Trinity
TWV 1:689a,"Gott weiss, ich bin von Seufzen mude",Cantata,,,,3rd Sunday after Epiphany
TWV 1:68a,Alles sei dir unverhohlen,Cantata,,,,4th Sunday of Lent
TWV 1:718a,"Hast du, Herr der",Cantata,,,,Feast of the Pentecost
TWV 1:718b,Hat Gott nicht zu seiner,Cantata,,,,25th Sunday after Trinity
TWV 1:718c,"Heile mich, du Heil der",Cantata,,,,3rd Sunday after Epiphany
TWV 1:733a,"Herr Christ, du hochstes Gut",Cantata,,,,11st Sunday after Trinity
TWV 1:766a,"Herr, schau, die Seele steht dir offen",Cantata,,,,4th dimanche of Advent
TWV 1:771a,"Herr, streu in mich des Wortes",Cantata,,,,Sunday of the Sexagésime
TWV 1:782a,Herzbrechend ist das Augenbrechen,Cantata,,,,16th Sunday after Trinity
TWV 1:786a,"Heult, verruchte",Cantata,,,,2nd dimanche of Advent
TWV 1:797a,"Hilf, dass durch dieser Mahlzeit Kraft",Cantata,,,,18th Sunday after Trinity
TWV 1:805a,Hochselige Blicks voll heiliger Wonne,Cantata,,,,13rd Sunday after Trinity
TWV 1:805b,Horst du garnicht unser Flehen,Cantata,,,,4th Sunday after Epiphany
TWV 1:81a,Also hat Gott die Welt geliebet,Cantata,,,,2nd day of Pentecost
TWV 1:862a,Ich seh auch fast mit bittern,Cantata,,,,Sunday of the Quinquagésime
TWV 1:863a,"Ich seufze, winsle, klage",Cantata,,,,2nd dimanche du Lent
TWV 1:872a,"Ich weine, durch der Armut",Cantata,,,,4th dimanche du Lent
TWV 1:906a,Ihr im Sunden tote Glieder,Cantata,,,,3rd Day of Feast of Easter
TWV 1:90a,"Alter Adam, du musst sterben",Cantata,,,,Feast of the Holy Trinity
TWV 1:95a,Armselige Weisheit,Cantata,,,,Feast of the Holy Trinity
TWV 1:95b,Auch der Mangel wird,Cantata,,,,7th Sunday after Trinity
TWV 1:962a,"Jesu bleibt, wenn viele",Cantata,,,,Sunday after the Feast of Christmas
TWV 1:974a,Jesu meines Lebens Sonne,Cantata,,,,3rd dimanche of Advent
TWV 1:981a,"Jesus kommt, ihr Teuffel flieht",Cantata,,,,1st dimanche of Advent
TWV 1:990a,Kann euch dieser Donnerschlag,Cantata,,,,26th Sunday after Trinity
TWV 1:991a,"Kehret wieder, ihr Ver",Cantata,,,,3rd Day of Feast of Pentecost
TWV 1:992b,"Kehre wieder, hochgel",Cantata,,,,1st Sunday after Epiphany
TWV 1:deest,"Gottloses, schändliches Gebot",Oratario,,"I. Intrada „Gottloses, schändliches Gebot“ (D-Dur)  Allegro moderato
II. Rezitativ „Gottloses, schändliches Gebot“ (modulierend, ends in D-Dur)
III. Arie „Brüllende Henker, stürzt mich zu Boden“ (D-Dur)  Allegro furioso
IV. Rezitativ „So kann man schon auf Erden“ (modulierend, ends in A-Dur)
V. Arie und Chor „Freudige Seraphim, schwinget die Flügel“ (A-Dur)  Andante poco vivace – Tempo giusto moderato – Moderato
VI. Rezitativ „Schon gut, das Fallbrett war beglückt gestellt“ (modulierend, ends in Cis-Dur)
VII. Arie „Ja, ja, wir funden ihn“ (A-Dur)  Allegro moderato
VIII. Terzett „Sie haben eine Grube gegraben“ (fis-Moll)  Moderato
IX. Rezitativ „Großmächtigster Monarch, du müssest lange leben!“ (modulierend, ends in G-Dur)  o. T. – Moderato – o. T.
X. Arie „Das Laster ist eine wilde Flut“ (D-Dur)  
Allegro non presto
XI. Rezitativ „Ein Richter ist der Bosheit Feind“ (modulierend, ends in h-Moll)
XII. Arie „Recke deines Zepters Spitze“ (h-Moll)  
Poco Largo
XIII. Rezitativ – Accompagnato „Du weißt der Pers' und Meder Recht“ (modulierend, ends in Fis-Dur)  
Moderato – Allegro
XIV. Arie „Es brannte zwar des Hasses Glut“ (D-Dur)  
Allegro
XV. Arie „Schau hier der bösen Engel Art“  Role: Andacht (Tenor). Text only; not set to music.
XVI. Choral „Der alte Drach und böse Feind“  Contains the 4th stanza of the chorale „Herr Gott, dich loben alle“. Text only; not set to music.
XVII. Choral „Und wie er vor hat bracht in Not“  Contains the 5th stanza of the chorale „Herr Gott, dich loben alle“. Text only; not set to music.
XVIII. Rezitativ „Ach weh! Dort kommt er schon in schweren Ketten“ (modulierend, ends in E-Dur)
XIX. Arie „Ach! seufze nicht, mitleid'ger Fürst“ (E-Dur)  Andante molto mesto
XX. Rezitativ „Ach! liebster Daniel, was kann ich tun?“ (modulierend, ends in cis-Moll)
XXI. Chor „Er sinket hinunter“ (E-Dur)  Vivace
XXII. Rezitativ „Zum wenigsten will ich dennoch“ (modulierend, ends in A-Dur)
XXIII. Accompagnato „Ach Daniel! Wie quälst du mich!“ (modulierend, ends in fis-Moll)  Lento
XXIV. Arie „Unschuldvoller Daniel“ (A-Dur)  Mesto, adagio poco lento
XXV. Rezitativ „Doch morgen will ich bald zum Graben gehen“ (modulierend, ends in cis-Moll)
XXVI. Rezitativ „Gedenke nicht in deinem Jammerstand“ (modulierend, ends in A-Dur)
XXVII. Dictum „Die Engel sind allzumal dienstbare Geister“ (A-Dur)  Moderato
XXVIII. Rezitativ „Ach Daniel, des lebend'gen Gottes Knecht“ (modulierend, ends in C-Dur)  o. T. – Lento
XXIX. Rezitativ „So hat der heilgen Engel Wacht“ (modulierend, ends in D-Dur)
XXX. Arie „Die glänzenden Helden, die feurigen Scharen“ (D-Dur)  Allegro
XXXI. Dictum „Ich fürchte mich nicht vor viel hundert Tausend“ (D-Dur)  Vivace
XXXII. Rezitativ „Mein Daniel! Lass dich erfreut umfangen“ (modulierend, ends in fis-Moll)
XXXIII. Arie „Vertrauen reizt die Allmacht an“ (fis-Moll)  Larghetto
XXXIV. Rezitativ „Wohlan! die Unschuld ist befreit“ (modulierend, ends in h-Moll)
XXXV. Rezitativ „So auch, lass Satanas sein Klagen heftig treiben“  
Role: Andacht (Tenor). Text only; not set to music.
XXXVI. Dictum „Nun ist das Heil, und die Kraft“  
Text source: Bible, Revelation 12:10. Text only; not set to music.
XXXVII. Rezitativ – Chor – Rezitativ „Verräter! seht ihr nun, wie eigne Bosheit schläget?“ (modulierend, ends in G-Dur)  o. T. – Lento moderato – a tempo moderato
XXXVIII. Accompagnato „Er soll hinführo jedermann den Gott des Daniels“ (modulierend, ends in A-Dur)
XXXIX. Arie „Erhebet und rühmet des Daniels Gott“ (D-Dur)  Vivace – Allegro moderato
XL. Accompagnato „So lasst uns auch des Höchsten Wundermacht“ (modulierend, ends in A-Dur)
XLI. Chor „Herr der starken Seraphinen“ (D-Dur)  Vivace
XLII. Choral ad libitum „Herr Gott! dich loben alle wir“  Contains the 1st and 2nd stanzas of the chorale „Herr Gott, dich loben alle“. Text only; not set to music.","2 Sopranos, Alto, 2 Tenors, 2 Basses, 3 Clarinos, Timpani, 3 Horns, 2 Traversos, 2 Oboes, 2 Bassoons, 2 Violins, Viola, 2 Cellos (1st also soloistic), Basso Continuo",
TWV 1:deest,"Auf Zion, preise",,,,,1st Day of Pentecost
TWV 1:deest,Ich will dulden,,,,,
TWV 1:deest,Mein Zepter gibt der Welt Gesetze,,,,,"Included in 11:deest Hochzeitsmusik Richter, Alexander/Guden, Rosina Brigitta"
TWV 1:deest,"Schnöder Hochmut, weg mit dir",,,,,
TWV 1:deest,"Stern aus Jakob, Licht der Heiden",,,,,Feast of Christmas
TWV 1:deest,"Wohin, o mein Heil, wohin",,,,,10th Sunday after Trinity
TWV 2:deest,"Stern aus Jakob, Licht der Heiden",,,,,
TWV 3:deest,Predigereinführungsmusik,,,,,Georg Michael Telemann arrangemnt manscript
TWV 3:deest,Wie ist die Flur so traurig,,,,,Included in 3:deest Predigereinführungsmusik
TWV 6:1,Davidische Gesange,Oratorio,,,,[lost]
TWV 6:2,Wahrer Freundschaft seltne Triebe,Oratorio,,,,[lost]
TWV 6:4,Der Messias,Oratorio,,,"Soprano, Alto, Tenor, 2 Transverse Flutes, 2 Oboes, Oboes basse, 2 Bassoons, 2 Violins, Viola, Cello, Cello concertant",
TWV 6:5,Das befreite Israel,Oratorio,,,"Soprano, Alto, Tenor, Bass, Transverse Flute, 2 Oboes, 2 Bassoons, 3 Clairons, 2 Horns, Timpani, 2 Violins, Viola, Cello , Basso Continuo",
TWV 6:6,Die Auferstehung und Himmelfahrt Jesu,Oratorio,,,"Soprano, Alto, Tenor, Bass, 2 Transverse Flutes, 2 Oboes, 3 trompettes, 2 Horns, Timpani, 2 Violins, Viola, Cello , Basso Continuo",
TWV 6:7,Die Auferstehung,Oratorio,,,"Soprano, Alto, Tenor, Bass, 2 Transverse Flutes, 2 Oboes, Oboes basse, 3 trompettes, 2 Horns, Timpani, 2 Violins, Viola, Cello , Basso Continuo",
TWV 6:8,Der Tag des Gerichts,Oratorio,,,"Soprano, Alto, Tenor, Bass, 2 Oboes, 2 Horns, Timpani, 2 Violins, Viola, Viola da Gamba, Cello , Basso Continuo",
TWV 6:3a,Donnerode I,Oratorio,,,"Soprano, Alto, Tenor, Bass, 3 Clairons, cor, Bassoon, Timpani, 2 Violins, Viola, Cello , Basso Continuo",
TWV 6:3b,Sonnerode II,Oratorio,,,"Soprano, Alto, Tenor, Bass, 2 Transverse Flutes, 2 Clairons, cor, 2 Violins, Viola, Cello, Cello concertant",
TWV 7:1,"Ach Herr, strafe mich nicht",Psaume,,,"Solo Alto, 2 Violins, Viola, Cello, Basso Continuo",
TWV 7:2,"Sch Herr, strafe mich nicht",Psaume,,,"Solo Soprano, Oboe, Bassoon, Violin, Cello, Basso Continuo",
TWV 7:3,"Ach Herr, strafe mich nicht",Psaume,,,"Solo Alto, Soprano, Alto, Tenor, Bass, 2 Violins, Bassoon, Basso Continuo",
TWV 7:4,"Alleluja, singet den Herrn ein neues Lied",Psaume,,,"Soprano, Alto, Tenor, Bass, 2 Oboes, 2 Violins, Viola, Cello, Basso Continuo",
TWV 7:5,"Danket den Herrn, dens er ist freundlich",Psaume,,,"Soprano, Alto, Tenor, Bass, 2 Oboes, 2 Horns, Bassoon, 2 Violins, Viola, Cello, Basso Continuo",
TWV 7:6,Das ist ein kostlich Ding,Psaume,,,"Soprano, Alto, Tenor, Bass, 2 Violins, Viola, Cello, Basso Continuo",
TWV 7:7,Deus judicium tuum,Psaume,,,"Soprano, Alto, Tenor, Bass, 2 Transverse Flutes, 2 Oboes, 2 Violins, Viola, Cello obligé, Basso Continuo",
TWV 7:8,Die auf den Herren hoffen,Psaume,,,"Soprano, Alto, 2 Oboes, 2 Violins, Cello, Basso Continuo",
TWV 7:9,Die auf den Herrn hoffen,Psaume,,,"Tenor, Bass, 2 Oboes, 2 Violins, Cello, Basso Continuo",
TWV 7:10,"Diem ist der Tag, den der Herr gemacht hat",Psaume,,,"Soprano, Alto, Tenor, Bass, 2 Oboes, 2 Horns, 2 Violins, Viola, Cello, Basso Continuo",
TWV 7:11,Domine ad adjuvandum me,Psaume,,,"Soprano, Alto, Tenor, Bass, 2 Violins, Viola, Cello, Basso Continuo",
TWV 7:12,"Domine, dominus noster",Psaume,,,"Soprano, Alto, Tenor, Bass, 2 Violins, Viola, Cello, Basso Continuo",
TWV 7:13,Exaltabo te Deus,Psaume,,,"Soprano, Bass, Basso Continuo",
TWV 7:14,Ich danke dem Herrn von ganzem Herzen,Psaume,,,"Soprano, Alto, Tenor, Bass, 2 Oboes, Clairon piccolo, 2 Violins, Viola, Cello, Basso Continuo",
TWV 7:15,Ich habe meine Augen auf zu den Bergen,Psaume,,,"Tenor, Violin, Basso Continuo",
TWV 7:16,Ich habe meine Augen auf zu den Bergen,Psaume,,,"Soprano, Alto, Tenor, Bass, 2 Oboes, 2 Violins, Viola, Cello, Basso Continuo",
TWV 7:17,Ich habe meine Augen auf zu den Bergen,Psaume,,,"Soprano, 2 Basses, Oboe, 2 Violins, Viola, Cello, Basso Continuo",
TWV 7:18,Ich will den Herrn loben,Psaume,,,"Soprano, Alto, Cello, Basso Continuo",
TWV 7:19,Ihr seid die Gesegneten des Herrn,Psaume,,,"Soprano, Alto, Tenor, Bass, Oboe, 2 Violins, Viola, Cello, Basso Continuo",
TWV 7:20,Jauchzet dem Herrn alle Welt,Psaume,,,"Solo Bass, Oboe, Clairon, 2 Violins, Viola, Cello, Basso Continuo",
TWV 7:21,Jauchzet dem Herrn alle Welt,Psaume,,,"Solo Bass, 2 Clairons, Cello, Basso Continuo",
TWV 7:22,Jauchzet dem Herrn alle Welt,Psaume,,,"Soprano, Tenor, Bass, 2 Transverse Flutes, 2 Violins, Viola, Cello, Basso Continuo",
TWV 7:23,Jehova pascit me,Psaume,,,"Solo Soprano, Solo Bass, 2 Flute, 2 Oboes, 2 Violins, Viola, Cello, Basso Continuo",
TWV 7:24,"Jubilate Deo, omnia terra",Psaume,,,"Soprano, Alto, Tenor, Bass, [2 Flutes], 2 Violins, Viola, Cello, Basso Continuo",
TWV 7:25,Laudate Jehovah omnes gentes,Psaume,,,"Soprano, Alto, Tenor, Bass, 2 Violins, Viola, Cello, Basso Continuo",
TWV 7:26,Laudate pueri Dominum,Psaume,,,"Solo Soprano, 2 Violins, Viola, Cello, Basso Continuo",
TWV 7:27,Lobe den Herrn meine Seele,Psaume,,,"Soprano, Alto, Tenor, Bass, 2 Oboes, 2 Clairons, 2 Violins, Viola, Cello, Basso Continuo",
TWV 7:28,"Lobet den Herrn alle Heiden, Halleluja!",Psaume,,,"Soprano, Alto, Tenor, Bass, 2 Violins, Viola, Cello, Basso Continuo",
TWV 7:29,Lobet den Herrn alle Heiden,Psaume,,,"2 Tenors, Bass, Cello, Basso Continuo",
TWV 7:30,Singet dem Herrn ein neues Lied,Psaume,,,"Soprano, Alto, Tenor, Bass, 2 Violins, Viola, Cello, Basso Continuo",
TWV 7:31,Der Herr ist Konig und herrlich geschmuckt,Psaume,,,"Solo Bass, Oboe, Bassoon, 2 Violins, Viola, Cello, Basso Continuo",
TWV 7:32,"Schmecket und sehet, wie freundlich der Herr ist",Psaume,,,"Solo Soprano, Violin, Basso Continuo",
TWV 8:1,Amans disciplinam,Motet,,,"Solo Soprano, Solo Tenor, Cello, Basso Continuo",
TWV 8:2,"Amen, Lob und Ehre",Motet,,,"Soprano, [Alto], Tenor, Bass, Basso Continuo",
TWV 8:3,"Danket dem Herrn, denn er ist freudlich",Motet,,,"2 Sopranos, 2 Altos, 2 Tenors, 2 Basses",
TWV 8:4,Der Gott unsers Herrn Jesu Christi,Motet,,,"Soprano, Alto, Tenor, Bass, Basso Continuo",
TWV 8:5,Der Herr gibt Weisheit,Motet,,,"Soprano, Alto, Bass, Cello, Basso Continuo",
TWV 8:6,Der Herr ist Konig,Motet,,,"Soprano, Alto, Tenor, Bass",
TWV 8:7,Ein feste Burg ist unser Gott,Motet,,,"Soprano, Alto, Tenor, Bass, Basso Continuo",
TWV 8:8,Es segne uns Gott unser Herr,Motet,,,"Soprano, Alto, Tenor, Bass, Basso Continuo",
TWV 8:9,"Halt, was du hast, dass niemand deine Krone nehme",Motet,,,"2 Sopranos, 2 Altos, 2 Tenors, 2 Basses, Basso Continuo",
TWV 8:10,Jauchzet dem Herrn alle Welt,Motet,,,"2 Sopranos, 2 Altos, 2 Tenors, 2 Basses",
TWV 8:11,Laudate Dominum,Motet,,,"Soprano, Alto, Tenor, Bass, Basso Continuo",
TWV 8:12,Non aemulare cum viris malititiae,Motet,,,"Solo Soprano, Solo Bass, Cello, Basso Continuo",
TWV 8:13,Selig sind die Toten,Motet,,,"Soprano, Alto, Tenor, Bass, Basso Continuo",
TWV 8:14,Und das Wort ward Fleisch,Motet,,,"Soprano, Alto, Tenor, Bass",
TWV 8:15,Werfet Panier auf im Lande,Motet,,,"Soprano, Alto, Tenor, Bass, Basso Continuo",
TWV 8:16,"Wohl dem, der den Herrn furchtet",Motet,,,"Soprano, Alto, Basso Continuo",
TWV 9:1,"Messe sur ""Ach Gott vom Himmel sieh darein""",Mass,,,"Soprano, Alto, Tenor, Bass",
TWV 9:2,"Messe sur ""Allein Gott in der Hoh sei Ehr""",Mass,,,"Soprano, Alto, Tenor, Bass",
TWV 9:3,"Messe sur ""Christ lag in Todesbanden""",Mass,,,"Soprano, Alto, Tenor, Bass",
TWV 9:4,"Messe sur ""Durch Adams Fall ist ganz verderbt""",Mass,,,"Soprano, Alto, Tenor, Bass",
TWV 9:5,"Messe sur ""Ein Kindelein so lobelich""",Mass,,,"Soprano, Alto, Tenor, Bass, Basso Continuo",
TWV 9:6,"Messe sur ""Erbarm dich mein, o Herre Gott""",Mass,,,"Soprano, Alto, Tenor, Bass, Basso Continuo",
TWV 9:7,"Messe sur ""Es wird schier der letzte Tag kommen""",Mass,,,"Soprano, Alto, 2 Tenors, Bass, (2 Oboes), 2 Violins, Viola, Cello, Basso Continuo",
TWV 9:8,"Messe sur ""Es woll uns Gott genadig sein""",Mass,,,"Soprano, Alto, Tenor, Bass",
TWV 9:9,"Messe sur ""Gott der Vater wohn uns bei""",Mass,,,"Soprano, Alto, Tenor, Bass",
TWV 9:10,"Messe sur ""Komm heiliger Geist""",Mass,,,"Soprano, Alto, Tenor, Bass",
TWV 9:11,"Messe sur ""Komm heiliger Geist""",Mass,,,"Soprano, Alto, Tenor, Bass, Basso Continuo",
TWV 9:12,Messe alla siciliana,Mass,,,"Soprano, Alto, Tenor, Bass, 2 Violins, Basso Continuo",
TWV 9:13,Messe,Mass,,,"Soprano, Alto, Tenor, Bass, (Bassoon, Oboe taille), 2 Violins, Viola, Cello, Basso Continuo",
TWV 9:14,Messe,Mass,,,"Solo Alto, basson, 2 Violins, Cello, Basso Continuo",
TWV 9:15,Messe brève,Mass,,,"Solo Soprano, Soprano, Alto, Tenor, Bass",
TWV 9:16,Messe,Mass,,,"Soprano, Alto, Tenor, Bass, 3 Clairons, Timpani, 2 Violins, Viola, Cello, Basso Continuo","Sanctus, ""Pleni sunt coeli"""
TWV 9:17,Magnificat anima mea,Magnificat,,,"Soprano, Alto, Tenor, BassB, 3 Clairons, Timpani, 2 Violins, Viola, Cello, Basso Continuo",
TWV 9:18,Meine Seele erhebet den Herrn,Mass,,,"Soprano, Alto, Tenor, Bass, 2 Flutes dolce, 2 Oboe, 2 Horns, 2 Violins, Viola, Cello, Basso Continuo",Magnificat allemand
TWV 9:19,Amen,Mass,,,"Soprano, Alto, Tenor, Bass, 2 Clairons, 2 Violins, Viola, Cello, Basso Continuo",
TWV 9:20,"Lobet den Herrn alle Heiden, Halleluja",Mass,,,"Soprano, Alto, Tenor, Bass, 2 Violins, Viola, Cello, Basso Continuo",
TWV 9:deest,Kyrie/Gloria [Missa brevis],Mass,,,,17th Sunday after Trinity
TWV 10:1,Fast allgemeines Evangelisch-Musicalisches Liederbuch,,,,,Collection de 2056 mélodies de chorales
TWV 10:2,Herr unser Herrscher,Canon,,,,Telemanns Canones à 2/3/4 #1
TWV 10:3,"Herr, wie lange willt du mein so gar vergessen",Canon,,,,Telemanns Canones à 2/3/4 #2
TWV 10:4,"Danket dem Herrn, denn er ist freudlich",Canon,,,,Telemanns Canones à 2/3/4 #3
TWV 10:5,"Ach Herr, strafe mich nicht, in deinem Zorn",Canon,,,,Telemanns Canones à 2/3/4 #4
TWV 10:6,"Ich will den Herrn loben, so lange ich lebe",Canon,,,,Telemanns Canones à 2/3/4 #5
TWV 10:7,Wie der Hirsch schreiet nach frischem Wasser,Canon,,,,Telemanns Canones à 2/3/4 #6
TWV 10:8,Ich will den Herrn loben alle Zeit,Canon,,,,Telemanns Canones à 2/3/4 #7
TWV 10:9,"Gott, sey mit gnadig nach deiner Gute",Canon,,,,Telemanns Canones à 2/3/4 #8
TWV 10:10,Gott ist unsre Zuversicht und Starke,Canon,,,,Telemanns Canones à 2/3/4 #9
TWV 10:11,Hilf mir Gott durch deinen Namen,Canon,,,,Telemanns Canones à 2/3/4 #10
TWV 10:12,"Wohl dem, dem die Ubertretungen vergeben sind",Canon,,,,Telemanns Canones à 2/3/4 #11
TWV 10:13,Gott say uns gnadig und segne uns,Canon,,,,Telemanns Canones à 2/3/4 #12
TWV 10:14,"Lass, mein Sehnen",Aria,G major,,"Solo Soprano, 2 Violins, Viola, Cello, Basso Continuo","Aria from Gedenke doch, wie ich so elend, TWV 1:583"
TWV 10:15,"Ich weiss, an wen ich glaube",Aria,A minor,,"Solo Soprano, 2 Violins, Viola, Cello, Basso Continuo",TWV 1:1491
TWV 10:16,"Erzittert, ihr Spotter",Aria,C major,,"Solo Soprano, 2 Violins, Viola, Cello, Basso Continuo",
TWV 10:17,"Weg, ihr schnoden Eitelkeiten",Aria,,,"Solo Soprano, 2 Violins, Viola, Cello, Basso Continuo",TWV 1:1491
TWV 10:18,"Vergb, so wird dir auch vergeben",Aria,F minor,,"Solo Soprano, 2 Violins, Viola, Cello, Basso Continuo",Nr. 4 of 1:1601
TWV 10:19,"Sichres Menschenkind, erschrecke",,,,"Solo Soprano, 2 Violins, Viola, Cello, Basso Continuo",
TWV 10:20,"Sunder, ach zerfliesst in Tranen",,,,"Solo Soprano, 2 Violins, Viola, Cello, Basso Continuo",
TWV 10:21,"Ich lebe, aber doch nicht ich",,,,"Soprano, Bass, 2 Violins, Viola, Cello, Basso Continuo",
TWV 10:22,Das Wort unsers Gottes bleibet,,,,"Alto, Tenor, 2 Violins, Viola, Cello, Basso Continuo",
TWV 10:23,"Siehe, hier bin ich",,,,"Soprano, Tenor, 2 Violins, Viola, Cello, Basso Continuo",
TWV 10:24,Der Herr ist mein Gut und mein Teil,,,,"Alto, Bass, 2 Violins, Viola, Cello, Basso Continuo",
TWV 10:25,"Ist Gott fur uns, wer mag wider uns sein",,,,"Soprano, Alto, 2 Violins, Viola, Cello, Basso Continuo",
TWV 10:26,Wer ist jemals zu Schanden geworden,,,,"Alto, Tenor, 2 Violins, Viola, Cello, Basso Continuo",
TWV 10:27,Meine Seele verlanget nach deinem Heil,,,,"Soprano, Bass, 2 Violins, Viola, Cello, Basso Continuo",
TWV 10:28,Nach seiner Barmherzigkeit,,,,"Alto, Tenor, 2 Violins, Viola, Cello, Basso Continuo",
TWV 10:29,Nach dem Ungewitter lassest du die Sonne wieder scheinen,,,,"Soprano, Tenor, 2 Violins, Viola, Cello, Basso Continuo",
TWV 10:30,"Ich aber, Herr, hoffe auf dich",,,,"Soprano, Bass, 2 Violins, Viola, Cello, Basso Continuo",
TWV 10:31,Lehr mich tun nach deinen Wohlgefallen,,,,"Alto, Bass, 2 Violins, Viola, Cello, Basso Continuo",
TWV 11:0,Hochzeitsmusik Landgraf Carl von Hessen-Philippstal/Caroline Christiane,Serenata,,,,"[composition non conservée]
Sérénade pour le mariage de la princesse Caroline Christiane avec Carl von Hessen"
TWV 11:1,"Ihr lieblichen Taler, annehaliche Felder",Cantata,,,"SATB avec 2 hautbois, 2 violons, alto, violoncelle et continuo",Mariage de Wilhelm von Eisenach
TWV 11:2,"Vermischet euch, helebte Saiten",Cantata,,,,[lost] Mariage Lastrop-Tonnies
TWV 11:3,Eroffhe die Quellen der Gnade von oben,Cantata,,,,[lost] Mariage Volkmar-Drapen
TWV 11:4,Ehen sind begluckt zu nennen,Cantata,,,,[lost] Mariage Bene-Block
TWV 11:5,,Cantata,,,,[lost] Mariage Munch
TWV 11:6,"Ihr zaubernden Tone entzucket, berucket die Herzen",Cantata,,,,[lost] Mariage Coldorf-Tonnies
TWV 11:7,"Hochzeit, Hochzeit, o Kern der Frolichkeit",Cantata,,,,[lost] Mariage Greve-Gullia
TWV 11:8,Greif zur tapferen Gegenwehr,Cantata,,,,[lost] Mariage Lutterloh-Beltgen
TWV 11:9,Verkehrter Lauf verderbter Zeiten,Cantata,,,,[lost] Mariage Hinsen-Fabar
TWV 11:10,Verkehrter Lauf verderbter Zeiten,Cantata,,,,"[Jumelé avec la sérénade 24:1]
Mariage Hinsen-Fabar"
TWV 11:11,,Cantata,,,,[lost] Mariage de Carl Friedrich de Norvège et la princesse Anna Petrowa
TWV 11:12,"Edle Stunden, da sich zwo vollkomme Seelen",Cantata,,,,[lost] Mariage Boetefeuer-Coldorff
TWV 11:13,Entrais dich der Erde verhasstem Getummel,Cantata,,,,[lost] Mariage Corthum-Greve
TWV 11:14,"Ihr scherzenden Winde, ihr spielenden Lufte",Cantata,,,,"[composition non conservée]
Mariage Hylms-Greve"
TWV 11:16,,Cantata,,,,[lost] Noces d'or de Ludwig Heinrich von Wurab
TWV 11:17,Der Herr hat Grosses an uns getan,Cantata,,,,[lost] Jubilé du mariage Luttmann-Mutzenbecher
TWV 11:18,Entbrannter Andacht helle Flammen,Cantata,,,,[lost] Jubilé du mariage Mattfeld-Scheller
TWV 11:19,,Cantata,,,,[lost] Mariage de Langermann
TWV 11:20,Auch dieser Tag moll deine Feste,Cantata,,,,[lost] Mariage du roi Joseph II et Josepha
TWV 11:21,"Auf, ihr art'gen Liebes-Gotter",Cantata,,,,[lost] Divertissement et chorégraphie musicale pour le mariage
TWV 11:22,Drei schone Dinge sind,Cantata,,,"SATB avec 2 hautbois, 3 cors de chasse, 2 violons, alto, violoncelle et continuo",
TWV 11:23,Ein wohlgezogen Weib ist nicht zu bezahlen,Cantata,,,,[fragment]
TWV 11:24,Es woll und Gott genadig sein,Cantata,,,"SSB avec 2 violons, alto, violoncelle et continuo",
TWV 11:25,"Herr, hebe an zu segnen das Haus",Cantata,,,"SB avec 2 violons, alto, violoncelle et continuo",
TWV 11:26,"Liebe, was ist schoner als die Liebe",Cantata,,,"ST avec 2 hautbois, 2 violons, alto, violoncelle et continuo",
TWV 11:27,Lieblich und schon sein ist nichts,Cantata,,,"ATB avec hautbois, 2 cors, 2 violons, alto, violoncelle et continuo",
TWV 11:28,Lustig bei dem Hochzeits-Schmause,Cantata,,,S ou B avec continuo,
TWV 11:29,"Seid fruchtbar, mehret euch",Cantata,,,"SATB avec 2 flûtes traversières, 2 cors, 2 violons, alto, violoncelle et continuo",
TWV 11:30,Sprich treuer Himmel:Ja,Cantata,,,"B solo avec hautbois, 2 bassons, 2 violons, violoncelle et continuo",
TWV 11:31,Wem ein tugendsam Weib bescheret ist,Cantata,,,"SB avec 2 clairons, 2 cors, timbales, 2 violons, alto, violoncelle et continuo",
TWV 11:32,Was Gott einmal gesegnet hat,Cantata,,,"B(SATB) avec 2 hautbois, 2 violons, alto, violoncelle et continuo",[fragment]
TWV 11:0a,Empfinde Welt mein rauhes Herrschen,Cantata,,,,
TWV 11:15a,"Herr Gott, dich loben wir",Cantata,,,"SATB avec flûte traversière, hautbois, basson, 3 clairons, timbales, 2 violons, alto, violoncelle et continuo",Noces d'or de Mutzenbecher
TWV 11:15b,"Nun hilf uns Gott, den Dienern dein",Cantata,,,"SATB avec flûte traversière, hautbois, basson, 3 clairons, timbales, 2 violons, alto, violoncelle et continuo",Noces d'or de Mutzenbecher
TWV 11:15c,O erhabnes Gluck der Ehe,Cantata,,,"SATB avec flûte traversière, chalumeau, hautbois, basson, 2 violons, alto, violoncelle et continuo",Noces d'or de Mutzenbecher
TWV 11:deest,Belintes lebte noch in bester Jahre Blüte,Cantata,,,,"Included in 11:deest Hochzeitsmusik Behagel, Isaak/Cherf, Susanne Elisabeth de"
TWV 11:deest,"Hochzeitsmusik Behagel, Isaak/Cherf, Susanne Elisabeth de",,,,,
TWV 11:deest,"Hochzeitsmusik Richter, Alexander/Guden, Rosina Brigitta",,,,,
TWV 11:deest,Lasst uns immer lustig sein,,,,,"Included in 11:deest Hochzeitsmusik Behagel, Isaak/Cherf, Susanne Elisabeth de"
TWV 12:1,"Musik zur Geburt Leopold, Herzog von Österreich",,,"I. TWV 12:1a
II. TWV 12:1b
III. TWV 12:1c","SATB avec 2 flûtes traversières, 2 hautbois, 3 clairons, timbales, 2 violons, alto, violoncelle et continuo",
TWV 12:2,,,,,[perdu],Musique pour la naissance d'un prince d'un comte du palais du Rhin
TWV 12:3,"Willkommen, schoner Freudentag",,,,"SATB avec 2 hautbois, 2 violons, alto, violoncelle et continuo",
TWV 12:4,Unare Freude wohnt in dir,,,,"SATB avec 2 piccolo, 2 bassons, 2 violons, alto, violoncelle et continuo",
TWV 12:5,Erheitre dich mit guldnen Strahlen,,,,,"[composition non conservée]
Musique de réjouissance lors de l'anniversaire de naissance du doyen Seelmann"
TWV 12:6,Erklingt durch gedopelt annehmliche Tone,,,,"SATB avec 2 hautbois, 2 violons, alto, violoncelle et continuo",
TWV 12:7,"Kommt mit mir, ihr sussen Freuden",Serenata,,,"SATB avec flûte douce, 2 hautbois, 2 bassons, 2 cors, 2 violons, alto, violoncelle et continuo","Sérénade ""Le Plaisir"""
TWV 12:8,Ich will dem Herrn singen mein Lebelang,Cantata,,,"SATB avec 2 hautbois, 2 violons, alto, violoncelle et continuo",Cantate pour l'anniversaire de naissance de la souveraine d'Eisenach
TWV 12:9,,Cantata,,,[perdu],Cantate pour l'anniversaire de naissance du roi Christian du Danemark
TWV 12:10,Lyksalig Tvillung-Rige!,Cantata,,,SB solo et SATB avec 2 violons et continuo,Cantate pour l'anniversaire de naissance du roi Friedrich V
TWV 12:11,Grossmachtiger Monarch der Britten,Cantata,,,"SB avec flûte traversière, 3 clairons, timbales, 2 violons, alto, violoncelle et continuo",Cantate pour l'anniversaire de naissance de sa majesté le roi de Grande-Bretagne
TWV 12:1a,"Auf Christenheit, begeh ein Freudenfest",,,,"SATB avec 2 flûtes traversières, 2 hautbois, 3 clairons, timbales, 2 violons, alto, violoncelle et continuo",1ère partie d'une cantate pour la fête de réjouissance donnée en l'honneur de la naissance d'un prince impérial
TWV 12:1b,Auf ihe treuen Untertanen,,,,"SATB avec 2 flûtes traversières, 2 hautbois, 3 clairons, timbales, 2 violons, alto, violoncelle et continuo",2è partie d'une cantate pour la fête de réjouissance donnée en l'honneur de la naissance d'un prince impérial
TWV 12:1c,Deutschland grünt und blüht in Friede,Serenata,,,"SATB avec 2 hautbois, 3 clairons, 3 clairons piccolo, 2 cors, 2 cors de chasse, timbales, 2 violons, alto, violoncelle et continuo",3è partie d'une cantate pour la fête de réjouissance donnée en l'honneur de la naissance d'un prince impérial
TWV 12:deest,"Geburtstagsmusik Seelmann, Petrus Theodor",,,,,
TWV 12:deest,"Herr, Herr, lass meinem Mund deines Ruhms",,,,,"Included in 12:deest Geburtstagsmusik Seelmann, Petrus Theodor"
TWV 13:1,Wie ieblich sind auf des Berge die Fusse der Boten,,,,,"[composition non conservée]
Action de grâces pour la fin de la guerre de succession espagnole (1715)"
TWV 13:2,Man singet mit Freuden vom Sieg,,,,,"[lost]
Action de grâces pour la victoire de Carl VI contre Semlin (1716)"
TWV 13:3,Der Herr Zebaoth ist mit uns,,,,,"[lost]
Action de grâces pour la paix de Passarowitz en Serbie (1718)"
TWV 13:4,Vermischet euch ihr Jubeltone mit Ammut und mit Lieblichkeit,Serenata,,,,"[lost]
Sérénade pour la paix entre Russland et Schweden (1721)"
TWV 13:6,"Auf zur Freude, zum Scherzen, zum Klingen",Serenata,,,,"[lost]
Sérénade pour la visite du duc de Braunschweig-Luneburg à Hambourg (1725)"
TWV 13:7,Jauchet dem Herrn alle Welt,Cantata,,,,"[lost]
Cantate d'église pour le 200è anniversaire de la confession d'Ausburg en l'église St. Pierre de Hambourg (1730)"
TWV 13:8,"Es stehe Gott auf, dass seine Feinde zerstreuet werden",Cantata,,,,"[lost]
Cantate d'église pour le 200è anniversaire de la confession d'Ausburg en l'église St. Nicolas de Hambourg (1730)"
TWV 13:9,"Sey tausenmahl willkommen, o auserwahlter Tag",Cantata,,,,"[incomplete]
Cantate d'église pour le 200è anniversaire de la confession d'Ausburg en l'église Ste Catherine de Hambourg (1730)"
TWV 13:10,"Das Evangelium, das Wort des Lebens",Cantata,,,,"[lost]
Cantate d'église pour le 200è anniversaire de la confession d'Ausburg en l'église St. Michel de Hambourg (1730)"
TWV 13:11,"Gott, wir habens mit unseren Ohren gehoret",Cantata,,,,"[composition non conservée]
Cantate d'église pour le 200è anniversaire de la confession d'Ausburg en l'église Ste Gertrude de Hambourg (1730)"
TWV 13:12,"Saumet nicht langer, ihr frohlichen",Cantata,,,,"[composition non conservée]
Cantate pour la fète du couronnement du roi Carl VII"
TWV 13:13,"Gebeut, du Vater der Gnade",,,,"SATB avec 2 flûtes traversières, 3 clairons, timbales, 2 violons, alto, violoncelle et continuo",Inauguration de la nouvelle construction des Christianeums à Altona
TWV 13:14,"Geschlangene Pauken, auf, auf!",,,,"SATB avec 2 flûtes traversières, 2 hautbois, 2 clairons, timbales, 2 violons, alto, violoncelle et continuo",Inauguration de la nouvelle construction des Christianeums à Altona
TWV 13:15,Jauchzet dem Herrn alle Welt,Cantata,,,,"[lost]
Cantate d'église pour la fête du couronnement du roi François I"
TWV 13:16,"Gott sprach, es werde Licht",Cantata,,,,"[composition non conservée]
Cantate pour le discours de fête du couronnement du roi François I"
TWV 13:17,Du Herr bist unser Gott,Cantata,,,,"[lost]
Cantate pour le 100è anniversaire de la paix de Westfall (1748)"
TWV 13:18,"Holder Friede, heilger Glaube, dich zu kussen",Oratario,,,"SATB avec 2 flûtes traversières / 2 flûtes douces, 3 clairons, timbales, 2 violons, alto, violoncelle et continuo",Oratorium pour le fêtes du 2è centenaire de la paix religieuse
TWV 13:19,"Halleluja, amen, Lob und Ehr und Weisheit und Dank",Cantata,,,"SATB avec 2 flûtes traversières, 3 clairons, timbales, 2 violons, alto, violoncelle et continuo",Cantate d'action de grâces pour les victoires du Lowoschutz (1756)
TWV 13:20,"Hannover siegt, der Franzmann liegt",Oratario,,,"S solo avec 2 flûtes traversières, 2 hautbois, 2 violons, alto, violoncelle et continuo",Oratorium pour la victoire de Hanover
TWV 13:21,"Bleibe, lieber Konig, leben",Cantata,,,"B solo avec 3 clairons, timbales, 2 violons, alto, violoncelle et continuo",Kantate für Georg II. von England
TWV 13:22,"Herr, wir danken deiner Gnade",Aria,,,"B solo avec 2 violons, alto, violoncelle et continuo",Air pour l'heureux progrès des armées alliées en Hesse
TWV 13:23,Dass wir nach gedampften Kriegen,Cantata,,,,"[composition non conservée]
Cantate pour la sélection du roi Joseph II"
TWV 13:24,"Willkommen, auserwahlter Furst",Cantata,,,,"[lost]
Cantate pour la visite du comte Georg Wilhelm de Beyreuth à Frankfurt"
TWV 13:25,Von Gnade und Recht will ich singen,Psaume,,,"SATB avec 2 hautbois, 2 cors, 2 violons, alto, violoncelle et continuo",Psaume 101
TWV 13:5a,Stimmet die fast verstimmten Saiten,Cantata,,,,"[lost]
Cantate pour musique de table à Eisenach (1722)"
TWV 13:5b,"Zeuch, teures Haupt, zeuch mit den Deinen",Cantata,,,,"SATB avec 2 hautbois, 2 violons, alto, violoncelle et continuo"
TWV 14:1,,,,,,"[perdu]
Acts pour les examens à Johanneum de Hambourg (1722)"
TWV 14:2,"Sey gegrusset, edle Feier",Cantata,,,,"[perdu]
Cantate pour la fête du 200è anniversaire de la confession d'Ausburg dans le gymnase"
TWV 14:4,Wo sich Ruh' und Friede kussen,Aria,,,,aria pour un acte d'école
TWV 14:5,,Oratorio,,,,"[perdu]
Oratorium à Johanneum"
TWV 14:6,,,,,,"[perdu]
Ode latine pour le Christianeum d'Altona (1749)"
TWV 14:7,O quam lata via amoris dei,Cantata,,,SS solo avec violon alto et continuo,[composition non conservée]
TWV 14:8,Mit Danken und mit Loben,Cantata,,,,"[composition non conservée]
Cantate pour l'inauguration d'un nouvel immeuble Gymnasium à Hambourg (1751)"
TWV 14:9,In der ersten Unschuld sterben,Aria,,,"S solo avec 2 violons, alto, violoncelle et continuo",Air pour l'acte d'école à Hambourg
TWV 14:10,Gott ist in Juda bekannt,Cantata,,,,"[perdu]
Cantate pour la fête du 200è anniversaire de la paix religieuse au Gymnase (1755)"
TWV 14:11,Laetare juvenis in juventute tua,Cantata,,,SATB avec 2 violons et continuo,Cantate pour les examens d'école à Hambourg
TWV 14:12,"Gott, man lobet dich in der Stille",Cantata,,,"SATBB avec 2 flûtes traversières, 2 hautbois, basson, 2 clairons, 2 cors, timbales, 2 violons, alto, violoncelle et continuo",Cantate pour la fête de réjouissance des garçons (1763) au Gymnasium
TWV 14:13,Deus speri coelorum,,,,SS ou SA avec violoncelle et continuo,
TWV 14:14,O terra felicissima,,,,SA avec violoncelle et continuo,
TWV 14:15,"Friede, dich grussen die Hirten und Heerden",,,,"S solo avec 2 violons, alto et continuo",
TWV 14:16,"Friede, dich preisen die Hirten und Heerden",Cantata,,,SS avec 2 violons et continuo,Cantate pour les examens d'école
TWV 14:17,"Gehe hin zur Ameise, du Fauler",,,,S ou AB avec (2 violons) et continuo,
TWV 14:18,Fein sauberlich susst ihr verfahren,,,,"S solo avec 2 violons, alto et continuo",
TWV 14:19,Holder Fruhling muntrer Jugend,,,,S avec ?,
TWV 14:20,In omni tempore dedit confessionem,Cantata,,,"SATB avec flûte, 2 hautbois, 2 violons, alto, violoncelle et continuo",Cantate pour les examens d'école
TWV 14:21,Studiosa salve te corona,Cantata,,,SA(T)B,"Cantate pour examens d'école
[fragment]"
TWV 14:3a,Komm heiliger Geist erfulle,Cantata,,,,"[perdu]
Cantate pour la fête du 200è anniversaire de la confession d'Augsbourg au Johanneum"
TWV 14:3b,Halleluja,Cantata,,,,"[perdu]
Cantate pour la fête du 200è anniversaire de la confession d'Augsbourg au Johanneum"
TWV 14:3c,"Helig, heilig ist Gott, der Herr Zebaoth",Cantata,,,"SATB avec 3 clairons, timbales, 2 violons, alto, violoncelle et continuo",Cantate pour la fête du 200è anniversaire de la confession d'Augsbourg au Johanneum
TWV 15:1,,,,,,"[perdu]
musique pour le bourgmestre (1723)"
TWV 15:3,,,,,,"[perdu]
musique pour le bourgmestre (1725)"
TWV 15:4,Mit innigstem Ergetzen,Serenata,,,"SA(S)TBBB avec flûte traversière, chaluneau, 2 hautbois, hautbois d'amour, clarinetto, 2 trombones, trombone piccolo, 2 violons, alto, violoncelle et continuo",
TWV 15:8,,,,,,"[perdu]
musique pour le bourgmestre (1735)"
TWV 15:10,,,,,,"[perdu]
musique pour le bourgmestre (1737)"
TWV 15:18,,,,,,"[composition non conservée]
musique pour le bourgmestre (1753)"
TWV 15:21,"Wohl dem Volk, das jauchzen kann",Oratorio,,,"SATB avec 2 flûtes traversières, 2 hautbois, 2 bassons, cor, 2 violons, alto, violoncelle et continuo",
TWV 15:26,,,,,,"[perdu]
musique pour le bourgmestre (1765)"
TWV 15:27,Schliesst die Kette der Einigkeit fest,,,,"SATB avec 2 violons, alto, violoncelle et continuo",chant de réjouissance pour les convives du bourgmestre
TWV 15:11a,Wohl dem Volke,Oratorio,,,"SATBB avec 2 flûtes traversières, 2 hautbois, basson, 2 cors, 2 violons, alto, violoncelle et continuo",
TWV 15:11b,Es locket die Trommel mit wiebelnden Schlagen,Serenata,,,"SATBB avec 2 flûtes traversières, 2 hautbois, basson, 2 cors, 2 violons, alto, violoncelle et continuo",
TWV 15:12a,Unerschopliches Meer der Liebe,Oratorio,,,,[perdu]
TWV 15:12b,Dich zu beschutzen,Serenata,,,,[perdu]
TWV 15:13a,Der Herr ist meine Starke,Oratorio,,,"SATB avec flûte traversière, hautbois, 2 trombones, 2 cors, tambour, 2 violons, alto, violoncelle et continuo",
TWV 15:13b,"Schlagt die Trommel, blast trompeten",Serenata,,,"SATB avec flûte traversière, hautbois, 2 trombones, 2 cors, tambour, 2 violons, alto, violoncelle et continuo",
TWV 15:14a,"Ertonet ein Jauchzen, ihr freudigen Chore",Oratorio,,,,[perdu]
TWV 15:14b,Wir dienen der Freiheit,Serenata,,,,[perdu]
TWV 15:15a,"Vereint euch, ich Burger, und singet mit Freuden",Oratorio,,,"SSATB avec 2 hautbois, basson, 2 cors, timbales, 2 violons, alto, violoncelle et continuo",
TWV 15:15b,"Freiheit! Gottin, die Segen und Friede begleitet",Serenata,,,"SSATB avec flûte traversière, flûte douce, 2 hautbois, 2 cors, tambour, 2 violons, alto, violoncelle et continuo",
TWV 15:16a,Erwacht und ertonet und jauchzet itzt wieder,Oratorio,,,,[composition non conservée]
TWV 15:16b,"Euch, die der Himmel den Sterblichen schicket",Serenata,,,,[composition non conservée]
TWV 15:17a,Furchtet den Herrn und dienet ihm treulich,Oratorio,,,,[perdu]
TWV 15:17b,"Die Zelten, die so schnell verfliessen",Serenata,,,,[perdu]
TWV 15:19a,"Singt Ehre, singt Ehre, geheiligte Chore",Oratorio,,,,[composition non conservée]
TWV 15:19b,"Wirbelt, ihr Trommeln, larmt, Trompeten",Serenata,,,,[composition non conservée]
TWV 15:20a,"Danket dem Herrn, denn er ist freundlich",Oratorio,,,"SATB avec 2 flûtes traversières, 2 flûtes à bec, 2 hautbois, 2 clairons, 2 violons, alto, violoncelle et continuo",
TWV 15:20b,Ihe rustigen Wachter hamburgischer Zinnen,Serenata,,,"SATB avec 2 flûtes traversières, 2 flûtes à bec, flûte douce, piccolo, 2 hautbois, hautbois basse, 2 clairons, tambour, 2 violons, alto, violoncelle et continuo",
TWV 15:22a,"Herr, unser Gott, von diener Huld durchdrungen",Oratorio,,,,[perdu]
TWV 15:22b,"Wir dienen der Freiheit, wir sind ihr zur Seite",Serenata,,,,[perdu]
TWV 15:23a,"Herr, du bist gerecht",Oratorio,,,"SATB (SSTT) avec 2 violons, alto, violoncelle et continuo",
TWV 15:23b,"Wir nahrem, wir zieren",Serenata,,,"SATB(SSTT) avec 2 flûtes traversières, flûte à bec, hautbois, 2 clairons, 2 violons, alto, violoncelle et continuo",
TWV 15:25a,Der Herr Zebaoth ist mit uns,Oratorio,,,"SATBB (SSS) avec 2 hautbois, 2 clairons, 2 cors, timbales, 2 violons, alto, violoncelle et continuo",
TWV 15:25b,Trompeten und Horner erschellet,Serenata,,,"SATBB (SSS) avec 2 flûtes traversières, 2 hautbois, 2 clairons, 2 cors, timbales, tambour, 2 violons, alto, violoncelle et continuo",
TWV 15:2a,"Freuet euch des Herrn, ihr Gerechten",Oratorio,,,"SATBB avec flûte, hautbois, basson, 2 violons, alto, violoncelle et continuo",
TWV 15:2b,"Geliebter Aufenthalt, begluckte Stille",Serenata,,,"SATBB avec flûte, hautbois, basson, 2 violons, alto, violoncelle et continuo",
TWV 15:5a,"Jauchze, jubiliere und singe",Oratorio,,,"SATBBB avec 2 violons, alto, violoncelle et continuo",
TWV 15:5b,"Zu Walle, zu Walle!",Serenata,,,"SATBBB avec 2 violons, alto, violoncelle et continuo",
TWV 15:6a,Ich danke dem Herrn,Oratorio,,,,[perdu]
TWV 15:6b,"Vereint euch, und singer bey allemeiner Lust",Serenata,,,,[perdu]
TWV 15:7a,"Unsichtbare Sonne, Meer woll ew'ger Wonne",Oratorio,,,,[perdu]
TWV 15:7b,Die Trommel ertonet; auf Helden zum Kampf,Serenata,,,,[perdu]
TWV 15:9a,Preise Jerusalem den Herrn,Oratorio,,,"SSTBB avec 2 flûtes traversières, 2 violons, alto, violoncelle et continuo",
TWV 15:9b,So kommt die kunne Tapferkeit,Serenata,,,"SSTBB avec 2 flûtes traversières, 2 violons, alto, violoncelle et continuo",
TWV 15:deest,Alle Kreatur Gottes,Oratorio,,,,Included in 15:deest Kapitänsmusik 1727
TWV 15:deest,Greift frisch zu den Waffen,Serenata,,,,Included in 15:deest Kapitänsmusik 1727
TWV 15:deest,Kapitänsmusik 1727,,,,,
TWV 20:1,Das Wasser in Fruhling: Es ging Lisander und Elpin,Cantata,,,,[lost]
TWV 20:2,Ertone suntrer Musen-Chor,Cantata,,,,[lost]
TWV 20:3,"Hans ohne Sorge: Ich bin vergnugt, was soll ich sorgen!",Cantata,,,,[lost]
TWV 20:4,Constant dans le rever,Cantata,,,,cantate du comte Erbach
TWV 20:5,"Un coeur plein de civilité
Réponse à Monsieur de B.",Cantata,,,,cantate du comte Erbach
TWV 20:6,"Le plus beaux dessous les Cieux
Cantate contre ceux",Cantata,,,,cantate du comte Erbach
TWV 20:7,Servès la gloire,Cantata,,,,cantate du comte Erbach
TWV 20:8,Tarquin,Cantata,,,,cantate du comte Erbach
TWV 20:9,Les requis,Cantata,,,,cantate du comte Erbach
TWV 20:10,Alles redet itzt und singer,Cantata,,,"Soprano, Bass, 3 Transverse Flutes, Piccolo, 2 Oboes, Bassoon, 2 Violins, Viola, Cello, Basso Continuo",
TWV 20:11,Der Herbst,Cantata,,,,[lost]
TWV 20:12,Der Winter,Cantata,,,,[lost]
TWV 20:13,"Wie? Schlaffet ihr, verstummte Sayten?",Cantata,,,,[lost]
TWV 20:14,"Tonet, schallet, klingt ihr Saiten",Cantata,,,,[lost]
TWV 20:15,"Ich kann lachen, weinen, scherzen",Cantata,,,"Solo Soprano, Continuo","Der getreue Music-Meister Lektion 19-20, S. 74, 78"
TWV 20:16,Voll feuriger Regung,Cantata,,,,[Composition not preserved]
TWV 20:17,Dich wird stets mein Herz erlesen,Cantata,,,"Alto or Solo Bass, Transverse Flute, Recorder, Oboes, 2 Violins, Viola, Cello, Basso Continuo",
TWV 20:18,Mein Vergnugen wird sich fugen,Cantata,,,"Solo Soprano, Transverse Flute, Recorder, Oboes, 2 Violins, Viola, Cello, Basso Continuo",
TWV 20:19,Mein Schicksal zeigt mit nur von ferne,Cantata,,,"Soprano or Solo Tenor, Transverse Flute, Recorder, Oboes, 2 Violins, Viola, Cello, Basso Continuo",
TWV 20:20,"Dein Auge trant, ach weine nicht",Cantata,,,"Alto or Solo Bass, Transverse Flute, Recorder, Oboes, 2 Violins, Viola, Cello, Basso Continuo",
TWV 20:21,"Lieben will ich, aber binden lasset sich mein Herze nicht",Cantata,,,"Soprano or Solo Tenor, Transverse Flute, Recorder, Oboes, 2 Violins, Viola, Cello, Basso Continuo",
TWV 20:22,"In einem Tal, umringt von hohen Eichen",Cantata,,,"Alto or Solo Bass, Transverse Flute, Recorder, Oboes, 2 Violins, Viola, Cello, Basso Continuo",
TWV 20:23,Die Zeit: Die Zeit verzehrt die eignen Kinder,Cantata,,,"Solo Soprano, Continuo",
TWV 20:24,"Die Hoffnung: Hoffe nur, geplagtes Herze",Cantata,,,"Solo Soprano, Continuo",
TWV 20:25,"Das Gluck: Gutes Morgen, faules Glicke",Cantata,,,"Solo Soprano, Continuo",
TWV 20:26,"Der Geiz: Ihr Hungerleider, ruht einmal!",Cantata,,,"Solo Soprano, Continuo",
TWV 20:27,Die Falschheit: Lasst mich uber Falschheit klagen,Cantata,,,"Solo Soprano, Continuo",
TWV 20:28,"Grossmut: Furchtsam weinen, angstlich schweigen",Cantata,,,"Solo Soprano, Continuo",
TWV 20:29,"Die Zufriedenheit: Fraget nicht, vergnugte Freunde",Cantata,,,"Solo Soprano, Violin or Flute, Basso Continuo",
TWV 20:30,"Tonkunst: So fort, ihe angestimmten Tone",Cantata,,,"Solo Soprano, Violin or Flute, Basso Continuo",
TWV 20:31,"Das massige Gluck: Der Glnaz, wonach der Ehrgeiz zielet",Cantata,,,"Solo Soprano, Violin or Flute, Basso Continuo",
TWV 20:32,Die Liebe: Du bist ein tolles Ungeheuer,Cantata,,,"Solo Soprano, Violin or Flute, Basso Continuo",
TWV 20:33,"Die Landlust: In euch, ihr grunen Auen",Cantata,,,"Solo Soprano, Violin or Flute, Basso Continuo",
TWV 20:34,"Die Freundschaft: Freunde, Freunde, lasst uns besser lieben",Cantata,,,"Solo Soprano, Violin or Flute, Basso Continuo",
TWV 20:35,Serenade fur Jena,Cantata,,,,[lost]
TWV 20:36,Polypheme,Cantata,,,,[lost]
TWV 20:37,"Canarienvogel-Cantate: O weh, mein Canarin ist tot",Cantata,,,"Solo Soprano, 2 Violins, Viola, Cello, Basso Continuo",
TWV 20:38,Die Verbendung der Dichtkunst mit der Gottesfurcht und Weltweisheit,Cantata,,,,[Composition not preserved]
TWV 20:39,Die Tageszeiten: Der Morgen kommt,Cantata,,,"Soprano, Alto, Tenor, Bass, 2 Transverse Flutes, 2 Oboes, 2 Violins, Viola, Cello, Basso Continuo",
TWV 20:40,"Der May: Willkommen, allmachtiger May",Cantata,,,"Ssolo Bass, 2 Transverse Flutes, 2 Recorders, 2 Oboes, Chalumeau, 2 Bassoons, Clairon, Horn, 2 Violins, Viola, Cello, Basso Continuo",
TWV 20:41,"Ino: Wohin, wo soll ich hin?",Cantata,,,"Solo Soprano, 2 Flutes, 2 Horns, 2 Violins, Viola, Cello, Basso Continuo",
TWV 20:42,La Tempesta: No non turbarti,Cantata,,,"Solo Soprano, 2 Horns, 2 Violins, Viola, Cello, Basso Continuo",
TWV 20:43,Amor heisst mich freudig lachen,Cantata,,,"Solo Soprano, Continuo",
TWV 20:44,Bin ich denn so gar verlassen,Cantata,,,"Solo Soprano, Violin, Basso Continuo",
TWV 20:45,Bist du denn gar von Stahl und Eisen,Cantata,,,"Soprano or Bass, Violin or Oboes, Basso Continuo",
TWV 20:46,Bleicher Sorgen Kummer-Nachte,Cantata,,,"Solo Bass, 2 Violins, Basso Continuo",
TWV 20:47,Der Mond zog nach und nach,Cantata,,,"Solo Tenor, Continuo",
TWV 20:48,Die Hoffnung ist mein Leben,Cantata,,,"Solo Bass, 2 Violins, Cello, Basso Continuo",
TWV 20:49,Du angenehmer Weiberorden,Cantata,,,"Solo Soprano, 2 Violins, Viola, Basso Continuo",
TWV 20:50,"Geht (nun), ihr unvergnugten Sorgen",Cantata,,,"Ssolo Bass, Oboes, 2 Violins, Viola, Cello, Basso Continuo",
TWV 20:51,Gonne doch dem freien Munde,Cantata,,,"Solo Soprano, Violin, Cello, Basso Continuo",
TWV 20:52,"Gute Nach, du Ungetreuer",Cantata,,,"Ssolo Bass, Oboes, Violin, Viola, Basso Continuo",
TWV 20:53,"Ha, ha, wo will wi hut noch danzen",Cantata,,,"Solo Soprano, Violin, Cello, Basso Continuo",
TWV 20:54,"Haltet ein, ihe schonsten Blicke",Cantata,,,"Solo Soprano, Continuo",
TWV 20:55,Ich hass und fliehe zwar die Liebe,Cantata,,,"Solo Soprano, Continuo",
TWV 20:56,Ich liebe dich wie meine Seele,Cantata,,,"Solo Soprano, Continuo",
TWV 20:57,"Der Schulmeister: Ihe Jungen, sperrt die Augen auf",Cantata,,,"Soprano, Alto, Tenor, Bass, 2 Oboes, 2 Bassoons, 2 Horns, 2 Violins, Viola, Cello, Basso Continuo",
TWV 20:58,Mein Herze lachet vor Vergnugen,Cantata,,,"Solo Bass, Continuo",
TWV 20:59,Mein Vergnugen heisst mich sterben,Cantata,,,"Solo Bass, Violin, Cello, Basso Continuo",
TWV 20:60,Nichts vergnugters ist auf Erden,Cantata,,,"Solo Bass, Violin, Basso Continuo",
TWV 20:68,So bald wird man das nicht vergessen,Cantata,,,"Solo Soprano, Continuo",
TWV 20:69,Soll die Marter meiner Seelen,Cantata,,,"Solo Soprano, Continuo",
TWV 20:70,"Süße Hoffnung, wenn ich frage",Cantata,,,"Solo Soprano, 2 Bassoons, 2 Violins, Viola, Cello, Basso Continuo",
TWV 20:71,Unbestand ist das Gift verliebter Seelen,Cantata,,,"Solo Soprano, Continuo",
TWV 20:72,Unbestand ist das Gift verliebter Seelen,Cantata,,,"Solo Soprano, Violin, Basso Continuo",
TWV 20:74,Von geliebten Augen brennen,Cantata,,,"Solo Soprano, Violin, Basso Continuo",
TWV 20:111,,Aria,,,,air d'opéra [fragment]
TWV 21:6,Mario,Opera,,,,opéra en 3 actes [fragment]
TWV 21:7,Jupiter und Semele,Opera,,,,opéra [perdu]
TWV 21:8,Damon,Opera,,,,opéra en 3 actes
TWV 21:9,Der geduldige Socrates,Singspiel,,,,singspiel comique en 3 actes
TWV 21:10,Genserich oder Sieg der Schonheit,Opera,,,,opéra en 3 actes
TWV 21:11,Belsazar oder Das Ende der Babylonischen Gefangenschaft,Opera,,,,opéra en 3 actes [fragment]
TWV 21:12,Alerich - Stilico,Opera,,,,
TWV 21:13,Adelheid,Opera,,,,opéra en 3 actes [fragment]
TWV 21:15,Pimpinone oder Die ungleiche Heirst oder Das Herrschauchtige Cammer-Madgen,Opera,,,,opéra
TWV 21:19,Calypso oder Sieg der Weisheit uber die Liebe,Singspiel,,,,singspiel en 3 actes [fragment]
TWV 21:21,Buffonet und Alga oder Die Manns-tolle alte Jungfer,,,,,[lost]
TWV 21:22,Die Amours der Vespetta oder Der Galan in der Kiste,,,,,[Composition not preserved]
TWV 21:23,Die verkehrte Welt,Opera,,,,opéra comique [fragment]
TWV 21:24,Miriways,Singspiel,,,,singspiel en 3 actes
TWV 21:28,Die Gluckseligkeit des Russischen Kayserthums,,,,,[Composition not preserved]
TWV 21:30,Der Weiseste in Sidon,Opera,,,,opéra en 3 actes [perdu]
TWV 21:31,"Die rachgierige Liebe oder orasia, Konigin in Thracien",Opera,,,,opéra en 3 actes [perdu]
TWV 21:32,Don Quichotte auf der Hochzeit des Comacho,Serenata,,,,sérénade
TWV 21:34,Herkules und Alceste,Stage Work,,,,comédie [fragment]
TWV 21:35,Herodes und Marianne,Opera,,,,opéra [fragment - composition erronnée]
TWV 21:36,,Aria,,,,[fragment] from a serenata
TWV 21:101,Rimembraza crudel sempre il mio cor fedel penir fera,Aria,,,"Solo Soprano, Flute dolce, 2 Oboes, 2 Bassoons, 2 Horns, 2 Violins, Viola, Cello, Basso Continuo","Germanicus, TWV 21:deest"
TWV 21:102,Se disai die legarmi,Aria,,,"Solo Soprano, Flute dolce, 2 Oboes, 2 Bassoons, 2 Horns, 2 Violins, Viola, Cello, Basso Continuo","Germanicus, TWV 21:deest"
TWV 21:103,No lacci crudeli no,Aria,,,"Solo Soprano, Flute dolce, 2 Oboes, 2 Bassoons, 2 Horns, 2 Violins, Viola, Cello, Basso Continuo","Germanicus, TWV 21:deest"
TWV 21:104,Piante voi ch'ia lido al meno,Aria,,,"Solo Soprano, Flute dolce, 2 Oboes, 2 Bassoons, 2 Horns, 2 Violins, Viola, Cello, Basso Continuo","Germanicus, TWV 21:deest"
TWV 21:105,Tranquilate vi pensieri,Aria,,,"Solo Soprano, Flute dolce, 2 Oboes, 2 Bassoons, 2 Horns, 2 Violins, Viola, Cello, Basso Continuo","Germanicus, TWV 21:deest"
TWV 21:106,Komm o Schlaf und lass mein Leiden,Aria,,,"Solo Soprano, Flute dolce, 2 Oboes, 2 Bassoons, 2 Horns, 2 Violins, Viola, Cello, Basso Continuo","Germanicus, TWV 21:deest"
TWV 21:107,"Amor, hilf mir uberwinden",Aria,,,"Solo Soprano, Flute dolce, 2 Oboes, 2 Bassoons, 2 Horns, 2 Violins, Viola, Cello, Basso Continuo","Germanicus, TWV 21:deest"
TWV 21:108,"Susse Hoffnung, wenn ich frage",Aria,,,"Solo Soprano, Flute dolce, 2 Oboes, 2 Bassoons, 2 Horns, 2 Violins, Viola, Cello, Basso Continuo","Germanicus, TWV 21:deest"
TWV 21:109,Gelosia ti sento al core,Aria,,,"Solo Soprano, Flute dolce, 2 Oboes, 2 Bassoons, 2 Horns, 2 Violins, Viola, Cello, Basso Continuo","Germanicus, TWV 21:deest"
TWV 21:110,Ho risolto d'adorarvi,Aria,,,"Solo Soprano, Flute dolce, 2 Oboes, 2 Bassoons, 2 Horns, 2 Violins, Viola, Cello, Basso Continuo","Germanicus, TWV 21:deest"
TWV 21:111,Fortuna arridial,Aria,,,"Solo Soprano, Flute dolce, 2 Oboes, 2 Bassoons, 2 Horns, 2 Violins, Viola, Cello, Basso Continuo","Germanicus, TWV 21:deest"
TWV 21:112,Sempre in vitta mia costanza,Aria,,,"Solo Soprano, Flute dolce, 2 Oboes, 2 Bassoons, 2 Horns, 2 Violins, Viola, Cello, Basso Continuo","Germanicus, TWV 21:deest"
TWV 21:113,"Harte Fesseln, starke Ketten",Aria,,,"Solo Soprano, Flute dolce, 2 Oboes, 2 Bassoons, 2 Horns, 2 Violins, Viola, Cello, Basso Continuo","Germanicus, TWV 21:deest"
TWV 21:114,Lass mich doch Mitleid erlangen,Aria,,,"Solo Soprano, Flute dolce, 2 Oboes, 2 Bassoons, 2 Horns, 2 Violins, Viola, Cello, Basso Continuo","Germanicus, TWV 21:deest"
TWV 21:115,"Consolati, o cor",Aria,,,"Solo Soprano, Flute dolce, 2 Oboes, 2 Bassoons, 2 Horns, 2 Violins, Viola, Cello, Basso Continuo","Germanicus, TWV 21:deest"
TWV 21:116,"Sei standhaft, armes Herz",Aria,,,"Solo Soprano, Flute dolce, 2 Oboes, 2 Bassoons, 2 Horns, 2 Violins, Viola, Cello, Basso Continuo","Germanicus, TWV 21:deest"
TWV 21:117,Non troppo tenaci d'amor le catene,Aria,,,"Solo Soprano, Flute dolce, 2 Oboes, 2 Bassoons, 2 Horns, 2 Violins, Viola, Cello, Basso Continuo","Germanicus, TWV 21:deest"
TWV 21:118,A le scosse di fortuna,Aria,,,"Solo Soprano, Flute dolce, 2 Oboes, 2 Bassoons, 2 Horns, 2 Violins, Viola, Cello, Basso Continuo","Germanicus, TWV 21:deest"
TWV 21:119,Wer da hoffet zu geniessen,Aria,,,"Solo Soprano, Flute dolce, 2 Oboes, 2 Bassoons, 2 Horns, 2 Violins, Viola, Cello, Basso Continuo","Germanicus, TWV 21:deest"
TWV 21:120,Dieses Herz ist nicht vor dich,Aria,,,"Solo Soprano, Flute dolce, 2 Oboes, 2 Bassoons, 2 Horns, 2 Violins, Viola, Cello, Basso Continuo","Germanicus, TWV 21:deest"
TWV 21:121,"Ich komme, schonste Augen",Aria,,,"Solo Soprano, Flute dolce, 2 Oboes, 2 Bassoons, 2 Horns, 2 Violins, Viola, Cello, Basso Continuo","Germanicus, TWV 21:deest"
TWV 21:122,Bald hoffe ich zu sehen,Aria,,,"Solo Soprano, Flute dolce, 2 Oboes, 2 Bassoons, 2 Horns, 2 Violins, Viola, Cello, Basso Continuo","Germanicus, TWV 21:deest"
TWV 21:123,"Werter Vatter, gehst du fort",Aria,,,"Solo Soprano, Flute dolce, 2 Oboes, 2 Bassoons, 2 Horns, 2 Violins, Viola, Cello, Basso Continuo","Germanicus, TWV 21:deest"
TWV 21:124,"Kommet nur, ihr heissen Flammen",Aria,,,"Solo Soprano, Flute dolce, 2 Oboes, 2 Bassoons, 2 Horns, 2 Violins, Viola, Cello, Basso Continuo","Germanicus, TWV 21:deest"
TWV 21:125,Arditi pensieri,Aria,,,"Solo Soprano, Flute dolce, 2 Oboes, 2 Bassoons, 2 Horns, 2 Violins, Viola, Cello, Basso Continuo","Germanicus, TWV 21:deest"
TWV 21:126,Mein Herze ist voll Grimm und Wut,Aria,,,"Solo Soprano, Flute dolce, 2 Oboes, 2 Bassoons, 2 Horns, 2 Violins, Viola, Cello, Basso Continuo","Germanicus, TWV 21:deest"
TWV 21:127,Mein Herz kennt kein Mitleid mehr,Aria,,,"Solo Soprano, Flute dolce, 2 Oboes, 2 Bassoons, 2 Horns, 2 Violins, Viola, Cello, Basso Continuo","Germanicus, TWV 21:deest"
TWV 21:128,Wen Amors Pfeil getroffen,Aria,,,"Solo Soprano, Flute dolce, 2 Oboes, 2 Bassoons, 2 Horns, 2 Violins, Viola, Cello, Basso Continuo","Germanicus, TWV 21:deest"
TWV 21:129,Voi ch'e terni in ciel giedete,Aria,,,"Solo Soprano, Flute dolce, 2 Oboes, 2 Bassoons, 2 Horns, 2 Violins, Viola, Cello, Basso Continuo","Germanicus, TWV 21:deest"
TWV 21:130,"Sei nicht betrubt, ich scheide zwar von dir",Aria,,,"Solo Soprano, Flute dolce, 2 Oboes, 2 Bassoons, 2 Horns, 2 Violins, Viola, Cello, Basso Continuo","Germanicus, TWV 21:deest"
TWV 21:131,"Mein susser Trost, mein einziges Verlangen",Aria,,,"Soprano, Alto, Flute dolce, 2 Oboes, 2 Bassoons, 2 Horns, 2 Violins, Viola, Cello, Basso Continuo","Germanicus, TWV 21:deest"
TWV 21:132,"Zur Flucht, mein Schatz",Aria,,,"Soprano, Bass, Flute dolce, 2 Oboes, 2 Bassoons, 2 Horns, 2 Violins, Viola, Cello, Basso Continuo","Germanicus, TWV 21:deest"
TWV 21:133,Die Bosheit soll ablassen,Aria,,,"Solo Tenor, Flute dolce, 2 Oboes, 2 Bassoons, 2 Horns, 2 Violins, Viola, Cello, Basso Continuo","Germanicus, TWV 21:deest"
TWV 21:134,Nun kann ich endlich doch einmal,Aria,,,"Solo Soprano, Flute dolce, 2 Oboes, 2 Bassoons, 2 Horns, 2 Violins, Viola, Cello, Basso Continuo","Germanicus, TWV 21:deest"
TWV 21:135,"Zu euch, ihr barmherzigen Sterne, fliehe ich",Aria,,,"Solo Soprano, Flute dolce, 2 Oboes, 2 Bassoons, 2 Horns, 2 Violins, Viola, Cello, Basso Continuo","Germanicus, TWV 21:deest"
TWV 21:136,"Stelle innique, ingrate stelle",Aria,,,"Solo Bass, Flute dolce, 2 Oboes, 2 Bassoons, 2 Horns, 2 Violins, Viola, Cello, Basso Continuo","Germanicus, TWV 21:deest"
TWV 21:137,Barbara perfida senza pieta,Aria,,,"Solo Bass, Flute dolce, 2 Oboes, 2 Bassoons, 2 Horns, 2 Violins, Viola, Cello, Basso Continuo","Germanicus, TWV 21:deest"
TWV 21:138,Klagest du bach meiner Rache,Aria,,,"Solo Soprano, Flute dolce, 2 Oboes, 2 Bassoons, 2 Horns, 2 Violins, Viola, Cello, Basso Continuo","Germanicus, TWV 21:deest"
TWV 21:139,Ri per dei mio bel sole,Aria,,,"Solo Soprano, Flute dolce, 2 Oboes, 2 Bassoons, 2 Horns, 2 Violins, Viola, Cello, Basso Continuo","Germanicus, TWV 21:deest"
TWV 21:140,Sei zufrieden schonste Seele,Aria,,,"Solo Soprano, Flute dolce, 2 Oboes, 2 Bassoons, 2 Horns, 2 Violins, Viola, Cello, Basso Continuo","Germanicus, TWV 21:deest"
TWV 21:141,Wie glucklich ist die Brust,Aria,,,"Soprano, Alto, Flute dolce, 2 Oboes, 2 Bassoons, 2 Horns, 2 Violins, Viola, Cello, Basso Continuo","Germanicus, TWV 21:deest"
TWV 21:142,Ewig werd ich dich verehren,Aria,,,"Solo Alto, Flute dolce, 2 Oboes, 2 Bassoons, 2 Horns, 2 Violins, Viola, Cello, Basso Continuo","Germanicus, TWV 21:deest"
TWV 21:143,"Amor, dein verhauster Bogen",Aria,,,"Solo Soprano, Flute dolce, 2 Oboes, 2 Bassoons, 2 Horns, 2 Violins, Viola, Cello, Basso Continuo","Germanicus, TWV 21:deest"
TWV 21:144,"Zög’re nicht, geliebtes Leben",Aria,,,"Solo Soprano, Solo Tenor, Basso Continuo",
TWV 21:145,Du nennst mich ungerecht,Aria,,,"Solo Bass, Basso Continuo","Aria from Die rachgierige Nicea, probably by Melchior Hoffmann (Leipzig 1710)"
TWV 21:146,"Sei zufrieden, meine Seele",Aria,,,"Solo Soprano, Basso Continuo","Aria from Heinichens Paris und Helene (III.11), Naumburg 1710."
TWV 21:147,Ich will vergnügt mein Leben schließen,Aria,,,"Solo Bass, Basso Continuo","Aria from Die rachgierige Nicea, probably by Melchior Hoffmann (Leipzig 1710)"
TWV 21:148,Konnt ich den Geliebten sehn,Aria,,,"Solo Soprano, Basso Continuo","Aria from Die rachgierige Nicea, probably by Melchior Hoffmann (Leipzig 1710)"
TWV 21:149,Ich will dir’s nur gestehen,Aria,,,"Solo Bass, Basso Continuo","Aria from Die rachgierige Nicea, probably by Melchior Hoffmann (Leipzig 1710)"
TWV 21:150,"Komm, Geliebter, komm zur Liebe",Aria,,,"Solo Soprano, Basso Continuo","Aria from Heinichens Paris und Helene (III.9), Naumburg 1710"
TWV 21:151,"Antwortet doch, ihr schönsten Lippen",Aria,,,"Solo Soprano, Basso Continuo","Aria from Die rachgierige Nicea, probably by Melchior Hoffmann (Leipzig 1710)"
TWV 21:152,"Süße Hoffnung, sag es mir",Aria,,,"Solo Bass, Basso Continuo",
TWV 21:153,Ihr holden Augen meiner Schönen,Aria,,,"Solo Bass, Basso Continuo","Aria from Die rachgierige Nicea, probably by Melchior Hoffmann (Leipzig 1710)"
TWV 21:154,"Himmel, führe meine Sache",Aria,,,"Solo Bass, 2 Oboes, 2 Violins, Viola, Cello, Basso Continuo","Aria from Heinichens Die lybische Talestris, Leipzig 1709"
TWV 21:0/1,"Gelassenheit, du Labsal stiller Seelen",Operetta,,,,pour la naissance de la princesse Anne Sophie Charlotte [perdu]
TWV 21:11a,Dass ich mich dir ergeben sollte,Aria,,,,"Der getreue Music-Meister Lektion 25, S. 98"
TWV 21:19a,Gedoppelt schön sind die Ergetzlichkeiten,,,,,"Der getreue Music-Meister Lektion 15, S. 58"
TWV 21:23a,"Glückselig ist, wer alle Morgen verliebt",,,,,"Der getreue Music-Meister Lektion 13, S. 49, 50"
TWV 21:23b,Dies ist ein Kontrapunkt in augmentatione,,,,,"Der getreue Music-Meister Lektion 13-14, S. 51, 55"
TWV 22:1,Ulysses,Duet,,"1. So erhalt getreue Liebe; duet, en la majeur, pour soprano et alto","Soprano, Alto, 2 Violins,  Basso Continuo",work of G.M. Orlandini
TWV 22:2,Tamerlano,,,"1. Intermezzo
2. Aria # 6",,work of G.F. Handel
TWV 22:3,Otto,Aria,,Arias (14),"Soprano, Tenor, Bass, Transverse Flute, 2 Oboes, Bassoon, 2 Violins, Viola, Cello,  Basso Continuo",work of G.F. Handel
TWV 22:4,Syphnx,Aria,,"1. Maggior pendie tut tele; duet, en si bémol majeur, pour 2 sopranos
2. Lascia mia bella; aria, en fa majeur, pour soprano
3. Tintendo si mio cor; aria, en si bémol majeur, pour soprano","Soprano, Alto, Basso Continuo",work of Nicolo Porpora
TWV 22:5,Massaniello furioso,Aria,,"1. Ihr krachenden Grufte; air, en sol majeur, pour basse (Allegro assai)
2. Ihr Blitze dar blinkenden Klingen; air, en ré majeur, pour basse
3. Ihr knallenden Schlage; air, en ré majeur (Allegro)","Soprano, Bass, trompette, 2 Violins, Viola, Cello, Cello concertant, Basso Continuo",work of Reinhold Keiser
TWV 22:6,Nebukadnezar,,,"1. ouverture, en ré majeur (Allegro / Andante / Minuett
2. Vernunft, Geduld und Zeit; air, en ré mineur, pour soprano
3. Stirbt mein Geist durch drin Verlangen; air, en sol mineur, pour soprano","Soprano, 2 Violins, Viola, Cello,  Basso Continuo",work of Reinhold Keiser
TWV 22:7,Janus,Aria,G minor,"1. Fliessen nichts ala bittre Tranen; air, en sol mineur, pour soprano (Andante)","Soprano, 2 Transverse Flutes, 2 Violins, Viola, Cello,  Basso Continuo",work of Reinhold Keiser
TWV 22:8,"Riccardo I, Re d'Inghilterra",,,,,work of G.F. Handel
TWV 22:9,Ernelinda,,,,,work of G.M. Orlandini
TWV 22:10,Der Strait der kindlichen Pflicht und Liebe oder Die Flucht des Aeneas nach Latian,Aria,,"1. Agitatae l'alma mia della temae; air, en do majeur, pour soprano","Soprano,  Basso Continuo",work of Nicolo Porpora
TWV 22:11,Triumph der Grossmut und Treue oder Cleofida,,,,,work of G.F. Handel
TWV 22:12,Judith,Aria,,"1. Ich kusse die Hand mit anmutsvollen Trieben; air, en mi bémol majeur, pour soprano
2. Auch lass dich doch mein Mehn erweichen; aria, en mi majeur, pour soprano
3. Der teuren Mutter klugen Willen; air, en la mineur, pour soprano","Soprano, Instruments in unison,  Basso Continuo",work of Fortunato Chelleri
TWV 22:13,Almira,Aria,F minor,"1. Quillt, ihr uberhauften Tranen; aria, en fa mineur, pour soprano","Soprano, Instruments in unison,  Basso Continuo",work of G.F. Handel
TWV 22:deest,Il tempio di Melpomene su le rive dell’Alstra,Serenata,,,,"Telemann attribution Probable; German text settings
Other composer Hachmeister
Context Performed by Mingotti opera troupe and others
Attribution certainty Uncertain
Surviving music Attribution of individual sections not determinable"
TWV 22:deest,Amphytrion,,,,,"Original music: Francesco Gasparini
Music attribution: Telemann, probably Recitatives
Other music: probably Cyrill von Wich, most Arias"
TWV 24:1,Unschatzbarer Vorwurf erkenntlicher Sinnen,oratorio,,,"Soprano, Alto, Tenor, Bass
2 Flutes Piccolo, Flute Pastorale, 2 Transverse Flutes, 2 Oboes, Oboe d'amore, 2 Bassoons, 3 Clairons, 3 Cors de Chasse, Timbales, 2 Violins, Viola, Cello, Continuo",musique pour l'anniversaire de l'amirauté d'Hambourg (1723)
TWV 24:2,Hamburg steht und bluht im Segen,Serenata,,,,sérénade pour un banquet d'état à Hambourg (1724); [composition non conversée]
TWV 24:4,Symphonie pour la sérénade,oratorio,,,,fête anniversaire du collège de commerce de Hambourg (1765)
TWV 24:5,Durch des Krieges Trutz und Macht,oratorio,,,"Solo Bass, Violin, Basso Continuo","composition pour un ""Kaufmannschaft"" [fragment]"
TWV 24:3a,"Freuet euch, ihr Ober-Alten, Gott hat diese Stadt erhalten",oratorio,,,,oratorium pour le 200è anniversaire du collège des Ober-Alten de l'état d'Hambourg (réforme - 1728); [composition non conversée]
TWV 24:3b,Das angensches Wieder-Sachen tragt itzt ein bunten Kleid,Serenata,,,,sérénade pour le 200è anniversaire du collège des Ober-Alten de l'état d'Hambourg (réforme - 1728); [composition non conversée]
TWV 25:37,Das Frauenzimer verstimmt sich immer,Aria,,,"Solo Soprano, Transverse Flute, Violin, Continuo","Der getreue Music-Meister Lektion 5, S. 18"
TWV 25:38,"Säume nicht, geliebte Schöne",Aria,,,"Solo Soprano, Transverse Flute, Violin, Continuo","Der getreue Music-Meiste Lektion 21-22, S. 82, 86"
TWV 25:110,Muffel singt zu ganzen Tagen,,,,"Solo Soprano, Continuo",mélodie incluse dans une ode
TWV 25:111,Heraclid gleicht stumpfen Greisen,,,,"Solo Soprano, Continuo",mélodie incluse dans une ode
TWV 25:112,Amor sangt zu Cythere,,,,"Solo Soprano, Continuo",mélodie incluse dans une ode
TWV 25:113,Bartholomeus,,,,"Alto, Tenor, Bass, Basso Continuo",quodlibet
TWV 25:114,Der Noten und des Glückes Lauf,Canon,,,,canon pour les étudiants de Luneburg (1735)
TWV 25:1-36,Singende Geographie,,,,"Voice, Basso Continuo",pièces pédagogiques (36)
TWV 25:39-85,"Singe-, Spiel- und General-Bass-Übungen",,,,"Voice, Basso Continuo",(27 numéros)
TWV 25:86-109,"Vier und zwanzig, theils ernsthafte, theils scherzende Oden",,,,"Voice, Basso Continuo",(24 numéros)
TWV 25:deest,"Lass es gehn, wie es geht",,,,,
TWV 30:3,,Fugue,G major,,organ or Clavier,Kleine Fugen #3
TWV 30:4,,Fugue,E minor,,organ or Clavier,Kleine Fugen #4
TWV 30:5,,Fugue,D minor,,organ or Clavier,Kleine Fugen #5
TWV 30:6,,Fugue,C major,,organ or Clavier,Kleine Fugen #6
TWV 30:7,,Fugue,B minor,,organ or Clavier,Kleine Fugen #7
TWV 30:8,,Fugue,D major,,organ or Clavier,Kleine Fugen #8
TWV 30:11,,Fugue,C major,,organ or Clavier,Kleine Fugen #11
TWV 30:12,,Fugue,E minor,,organ or Clavier,Kleine Fugen #12
TWV 30:13,,Fugue,C major,,organ or Clavier,Kleine Fugen #13
TWV 30:14,,Fugue,A minor,,organ or Clavier,Kleine Fugen #14
TWV 30:15,,Fugue,B minor,,organ or Clavier,Kleine Fugen #15
TWV 30:16,,Fugue,D minor,,organ or Clavier,Kleine Fugen #16
TWV 30:17,,Fugue,A minor,,organ or Clavier,Kleine Fugen #17
TWV 30:18,,Fugue,F major,,organ or Clavier,Kleine Fugen #18
TWV 30:19,,Fugue,G major,,organ or Clavier,Kleine Fugen #19
TWV 30:20,,Fugue,A minor,,organ or Clavier,Kleine Fugen #20
TWV 30:21,,Fugue,G minor,,Clavier,Fugues légères & petits jeux à clavecin seul #1
TWV 30:22,,Fugue,A major,,Clavier,Fugues légères & petits jeux à clavecin seul #2
TWV 30:23,,Fugue,C major,,Clavier,Fugues légères & petits jeux à clavecin seul #3
TWV 30:24,,Fugue,D minor,,Clavier,Fugues légères & petits jeux à clavecin seul #4
TWV 30:25,,Fugue,E minor,,Clavier,Fugues légères & petits jeux à clavecin seul #5
TWV 30:26,,Fugue,F major,,Clavier,Fugues légères & petits jeux à clavecin seul #6
TWV 30:27,Fughetta,Fugue,F major,,organ or Clavier,
TWV 30:28,Fughetta,Fugue,D major,,organ or Clavier,
TWV 30:29,,Fugue,E minor,,organ or Clavier,
TWV 30:30,,Fugue,D major,,organ or Clavier,
TWV 30:31,,Canon,G minor,,organ,
TWV 31:1,Vater unser in Himmelreich,Chorale Prelude,D minor,,Keyboard,Fugierende und verändernde Choräle #1
TWV 31:2,Vater unser in Himmelreich,Chorale Prelude,D minor,,Keyboard,Fugierende und verändernde Choräle #2
TWV 31:3,Allein Gott in Hoh sei Ehr,Chorale Prelude,G major,,Keyboard,Fugierende und verändernde Choräle #3
TWV 31:4,Allein Gott in Hoh sei Ehr,Chorale Prelude,G major,,Keyboard,Fugierende und verändernde Choräle #4
TWV 31:5,"Komm, heilger Geist",Chorale Prelude,G major,,Keyboard,Fugierende und verändernde Choräle #5
TWV 31:6,"Komm, heilger Geist",Chorale Prelude,G major,,Keyboard,Fugierende und verändernde Choräle #6
TWV 31:7,"Herr Jesu Christ, dich zu uns wend'",Chorale Prelude,F major,,Keyboard,Fugierende und verändernde Choräle #7
TWV 31:8,"Herr Jesu Christ, dich zu uns wend'",Chorale Prelude,F major,,Keyboard,Fugierende und verändernde Choräle #8
TWV 31:9,"Schmucke dich, o liebe Seele",Chorale Prelude,E-flat major,,Keyboard,Fugierende und verändernde Choräle #9
TWV 31:10,"Schmucke dich, o liebe Seele",Chorale Prelude,E-flat major,,Keyboard,Fugierende und verändernde Choräle #10
TWV 31:11,Straf mich nicht in deinem Zorn,Chorale Prelude,D minor,,Keyboard,Fugierende und verändernde Choräle #11
TWV 31:12,Straf mich nicht in deinem Zorn,Chorale Prelude,F major,,Keyboard,Fugierende und verändernde Choräle #12
TWV 31:13,Ach wir armen Sunder,Chorale Prelude,A major,,Keyboard,Fugierende und verändernde Choräle #13
TWV 31:14,Ach wir armen Sunder,Chorale Prelude,F-sharp minor,,Keyboard,Fugierende und verändernde Choräle #14
TWV 31:15,Alle Menschen mussen sterben,Chorale Prelude,A major,,Keyboard,Fugierende und verändernde Choräle #15
TWV 31:16,Alle Menschen mussen sterben,Chorale Prelude,A major,,Keyboard,Fugierende und verändernde Choräle #16
TWV 31:17,O Lamm Gottes unschuldig,Chorale Prelude,G major,,Keyboard,Fugierende und verändernde Choräle #17
TWV 31:18,O Lamm Gottes unschuldig,Chorale Prelude,G major,,Keyboard,Fugierende und verändernde Choräle #18
TWV 31:19,"Ich ruf zu dir, Herr Jesu Christ",Chorale Prelude,E minor,,Keyboard,Fugierende und verändernde Choräle #19
TWV 31:20,"Ich ruf zu dir, Herr Jesu Christ",Chorale Prelude,G major,,Keyboard,Fugierende und verändernde Choräle #20
TWV 31:21,Herzlich tut mich verlangen,Chorale Prelude,C minor,,Keyboard,Fugierende und verändernde Choräle #21
TWV 31:22,Herzlich tut mich verlangen,Chorale Prelude,E-flat major,,Keyboard,Fugierende und verändernde Choräle #22
TWV 31:23,"Christus, der uns selig macht",Chorale Prelude,G minor,,Keyboard,Fugierende und verändernde Choräle #23
TWV 31:24,"Christus, der uns selig macht",Chorale Prelude,G minor,,Keyboard,Fugierende und verändernde Choräle #24
TWV 31:25,Durch Adams Fall,Chorale Prelude,A minor,,Keyboard,Fugierende und verändernde Choräle #25
TWV 31:26,Durch Adams Fall,Chorale Prelude,A minor,,Keyboard,Fugierende und verändernde Choräle #26
TWV 31:27,Christ lag in Todesbanden,Chorale Prelude,D minor,,Keyboard,Fugierende und verändernde Choräle #27
TWV 31:28,Christ lag in Todesbanden,Chorale Prelude,A minor,,Keyboard,Fugierende und verändernde Choräle #28
TWV 31:29,Erschienen ist der herrlich Tag,Chorale Prelude,B minor,,Keyboard,Fugierende und verändernde Choräle #29
TWV 31:30,Erschienen ist der herrlich Tag,Chorale Prelude,B minor,,Keyboard,Fugierende und verändernde Choräle #30
TWV 31:31,"Herr Christ, der eining Gottes Sohn",Chorale Prelude,G major,,Keyboard,Fugierende und verändernde Choräle #31
TWV 31:32,"Herr Christ, der eining Gottes Sohn",Chorale Prelude,G major,,Keyboard,Fugierende und verändernde Choräle #32
TWV 31:33,"Jesu, meine Freude",Chorale Prelude,D minor,,Keyboard,Fugierende und verändernde Choräle #33
TWV 31:34,"Jesu, meine Freude",Chorale Prelude,D minor,,Keyboard,Fugierende und verändernde Choräle #34
TWV 31:35,"Was mein Gott will, das g'scheh allzeit",Chorale Prelude,G major,,Keyboard,Fugierende und verändernde Choräle #35
TWV 31:36,"Was mein Gott will, das g'scheh allzeit",Chorale Prelude,G major,,Keyboard,Fugierende und verändernde Choräle #36
TWV 31:37,Wie schon leuchet der Morgenstern,Chorale Prelude,D major,,Keyboard,Fugierende und verändernde Choräle #37
TWV 31:38,Wie schon leuchet der Morgenstern,Chorale Prelude,D major,,Keyboard,Fugierende und verändernde Choräle #38
TWV 31:39,"Herr Jesu Christ, dich zu uns wend'",Chorale Prelude,F major,,Keyboard,Fugierende und verändernde Choräle #39
TWV 31:40,"Herr Jesu Christ, dich zu uns wend'",Chorale Prelude,F major,,Keyboard,Fugierende und verändernde Choräle #40
TWV 31:41,Gott der Vater wohn uns bei,Chorale Prelude,D major,,Keyboard,Fugierende und verändernde Choräle #41
TWV 31:42,Gott der Vater wohn uns bei,Chorale Prelude,D major,,Keyboard,Fugierende und verändernde Choräle #42
TWV 31:43,Ach Gott von Himmel sieh darein,Chorale Prelude,A minor,,Keyboard,Fugierende und verändernde Choräle #43
TWV 31:44,Ach Gott von Himmel sieh darein,Chorale Prelude,A minor,,Keyboard,Fugierende und verändernde Choräle #44
TWV 31:45,Wer nur den lieben Gott lässt walten,Chorale Prelude,G major,,Keyboard,Fugierende und verändernde Choräle #45
TWV 31:46,Wer nur den lieben Gott lässt walten,Chorale Prelude,G major,,Keyboard,Fugierende und verändernde Choräle #46
TWV 31:47,Nun danket alle Gott,Chorale Prelude,F major,,Keyboard,Fugierende und verändernde Choräle #47
TWV 31:48,Nun danket alle Gott,Chorale Prelude,F major,,Keyboard,Fugierende und verändernde Choräle #48
TWV 31:49,Nun domm' der Heiden Heiland,Chorale Prelude,A minor,,Keyboard,
TWV 31:50,Befiehl du deine Wege,Chorale Prelude,D minor,,Keyboard,
TWV 31:51,"Nun freut euch, lieben Christen g'mein",Chorale Prelude,G major,,Keyboard,
TWV 31:52,"Nun freut euch, lieben Christen g'mein",Chorale Prelude,G major,,Keyboard,
TWV 31:53,"Ermuntre dich, mein schwacher Geist",Chorale Prelude,F major,,Keyboard,
TWV 31:54,"Nun freut euch, lieben Christen g'mein",Chorale Prelude,G major,,Keyboard,
TWV 32:1,,Partita,G major,"I. Preludio, en sol majeur
II. Aria, en sol majeur
III. Rondeau, en sol majeur
IV. Menuet I, en sol majeur
V. Menuet II, en sol mineur
VI. Gigue à l'angloise, en sol majeur",harpsichord,"Der getreue Music-Meister Lektion 1-3, S. 3, 4, 7, 8, 12"
TWV 32:2,Ouverture à la polonaise,Ouverture-Suite,D minor,"I. Ouverture à la polonoise, en ré mineur
II. Bourrée, en ré mineur
III. Loure, en ré mineur
IV. Gavotte en rondeau, en ré mineur
V. Menuet, en ré mineur
VI. Giga, en ré mineur",harpsichord,"Der getreue Music-Meister Lektion 18-22, S. 72, 75, 79, 83, 88"
TWV 32:3,,Solo,C major,"I. Largo, en do majeur
II. Allemanda, en do majeur
III. Lura, en do majeur
IV. Corrente, en do majeur
V. Menuet I, en do majeur
VI. Menuet II, en do majeur
VII. Giga, en do majeur",harpsichord,Essercizii Musici overo Dodeci Soli e Dodeci Trii a diversi stromenti #11
TWV 32:4,,Solo,F major,"I. Cantabile, en fa majeur
II. Bourrée, en fa majeur
III. Sarabande, en fa majeur
IV. Gavotte, en fa majeur
V. Passepied, en fa majeur
VI. Gigue, en fa majeur",harpsichord,Essercizii Musici overo Dodeci Soli e Dodeci Trii à diversi stromenti #23
TWV 32:5,,Ouverture-Suite,G major,"I. Ouverture, en sol mineur
II. Larghetto e scherzando, en sol mineur
III. Allegro, en sol majeur",harpsichord,
TWV 32:6,,Ouverture-Suite,A major,"I. Ouverture, en la majeur
II. Largo e scherzando, en la mineur
III. Presto, en la majeur",harpsichord,
TWV 32:7,,Ouverture-Suite,F major,"I. Ouverture, en fa majeur
II. Dolce e scherzando, en ré mineur
III. …, en fa majeur",harpsichord,
TWV 32:8,,Ouverture-Suite,E minor,"I. Ouverture, en mi mineur
II. Moderado e scherzando, en sol majeur
III. Allegro, en mi mineur
IV. Piacevole, en sol majeur",harpsichord,
TWV 32:9,,Ouverture-Suite,E-flat major,"I. Ouverture, en mi bémol majeur
II. Suave e scherzando, en do mineur
III. Vivace, en mi bémol majeur",harpsichord,
TWV 32:10,,Ouverture-Suite,B minor,"I. Ouverture, en si mineur
II. Pastorello, tempo giusto, en ré majeur
III. Allegro, en si mineur",harpsichord,
TWV 32:11,,Ouverture-Suite,C major,"I. Ouverture, en do majeur
II. Entrée, en do majeur
III. Gavotte, en do majeur
IV. Marche, en do majeur
V. Gigue, en do majeur",harpsichord,
TWV 32:12,,Ouverture-Suite,A minor,"I. Ouverture, en la mineur
II. Gavotte, en la mineur
III. Loure, en la mineur
IV. Allemande, en la mineur
V. Menuet I, en la mineur
VI. Menuet II, en la majeur
VII. Bourrée, en la mineur
VIII. Gigue, en la mineur",harpsichord,
TWV 32:13,,Ouverture-Suite,G major,"I. Ouverture, en sol majeur
II. Courante, en sol majeur
III. Bourrée I, en sol majeur
IV. Bourrée, en sol mineur
V. Aria, en sol majeur
VI. Allemande, en sol majeur
VII. Menuet (avec trio), en sol majeur",harpsichord,
TWV 32:14,,Suite,A major,"I. Allemande, en la majeur
II. Courante, en la majeur
III. Gigue, en la majeur",harpsichord,
TWV 32:15,,Ouverture-Suite,A major,"I. Ouverture, en la majeur
II. Courante, en la majeur
III. Rigaudon I, en la majeur
IV. Rigaudon II, en la majeur
V. Hornpipe, en la majeur",harpsichord,
TWV 32:16,,Ouverture-Suite,A major,"I. Prélude vistement, en la majeur
II. Passepied I, en la majeur
III. Passpied II, en la mineur
IV. Aria, en la majeur
V. Bourrée, en la majeur
VI. Loure, en la majeur
VII. Menuet (avec trio), en la majeur
VIII. Gigue, en la majeur",harpsichord,
TWV 32:17,,Suite,C major,"I. Allemande, en do majeur
II. Hornpipe, en do majeur
III. Rondeau, en do majeur
IV. Gigue, en do majeur
V. Bourrée I, en do majeur
VI. Bourrée II, en do mineur",harpsichord,
TWV 32:18,,Partita,A major,"I. Allemande, en la majeur
II. Air pour les trompettes, en la majeur
III. Sarabande, en la majeur
IV. Bourrée, en la majeur
V. Gigue, en la majeur",harpsichord,
TWV 32:A1,,Ouverture-Suite,E-flat major,,harpsichord,"Suite TWV 55:Es4, version for harpsichord"
TWV 32:A2,Rigaudon in a - Passepied in A,Dance,A major,,harpsichord,"Suite TWV 55:a1, version for harpsichord"
TWV 32:A3,,Partita,B-flat major,,harpsichord,Christian Pezold's work
TWV 32:A4,Sarabande et Raigaudon,Dance,G major,,harpsichord,
TWV 32:A5,,Ouverture-Suite,E major,4è mouvement:Air pour orgue,"oboe, strings, basso continuo",
TWV 33:1,,Fantasia,D major,"I. Allegro, en ré majeur
II. Adagio, en si mineur
III. Allegro (da capo)",harpsichord,
TWV 33:2,,Fantasia,D minor,"I. Presto, en ré mineur
II. Adagio, en sol mineur
III. Presto (da capo)",harpsichord,
TWV 33:3,,Fantasia,E major,"I. Vivace, en mi majeur
II. Largo, en do dièse mineur
III. Vivace (da capo)",harpsichord,
TWV 33:4,,Fantasia,E minor,"I. Allegro, en mi mineur
II. Dolce, en sol majeur
III. Allegro (da capo)",harpsichord,
TWV 33:5,,Fantasia,F major,"I. Vivace, en fa majeur
II. Largo, en ré mineur
III. Vivace (da capo)",harpsichord,
TWV 33:6,,Fantasia,C minor,"I. Tempo di Minuetto, en fa mineur
II. Largo, en la bémol majeur
III. Tempo di Minuetto (da capo)",harpsichord,
TWV 33:7,,Fantasia,G major,"I. Presto, en sol majeur
II. Largo, en mi mineur
III. Presto (da capo)",harpsichord,
TWV 33:8,,Fantasia,G minor,"I. Vivace, en sol mineur
II. Cantabile, en sol mineur
III. Vivace (da capo)",harpsichord,
TWV 33:9,,Fantasia,A major,"I. Allegro, en la majeur
II. Grave, en fa dièse mineur
III. Allegro (da capo)",harpsichord,
TWV 33:10,,Fantasia,A minor,"I. Allegro, en la mineur
II. Largo, en do majeur
III. Allegro (da capo)",harpsichord,
TWV 33:11,,Fantasia,G minor,"I. Allegro, en si bémol majeur
II. Largo, en sol mineur
III. Allegro (da capo)",harpsichord,
TWV 33:12,,Fantasia,E-flat major,"I. Vivace, en mi bémol majeur
II. Largo, en mi bémol majeur
III. Vivace (da capo)",harpsichord,
TWV 33:13,,Fantasia,G minor,"I. Tendrement, en do mineur
II. Vivement, en do mineur
III. Tendrement (da capo)
IV. Très vite, en do mineur",harpsichord,
TWV 33:14,,Fantasia,C major,"I. Gravement, en do majeur
II. Gayment, en do majeur
III. Gravement (da capo)
IV. Allegrement, en do majeur",harpsichord,
TWV 33:15,,Fantasia,B minor,"I. Pompeusement, en ré majeur
II. Allegrement, en si mineur
III. Pompeusement (da capo)
IV. Gayment, en si mineur",harpsichord,
TWV 33:16,,Fantasia,D major,"I. Gratieusement, en ré majeur
II. Vivement, en ré majeur
III. Gratieusement (da capo)
IV. Vite, en ré majeur",harpsichord,
TWV 33:17,,Fantasia,G minor,"I. Mélodieusement, en sol mineur
II. Spirituellement, en sol mineur
III. Mélodieusement, en sol mineur
IV. Vite, en sol mineur",harpsichord,
TWV 33:18,,Fantasia,B-flat major,"I. Tendrement, en si bémol majeur
II. Gayment, en si bémol majeur
III. Tendrement (da capo)
IV. Vite, en si bémol majeur",/,
TWV 33:19,,Fantasia,A minor,"I. Lentement, en la mineur
II. Allègrement, en la mineur
III. Lentement (da capo)
IV. Vivement, en la mineur",harpsichord,
TWV 33:20,,Fantasia,A major,"I. Gratieusement, en la majeur
II. Vite, en la majeur
III. Gratieusement (da capo)
IV. Gayment, en la majeur",harpsichord,
TWV 33:21,,Fantasia,E minor,"I. Flateusement, en mi mineur
II. Vivement, en mi mineur
III. Flateusement (da capo)
IV. Très vite, en mi mineur",harpsichord,
TWV 33:22,,Fantasia,G major,"I. Modérément, en sol majeur
II. Vivement, en sol majeur
III. Modérément (da capo)
IV. Gayment, en sol majeur",harpsichord,
TWV 33:23,,Fantasia,G minor,"I. Pompeusement, en sol mineur
II. Allègrement, en sol mineur
III. Pompeusement (da capo)
IV. Vite, en sol mineur",harpsichord,
TWV 33:24,,Fantasia,B-flat major,"I. Gratieusement, en si bémol majeur
II. Garillardement, en si bémol majeur
III. Gratieusement (da capo)
IV. Vitement, en si bémol majeur",harpsichord,
TWV 33:25,,Fantasia,F major,"I. Vivace, en fa majeur
II. Tempo giusto, en fa majeur
III. Vivace (da capo)",harpsichord,
TWV 33:26,,Fantasia,A minor,"I. Vivace, en ré mineur
II. Largo, en la mineur
III. Vivace (da capo)",harpsichord,
TWV 33:27,,Fantasia,E minor,"I. Tempo giusto, en mi mineur
II. Presto, en sol majeur
III. Tempo giusto (da capo)",harpsichord,
TWV 33:28,,Fantasia,G major,"I. Vivace, en sol majeur
II. Dolce, en si mineur
III. Vivace (da capo)",harpsichord,
TWV 33:29,,Fantasia,G minor,"I. Allegro, en sol mineur
II. Soave, en sol mineur
III. Allegro (da capo)",harpsichord,
TWV 33:30,,Fantasia,C minor,"I. Gratioso, en do mineur
II. Vivace, en mi bémol majeur
III. Gratioso (da capo)",harpsichord,
TWV 33:31,,Fantasia,A major,"I. Presto, en la majeur
II. Arioso, en la majeur
III. Presto (da capo)",harpsichord,
TWV 33:32,,Fantasia,A minor,"I. Vivace, en la mineur
II. Minuet, en la mineur
III. Vivace (da capo)",harpsichord,
TWV 33:33,,Fantasia,B minor,"I. Allegro, en si mineur
II. Con pompa, en ré majeur
III. Allegro (da capo)",harpsichord,
TWV 33:34,,Fantasia,D major,"I. Allegro, en ré majeur
II. Dolce, en ré mineur
III. Allegro (da capo)",harpsichord,
TWV 33:35,,Fantasia,E-flat major,"I. Vivace, en mi bémol majeur
II. Moderato, en do mineur
III. Vivace (da capo)",harpsichord,
TWV 33:36,,Fantasia,B-flat major,"I. Vivace, en si bémol majeur
II. Arioso, en sol mineur
III. Vivace (da capo)",harpsichord,
TWV 33:37,,Sonata,E minor,"I. Aria, en mi mineur
II. Tempo di Menuet, en mi mineur
III. Rondeau, en mi mineur
IV. Presto, en mi majeur
V. Menuet, en mi majeur",harpsichord,
TWV 33:A1,,Concerto,B minor,"I. Allegro, en si mineur
II. Adagio, en si mineur
III. Allegro, en si mineur",harpsichord,
TWV 33:A2,,Concerto,C minor,,harpsichord,[Work transcribed for organ by J. G. Walther]
TWV 33:A3,,Fantasia,D major,,organ,[T. Fedtke's work]
TWV 33:A4,Sonate en trio,Sonata,D major,,organ,[version pour 2 claviers et pédale de la sonate en trio TWV 42:E4]
TWV 33:A5,Sonate en trio,Sonata,D major,,organ,[version pour 2 claviers et pédale de la sonate en trio TWV 42:D14]
TWV 33:A6,,Concerto,B-flat major,,"violin, strings, continuo",adapted for organ
TWV 34:1,,Menuet,A minor,,harpsichord,Menuets (50) - 1ère série
TWV 34:2,,Menuet,A major,,harpsichord,Menuets (50) - 1ère série
TWV 34:3,,Menuet,A minor,,harpsichord,Menuets (50) - 1ère série
TWV 34:4,,Menuet,A major,,harpsichord,Menuets (50) - 1ère série
TWV 34:5,,Menuet,A major,,harpsichord,Menuets (50) - 1ère série
TWV 34:6,,Menuet,A major,,harpsichord,Menuets (50) - 1ère série
TWV 34:7,,Menuet,A minor,,harpsichord,Menuets (50) - 1ère série
TWV 34:8,,Menuet,B-flat major,,harpsichord,Menuets (50) - 1ère série
TWV 34:9,,Menuet,B-flat major,,harpsichord,Menuets (50) - 1ère série
TWV 34:10,,Menuet,B-flat major,,harpsichord,Menuets (50) - 1ère série
TWV 34:11,,Menuet,B-flat major,,harpsichord,Menuets (50) - 1ère série
TWV 34:12,,Menuet,B minor,,harpsichord,Menuets (50) - 1ère série
TWV 34:13,,Menuet,B minor,,harpsichord,Menuets (50) - 1ère série
TWV 34:14,,Menuet,B minor,,harpsichord,Menuets (50) - 1ère série
TWV 34:15,,Menuet,C minor,,harpsichord,Menuets (50) - 1ère série
TWV 34:16,,Menuet,C major,,harpsichord,Menuets (50) - 1ère série
TWV 34:17,,Menuet,C minor,,harpsichord,Menuets (50) - 1ère série
TWV 34:18,,Menuet,C major,,harpsichord,Menuets (50) - 1ère série
TWV 34:19,,Menuet,E-flat major,,harpsichord,Menuets (50) - 1ère série
TWV 34:20,,Menuet,C major,,harpsichord,Menuets (50) - 1ère série
TWV 34:21,,Menuet,C major,,harpsichord,Menuets (50) - 1ère série
TWV 34:22,,Menuet,D minor,,harpsichord,Menuets (50) - 1ère série
TWV 34:23,,Menuet,D major,,harpsichord,Menuets (50) - 1ère série
TWV 34:24,,Menuet,D major,,harpsichord,Menuets (50) - 1ère série
TWV 34:25,,Menuet,D major,,harpsichord,Menuets (50) - 1ère série
TWV 34:26,,Menuet,D minor,,harpsichord,Menuets (50) - 1ère série
TWV 34:27,,Menuet,E-flat major,,harpsichord,Menuets (50) - 1ère série
TWV 34:28,,Menuet,E-flat major,,harpsichord,Menuets (50) - 1ère série
TWV 34:29,,Menuet,E minor,,harpsichord,Menuets (50) - 1ère série
TWV 34:30,,Menuet,E minor,,harpsichord,Menuets (50) - 1ère série
TWV 34:31,,Menuet,E minor,,harpsichord,Menuets (50) - 1ère série
TWV 34:32,,Menuet,E minor,,harpsichord,Menuets (50) - 1ère série
TWV 34:33,,Menuet,E major,,harpsichord,Menuets (50) - 1ère série
TWV 34:34,,Menuet,E major,,harpsichord,Menuets (50) - 1ère série
TWV 34:35,,Menuet,E major,,harpsichord,Menuets (50) - 1ère série
TWV 34:36,,Menuet,F major,,harpsichord,Menuets (50) - 1ère série
TWV 34:37,,Menuet,F major,,harpsichord,Menuets (50) - 1ère série
TWV 34:38,,Menuet,F minor,,harpsichord,Menuets (50) - 1ère série
TWV 34:39,,Menuet,F major,,harpsichord,Menuets (50) - 1ère série
TWV 34:40,,Menuet,F minor,,harpsichord,Menuets (50) - 1ère série
TWV 34:41,,Menuet,F major,,harpsichord,Menuets (50) - 1ère série
TWV 34:42,,Menuet,F minor,,harpsichord,Menuets (50) - 1ère série
TWV 34:43,,Menuet,G minor,,harpsichord,Menuets (50) - 1ère série
TWV 34:44,,Menuet,G minor,,harpsichord,Menuets (50) - 1ère série
TWV 34:45,,Menuet,G minor,,harpsichord,Menuets (50) - 1ère série
TWV 34:46,,Menuet,G minor,,harpsichord,Menuets (50) - 1ère série
TWV 34:47,,Menuet,G major,,harpsichord,Menuets (50) - 1ère série
TWV 34:48,,Menuet,G major,,harpsichord,Menuets (50) - 1ère série
TWV 34:49,,Menuet,G major,,harpsichord,Menuets (50) - 1ère série
TWV 34:50,,Menuet,G major,,harpsichord,Menuets (50) - 1ère série
TWV 34:51,,Menuet,A major,,harpsichord,Menuets (50) 2è série
TWV 34:52,,Menuet,A major,,harpsichord,Menuets (50) 2è série
TWV 34:53,,Menuet,A major,,harpsichord,Menuets (50) 2è série
TWV 34:54,,Menuet,A major,,harpsichord,Menuets (50) 2è série
TWV 34:55,,Menuet,A minor,,harpsichord,Menuets (50) 2è série
TWV 34:56,,Menuet,A minor,,harpsichord,Menuets (50) 2è série
TWV 34:57,,Menuet,A minor,,harpsichord,Menuets (50) 2è série
TWV 34:58,,Menuet,B-flat major,,harpsichord,Menuets (50) 2è série
TWV 34:59,,Menuet,B-flat major,,harpsichord,Menuets (50) 2è série
TWV 34:60,,Menuet,B-flat major,,harpsichord,Menuets (50) 2è série
TWV 34:61,,Menuet,B-flat major,,harpsichord,Menuets (50) 2è série
TWV 34:62,,Menuet,B minor,,harpsichord,Menuets (50) 2è série
TWV 34:63,,Menuet,B minor,,harpsichord,Menuets (50) 2è série
TWV 34:64,,Menuet,B minor,,harpsichord,Menuets (50) 2è série
TWV 34:65,,Menuet,C major,,harpsichord,Menuets (50) 2è série
TWV 34:66,,Menuet,C major,,harpsichord,Menuets (50) 2è série
TWV 34:67,,Menuet,C major,,harpsichord,Menuets (50) 2è série
TWV 34:68,,Menuet,C major,,harpsichord,Menuets (50) 2è série
TWV 34:69,,Menuet,C minor,,harpsichord,Menuets (50) 2è série
TWV 34:70,,Menuet,C minor,,harpsichord,Menuets (50) 2è série
TWV 34:71,,Menuet,C minor,,harpsichord,Menuets (50) 2è série
TWV 34:72,,Menuet,D major,,harpsichord,Menuets (50) 2è série
TWV 34:73,,Menuet,D major,,harpsichord,Menuets (50) 2è série
TWV 34:74,,Menuet,D major,,harpsichord,Menuets (50) 2è série
TWV 34:75,,Menuet,D major,,harpsichord,Menuets (50) 2è série
TWV 34:76,,Menuet,D minor,,harpsichord,Menuets (50) 2è série
TWV 34:77,,Menuet,D minor,,harpsichord,Menuets (50) 2è série
TWV 34:78,,Menuet,D minor,,harpsichord,Menuets (50) 2è série
TWV 34:79,,Menuet,E major,,harpsichord,Menuets (50) 2è série
TWV 34:80,,Menuet,E major,,harpsichord,Menuets (50) 2è série
TWV 34:81,,Menuet,E major,,harpsichord,Menuets (50) 2è série
TWV 34:82,,Menuet,E major,,harpsichord,Menuets (50) 2è série
TWV 34:83,,Menuet,E minor,,harpsichord,Menuets (50) 2è série
TWV 34:84,,Menuet,E minor,,harpsichord,Menuets (50) 2è série
TWV 34:85,,Menuet,E minor,,harpsichord,Menuets (50) 2è série
TWV 34:86,,Menuet,F major,,harpsichord,Menuets (50) 2è série
TWV 34:87,,Menuet,F major,,harpsichord,Menuets (50) 2è série
TWV 34:88,,Menuet,F major,,harpsichord,Menuets (50) 2è série
TWV 34:89,,Menuet,F major,,harpsichord,Menuets (50) 2è série
TWV 34:90,,Menuet,F-sharp minor,,harpsichord,Menuets (50) 2è série
TWV 34:91,,Menuet,A major,,harpsichord,Menuets (50) 2è série
TWV 34:92,,Menuet,F-sharp minor,,harpsichord,Menuets (50) 2è série
TWV 34:93,,Menuet,G major,,harpsichord,Menuets (50) 2è série
TWV 34:94,,Menuet,G major,,harpsichord,Menuets (50) 2è série
TWV 34:95,,Menuet,G major,,harpsichord,Menuets (50) 2è série
TWV 34:96,,Menuet,G major,,harpsichord,Menuets (50) 2è série
TWV 34:97,,Menuet,G minor,,harpsichord,Menuets (50) 2è série
TWV 34:98,,Menuet,G minor,,harpsichord,Menuets (50) 2è série
TWV 34:99,,Menuet,G minor,,harpsichord,Menuets (50) 2è série
TWV 34:100,,Menuet,G major,,harpsichord,Menuets (50) 2è série
TWV 35:1,Marche pour M. le capitaine Weber und Retraite,March,F major,"I. Marche, en fa majeur
II. Retraite, en fa majeur
[III?]. [Allegro]",harpsichord,"Der getreue Music-Meister Lektion 6, S. 24"
TWV 35:2,La poste,Dance,B-flat major,,harpsichord,"Der getreue Music-Meister Lektion 14, S. 56"
TWV 35:3,,Menuet,G major,,harpsichord,
TWV 35:4,Amoroso,Solo,A major,,harpsichord,
TWV 35:5,Gigue,Dance,D minor,,harpsichord,
TWV 35:6,Menuet et Alternatif,Menuet,D major,"I. Menuet, en ré majeur
II. Alternatio, en ré majeur",harpsichord,
TWV 35:7,Air en gavotte,Aria,F major,,harpsichord,
TWV 35:A1,,Menuet,B-flat major,,harpsichord,[menuet de l'Ouverture pour orchestre:TWV 55:B1]
TWV 35:A2,,Passacaille,E minor,,harpsichord,[J.V. Gorner's work]
TWV 36:1,"Ihr schonen, horet an",Aria,D major,,harpsichord,"aria, en ré majeur"
TWV 36:2,Sollen nun die grunen Jahre,Aria,G major,,harpsichord,"aria, en sol majeur"
TWV 36:3,"Ihe Sternen, hort",Dance,A minor,,harpsichord,"murqui, en la mineur"
TWV 36:4,Flich hin,Aria,G major,,harpsichord,"aria, en sol majeur"
TWV 36:5,"Amor, Cupido, mein Freund",Aria,G major,,harpsichord,"aria, en sol majeur"
TWV 36:6,,Menuet,G major,,harpsichord,
TWV 36:7,,Menuet,G major,,harpsichord,"[Menuet de l'Ouverture, TWV 55:B12]"
TWV 36:8,Leben ist ein Werck der Gotter,Aria,G major,,harpsichord,"aria, en sol majeur"
TWV 36:9,"Trage, schonste Schaferin",Aria,G major,,harpsichord,"aria, en sol majeur"
TWV 36:10,"Komm, ach komm, mein werthes Leben",Aria,G major,,harpsichord,"aria, en sol majeur"
TWV 36:11,Obich gleich ein Schafer bin,Aria,G major,,harpsichord,"aria, en do majeur"
TWV 36:12,Stille Gedaken,Aria,G major,,harpsichord,"aria, en sol majeur"
TWV 36:13,Neidet mich immerhin,Aria,D major,,harpsichord,"menuet, en ré majeur"
TWV 36:14,Alles ist mir Einerley,Piece,G major,,harpsichord,"allegro, en sol majeur"
TWV 36:15,"Cupido, bleibe mir ja vom Liebe",Aria,G major,,harpsichord,"aria, en sol majeur"
TWV 36:16,"Zu guter Nacht, mein Licht",Aria,C major,,harpsichord,"valet aria, en do majeur"
TWV 36:17,,Menuet,D major,,harpsichord,
TWV 36:18,Unser Caplan,Menuet,D major,,harpsichord,"menuet, en ré majeur"
TWV 36:19,Liebe Nonne,Lamento,F major,,harpsichord,"lamento, en fa majeur"
TWV 36:20,"Ihr Sorgen, verlasst die stillen Gedancken",Menuet,D major,,harpsichord,"menuet, en ré majeur"
TWV 36:21,,Menuet,D major,,harpsichord,
TWV 36:22,"Lass es gehn, wie est geht",Menuet,D major,,harpsichord,"menuet, en ré majeur"
TWV 36:23,Ich muss gestehn,Menuet,D major,,harpsichord,"menuet, en ré majeur"
TWV 36:24,Meine Lust und Vergnugung,Menuet,D major,,harpsichord,"menuet, en ré majeur"
TWV 36:25,Vem der Himmel,Menuet,D major,,harpsichord,"menuet, en sol majeur"
TWV 36:26,"Lasst mich gehen, ihr nichtigen Sorgen",Menuet,G major,,harpsichord,"menuet, en sol majeur"
TWV 36:27,"Mein Herz, getrost",Menuet,D minor,,harpsichord,"menuet, en ré mineur"
TWV 36:28,Wenn mein Madgen,Menuet,D major,,harpsichord,"menuet, en ré majeur"
TWV 36:29,Tausend Vergnugung muss mit geschehn,Menuet,D major,,harpsichord,"menuet, en ré majeur"
TWV 36:30,Meine Losung heisst stille seyn,Menuet,G major,,harpsichord,"menuet, en sol majeur; [Menuet II de l'Ouverture, TWV 55:E2]"
TWV 36:31,,Menuet,G major,,harpsichord,
TWV 36:32,Sussee Vergnugen,Menuet,G major,,harpsichord,"menuet, en sol majeur; [Menuet de l'Ouverture TWV 55:G3(3)]"
TWV 36:33,D'Anjou,Menuet,G minor,,harpsichord,"menuet, en sol mineur"
TWV 36:34,Gavotte,Dance,G major,,harpsichord,
TWV 36:35,"Fleg nur, Cupido",Menuet,D minor,,harpsichord,"menuet, en ré mineur"
TWV 36:36,Ich hoffe was,Menuet,D major,,harpsichord,"menuet, en ré majeur"
TWV 36:37,Geliebter Trost,Menuet,F major,,harpsichord,"menuet, en fa majeur"
TWV 36:38,Ich liebe die Fregheit,Dance,C major,,harpsichord,"loure, en do majeur"
TWV 36:39,,Menuet,C major,,harpsichord,
TWV 36:40,,Menuet,D major,,harpsichord,
TWV 36:41,,Menuet,F major,,harpsichord,
TWV 36:42,Was muss oft nicht,Menuet,G major,,harpsichord,"menuet, en sol majeur"
TWV 36:43,,Aria,D major,,harpsichord,
TWV 36:44,,March,F major,,harpsichord,
TWV 36:45,Ach mein Vergnugen,Aria,D minor,,harpsichord,"aria, en ré mineur"
TWV 36:46,,March,A major,,harpsichord,
TWV 36:47,,March,G major,,harpsichord,
TWV 36:48,,March,D major,,harpsichord,
TWV 36:49,Polonaise,Dance,D major,,harpsichord,"[Paysans de la Partie, en sol mineur, pour 2 luths, TWV 39:2; Harlequinade de l'Ouverture, TWV 55:a7]"
TWV 36:50,Ich liebe negligent,Aria,G major,,harpsichord,"aria, en sol majeur"
TWV 36:51,,Menuet,F major,,harpsichord,
TWV 36:52,"Zufrieden, mein Herz",Aria,F major,,harpsichord,"aria, en fa majeur"
TWV 36:53,,Menuet,F major,,harpsichord,
TWV 36:54,,Menuet,F major,,harpsichord,
TWV 36:55,,Menuet,D minor,,harpsichord,
TWV 36:56,,Menuet,B-flat major,,harpsichord,
TWV 36:57,,Menuet,C major,,harpsichord,
TWV 36:58,Gavotte,Dance,F major,,harpsichord,"[Presto from Sonata, TWV 41:F1]"
TWV 36:59,,Menuet,B-flat major,,harpsichord,
TWV 36:60,,Menuet,D minor,,harpsichord,
TWV 36:61,Ich bin vergnugt,Menuet,C major,,harpsichord,"menuet, en do majeur"
TWV 36:62,,Menuet,G major,,harpsichord,
TWV 36:63,Lamarie,Dance,F major,,harpsichord,
TWV 36:64,Die Blumen diener schonen Wangen,Menuet,G major,,harpsichord,"menuet, en sol majeur"
TWV 36:65,,Menuet,D major,,harpsichord,
TWV 36:66,,Menuet,D major,,harpsichord,
TWV 36:67,,Aria,G major,,harpsichord,
TWV 36:68,,Menuet,F major,,harpsichord,"[Menuet, TWV 34:21]"
TWV 36:69,Nimm das Herz con mir hin,Menuet,C major,,harpsichord,"menuet, en do majeur"
TWV 36:70,,Menuet,C major,,harpsichord,"[Menuet de l'Ouverture, TWV 55:A6]"
TWV 36:71,,Menuet,F major,,harpsichord,
TWV 36:72,,Menuet,F major,,harpsichord,
TWV 36:73,Soll ich mein Licht,Menuet,D major,,harpsichord,"menuet, en ré majeur"
TWV 36:74,Geliebter Aufenthalt,Menuet,F major,,harpsichord,"menuet, en fa majeur"
TWV 36:75,,Menuet,G major,,harpsichord,
TWV 36:76,,Menuet,B-flat major,,harpsichord,
TWV 36:77,"Willstu, mein Leben",Menuet,G major,,harpsichord,"menuet, en sol majeur; [Menuet III de l'Ouverture, TWV 55:G5]"
TWV 36:78,Willstu denn nun von mir scheiden,Menuet,G major,,harpsichord,"menuet, en sol majeur"
TWV 36:79,,Menuet,C major,,harpsichord,
TWV 36:80,,Aria,G major,,harpsichord,
TWV 36:81,,Menuet,G major,,harpsichord,"[Menuet I de l'Ouverture, TWV 55:D4]"
TWV 36:82,,Menuet,D major,,harpsichord,
TWV 36:83,,Menuet,C major,,harpsichord,
TWV 36:84,,Menuet,C major,,harpsichord,
TWV 36:85,,Menuet,C major,,harpsichord,
TWV 36:86,,Menuet,F major,,harpsichord,
TWV 36:87,,Menuet,F major,,harpsichord,
TWV 36:88,,Menuet,D major,,harpsichord,"[Menuet I de l'Ouverture, TWV 55:Es4]"
TWV 36:89,,Menuet,G major,,harpsichord,
TWV 36:90,Ach was fur Martter,Menuet,G major,,harpsichord,"menuet, en sol majeur"
TWV 36:91,,Menuet,G major,,harpsichord,
TWV 36:92,,Menuet,A minor,,harpsichord,
TWV 36:93,,Menuet,C major,,harpsichord,
TWV 36:94,"Eilet, ihr Seuffzer",Menuet,D major,,harpsichord,"menuet, en ré majeur"
TWV 36:95,Nichts Vergungters ist zu finden,Menuet,G major,,harpsichord,"menuet, en sol majeur"
TWV 36:96,Ich muss euch meiden,Menuet,G major,,harpsichord,"menuet, en sol majeur; [Menuet I de l'Ouverture, TWV 55:D21]"
TWV 36:97,,Menuet,D major,,harpsichord,
TWV 36:98,Was ich vor Trautigkeit,Menuet,C major,,harpsichord,"menuet, en do majeur"
TWV 36:99,,Menuet,G major,,harpsichord,
TWV 36:100,"Mein Engel, lass uns keimlich lieben",Aria,G minor,,harpsichord,"aria, en sol mineur"
TWV 36:101,,Menuet,G major,,harpsichord,
TWV 36:102,,Menuet,A major,,harpsichord,[Alternative to TWV 35:6(2); Menuet II of TWV 55:E(1)]
TWV 36:103,,Menuet,D major,,harpsichord,
TWV 36:104,,Menuet,D major,,harpsichord,
TWV 36:105,,Menuet,D major,,harpsichord,
TWV 36:106,,Menuet,D major,,harpsichord,
TWV 36:107,,Menuet,D major,,harpsichord,
TWV 36:108,,Menuet,D major,,harpsichord,
TWV 36:109,,Menuet,D major,,harpsichord,
TWV 36:110,,Menuet,G major,,harpsichord,"[Menuet I de l'Ouverture, TWV 55:D8]"
TWV 36:111,Lieben und verschwiegen seyn,Menuet,G major,,harpsichord,"menuet, en sol majeur"
TWV 36:112,,Menuet,C major,,harpsichord,
TWV 36:113,"Gute Nacht, mein Hertzens Madgen",Aria,C major,,harpsichord,"aria, en do majeur"
TWV 36:114,Ihr vergnugten Stunden,Aria,A minor,,harpsichord,"aria, en la mineur"
TWV 36:115,Mein angenehmes Licht,Menuet,F major,,harpsichord,"menuet, en fa majeur"
TWV 36:116,Mein madgen das ist recht galland,Menuet,C major,,harpsichord,"menuet, en do majeur"
TWV 36:117,"Bergonnt mir, ihr Schonen",Aria,D minor,,harpsichord,"aria, en ré mineur"
TWV 36:118,,Menuet,C major,,harpsichord,
TWV 36:119,,Menuet,F major,,harpsichord,
TWV 36:120,,Menuet,F major,,harpsichord,
TWV 36:121,,Menuet,A minor,,harpsichord,"[Sans souci de la Sonate, TWV 41:g4; Menuet TWV 34:43]"
TWV 36:122,,Menuet,G major,,harpsichord,
TWV 36:123,,Menuet,D major,,harpsichord,
TWV 36:124,,Menuet,D major,,harpsichord,"[Menuet de l'Ouverture, TWV 55:D10]"
TWV 36:125,,Menuet,D major,,harpsichord,
TWV 36:126,,March,G major,,harpsichord,
TWV 36:127,,March,C major,,harpsichord,
TWV 36:128,,Menuet,G major,,harpsichord,
TWV 36:129,,Menuet,F major,,harpsichord,
TWV 36:130,,Menuet,B-flat major,,harpsichord,
TWV 36:131,,Menuet,G major,,harpsichord,
TWV 36:132,,Menuet,G major,,harpsichord,
TWV 36:133,,Menuet,G major,,harpsichord,
TWV 36:134,,Menuet,G major,,harpsichord,
TWV 36:135,,Menuet,G major,,harpsichord,
TWV 36:136,,Menuet,E minor,,harpsichord,
TWV 36:137,,Menuet,G major,,harpsichord,
TWV 36:138,,Menuet,E minor,,harpsichord,
TWV 36:139,,Menuet,F major,,harpsichord,
TWV 36:140,,Menuet,D major,,harpsichord,
TWV 36:141,,Menuet,D major,,harpsichord,
TWV 36:142,So offt ich meine Tobacks Pfeiffe,Aria,D minor,,harpsichord,"aria, en ré mineur"
TWV 36:143,Schonster Herr Brautigam,Menuet,D minor,,harpsichord,"menuet, en ré mineur"
TWV 36:144,,Menuet,G major,,harpsichord,"[Menuet II de l'Ouverture, TWV 55:e3]"
TWV 36:145,,Menuet,G major,,harpsichord,
TWV 36:146,,Menuet,G major,,harpsichord,
TWV 36:147,,Menuet,G major,,harpsichord,
TWV 36:148,,Menuet,G major,,harpsichord,
TWV 36:149,,Menuet,F major,,harpsichord,
TWV 36:150,,Menuet,D major,,harpsichord,
TWV 36:151,,Menuet,D major,,harpsichord,
TWV 36:152,,Menuet,D major,,harpsichord,
TWV 36:153,,Menuet,D major,,harpsichord,
TWV 36:154,,Menuet,D minor,,harpsichord,
TWV 36:155,,Menuet,D major,,harpsichord,
TWV 36:156,,Menuet,G major,,harpsichord,
TWV 36:157,,Menuet,B-flat major,,harpsichord,
TWV 36:158,,Menuet,G minor,,harpsichord,[Menuet TWV 34:55]
TWV 36:159,,Menuet,D major,,harpsichord,
TWV 36:160,,Menuet,D major,,harpsichord,
TWV 36:161,,Menuet,D minor,,harpsichord,
TWV 36:162,,Menuet,F major,,harpsichord,
TWV 36:163,,Menuet,F major,,harpsichord,
TWV 36:164,,Menuet,G major,,harpsichord,
TWV 36:165,Dem Gartner muss das Hertze lachen,Menuet,G major,,harpsichord,"menuet, en sol majeur"
TWV 36:166,"Liebstes Kind, ich bin dir gut",Menuet,B-flat major,,harpsichord,"menuet, en si bémol majeur"
TWV 36:167,,March,D major,,harpsichord,
TWV 36:168,,March,D major,,harpsichord,
TWV 39:1,,Partita,B-flat major,"I. Ouverture, en si bémol majeur
II. Harlequinade, en si bémol majeur
III. Le Ris, en si bémol majeur
IV. Rigidon, en si bémol majeur
V. Combattans, en si bémol majeur
VI. Hanaque, en si bémol majeur
VII. Sarrois, en si bémol majeur
VIII. Gigue, en si bémol majeur",2 lutes,
TWV 39:2,,Partita,G minor,"I. Ouverture, en sol mineur
II. Effronterie, en sol mineur
III. Air, en sol mineur
IV. Rigidon, en sol mineur
V. Menuet, en sol mineur
VI. Trio, en sol majeur
VII. Paysans, en sol majeur
VIII. Anglaise, en sol mineur",2 lutes,
TWV 40:1,,Sonata,D major,"I. Andante
II. Vivace
III. Recitativo (si mineur) / Andante arioso (si mineur)
IV. Vivace",viola da gamba,"Der getreue Music-Meister Lektion 14, S. 56"
TWV 40:2,,Fantasia,A major,"I. Vivace
II. Allegro",transverse flute,
TWV 40:3,,Fantasia,A minor,"I. Grave
II. Vivace
III. Adagio (do majeur)
IV. Allegro",transverse flute,
TWV 40:4,,Fantasia,B minor,"I. Largo / Vivace
II. Allegro",transverse flute,
TWV 40:5,,Fantasia,B-flat major,"I. Andante
II. Allegro
III. Presto",transverse flute,
TWV 40:6,,Fantasia,C major,"I. Presto / Largo
II. Allegro
III. Allegro",transverse flute,
TWV 40:7,,Fantasia,D minor,"I. Dolce
II. Allegro
III. Spirituoso",transverse flute,
TWV 40:8,,Fantasia,D major,"I. Alla francese
II. Presto",transverse flute,
TWV 40:9,,Fantasia,E minor,"I. Largo
II. Spirituoso
III. Allegro",transverse flute,
TWV 40:10,,Fantasia,E major,"I. Affettuoso
II. Allegro
III. Grave (do dièse mineur)
IV. Vivace",transverse flute,
TWV 40:11,,Fantasia,F-sharp minor,"I. A tempo giusto
II. Presto (fa dièse mineur)
III. Moderato",transverse flute,
TWV 40:12,,Fantasia,G major,"I. Allegro
II. Adagio (mi mineur) / Vivace
III. Allegro",transverse flute,
TWV 40:13,,Fantasia,G minor,"I. Grave / Allegro
II. Dolce / Allegro (si bémol majeur)
III. Presto",transverse flute,
TWV 40:14,,Fantasia,B-flat major,"I. Largo
II. Allegro / Grave / Allegro",violin,
TWV 40:15,,Fantasia,G major,"I. Largo
II. Allegro
III. Allegro",violin,
TWV 40:16,,Fantasia,F minor,"I. Adagio
II. Presto
III. Grave (do mineur)
IV. Vivace",violin,
TWV 40:17,,Fantasia,D major,"I. Vivace
II. Grave (si mineur) / Allegro",violin,
TWV 40:18,,Fantasia,A major,"I. Allegro / Presto
II. Andante (fa dièse mineur)
III. Allegro",violin,
TWV 40:19,,Fantasia,E minor,"I. Grave
II. Presto
III. Siciliana (sol majeur)
IV. Allegro (mi mineur / mi majeur / mi mineur)",violin,
TWV 40:20,,Fantasia,E-flat major,"I. Dolce
II. Allegro
III. Largo (do mineur)
IV. Presto",violin,
TWV 40:21,,Fantasia,E major,"I. Piacevolmente
II. Spirituoso
III. Allegro",violin,
TWV 40:22,,Fantasia,B minor,"I. Siciliana
II. Vivace
III. Allegro",violin,
TWV 40:23,,Fantasia,D major,"I. Presto
II. Largo (si mineur)
III. Allegro",violin,
TWV 40:24,,Fantasia,F major,"I. Un poco vivace
II. Soave (sol mineur)
III. Allegro",violin,
TWV 40:25,,Fantasia,A minor,"I. Moderato
II. Vivace
III. Presto (la majeur)",violin,
TWV 40:26,,Fantasia,C minor,,bass viol,
TWV 40:27,,Fantasia,D major,,bass viol,
TWV 40:28,,Fantasia,E minor,,bass viol,
TWV 40:29,,Fantasia,F major,,bass viol,
TWV 40:30,,Fantasia,B-flat major,,bass viol,
TWV 40:31,,Fantasia,G major,,bass viol,
TWV 40:32,,Fantasia,G minor,,bass viol,
TWV 40:33,,Fantasia,A major,,bass viol,
TWV 40:34,,Fantasia,C major,,bass viol,
TWV 40:35,,Fantasia,E major,,bass viol,
TWV 40:36,,Fantasia,D minor,,bass viol,
TWV 40:37,,Fantasia,E-flat major,,bass viol,
TWV 40:101,,Sonata,G major,"I. Soave
II. Allegro
III. Andante (mi mineur)
IV. Allegro",2 flutes/violins,
TWV 40:102,,Sonata,D major,"I. Dolce
II. Allegro
III. Largo (si mineur)
IV. Vivace",2 flutes/violins,
TWV 40:103,,Sonata,A major,"I. Siciliano
II. Vivace
III. Andante (fa dièse mineur)
IV. Allegro",2 flutes/violins,
TWV 40:104,,Sonata,E minor,"I. Largo
II. Allegro
III. Affettuoso (sol majeur)
IV. Vivace",2 flutes/violins,
TWV 40:105,,Sonata,B minor,"I. Largo
II. Vivace
III. Gratioso (ré majeur)
IV. Allegro",2 flutes/violins,
TWV 40:106,,Sonata,E major,"I. Affettuoso
II. Presto
III. Soave (do dièse mineur)
IV. Spirituoso",2 flutes/violins,
TWV 40:107,,Sonata,B-flat major,"I. Affettuoso
II. Allegro
III. Andante (sol mineur)
IV. Presto","I. 2 recorders 
II. en sol majeur: 2 transverse flutes
III. en la majeur: 2 bass viols","Der getreue Music-Meister Lektion 3-5, S. 12, 13, 18, 19"
TWV 40:108,,Suite,D major,"I. Intrada. Spirituoso
II. Lilliputsche. Chaconne
III. Brobdingnagische. Gigue
IV. Reverie der Laputier, nebst ihren Aufweckern. Andante
V. Loure der gesitteten Houhnhnms / Furie der unartigen Yahoos",2 violins,"Der getreue Music-Meister Lektion 8-11, S. 29, 32, 36, 40, 44"
TWV 40:109,Carillon,,F major,,"2 chalumeaux / recorder, chalumeau / transverse flute, chalumeau","Der getreue Music-Meister Lektion 8, S. 32"
TWV 40:110,,Menuet,C major,,2 horns,"Der getreue Music-Meister Lektion 8, S. 32"
TWV 40:111,,Sonata,B-flat major,"I. Dolce
II. Scherzando
III. Largo e misurato (sol mineur)
IV. Vivace e staccato","I. en si bémol majeur: for recorder, violin
II. en sol majeur: for transverse flute, viola pomposa 
III. en sol majeur: for violin / en la majeur, for 2 bass viols","Der getreue Music-Meister Lektion 20-21, S. 77, 84"
TWV 40:112,,Duet,,,"Transverse Flute, cello",Duos à traversière et violoncello #1
TWV 40:113,,Duet,,,"Transverse Flute, cello",Duos à traversière et violoncello #2
TWV 40:114,,Duet,,,"Transverse Flute, cello",Duos à traversière et violoncello #3
TWV 40:115,,Duet,,,"Transverse Flute, cello",Duos à traversière et violoncello #4
TWV 40:116,,Duet,,,"Transverse Flute, cello",Duos à traversière et violoncello #5
TWV 40:117,,Duet,,,"Transverse Flute, cello",Duos à traversière et violoncello #6
TWV 40:118,,Sonata,G major,"I. Vivace
II. Adagio (mi mineur)
III. Allegro",2 recorders / 2 violins / 2 bass viols,18 Canons mélodieux ou 6 Sonates en duo #1
TWV 40:119,,Sonata,G minor,"I. Presto
II. Largo (si bémol majeur)
III. Vivace",2 recorders / 2 violins / 2 bass viols,18 Canons mélodieux ou 6 Sonates en duo #2
TWV 40:120,,Sonata,D major,"I. Spirituoso
II. Larghetto (si mineur)
III. Allegro assai",2 recorders / 2 violins / 2 bass viols,18 Canons mélodieux ou 6 Sonates en duo #3
TWV 40:121,,Sonata,D minor,"I. Vivace, ma moderato
II. Piacevole, non largo (sol mineur)
III. Presto",2 recorders / 2 violins / 2 bass viols,18 Canons mélodieux ou 6 Sonates en duo #4
TWV 40:122,,Sonata,A major,"I. Vivace
II. Cantabile (si mineur)
III. Scherzando",2 recorders / 2 violins / 2 bass viols,18 Canons mélodieux ou 6 Sonates en duo #5
TWV 40:123,,Sonata,A minor,"I. Vivace
II. Soave (si bémol majeur)
III. Allegro assai",2 recorders / 2 violins / 2 bass viols,18 Canons mélodieux ou 6 Sonates en duo #6
TWV 40:124,,Sonata,G major,"I. Vivace
II. Andantino (sol mineur)
III. Spirituoso",2 flutes / 2 violins / 2 oboes,Second livre de duo #1
TWV 40:125,,Sonata,A minor,"I. Vivace
II. Moderato (do majeur)
III. Allegro",2 flutes / 2 violins / 2 oboes,Second livre de duo #2
TWV 40:126,,Sonata,B minor,"I. Vivace
II. Poco presto (ré majeur)
III. Allegro",2 flutes / 2 violins / 2 oboes,Second livre de duo #3
TWV 40:127,,Sonata,E minor,"I. Allegro
II. Andante (sol majeur)
III. Vivace",2 flutes / 2 violins / 2 oboes,Second livre de duo #4
TWV 40:128,,Sonata,A major,"I. Allegro
II. Allegremente (ré mineur)
III. Poco presto",2 flutes / 2 violins / 2 oboes,Second livre de duo #5
TWV 40:129,,Sonata,E major,"I. Presto
II. Aria. Allegretto (mi mineur)
III. Vivace assai",2 flutes / 2 violins / 2 oboes,Second livre de duo #6
TWV 40:130,,Duet,B-flat major,"I. Moderato
II. Presto
III. Dolce (do mineur)
IV. Allegro",2 flutes,Sei Duetti #1
TWV 40:131,,Duet,C minor,"I. Grave
II. Allegretto
III. Larghetto (fa mineur)
IV. Vivace",2 flutes,Sei Duetti #2
TWV 40:132,,Duet,C minor,"I. Grave
II. Allegro (mi bémol majeur)
III. Dolce (do majeur)
IV. Vivace (mi bémol majeur)",2 flutes,Sei Duetti #3
TWV 40:133,,Duet,F minor,"I. Adagio
II. Allegro
III. Larghetto (fa majeur)
IV. Presto",2 flutes,Sei Duetti #4
TWV 40:134,,Duet,B-flat major,"I. Moderato
II. Presto
III. Amoroso (fa mineur)
IV. ...",2 flutes,Sei Duetti #5
TWV 40:135,,Duet,E major,"I. Andante con affetto
III. Vivace
III. Amoroso (la mineur)
IV. Presto",2 flutes,Sei Duetti #6
TWV 40:136,,Duet,,"III. Adagio (mi mineur)
IV. Presto (sol majeur)",/,Probablement les 3e et 4e mouvements d'un duo
TWV 40:137,,Duet,B minor,"I. Largo
II. Vivace
III. Lento
IV. Presto",/,
TWV 40:138,Presto,Piece,A major,,2 flutes,d'une sonate pour 2 flûtes
TWV 40:139,Allegro,,A major,,,d'un duetto
TWV 40:140,Piacevole,Sonata,E minor,,/,
TWV 40:141,,Sonata,B minor,"Vivace
Largo
Presto",2 transverse flutes,Neun Sonaten für 2 Traversflöten ohne B.c. #1
TWV 40:142,,Sonata,E minor,"Piacevole
Andante
Scherzando",2 transverse flutes,Neun Sonaten für 2 Traversflöten ohne B.c. #2
TWV 40:143,,Sonata,G major,"A tempo giusto
Allegro
Andante
Allegro",2 transverse flutes,Neun Sonaten für 2 Traversflöten ohne B.c. #3
TWV 40:144,,Sonata,A major,"Pomposo
Vivace
Largo
Presto",2 transverse flutes,Neun Sonaten für 2 Traversflöten ohne B.c. #4
TWV 40:145,,Sonata,G major,"Vivace
Grave
Presto
Menuet
Allegro",2 transverse flutes,Neun Sonaten für 2 Traversflöten ohne B.c. #5
TWV 40:146,,Sonata,E minor,"Allegro
Affettuoso
Allegro",2 transverse flutes,Neun Sonaten für 2 Traversflöten ohne B.c. #6
TWV 40:147,,Sonata,B minor,"Adagio
Vivace
Adagio
Presto",2 transverse flutes,Neun Sonaten für 2 Traversflöten ohne B.c. #7
TWV 40:148,,Sonata,G major,"Vivace/Grave/Vivace
Allegro
Adagio
Presto",2 transverse flutes,Neun Sonaten für 2 Traversflöten ohne B.c. #8
TWV 40:149,,Sonata,D major,"Allegro
Affettuoso
Vivace",2 transverse flutes,Neun Sonaten für 2 Traversflöten ohne B.c. #9
TWV 40:150,,Sonata,D major,"I. Dolce
II. Vivace
III. Largo (si mineur)
IV. Allegro",3 instruments without basso continuo,Sonates en trio (1738-1742) #4
TWV 40:151,,Sonata,E minor,"I. Largo
II. Allegro
III. Soave (sol majeur)
IV. Presto",3 instruments without basso continuo,Sonates en trio (1738-1742) #5
TWV 40:152,,Sonata,B minor,"I. Preludio. Largo
II. Aria I
III. Aria II (ré majeur)
IV. Aria III. Vivace poco
V. Aria IV. Presto",3 instruments without basso continuo,Sonates en trio (1738-1742) #6
TWV 40:200,Quatuor,Sonata à 4,A major,"I. Affettuoso
II. Allegro
III. Vivace","2 violins, viola, cello",
TWV 40:201,,Concerto,G major,"I. Largo e staccato
II. Allegro
III. Adagio (mi mineur)
IV. Vivace",4 violins,
TWV 40:202,,Concerto,D major,"I. Adagio
II. Allegro
III. Grave (si mineur)
IV. Allegro",4 violins,
TWV 40:203,,Concerto,C major,"I. Grave
II. Allegro
III. Largo e staccato (la mineur)
IV. Allegro",4 violins,
TWV 40:204,,Concerto,A major,"I. Grave
II. Allegro
III. Adagio (fa dièse mineur)
IV. Spirituoso",4 violins,
TWV 41:A1,,Sonata,A major,"I. Allemanda. Largo
II. Corrente. Allegro
III. Sarabanda
IV. Giga","violin, basso continuo","6 Sonates à Violon Seul, accompagné par le Clavessin #6"
TWV 41:a1,,Sonata,A minor,"I. Allemanda. Largo
II. Corrente. Vivace
III. Sarabanda
IV. Gigue","violin, basso continuo","6 Sonates à Violon seul, accompagné par le Clavessin #5"
TWV 41:a2,,Sonata,A minor,"I. Largo
II. Allegro
III. Ondeggiando (do majeur)
IV. Allegro","violin / flute, basso continuo",Sonate methodiche à Violino solo o Flauto traverso #5
TWV 41:A2,,Sonatina,A major,"I. Adagio
II. Allegro assai
III. Largo (fa dièse mineur)
IV. Allegro","violin, basso continuo","Suonatine per Violino e Cembalo #1
Der getreue Music-Meister Lektion 2, S. 8"
TWV 41:A3,,Sonata,A major,"I. Adagio
II. Vivace
III. Cortesemente
IV. Vivace","violin / flute, basso continuo",Sonate methodiche à Violino solo o Flauto traverso #2
TWV 41:a3,,Sonata,A minor,"I. Siciliana
II. Spirituoso
III. Andante (do majeur)
IV. Vivace","oboe, basso continuo","Der getreue Music-Meister Lektion 17-18, S. 65, 71"
TWV 41:A4,,Sonata,A major,"I. Andante
II. Vivace
III. Cantabile (fa dièse mineur)
IV. Allegro","violin, basso continuo",Musique de table II #5
TWV 41:a4,,Sonatina,A minor,"I. Andante
II. Allegro
III. Andante (do majeur)
IV. Presto","recorder / bassoon / cello, basso continuo",Neue Sonatinen #5
TWV 41:A5,,Sonata,A major,"I. Largo
II. Allegro
III. Andante semplicemente (fa dièse mineur)
IV. Vivace","violin / flute, basso continuo",12 Solos à Violon ou Traversière avec la basse chiffrée #3
TWV 41:a5,,Sonata,A minor,"I. Dolente
II. Vivace
III. Piacevole (do majeur)
IV. Allegro","violin / flute, basso continuo",12 Solos à Violon ou Traversière avec la basse chiffrée #11
TWV 41:A6,,Sonata,A major,"I. Dolce
II. Allegro
III. Grave (fa dièse mineur)
IV. Allegro","violin, basso continuo",Essercizii Musici overo Dodeci Soli e Dodeci Trii à diversi stromenti #13
TWV 41:a6,,Sonata,A minor,"I. Largo
II. Allegro
III. Soave (do majeur)
IV. Allegro","viola da gamba, basso continuo",Essercizii Musici overo Dodeci Soli e Dodeci Trii à diversi stromenti #5
TWV 41:A7,,Sonata,A major,"I. Adagio
II. Allegro
III. ... (fa dièse mineur)
IV. Vivace","violin, basso continuo",
TWV 41:a7,,Sonata,A minor,"I. Largo
II. Allegro
III. Adagio
IV. Allegro","violin, basso continuo","Solos for a Violin, Through Bass for the Harpsichord or Bass Violin #6"
TWV 41:A8,,Sonata,A major,"I. Adagio
II. Courent
III. Allemand
IV. Gigue","violin, basso continuo",16 Sonaten à Violino e Continuo #13
TWV 41:a8,,Sonata,A minor,"I. Andante
II. Allegro
III. Vivace
I. Andante","flute, basso continuo",
TWV 41:A9,,Sonata,A major,"I. ...
II. Courrente
III. Sarabande
IV. Gigue
V. ...","violin, basso continuo",16 Sonaten à Violino e Continuo #16
TWV 41:a9,,Sonata,A minor,"I. Andante
II. ...
III. Largo (do majeur)
IV. Allegro assai","flute, basso continuo",
TWV 41:B1,,Partita,B-flat major,"I. Con Affetto
II. Aria I. Presto
III. Aria II. Dolce
IV. Aria III. Vivace
V. Aria IV. Largo
VI. Aria V. ...
VII. Aria VI. Allegro","violin / flute / oboe, basso continuo",Kleine Cammer-Music #1
TWV 41:B2,,Sonatina,B-flat major,"I. Dolce
II. Allegro
III. Affettuoso
IV. Presto","violin, basso continuo",Suonatine per Violino e Cembalo #2
TWV 41:B3,Sonate en canon,Sonata,B-flat major,"I. Largo
II. Allegro
III. Largo (sol mineur)
IV. Vivace","I. viola / viola da gamba, basso continuo 
II. alto recorder, viola / viola da gamba without basso continuo 
III. flute / violin, viola / viola da gamba without basso continuo","Der getreue Music-Meister Lektion 9-10, S. 33, 37"
TWV 41:B4,Napolitaine,Dance,B-flat major,I. Napolitana. Modéré et simplement,"oboe d'amore / other instrument, basso continuo","Der getreue Music-Meister Lektion 10, S. 40"
TWV 41:B5,,Sonata,B-flat major,"I. Largo
II. Allegro
III. Dolce (sol mineur)
IV. Vivace
V. Allegro","flute / violin, basso continuo",Continuation des Sonates méthodiques #4
TWV 41:B6,,Sonata,B-flat major,"I. Adagio
II. Allegro
III. Cantabile (sol mineur)
IV. Vivace","oboe, basso continuo",Essercizii Musici overo Dodeci Soli e Dodeci Trii à diversi stromenti #9
TWV 41:B7,,Sonata,B-flat major,"I. Adagio
II. Allegro
III. Adagio (sol mineur)
IV. Allegro","violin, basso continuo","Solos for a Violin, Through Bass for the Harpsichord or Bass Violin #5"
TWV 41:B8,,Sonata,B-flat major,"I. Andante
II. Allegro
III. Adagio (sol mineur)
IV. Vivace
V. Adagio
VI. Gigue","violin, basso continuo",16 Sonaten à Violino e Continuo #12
TWV 41:C1,,Aria,C major,,"trumpet, basso continuo","Der getreue Music-Meister Lektion 6, S. 23"
TWV 41:c1,,Partita,C minor,"I. Adagio
II. Aria I. Presto
III. Aria II. Vivace
IV. Aria III. Vivace
V. Aria IV. Allegro
VI. Aria V. Vivace","violin / flute/ oboe, basso continuo",Kleine Cammer-Music #3
TWV 41:C2,,Sonata,C major,"I. Cantabile
II. Allegro
III. Grave (la mineur)
IV. Vivace","recorder, basso continuo","Der getreue Music-Meister Lektion 19-20, S. 73, 80"
TWV 41:c2,,Sonatina,C minor,"I. Largo
II. Allegro
III. Dolce (mi bémol majeur)
IV. Vivace","recorder / bassoon / cello, basso continuo or for clavier",Neue Sonatinen #2
TWV 41:C3,,Sonata,C major,"I. Andante
II. Allegro
III. Presto
IV. Dolce (la mineur)
V. Vivace","recorder / violin, basso continuo",Continuation des Sonates méthodiques #6
TWV 41:c3,,Sonata,C minor,"I. Allegro
II. Adagio
III. Allegro assai
IV. Ondeggiando, ma non adagio (mi bémol majeur)
V. Allegro","flute / violin, basso continuo",Continuation des Sonates méthodiques #2
TWV 41:C4,,Sonata,C major,"I. Largo
II. Allegro
III. Andante (ré mineur)
IV. Vivace","violin / recorder, basso continuo",12 Solos à violon ou traversière avec la basse chiffrée #4
TWV 41:c4,,Sonata,C minor,"I. Adagio
II. Allemande
III. Aria
IV. Gigue","violin, basso continuo",16 Sonaten à Violino e Continuo #14
TWV 41:C5,,Sonata,C major,"I. Adagio
II. Larghetto (do mineur)
III. Vivace","flute, basso continuo",Essercizii Musici overo Dodeci Soli e Dodeci Trii à diversi stromenti #19
TWV 41:c5,,Sonata,C minor,"I. Adagio
II. Vivace
III. Adagio","violin, basso continuo",16 Sonaten à Violino e Continuo #8
TWV 41:C6,,Sonata,C major,"I. Adagio / Allegro
II. Adagio (la mineur)
III. Vivace","violin, basso continuo",16 Sonaten à Violino e Continuo #4
TWV 41:c6,,Sonata,C minor,"I. Affettuoso
II. Andante e staccato
III. Largo (mi bémol majeur)
IV. Allegro
V. Grave (mi bémol majeur)
VI. Allegro cantabile","violin / oboe, basso continuo",
TWV 41:C7,,Sonata,C major,I. Adagio,"violin, basso continuo",16 Sonaten à Violino e Continuo #5
TWV 41:D1,,Sonata,D major,"I. Allemanda. Largo
II. Corrente. Vivace
III. Sarabanda
IV. Gigue","violin, basso continuo","6 Sonates à Violon seul, accompagné par le clavessin #2
16 Sonaten à Violino e Continuo #1"
TWV 41:d1,L'hiver,,D minor,I. Gravement,"1 instrument, basso continuo","Der getreue Music-Meister Lektion 2, S. 8"
TWV 41:D10,,Sonata,D major,"I. Cantabile
II. Vivace
III. Affettuoso (sol majeur)
IV. Allegro","flute, basso continuo",Sammelhandschrift #25
TWV 41:D2,,Sonata,D major,"I. Andante
II. Vivace
III. Largo
IV. Vivace","violin, basso continuo",Suonatine per Violino e Cambalo #3
TWV 41:d2,,Sonata,D minor,"I. Andante
II. Allegro
III. Tempo giusto (fa majeur)
IV. Vivace
V. Allegro","flute / violin, basso continuo",Continuation des Sonates méthodiques #5
TWV 41:D3,,Sonata,D major,"I. Andante
II. Presto
III. Con tenerezza (ré mineur)
IV. Allegro","violin / flute, basso continuo",Sonate methodiche à Violino solo o Flauto traverso #4
TWV 41:d3,,Sonata,D minor,"I. Andante
II. Allegro assai
3.Largo (fa majeur)
IV. Allegro","violin / flute, basso continuo",12 Solos à Violon ou Traversière avec la basse chiffrée #7
TWV 41:D4,Polonaise,Dance,D major,,"flute / violin, basso continuo","Der getreue Music-Meister Lektion 1, S. 4"
TWV 41:d4,,Sonata,D minor,"I. Affettuoso
II. Presto
III. Grave (sol mineur)
IV. Allegro","recorder, basso continuo",Essercizii Musici overo Dodeci Soli e Dodeci Trii à diversi stromenti #7
TWV 41:d5,,Sonata,D minor,"I. Andante
II. Allegro
III. Adagio (la mineur)
IV. Giga. Allegro","violin, basso continuo","Solos for a Violin, Through Bass for the Harpsichord or Bass Violin #1"
TWV 41:D5,Pastourelle,,D major,,"un instrument, basso continuo","Der getreue Music-Meister Lektion 4, S. 16"
TWV 41:D6,,Sonata,D major,"I. Lento
II. Allegro
III. Largo (si mineur)
IV. Allegro","cello, basso continuo","Der getreue Music-Meister Lektion 5-7, S. 20, 21, 28"
TWV 41:d6,,Sonata,D minor,"I. Affettuoso
II. Allegro
III. Adagio (fa majeur)
IV. Allegro","violin, basso continuo",16 Sonaten à Violino e Continuo #10
TWV 41:d7,,Sonata,D minor,"I. Adagio
II. Allegro
III. Adagio
IV. Allegro","violin, basso continuo",16 Sonaten à Violino e Continuo #15
TWV 41:D7,,Sonatina,D major,"I. Andante
II. Allegro
III. Largo
IV. Presto","flute / violin, basso continuo or for clavier",Neue Sonatinen #3
TWV 41:D8,,Sonata,D major,"I. Andante
II. Presto
III. Cantabile
IV. Vivace","violin / flute, basso continuo",12 Solos à Violon ou Traversière avec la basse chiffrée #6
TWV 41:D9,,Sonata,D major,"I. Largo
II. Vivace
III. Dolce
IV. Allegro","flute, basso continuo",Essercizii Musici overo Dodeci Soli e Dodeci Trii à diversi stromenti #3
TWV 41:e1,,Partita,E minor,"I. Andante
II. Aria I. Vivace
III. Aria II. Presto
IV. Aria III. Vivace
V. Aria IV. Siciliana
VI. Aria V. Vivace
VII. Aria VI. Presto","violin / flute / oboe, basso continuo",Kleine Cammer-Music #5
TWV 41:E1,,Sonata,E major,"I. Affettuoso
II. Vivace
III. Adagio (do dièse mineur)
IV. Allegro","violin, basso continuo",Suonatine per Violino e Cembalo #5
TWV 41:e10,,Sonata,E minor,"I. Andante
II. Allegro
III. Largo (sol majeur)
IV. Vivace","flute, basso continuo",Sammelhandschrift #43
TWV 41:e11,,Sonata,E minor,"I. Andante
II. Presto
III. Grave (sol majeur)
IV. Tempo di Menuet","flute, basso continuo",Sammelhandschrift #54
TWV 41:e2,,Sonata,E minor,"I. Grave
II. Vivace
III. Cunando (sol majeur)
IV. Vivace","violin / transverse flute, basso continuo",Sonate methodiche à Violino solo o Flauto traverso #3
TWV 41:E2,Niaise,,E major,,"un instrument, basso continuo","Der getreue Music-Meister Lektion 7, S. 27"
TWV 41:e3,,Sonatina,E minor,"I. Andante
II. Allegro
III. Largo (si mineur)
IV. Vivace","violin / flute, basso continuo / piano",Neue Sonatinen #1
TWV 41:E3,Pastorale,,E major,,"flute or other instrument, basso continuo","Der getreue Music-Meister Lektion 9, S. 36"
TWV 41:e4,,Sonata,E minor,"I. Cantabile
II. Allegro
III. Tempo giusto (la mineur)
IV. Presto","violin / flute, basso continuo",12 Solos à Violon ou Traversière avec la basse chiffrée #2
TWV 41:E4,,Sonatina,E major,"I. Largo
II. Vivace
III. Cantabile (do dièse mineur)
IV. Vivace","violin / flute, basso continuo / piano",Neue Sonatinen #6
TWV 41:E5,,Sonata,E major,"I. Andante
II. Allegro
III. Adagio (do dièse mineur)
IV. Gratioso e semplicemente (do dièse mineur)
V. Presto","flute / violin, basso continuo",Continuation des Sonates méthodiques #3
TWV 41:e5,,Sonata,E minor,"I. Cantabile
II. Allegro
III. Recitativo / Arioso (sol majeur)
IV. Vivace","viola da gamba, basso continuo",Essercizii Musici overo Dodeci Soli e Dodeci Trii à diversi stromenti #17
TWV 41:E6,,Sonata,E major,"I. Soave
II. Presto
III. Dolce (do dièse mineur)
IV. Spirituoso","violin / transverse flute, basso continuo",12 Solos à Violon ou Traversière avec la basse chiffrée #10
TWV 41:e6,,Sonata,E minor,"I. Largo
II. Allegro
III. Grave (sol majeur)
IV. Vivace","oboe, basso continuo",Essercizii Musici overo Dodeci Soli e Dodeci Trii à diversi stromenti #21
TWV 41:E7,,Sonata,E major,"I. ...
II. Allemande
III. Adagio (do dièse mineur)
IV. Gigue","violin, basso continuo",16 Sonaten à Violino e Continuo #11
TWV 41:e7,,Sonata,E minor,"I. Adagio
II. Andante
III. Adagio (sol majeur)
IV. Allegro","violin, basso continuo","Solos for a Violin, Through Bass for the Harpsichord or Bass Violin #2"
TWV 41:e8,,Sonata,E minor,"I. ...
II. Vivace
III. Adagio (sol majeur)
IV. Allegro","violin, basso continuo",16 Sonaten à Violino e Continuo #7
TWV 41:e9,,Sonata,E minor,"I. ...
II. Allemande
III. Courante
IV. Menuet I
V. Menuet II (sol majeur)
VI. Air
VII. Gigue","flute, basso continuo",Sammelhandschrift #31
TWV 41:Es1,,Partita,E-flat major,"I. Affettuso
II. Aria I. Presto
III. Aria II. Vivace
IV. Aria III. Tempo di Ciaconna
V. Aria IV. Allegro
VI. Aria V. Allegro
VII. Aria VI. Tempo di Menuet","violin / flute / oboe, basso continuo",Kleine Cammer-Music #6
TWV 41:F1,,Sonata,F major,"I. Vivace
II. Cantabile (ré mineur)
III. Presto","violin, basso continuo",Suonatine per Violino e Cambalo #6
TWV 41:f1,,Sonata,F minor,"I. Adagio
II. Allegro
III. Andante (do mineur)
IV. Vivace","bassoon / recorder, basso continuo","Der getreue Music-Meister Lektion 11-14, S. 44, 48, 51, 53"
TWV 41:F2,,Sonata,F major,"I. Vivace
II. Largo (ré mineur)
III. Allegro","recorder, basso continuo","Der getreue Music-Meister Lektion 1-2, S. 1, 5"
TWV 41:f2,,Sonata,F minor,"I. Adagio
II. Allegro
III. Adagio (la bémol majeur)
IV. Gigue","recorder, basso continuo",Sammelhandschrift #37
TWV 41:F3,,Sonata,F major,"I. Andante
II. Vivace
III. Grave (ré mineur)
IV. Allegro","violin / flute, basso continuo",12 Solos à Violon ou Traversière avec la basse chiffrée #1
TWV 41:F4,,Sonata,F major,"I. Andante
II. Allegro
III. Siciliano (ré mineur)
IV. Allegro","violin, basso continuo",Essercizii Musici overo Dodeci Soli e Dodeci Trii à diversi stromenti #1
TWV 41:F5,,Sonata,F major,"I. Adagio
II. Allegro
III. Largo e Tremolo (do majeur)
IV. Allegro","violin, basso continuo","Solos for a Violin, Through Bass for the Harpsichord or Bass Violin #3"
TWV 41:fis1,,Sonata,F-sharp minor,"I. Teneramente
II. Spirituoso
III. Gratioso (la majeur)
IV. Allegro","violin / flute, basso continuo",12 Solos à Violon ou Traversière avec la basse chiffrée #12
TWV 41:fis2,,Sonata,F-sharp minor,"I. Largo
II. Andante (la majeur)
III. Adagio
IV. Un poco presto","violin, basso continuo",
TWV 41:G1,,Sonata,G major,"I. Largo
II. Allegro
III. Adagio (mi mineur)
IV. Allegro","violin, basso continuo","16 Sonaten à Violino e Continuo #2
6 Sonates à Violon seul, accompagné par le Clavessin #4"
TWV 41:g1,,Sonata,G minor,"I. Adagio
II. Allegro
III. Adagio
IV. Vivace. Allegro","violin, basso continuo","6 Sonates à Violin seul, accompagné par le Clavessin #1 
16 Sonaten à Violino e Continuo #3"
TWV 41:G10,,Sonata,G major,"I. ...
II. Allegro
III. Adagio (mi mineur)
IV. Vivace","violin, basso continuo",16 Sonaten à Violino e Continuo #6
TWV 41:g10,,Sonata,G minor,"I. Adagio
II. Allabreve
III. Adagio (do mineur)
IV. Allegro","oboe, basso continuo",
TWV 41:G11,,Sonata,G major,"I. Lentement
II. Vite
III. Grave (mi mineur)
IV. Gay","flute, basso continuo",Sammelhandschrift #23
TWV 41:g11,,Sonata,G minor,"I. Adagio
II. Vivace
III. Gigue","violin, basso continuo",16 Sonaten à Violino e Continuo #9
TWV 41:G12,,Sonata,G major,"I. Gracieusement
II. Allemande
III. Menuet
IV. Gigue
V. Sarabande","flute, basso continuo",Sammelhandschrift #24
TWV 41:g12,,Sonata,G minor,"I. Affettuoso
II. Allegro
III. Arioso
IV. Gigue","oboe, basso continuo",
TWV 41:G2,,Partita,G major,"I. Siciliana
II. Aria I. Allegro
III. Aria II. Allegro
IV. Aria III. Allegro
V. Aria IV. Affettuoso
VI. Aria V. Presto
VII. Aria VI. Tempo di Menuet","violin / flute / oboe, basso continuo",Kleine Cammer-Music #2
TWV 41:g2,,Partita,G minor,"I. Grave
II. Aria I. Allegro
III. Aria II. Allegro
IV. Aria III. Tempo di Menuet
V. Aria IV. Allegro
VI. Aria V. Tempo giusto
VII. Aria VI. Allegro assai","violin / flute / oboe, basso continuo",Kleine Cammer-Music #4
TWV 41:g3,,Sonata,G minor,"I. Adagio
II. Vivace
III. Grave
IV. Allegro","violin / oboe, basso continuo",Sonate methodiche à Violino solo o Flauto traverso #1
TWV 41:G3,,Sonata,G major,"I. Affettuoso
II. Vivace
III. Adagio (mi mineur)
IV. Presto","violin, basso continuo",Suonatine per Violino e Cembalo #4
TWV 41:G4,,Sonata,G major,"I. Cantabile
II. Vivace
III. Mesto (mi mineur)
IV. Spirituoso","violin / flute, basso continuo",Sonate methodiche a Violino solo o Flauto traverso #6
TWV 41:g4,,Suite,G minor,"I. Ouverture / Très vite
II. Sans Souci
III. Hornpipe
IV. Gavotte
V. Passepied
VI. Irlandoise. Vitement","violin / oboe, basso continuo","Der getreue Music-Meister Lektion 3-7, S. 9, 10, 15, 20, 22, 27"
TWV 41:G5,,Capriccio,G major,"I. Allegro
II. Largo
III. Vivace (ré majeur)
IV. Allegro
V. Largo
VI. Vivace","flute, basso continuo","Der getreue Music-Meister Lektion 5, S. 17"
TWV 41:g5,,Sonata,G minor,"I. Grave
II. Allabreve
III. Adagio (mi bémol majeur)
IV. Vivace","un instrument, basso continuo","Der getreue Music-Meister Lektion 22-23, S. 85, 92"
TWV 41:G6,,Sonata,G major,"I. Siciliana
II. Vivace
III. Dolce (sol mineur)
IV. Scherzando","viola da gamba, basso continuo","Der getreue Music-Meister Lektion 24-25, S. 93, 97"
TWV 41:g6,,Sonata,G minor,"I. Largo
II. Presto
III. Tempo giusto (sol majeur)
IV. Andante
V. Allegro","oboe, basso continuo",Musique de table III #5
TWV 41:g7,,Sonata,G minor,"I. Largo
II. Allegro
III. Grave
IV. Vivace","violin / flute, basso continuo",12 Solos à Violon ou Traversière avec la basse chiffrée #5
TWV 41:G7,,Sonatina,G major,"I. Cantabile
II. Allegro
III. Soave (sol mineur)
IV. Vivace","violin / flute, basso continuo",Neue Sonatinen #4
TWV 41:G8,,Sonata,G major,"I. Andante
II. Vivace
III. Andante (mi mineur
IV. Allegro","violin / flute, basso continuo",12 Solos à Violon ou Traversière avec la basse chiffrée #8
TWV 41:g8,,Sonata,G minor,"I. Largo
II. Allegro
III. Largo (si bémol majeur)
IV. Allegro","violin, basso continuo","Solos for a Violin, Through Bass for the Harpsichord or Bass Violin #4"
TWV 41:G9,,Sonata,G major,"I. Cantabile
II. Allegro
III. Affettuoso (mi mineur)
IV. Allegro","flute, basso continuo",Essercizii Musici overo Dodeci Soli e Dodeci Trii à diversi stromenti #15
TWV 41:g9,,Sonata,G minor,,"violin, basso continuo",
TWV 41:h1,,Sonata,B minor,"I. Cantabile
II. Allegro assai
III. Andante (ré majeur)
IV. Vivace","violin, basso continuo","6 Sonates à Violon seul, accompagné par le Clavessin #3"
TWV 41:h2,,Sonata,B minor,"I. Tendrement
II. Gayment
III. Gravement (ré majeur)
IV. Vite","flute, basso continuo","Der getreue Music-Meister Lektion 22-24, S. 88, 89, 96"
TWV 41:h3,,Sonata,B minor,"I. Siciliana
II. Allegro
III. Dolce (mi mineur)
IV. Grave (fa dièse majeur)
V. Vivace
VI. Presto","flute / violin, basso continuo",Continuation des Sonates méthodiques #1
TWV 41:h4,,Sonata,B minor,"I. Cantabile
II. Allegro
III. Dolce (ré majeur)
IV. Allegro","flute, basso continuo",Musique de table I #5
TWV 41:h5,,Sonata,B minor,"I. Tardi e semplicemente
II. Vivace
III. Pomposo (ré majeur)
IV. Allegro assai","violin / flute, basso continuo",12 Solos à Violon ou Traversière avec la basse chiffrée #9
TWV 42:A1,,Scherzo,A major,"I. Allegro
II. Moderato (la mineur)
III. Allegro","2 transverse flutes / violins, basso continuo",Trietti methodichi e Scherzi Scherzo #1
TWV 42:a1,,Trio,A minor,"I. Affettuoso
II. Vivace
III. Grave (do majeur)
IV. Menuet","recorder, violin, basso continuo",6 Trios #2
TWV 42:A10,,Sonata,A major,"I. Cantabile
II. Vivace
III. Andante (mi majeur)
IV. ...","oboe, viola da gamba, basso continuo",
TWV 42:A11,,Sonata,A major,"I. Affettuoso
II. Vivace
III. Grave (fa dièse mineur)
IV. Vivace","2 violins, basso continuo",
TWV 42:A12,Andante,,A major,,"2 violins, basso continuo",
TWV 42:A13,,Trio,A major,"I. Adagio
II. Allegro
III. Allegro","2 violins, basso continuo",
TWV 42:A14,,Sonata,A major,"I. Largo
II. Allegro
III. Siciliano
IV. Allegro","violin, oboe d'amore, basso continuo",
TWV 42:A15,Vivace,,A major,,"2 flutes, basso continuo",
TWV 42:A16,,Sonata,A major,2/IV. Gay,/,[2nd or 4th movement]
TWV 42:a2,,Concerto,A minor,"I. Andante
II. Allegro
III. Largo (sol majeur)
IV. Allegro assai","transverse flute, harpsichord / violin, basso continuo",6 Concerts et 6 Suites Concert #6
TWV 42:A2,,Sonata,A major,"I. Cantabile
II. Allabreve
III. Lento (la mineur)
IV. Allegro assai","2 violins / transverse flutes, basso continuo","6 Trio a Violini e Basso #3
6 Sonates en trio dans le goût italien #1"
TWV 42:A3,,Concerto,A major,"I. Tempo giusto
II. Vivace
III. Adagio (fa dièse mineur)
IV. Presto","transverse flute, harpsichord, basso continuo",6 Concerts et 6 Suites Concert #3
TWV 42:a3,,Suite,A minor,"I. Largo / Vivace
II. Un poco Vivace (la mineur / la majeur / la mineur)
III. Andante
IV. Presto
V. Un poco Vivace
VI. Vivace
VII. Allegro","transverse flute, harpsichord / violin, basso continuo",6 Concerts et 6 Suites Suite #5
TWV 42:A4,,Scherzo,A major,"I. Introduzione. Vivace
II. Moderato
III. Allegro
IV. Tempo giusto
V. Allegro
VI. Largo
VII. Presto","violin, viola, basso continuo","Scherzi melodichi per divertimento di coloro 
Pyrmonter Kurwoche, I. Montag #1"
TWV 42:a4,,Trio,A minor,"I. Largo
II. Vivace
III. Affettuoso
IV. Allegro","recorder, violin, basso continuo",Essercizii Musici overo Dodeci Soli e Dodeci Trii a diversi stromenti #10
TWV 42:a5,Sonate polonaise,Sonata,A minor,"I. Affettuoso
II. Allegro
III. Grave (do majeur)
IV. Vivace","2 violins, basso continuo",
TWV 42:A5,,Sonata,A major,"I. Largo
II. Allemanda. Presto
III. Sarabande. Grave (fa dièse mineur)
IV. Corrente. Vivace","2 violins / transverse flutes, basso continuo",Sonates Corellisantes #2
TWV 42:a6,,Sonata,A minor,"I. Largo
II. Allegro
III. Cantabile
IV. Allegro","recorder, oboe, basso continuo",
TWV 42:A6,,Trio,A major,"I. Largo
II. Allegro
III. Largo
IV. Vivace","transverse flute, harpsichord, basso continuo",Essercizii Musici overo Dodeci Soli e Dodeci Trii a diversi stromenti #8
TWV 42:A7,,Sonata,A major,"I. Larghetto
II. Allegro
III. Grave (fa dièse mineur)
IV. Presto","2 transverse flutes / violins / others instruments, basso continuo",Sonates en trio (1738-1742) #3
TWV 42:a7,,Sonata,A minor,"I. Andante
II. Allegro
III. Adagio (mi mineur)
IV. Allegro","transverse flute, viola da gamba, basso continuo",
TWV 42:a8,Sonate polonaise,Sonata,A minor,"I. Andante
II. Allegro (la majeur / do majeur)
III. Dolce
IV. Allegro (la majeur)","violin, viola, basso continuo",
TWV 42:A8,,Sonata,A major,"I. Affettuoso
II. Vivace
III. Largo
IV. Allegro","2 violins, basso continuo",
TWV 42:A9,,Sonata,A major,"I. Vivace
II. Soave (fa dièse mineur)
III. Vivace","transverse flute, violin / oboe d'amore, basso continuo",
TWV 42:a9,,Sonata,A minor,"I. Largo
II. Allegro
III. Adagio (do majeur)
IV. Allegro","2 flutes, basso continuo",
TWV 42:B1,,Trio,B-flat major,"I. Vivace
II. Siciliana (sol mineur)
III. Allegro","oboe, violin, basso continuo",6 Trios #1
TWV 42:B2,,Suite,B-flat major,"I. Grave / Vivace
II. Moderato
III. Menuet I / Menuet II
IV. Presto
V. Dolce
VI. Vivace
VII. Allegro","transverse flute, harpsichord / violin, basso continuo",6 Concerts et 6 Suites Suite #2
TWV 42:B3,,Scherzo,B-flat major,"I. Introduzione. Allegro
II. Vivace
III. Presto
IV. Allegro
V. Largo
VI. Vivace
VII. Allegro","violin, viola, basso continuo","Scherzi melodichi per divertimento di coloro
Pyrmonter Kurwoche, II. Dienstag #2"
TWV 42:B4,,Trio,B-flat major,"I. Dolce
II. Vivace
III. Siciliana (sol mineur)
IV. Vivace","recorder, harpsichord, basso continuo",Essercizii Musici overo Dodeci Soli e Dodeci Trii a diversi stromenti #16
TWV 42:B5,,Sonata,B-flat major,"I. Vivace
II. Siciliana (sol mineur)
III. Vivace","violin, bassoon, basso continuo",
TWV 42:B6,,Sonata,B-flat major,"I. Grave
II. Presto
III. Largo (sol mineur)
IV. Allegro","2 violins, basso continuo",
TWV 42:c1,,Sonata,C minor,"I. Largo
II. Vivace
III. Grave
IV. Allegro","2 violins / transverse flutes, basso continuo","6 Trio a Violini e Basso #2
6 Sonates en trio dans le goût italien #6"
TWV 42:C1,,Trio,C major,"I. Introduzione. Vivace / Andante (la mineur) / Vivace
II. Xantippe
III. Lucretia. Largo (do mineur)
IV. Corinna
V. Clelia. Spirituoso
VI. Dido. Triste","2 recorders, basso continuo;
en la majeur: 2 transverse flutes or violins, basso continuo","Der getreue Music-Meister Lektion 11-17, S. 41, 47, 52, 56, 60, 64, 68"
TWV 42:C2,,Sonata,C major,"I. Dolce
II. Allegro
III. Grave (do mineur)
IV. Vivace","recorder, viola da gamba / violin, basse",
TWV 42:c2,,Trio,C minor,"I. Largo
II. Vivace
III. Andante
IV. Allegro","recorder, oboe, basso continuo",Essercizii Musici overo Dodeci Soli e Dodeci Trii à diversi stromenti #2
TWV 42:C3,,Sonata,C major,"I. Presto
II. Largo (la mineur)
III. Allegro","2 violins, basso continuo",
TWV 42:c3,,Sonata,C minor,"I. Gratioso
II. Con contento
III. Sospirando (mi bémol majeur)
IV. Spirituoso","viola da gamba, oboe, basso continuo",
TWV 42:C4,,Sonata,C major,,"violin, oboe, basso continuo",[Listed in the index of the Sonsfeldt catalogue]
TWV 42:c4,,Sonata,C minor,"I. Lentement
II. Vite
III. Lentement avec douceur
IV. Gay","2 oboe / violins, basso continuo",
TWV 42:c5,,Sonata,C minor,"I. Adagio
II. Vivace
III. Affettuoso (sol mineur)
IV. Allegro","oboe, violetta, basso continuo",
TWV 42:c6,,Sonata,C minor,"I. Andante
II. Allemande
III. Menuet
IV. Aria. Largo
V. Gigue
VI. Réjouissance. Presto","transverse flute, viola da gamba, basso continuo",
TWV 42:c7,,Sonata,C minor,"I. Adagio
II. Allegro
III. Adagio (mi bémol majeur)
IV. Allegro","oboe, flute, basso continuo",
TWV 42:c8,,Sonata,C minor,"I. Affettuoso
II. Allegro
III. Largo (mi bémol majeur)
IV. Allegro","2 violins, basso continuo",
TWV 42:D1,,Trio,D major,"I. Soave
II. Vivace
III. Largo
IV. Presto","2 violins, basso continuo",6 Trios #4
TWV 42:d1,,Trio,D minor,"I. Allegro
II. Largo
III. Allegro","2 transverse flutes / violins, basso continuo",Trietti methodichi e Scherzi Trio #3
TWV 42:D10,,Intrada,D major,"I. Intrada
II. Tournée
III. Aria
IV. Menuet alternativo
V. Trio (ré mineur)
VI. Balletto","transverse flute, violin, basso continuo",
TWV 42:d10,,Sonata,D minor,"I. Allegro
II. Adagio
III. Allegro
IV. Presto","recorder, violin, basso continuo",
TWV 42:D11,,Sonata,D major,"I. Allegro
II. Adagio
III. Vivace
I. Affettuoso","violin, viola, basso continuo",
TWV 42:d11,,Sonata,D minor,"I. Gravement
II. Menuet
III. Lentement
IV. Gayement","2 instruments, basso continuo",
TWV 42:D12,,Sonata,D major,"I. Affettuoso
II. Allegro in Canone
III. Largo (si mineur)
IV. Allegro","2 violins, basso continuo",
TWV 42:D13,,Sonata,D major,"I. Andante
II. Allegro
III. Adagio (si mineur)
IV. Allegro","2 violins, basso continuo",
TWV 42:D14,,Trio,D major,"I. Allegro
II. Adagio
III. Allegro","2 violins, basso continuo",
TWV 42:D15,,Trio,D major,"I. Adagio
II. Presto
III. Con gravita ma non grave
IV. Allegro","transverse flute, violin / viole d'amore, basso continuo",
TWV 42:D16,,Trio,D major,"I. Gracieusement
II. Viste
III. Tendrement
IV. Gigue","2 transverse flutes, basso continuo",
TWV 42:D17,,Sonata,D major,"I. Affettuoso
II. Vivace
III. Adagio (si mineur)
IV. Spirituoso","transverse flute, violin, basso continuo",
TWV 42:D18,,Sonata,D major,,"violin, viole de grambe, basso continuo",[Listed in the index of the Sonsfeldt catalogue]
TWV 42:D19,,Trio,D major,"III. ...
IV. Allegro",/,[probablement 3e et 4e mouvements]
TWV 42:d2,,Sonata,D minor,"I. Vivace
II. Largo
III. Presto","2 violins / transverse flutes, basso continuo","6 Trio a Violini e Basso #4
6 Sonates en trio dans le goût italien #2"
TWV 42:D2,,Trio,D major,"I. Vivace
II. Andante (si mineur)
III. Vivace
I. Allegro","2 transverse flutes / violins, basso continuo",Trietti methodichi e Scherzi Trietto #2
TWV 42:D3,,Scherzo,D major,"I. Allegro
II. Largo (si mineur)
III. Allegro
I. Soave","2 transverse flutes / violins, basso continuo",Trietti methodichi e Scherzi Scherzo #3
TWV 42:d3,,Suite,D minor,"I. Dolce / Allegro
II. Vivace
III. Allegro
IV. Andante
V. Presto
VI. Moderato
VII. Vivace","transverse flute, harpsichord / violin, basso continuo",6 Concerts et 6 Suites Suite #6
TWV 42:D4,,Sonata,D major,"I. Soave
II. Allegro assai
III. Andante (si mineur)
IV. Vivace","2 violins / transverse flutes, basso continuo","6 Trio a Violini e Basso #6
6 Sonates en trio dans le goût italien #3"
TWV 42:d4,,Trio,D minor,"I. Largo
II. Allegro
III. Affettuoso (sol mineur)
IV. Presto","transverse flutes, oboe, basso continuo",Essercizii Musici overo Dodeci Soli e Dodeci Trii à diversi stromenti #22
TWV 42:d5,,Sonata,D minor,"I. Largo
II. Vivace
III. Grave (la mineur)
IV. Allegro","2 transverse flutes / violins / others instruments, basso continuo",Sonates en trio (1738-1742) #1
TWV 42:D5,,Trio,D major,"I. Andante
II. Allegro
III. Grave (si mineur) / Largo (si mineur)
IV. Vivace","2 transverse flutes, basso continuo",Musique de table III #4
TWV 42:D6,,Concerto,D major,"I. Piacevole
II. Allegro
III. Largo (si mineur)
IV. Vivace","transverse flute, harpsichord / violin, basso continuo",6 Concerts et 6 Suites Concert #1
TWV 42:d6,,Sonata,D minor,"I. Grave
II. Vivace
III. Grave
IV. Presto","2 violins (shorndatura), basso continuo",
TWV 42:D7,,Scherzo,D major,"I. Introduzione. Largo / Presto
II. Andante
III. Moderato
IV. Vivace
V. Dolce
VI. Vivace
VII. Allegro","violin, viola, basso continuo","Scherzi melodichi per divertimento di coloro
Pyrmonter Kurwoche, VII. Sonntag #7"
TWV 42:d7,,Sonata,D minor,"I. Andante
II. Vivace
III. Adagio (sol mineur)
IV. Allegro","recorder, viola da gamba, basso continuo",
TWV 42:D8,,Sonata,D major,"I. Pastorale. Moderato
II. Corrente. Vivace
III. Gavotta. Allegro
IV. Grave (si mineur)
V. Vivace","2 violins / transverse flutes, basso continuo",Sonates Corellisantes #6
TWV 42:d8,,Sonata,D minor,"I. Con affetto
II. Allegro
III. Grave (sol mineur)
IV. Vivace","2 violins, basso continuo",
TWV 42:D9,,Trio,D major,"I. Dolce
II. Presto
III. Pastorale (la majeur)
IV. Vivace","violin, viola da gamba, basso continuo",Essercizii Musici overo Dodeci Soli e Dodeci Trii à diversi stromenti #20
TWV 42:d9,,Trio,D minor,"I. Spirituoso
II. Allegro
III. Adagio (fa majeur)
IV. Presto","2 violins, basso continuo",
TWV 42:E1,,Scherzo,E major,"I. Vivace
II. Largo
III. Vivace","2 transverse flutes / violins, basso continuo",Trietti methodichi e Scherzi Scherzo #2
TWV 42:e1,,Sonata,E minor,"I. Largo
II. Allegro
III. Affettuoso (sol majeur)
IV. Vivace","2 violins / transverse flutes, basso continuo","6 Trio a Violini e Basso #5
6 Sonates en trio dans le goût italien #4"
TWV 42:e10,,Sonata,E minor,"I. Largo
II. Vivace
III. Andante (sol majeur)
IV. Allegro","transverse flute, violin, basso continuo",
TWV 42:e11,,Sonata,E minor,"I. Tendrement
II. Viste Gay
III. Grave
IV. Allègrement","2 violins, basso continuo",
TWV 42:e12,,Sonata,E minor,"I. Adagio
II. Allegro
III. Adagio (sol majeur)
IV. Presto","2 violins, basso continuo",
TWV 42:e13,,Sonata,E minor,"I. Allegro
II. Andante
III. Menuet
IV. Il Maestro e il Discipolo. Canone","2 transverse flutes, basso continuo",
TWV 42:e14,,Sonata,E minor,,"2 flutes, basso continuo",[Listed in the index of the Breitkopf catalogue]
TWV 42:E2,,Suite,E major,"I. Gratioso / Allegro
II. Moderato
III. Vivace (mi majeur / mi mineur / mi majeur
IV. Presto
V. Dolce
VI. Allegro
VII. Vivace","transverse flute, harpsichord / violin, basso continuo",6 Concerts et 6 Suites Suite #4
TWV 42:e2,,Trio,E minor,"I. Affettuoso
II. Allegro
III. Dolce (mi majeur)
IV. Vivace","transverse flute, oboe, basso continuo",Musique de table II #4
TWV 42:e3,,Concerto,E minor,"I. Largo
II. Vivace
III. Dolce (sol majeur)
IV. Vivace","transverse flute, harpsichord / violin, basso continuo",6 Concerts et 6 Suites Concert #4
TWV 42:E3,,Sonata,E major,"I. Andante
II. Allegro
III. Largo (do dièse mineur)
IV. Giga. Allegro","2 violins / transverse flutes, basso continuo",Sonates Corellisantes #4
TWV 42:e4,,Scherzo,E minor,"I. Introduzione. Allegro
II. Allegro
III. Vivace
IV. Spirituoso
V. Largo
VI. Presto
VII. Allegro","violin, viola, basso continuo","Scherzi melodichi per divertimento di coloro
Pyrmonter Kurwoche V.  #5"
TWV 42:E4,,Trio,E major,"I. Soave
II. Presto
III. Andante (mi mineur)
IV. Scherzando","transverse flute, violin, basso continuo",Essercizii Musici overo Dodeci Soli e Dodeci Trii à diversi stromenti #18
TWV 42:E5,,Sonata,E major,"I. Affettuoso
II. Presto
III. Adagio (do dièse mineur)
IV. Allegro","2 violins, basso continuo",
TWV 42:e5,,Sonatina,E minor,"I. ...
II. Vivace
III. Grave (la mineur)
IV. Vivace","viola da gamba, oboe, basso continuo",
TWV 42:E6,,Sonata,E major,"I. Allegro
II. Largo (do dièse mineur)
III. Allegro","violin, viola da gamba, basso continuo",
TWV 42:e6,,Sonata,E minor,"I. Affettuoso
II. Allegro
III. Grave (sol majeur)
IV. Allegro","flute, oboe, basso continuo",
TWV 42:E7,,Sonata,E major,"I. Siciliana
II. Presto
III. Andante (do dièse mineur)
IV. Vivace","violin, viola da gamba, basso continuo",
TWV 42:e7,,Sonata,E minor,"I. Largo
II. Allegro
III. Largo (la mineur)
IV. Allegro","transverse flute, violin, basso continuo",
TWV 42:e8,,Sonata,E minor,"I. Affettuoso
II. Vivace
III. Andante (sol majeur)
IV. Presto","2 violins, basso continuo / en sol mineur, for 2 recorders, basso continuo",
TWV 42:e9,,Sonata,E minor,"I. Largo
II. Allegro
III. Affettuoso (sol majeur)
IV. Vivace","transverse flute, oboe, basso continuo",
TWV 42:Es1,,Trio,E-flat major,"I. Affettuoso
II. Vivace
III. Grave (do mineur)
IV. Allegro","2 violins, basso continuo",Musique de table I #4
TWV 42:Es2,,Scherzo,E-flat major,"I. Introduzione. Allegro
II. Spirituoso
III. Presto
IV. Vivace
V. Gratioso
VI. Allegro
VII. Vivace","violin, viola, basso continuo","Scherzi melodichi per divertimento di coloro
Pyrmonter Kurwoche, IV. Donnertag #2"
TWV 42:Es3,,Trio,E-flat major,"I. Largo
II. Vivace
III. Mesto (do mineur)
IV. Vivace","oboe, harpsichord, basso continuo",Essercizii Musici overo Dodeci Soli e Dodeci Trii à diversi stromenti #24
TWV 42:f1,,Sonata,F minor,"I. Cantabile
II. Allegro assai
III. Andante (fa majeur)
IV. Presto","2 transverse flutes / violins / others instruments, basso continuo",Sonates en trio (1738-1742) #2
TWV 42:F1,,Trio,F major,"I. Allegro
II. Soave
III. Presto","violin, bassoon / cello, basso continuo",6 Trios #6
TWV 42:F10,,Sonata,F major,"I. Grave
II. Allegro
III. Andante (ré mineur)
IV. Vivace","violin, viola da gamba, basso continuo",
TWV 42:F11,Andante et Allegro,,F major,"I. Andante
II. Allegro","2 violins, basso continuo",
TWV 42:F12,,Sonata,F major,"I. Affettuoso
II. Vivace
III. Grave (ré mineur)
IV. Allegro","violin, oboe, basso continuo",
TWV 42:F13,,Trio,F major,"I. Affettuoso
II. Allegro
III. Affettuoso (ré mineur)
IV. Presto","violin, oboe, basso continuo",
TWV 42:F14,Concerto à 3,Concerto,F major,"I. Concerto
II. Loure (ré mineur)
III. Tempo di Minuet","flute, horn, basso continuo",
TWV 42:F15,,Trio,F major,"I. Largo
II. Allegro
III. Largo (ré mineur)
IV. Allegro","recorder, oboe, basso continuo",
TWV 42:F16,,Trio,F major,"I. Adagio
II. Presto
III. Sarabande
IV. Menuet","oboe, bassoon, basso continuo",
TWV 42:F17,,Sonata,F major,,"violin, oboe, basso continuo",[Listed in the index of the Sonsfeldt catalogue]
TWV 42:F2,,Sonata,F major,"I. Largo
II. Presto
III. Dolce
IV. Grave (ré mineur)
V. Allegro","2 violins / transverse flutes, basso continuo",Sonates Corellisantes #1
TWV 42:f2,,Sonata,F minor,"I. Adagio
II. Allegro
III. ... (la bémol majeur)
IV. Allegro","flute, violin, basso continuo",
TWV 42:F3,,Trio,F major,"I. Vivace
II. Mesto
III. Allegro","recorder, viola da gamba, basso continuo",Essercizii Musici overo Dodeci Soli e Dodeci Trii à diversi stromenti #14
TWV 42:F4,,Concerto,F major,"I. Grave
II. Vivace
III. Adagio (ré mineur)
IV. Allegro","oboe, violin, basso continuo",
TWV 42:F5,,Sonata,F major,"I. Dolce
II. Allegro
III. Largo (ré mineur)
IV. ...","transverse flute, viola da gamba, basso continuo",
TWV 42:F6,,Sonata,F major,"I. Vivace
II. Largo (ré mineur)
III. Allegro","flute, viola da gamba / violin, basso continuo",
TWV 42:F7,,Sonata,F major,"I. Affettuoso
II. Allegro
III. Adagio (ré mineur)
IV. Vivace","2 recorders, basso continuo",
TWV 42:F8,,Sonata,F major,"I. Andante
II. Allegro
III. Largo (ré mineur)
IV. Allegro","flute, violin, basso continuo",
TWV 42:F9,,Sonata,F major,"I. Allegro
II. Affettuoso
III. Presto","flute, oboe, basso continuo",
TWV 42:fis1,,Sonata,F-sharp minor,"I. Allegro
II. Andante
III. Menuetto Passionato
IV. Canone","2 transverse flutes, basso continuo",[manuscrit sans basse continue]
TWV 42:G1,,Trio,G major,"I. Affettuoso
II. Vivace
III. Largo (mi mineur)
IV. Vivace","transverse flute, violin, basso continuo",6 Trios #3
TWV 42:g1,,Trio,G minor,"I. Adagio
II. Vivace
III. Adagio (si bémol majeur)
IV. Allegro",/,6 Trios #5
TWV 42:G10,,Sonata,G major,"I. Cantabile
II. Vivace
III. Affettuoso (mi mineur)
IV. Allegro","violin, viola da gamba, basso continuo",
TWV 42:g10,,Sonata,G minor,"I. Cantabile
II. Allegro
III. Largo (si bémol majeur)
IV. Vivace","violin, viola da gamba, basso continuo",
TWV 42:g11,,Sonata,G minor,"I. Cantabile
II. Vivace
III. Dolce (si bémol majeur)
IV. Allegro","violin, viola da gamba, basso continuo",
TWV 42:G11,,Trio,G major,"I. Affettuoso
II. Allegro
III. Grave (mi mineur)
IV. Vivace","2 violins, basso continuo",
TWV 42:G12,,Sonata,G major,"I. Affettuoso
II. Vivace
III. Grave (mi mineur)
IV. Vivace","transverse flute, violin, basso continuo",6 Sonates en trio dans le goût italien #5
TWV 42:g12,,Sonata,G minor,"I. Allegro
II. Largo
III. Allegro","violin, oboe, basso continuo",
TWV 42:G13,,Sonata,G major,"I. Adagio
II. Allegro
III. Largo
IV. Allegro","transverse flute, oboe / violin, basso continuo",
TWV 42:g13,,Sonata,G minor,"I. Adagio
II. Allegro
III. Adagio (do mineur)
IV. Allegro","flute, violin / 2 violins, basso continuo",
TWV 42:G14,,Sonata,G major,,"violin, viola da gamba, basso continuo",[Listed in the index of the Sonsfeldt catalogue]
TWV 42:g14,,Sonata,G minor,"I. Adagio
II. Allegro
III. Adagio
IV. Vivace","violin, oboe, basso continuo",
TWV 42:g15,,Sonata,G minor,"I. Vivace
II. Cantabile (si bémol majeur)
III. Vivace","flute, viola da gamba, basso continuo",
TWV 42:g2,,Concerto,G minor,"I. Largo
II. Vivace
III. Soave (si bémol majeur)
IV. Allegro","transverse flute, harpsichord / violin, basso continuo",6 Concerts et 6 Suites Concert #2
TWV 42:G2,,Trio,G major,"I. Allegro
II. Grave
III. Presto","2 transverse flutes, basso continuo",Trietti methodichi e Scherzi Trio #1
TWV 42:g3,,Scherzo,G minor,"I. Introduzione. Vivace
II. Presto
III. Dolce
IV. Allegro
V. Vivace
VI. Allegro
VII. Vivace","violin, viola, basso continuo","Scherzi melodichi per divertimento di coloro
Pyrmonter Kurwoche VI. Sonnabend #6"
TWV 42:G3,,Sonata,G major,"I. Dolce
II. Allegro
III. Affettuoso (mi mineur)
IV. Vivace","2 violins / transverse flutes, basso continuo",6 Trio a Violini e Basso #1
TWV 42:g4,,Sonata,G minor,"I. Grave
II. Vivace
III. Presto
IV. Grave (si bémol majeur)
V. Vivace","2 violins / transverse flutes, basso continuo",Sonates Corellisantes #5
TWV 42:G4,,Suite,G major,"I. Prélude. Largo / Allegro
II. Air I. Un poco vivace
III. Air II. Dolce
IV. Air III. Allegro
V. Air IV. Spirituoso
VI. Air V. Piacevole
VII. Air VI. Allegro","transverse flute, harpsichord / violin, basso continuo",6 Concerts et 6 Suites Suite #1
TWV 42:G5,,Scherzo,G major,"I. Introduzione. Vivace
II. Vivace
III. Presto
IV. Moderato
V. Presto
VI. Vivace
VII. Allegro","violin, viola, basso continuo","Scherzi melodichi per divertimento di coloro
Pyrmonter Kurwoche III. Mittwoch #3"
TWV 42:g5,,Trio,G minor,"I. Mesto
II. Allegro
III. Andante (si bémol majeur)
IV. Vivace","violin, oboe, basso continuo",Essercizii Musici overo Dodeci Soli e Dodeci Trii a diversi stromenti #6
TWV 42:g6,,Sonata,G minor,"I. Largo
II. Vivace
III. Andante (si bémol majeur)
IV. Presto","oboe, viola da gamba, basso continuo",
TWV 42:G6,,Trio,G major,"I. Andante
II. Allegro
III. Largo (mi mineur)
IV. Presto","viola da gamba, harpsichord, basso continuo",Essercizii Musici overo Dodeci Soli e Dodeci Trii a diversi stromenti #4
TWV 42:G7,,Sonata,G major,"I. Vivace
II. Adagio (mi mineur)
III. Allegro","violin, cello, basso continuo",
TWV 42:g7,,Sonata,G minor,"I. Siciliana
II. Allegro
III. Adagio
IV. Allegro assai","transverse flute, viola da gamba, basso continuo",
TWV 42:G8,,Sonata,G major,"I. Soave
II. Allegro
III. Andante (mi mineur)
IV. Allegro","oboe, viola da gamba, basso continuo",
TWV 42:g8,,Sonata,G minor,"I. Andante
II. Allegro
III. Adagio
IV. Presto","oboe, violin, basso continuo",
TWV 42:G9,,Sonata,G major,"I. Grave
II. Presto
III. Andante (mi mineur)
IV. Un poco Allegro","2 violins, basso continuo",
TWV 42:g9,,Sonata,G minor,"I. Soave ma non adagio
II. Vivace
III. Largo (si bémol majeur)
IV. Allegro","recorder, viola da gamba, basso continuo",
TWV 42:h1,,Concerto,B minor,"I. Adagio
II. Vivace
III. Gratioso (mi mineur)
IV. Presto","transverse flute, harpsichord, basso continuo",6 Concerts et 6 Suites Concert #5
TWV 42:h2,,Suite,B minor,"I. Soave / Allegro
II. Tempo di Menuet I / Tempo di Menuet II
III. Vivace
IV. Presto
V. Vivace
VI. Allegro
VII. Allegro","transverse flute, harpsichord / violin, basso continuo",6 Concerts et 6 Suites Suite #3
TWV 42:h3,,Sonata,B minor,"I. Grave
II. Vivace
III. Adagio e staccato
IV. Allegro assai (ré majeur)
V. Soave
VI. Presto","2 violins / transverse flutes, basso continuo",Sonates Corellisantes #3
TWV 42:h4,,Trio,B minor,"I. Largo
II. Vivace
III. Dolce (ré majeur)
IV. Vivace","transverse flute, viola da gamba, basso continuo",Essercizii Musici overo Dodeci Soli e Dodeci Trii a diversi stromenti #12
TWV 42:h5,,Sonata,B minor,"I. Tendrement
II. Allègrement
III. Chandan
IV. Allègrement","2 violins, basso continuo",
TWV 42:h6,,Sonata,B minor,"I. Largo
II. Vivace
III. Andante (fa dièse mineur)
IV. Allegro","violin, viola da gamba, basso continuo",
TWV 42:h7,,Trio,B minor,"I. Andante
II. Presto
III. Grave
IV. Spiritato","2 violins, basso continuo",
TWV 43:A1,Quatuor,Sonata à 4,A major,"I. Soave
II. Allegro
III. Andante (la mineur)
IV. Vivace","transverse flute, violin, viola da gamba / cello, basso continuo",Quadri #3 (Sonate #1)
TWV 43:a1,Quatuor,Sonata à 4,A minor,"I. Andante
II. Divertimento I. Vivace
III. Divertimento II. Presto
IV. Divertimento III. Allegro","2 transverse flutes / violins, 2 cellos / bassoons (2è cello = basso continuo) 
or Trio, en la mineur, for 2 transverse flutes / violins, cello / bassoon",6 Quatuors ou Trios #5
TWV 43:A2,Quatuor,Sonata à 4,A major,"I. Vivace
II. Largo (fa dièse mineur)
III. Allegro","2 transverse flutes / violins, 2 cellos / bassoons (2è cello = basso continuo) 
or Trio, en la majeur, for 2 transverse flutes / violins, cello / bassoon",6 Quatuors ou Trios #3
TWV 43:a2,Quatuor,Sonata à 4,A minor,"I. Allégrement
II. Flatteusement
III. Légèrement
IV. Un peu vivement
V. Vite
VI. Coulant","transverse flute, violin, viola da gamba / cello, basso continuo",Nouveaux Quatuors en 6 Suites #2
TWV 43:A3,Quatuor,Sonata à 4,A major,"I. Prélude. Vivement
II. Gai
III. Modéré
IV. Modéré
V. Pas vite
VI. Un peu gai","transverse flute, violin, viola da gamba / cello, basso continuo",Nouveaux Quatuors en 6 Suites #5
TWV 43:a3,Quatuor,Sonata à 4,A minor,"I. Adagio
II. Allegro
III. Adagio
IV. Vivace","flute, oboe, violin, basso continuo",
TWV 43:A4,Quatuor,Sonata à 4,A major,"I. Adagio
II. Allegro
III. Adagio (fa dièse mineur)
IV. Allegro","flute, violin, viola, basso continuo",4è livre Quatuors #3
TWV 43:a4,Quatuor,Sonata à 4,A minor,"I. Allegro
II. Adagio (do majeur)
III. Presto","2 violins, viola, basso continuo",
TWV 43:A5,Quatuor,Sonata à 4,A major,"I. Allegro
II. Largo (fa dièse mineur)
III. Presto","2 violins, viola, basso continuo",
TWV 43:a5,Quatuor,Sonata à 4,A minor,"I. Grave
II. Allegro
III. Allegro
IV. Largo e staccato (mi mineur)
V. Allegro","2 violins, viola, basso continuo",
TWV 43:A6,Quatuor,Sonata à 4,A major,"I. Gratioso
II. Allegro
III. Largo (fa dièse mineur)
IV. Vivace","2 violins, viola, basso continuo",
TWV 43:a6,Quatuor,Sonata à 4,A minor,,"2 violins, viola, basso continuo",[Listed in the index of the Breitkopf catalogue]
TWV 43:A7,Quatuor,Sonata à 4,A major,"I. Largo
II. Vivace
III. Aria en Menuet
IV. Bourrée I
V. Bourrée II","transverse flute, 2 violins, basso continuo",
TWV 43:B1,Quatuor,Sonata à 4,B-flat major,"I. Allegro
II. Adagio (fa majeur)
III. Vivace","2 violins, viola, basso continuo",
TWV 43:B2,Quatuor,Sonata à 4,B-flat major,"I. Spirituoso
II. Grave (sol mineur)
III. Allegro","2 violins, viola, basso continuo",
TWV 43:B3,Quatuor,Sonata à 4,B-flat major,"I. Polonoise
II. Allegro
III. Largo (sol mineur)
IV. Allegro","2 violins, viola, basso continuo",
TWV 43:C1,Quatuor,Sonata à 4,C major,"I. Adagio
II. Allegro
III. Adagio (la mineur)
IV. Allegro","flute, violin, viola, basso continuo",4è livre Quatuors #1
TWV 43:C2,Quatuor,Sonata à 4,C major,"I. Grave
II. Allegro
III. Largo (la mineur)
IV. Vivace","transverse flute, viola da gamba, bassoon, basso continuo",
TWV 43:D1,Quatuor,Sonata à 4,D major,"I. Allegro
II. Affettuoso (sol majeur)
III. Vivace","transverse flute, violin, viola da gamba / cello, basso continuo",Quadri #2 (Concerto #2)
TWV 43:d1,Quatuor,Sonata à 4,D minor,"I. Andante
II. Vivace
III. Largo (la mineur)
IV. Allegro","2 transverse flutes, recorder / bassoon / cello, basso continuo",Musique de table II #2
TWV 43:D10,Quatuor,Sonata à 4,D major,,"oboe, flute, viola, viola da gamba, basso continuo",[Listed in the index of the Herdringen catalogue]
TWV 43:D2,Quatuor,Sonata à 4,D major,"I. Dolce
II. Allegro
III. Grave (si mineur)
IV. Allegro","2 transverse flutes / violins, 2 cellos or bassoon (2è cello = basso continuo) 
or Trio, en ré majeur, for 2 transverse flutes / violins, cello or bassoon",6 Quatuors ou Trios #1
TWV 43:d2,Quatuor,Sonata à 4,D minor,"I. Adagio
II. Allegro
III. Adagio (si bémol majeur)
IV. Allegro","flute, violin, viola, basso continuo",4è livre Quatuors #6
TWV 43:D3,Quatuor,Sonata à 4,D major,"I. Prélude. Vivement
II. Tendrement (ré mineur)
III. Vite (ré mineur)
IV. Gayment
V. Modérément (si mineur)
VI. Vite","transverse flute, violin, viola da gamba, basso continuo",Nouveaux Quatuors en 6 Suites #1
TWV 43:d3,Quatuor,Sonata à 4,D minor,"I. Adagio
II. Allegro
III. Largo (fa majeur)
IV. Allegro","transverse flute, violin, bassoon / cello, basso continuo",
TWV 43:D4,Quatuor,Sonata à 4,D major,"I. Andante
II. Allegro
III. Adagio
IV. Allegro","flute, violin, viola, basso continuo",4è livre Quatuors #4
TWV 43:D5,Quatuor,Sonata à 4,D major,"I. Allemande
II. Ballo
III. Giga","2 violins, viola, basso continuo",
TWV 43:D6,Quatuor,Sonata à 4,D major,"I. Con contento
II. Allegro
III. Largo (si mineur)
IV. Presto","transverse flute, violin, bassoon / cello, basso continuo",
TWV 43:D7,Quatuor,Sonata à 4,D major,"I. Largo
II. Vivace
III. Siciliano
IV. Vivace","trumpet, 2 oboes, basso continuo",
TWV 43:D8,Quatuor,Sonata à 4,D major,"I. Largo
II. Allegro
III. Menuet + Trio (ré mineur)
IV. Presto","2 violins, horn de chasse, basso continuo",
TWV 43:D9,,Ouverture-Suite,D major,,"3 oboe, basso continuo",[Listed in the index of the Herdringen catalogue]
TWV 43:E1,Quatuor,Sonata à 4,E major,"I. Gratioso
II. Divertimento I. Allegro
III. Divertimento II. Tempo giusto
IV. Divertimento III. Allegro","2 transverse flutes / violins, 2 cellos / bassoon (2è cello = basso continuo) 
or Trio, en mi majeur, for 2 transverse flutes / violins, cello / bassoon",6 Quatuors ou Trios #6
TWV 43:e1,Quatuor,Sonata à 4,E minor,"I. Prélude. Vivement
II. Rigaudon
III. Air
IV. Replique
V. Menuet I
VI. Menuet II (do dièse mineur)
VII. Gigue","violin, transverse flute, viola da gamba / cello, basso continuo",Quadri #5 (Suite #1)
TWV 43:E2,Quatuor,Sonata à 4,E major,"I. Affettuoso
II. Allegro
III. Adagio (do dièse mineur)
IV. Presto","2 violins, viola, basso continuo",
TWV 43:e2,Quatuor,Sonata à 4,E minor,"I. Adagio
II. Allegro
III. Dolce (do majeur)
IV. Allegro","transverse flute, violin, cello, basso continuo",Musique de table III #2
TWV 43:e3,Quatuor,Sonata à 4,E minor,"I. Largo
II. Presto
III. Cantabile (sol majeur)
IV. Allegro","2 transverse flutes / violins, 2 cellos (2è cello = basso continuo) 
or Trio, en mi mineur, for 2 transverse flutes / violins, cello / bassoon",6 Quatuors ou Trios #2
TWV 43:e4,Quatuor,Sonata à 4,E minor,"I. Prélude. À discrétion
II. Gay
III. Vite
IV. Gracieusement (mi majeur)
V. Distrait
VI. Modéré","transverse flute, violin, viola da gamba / cello, basso continuo",Nouveaux Quatuors en 6 Suites #6
TWV 43:e5,Quatuor,Sonata à 4,E minor,"I. Vivace
II. Cantabile Grave (sol majeur)
III. Presto","2 violins, viola, basso continuo",
TWV 43:Es1,Quatuor,Sonata à 4,E-flat major,"I. Largo
II. Allegro
III. Andante (do mineur)
IV. Allegro","2 violins, viola, basso continuo",
TWV 43:F1,Quatuor,Sonata à 4,F major,"I. Adagio
II. Allegro
III. Adagio (ré mineur)
IV. Allegro","flute, violin, viola, basso continuo",4è livre Quatuors #2
TWV 43:F2,Quatuor,Sonata à 4,F major,"I. ...
II. Allegro
III. Grave (ré mineur)
IV. Vivace","violin, 2 chalumeaux, basso continuo",
TWV 43:F3,Quatuor,Sonata à 4,F major,"I. Vivace
II. Andante (ré mineur)
III. Allegro","2 violins, viola, basso continuo",
TWV 43:F4,Quatuor,Sonata à 4,F major,"I. Largo
II. Vivace
III. Siciliana (ré mineur)
IV. Presto","2 violins, viola, basso continuo",
TWV 43:F5,Quatuor,Sonata à 4,F major,"I. Andante
II. Allegro
III. Largo (ré mineur)
IV. Presto","2 violins, viola, basso continuo",
TWV 43:F6,Quatuor,Sonata à 4,F major,"I. Concerto
II. Rigaudon
III. Passepied
IV. Gigue","violin, horn de chasse, cello, basso continuo",
TWV 43:G1,Quatuor,Sonata à 4,G major,"I. Grave
II. Largo (mi mineur)
III. Presto
IV. Allegro","transverse flute, violin, viola da gamba / cello, basso continuo",Quadri #1 (Concerto #1)
TWV 43:g1,Quatuor,Sonata à 4,G minor,"I. Andante
II. Allegro
III. Largo (si bémol majeur)
IV. Allegro","transverse flute, violin, viola da gamba / cello, basso continuo",Quadri #4 (Sonate #2)
TWV 43:G10,Quatuor,Sonata à 4,G major,"I. Vivace
II. Andante (sol mineur)
III. Vivace","transverse flute, 2 violes de gambe, basso continuo",
TWV 43:G11,Quatuor,Sonata à 4,G major,"I. Affettuoso
II. Allegro
III. Adagio (ré majeur)
IV. Allegro assai","transverse flute, violin, bassoon, basso continuo",
TWV 43:G12,Quatuor,Sonata à 4,G major,"I. Dolce
II. Allegro
III. Soave (mi mineur)
IV. Vivace","transverse flute, 2 violes de gambe, basso continuo",
TWV 43:G13,Quatuor,Sonata à 4,G major,"I. Moderato
II. Allegro
III. Andante (mi mineur)
IV. Vivace","violin, transverse flute, oboe d'amore, basso continuo",
TWV 43:G2,Quatuor,Sonata à 4,G major,"I. Largo / Allegro (ré majeur)
II. Vivace
III. Grave (mi mineur)
IV. Vivace","transverse flute, oboe, violin, basso continuo",Musique de table I #2
TWV 43:g2,Quatuor,Sonata à 4,G minor,"I. Affettuoso
II. Vivace
III. Adagio (fa majeur)
IV. Allegro","oboe, violin, viola da gamba, basso continuo",
TWV 43:G3,Quatuor,Sonata à 4,G major,"I. Largo
II. Divertimento I. Allegro
III. Divertimento II. Giocando (mi mineur)
IV. Divertimento III. Allegro","2 transverse flutes / violins, 2 cellos or bassoons (2è cello = basso continuo) 
or Trio, en sol majeur, for 2 transverse flutes / violins, cello / bassoon",6 Quatuors ou Trios #4
TWV 43:g3,Quatuor,Sonata à 4,G minor,"I. ...
II. Siciliana
III. Bourrée
IV. Menuet
V. Trio","recorder, 2 violins, basso continuo",
TWV 43:G4,Quatuor,Sonata à 4,G major,"I. Prélude. Un peu vivement
II. Légèrement
III. Gracieusement
IV. Vite (mi mineur)
V. Modéré
VI. Gai
VII. Lentement / Vite","transverse flute, violin, viola da gamba / cello, basso continuo",Nouveaux Quatuors en 6 Suites #3
TWV 43:g4,Quatuor,Sonata à 4,G minor,"I. Allegro
II. Adagio (si bémol majeur)
III. Allegro","flute, violin, viola, basso continuo",
TWV 43:G5,Quatuor,Sonata à 4,G major,"I. Adagio
II. Allegro
III. Adagio (mi mineur)
IV. Allegro","flute, violin, viola, basso continuo",4è livre Quatuors #5
TWV 43:g5,Quatuor,Sonata à 4,G minor,,"oboe, violin, viola, basso continuo",[Listed in the index of the Breitkopf catalogue]
TWV 43:G6,Quatuor,Sonata à 4,G major,"I. Allegro
II. Grave (mi mineur)
III. Allegro","recorder, oboe, violin, basso continuo",
TWV 43:G7,Quatuor (Concerto Polon),Sonata à 4,G major,"I. Andante
II. Allegro
III. Largo
IV. Allegro","2 violins, viola, basso continuo",
TWV 43:G8,Quatuor,Sonata à 4,G major,"I. Adagio
II. Vivace
III. Grave
IV. Allegro ma non presto","2 violins, viola, basso continuo",
TWV 43:G9,Quatuor,Sonata à 4,G major,"I. Vivace
II. Largo (mi mineur)
III. Vivace","2 violins, viola, basso continuo",
TWV 43:h1,Quatuor,Sonata à 4,B minor,"I. Prélude. Gaiement
II. Modérément
III. Réjouissance
IV. Courante
V. Passepied","transverse flute, violin, viola da gamba / cello, basso continuo",Quadri #6 (Suite #2)
TWV 43:h2,Quatuor,Sonata à 4,B minor,"I. Prélude. Vivement / Flatteusement
II. Coulant
III. Gay
IV. Vite
V. Triste
VI. Menuet. Modéré","flute, violin, viola da gamba / cello, basso continuo",Nouveaux Quatuors en 6 Suites #4
TWV 43:h3,Quatuor,Sonata à 4,B minor,"I. Adagio
II. Vivace
III. Andante (ré majeur)
IV. Presto","transverse flute, viola da gamba, bassoon, basso continuo",
TWV 44:1,Quintet,Sonata à 5,D major,"I. Spirituoso
II. Largo (ré mineur)
III. Vivace","optional trumpet, 2 violins, viola, basso continuo",[Sonate]
TWV 44:2,Quintet,Concerto,D major,"I. Andante
II. Allegro
III. Siciliano (la majeur)
IV. Presto","2 oboe d'amore, 2 natural horns, basso continuo",[Concerto à 5]
TWV 44:3,Quintet,Sonata à 5,D major,"I. Ouverture
II. Siciliano
III. Paysane
IV. Menuet + Trio
V. Rigaudon
VI. Trio
VII. Harlequinade","2 oboes, 2 horns, basso continuo",[Ouverture à 5 - Classified by Hoffmann as 55:D24]
TWV 44:4,Quintet,Sonata à 5,D major,,"2 oboe d'amore, 2 violins, basso continuo",[Listed only in the index of the Breitkopf catalogue]
TWV 44:5,Quintet,Sonata à 5,E minor,"I. Adagio
II. Allegro
III. Grave (sol majeur)
IV. Allegro","2 violins, 2 violes, basso continuo",[Sonate]
TWV 44:6,Quintet / Trio,Sonata à 5 / Trio,F major,"I. Ouverture
II. Menuet
III. Gavotte
IV. Passepied
V. Air
VI. Gigue","2 chalumeaux, 2 violettes, basso continuo",[Ouverture – Classified by Hoffmann as 55:F2]
TWV 44:7,Quintet,Sonata à 5,F major,"I. Ouverture
II. Sarabande
III. Menuet
IV. Bourrée","2 natural horns, 2 violins, basso continuo",[Ouverture - Classified by Hoffmann as 55:F4]
TWV 44:8,Quintet,Sonata à 5,F major,"I. Ouverture
II. Chasse
III. Menuet
IV. La Joye
V. Sarabande
VI. Loure","2 oboe / violins, 2 natural horns, bassoon","[Ouverture ""La Joie"" - Classified by Hoffmann as 55:F5]"
TWV 44:9,Quintet,Sonata à 5,F major,"I. Ouverture
II. Rondeau
III. Menuet
IV. Gigue","2 oboes, 2 natural horns, basso continuo","[Ouverture ""La Fortune"" - Classified by Hoffmann as 55:F8]"
TWV 44:10,Quintet,Sonata à 5,F major,"I. Ouverture
II. Passepied
III. Sarabande
IV. Rigaudon
V. Le Plaisir","2 oboes, 2 natural horns, bassoon","[Ouverture ""La Chasse"" - Classified by Hoffmann as 55:F9]"
TWV 44:11,Quintet,Sonata à 5,F major,"I. Affettuoso
II. Allegro
III. Adagio (la mineur)
IV. Presto","2 violins, 2 violes, basso continuo",[Sonate]
TWV 44:12,Quintet,Sonata à 5,F major,"I. Ouverture
II. Menuet
III. Sarabande
IV. Bourrée
V. Gigue","2 oboes, 2 natural horns, basso continuo",[Ouverture à 5 - Classified by Hoffmann as 55:F15]
TWV 44:13,Quintet,Sonata à 5,F major,"I. Marche
II. Aria
III. Menuet
IV. Gigue
V. Bourrée
VI. Aria
VII. Menuet I
VIII. Menuet II","2 oboes, 2 natural horns, basso continuo",[Suite - Classified by Hoffmann as 55:F17]
TWV 44:14,Quintet,Sonata à 5,F major,"I. Ouverture
II. Loure
III. Les Paysans
IV. Menuet
V. Passepied
VI. Gigue","2 oboe d'amore, 2 natural horns, basso continuo",[Ouverture à 5 - Classified by Hoffmann as 55:F18]
TWV 44:15,Quintet,Sonata à 5,F major,"I. Allegro
II. Largo (ré mineur)
III. Vivace","2 flutes, 2 oboes, basso continuo",
TWV 44:16,Quintet,Sonata à 5,F major,"I. Ouverture
II. Le Ris
III. Les Drôles
IV. Espaniole en Rondeau
V. Fanfare","2 oboes, 2 horns, bassoon",
TWV 44:17,Quintet,Sonata à 5,A minor,,"2 oboe d'amore, 2 violins, violine",[Listed only in the index of the Breitkopf catalogue]
TWV 44:31,Sextuor,Concerto,C minor,"I. ...
II. Adagio (mi bémol majeur)
III. Allegro","oboe, 2 violins, viola, bassoon, basso continuo",[Concerto]
TWV 44:32,Sextuor,Sonata à 6,F minor,"I. ...
II. ...
III. Largo (do mineur)
IV. Presto","2 violins, viole viola, viole ténor, cello, basso continuo",[Sonate]
TWV 44:33,Sextuor,Sonata à 6,G minor,"I. Grave
II. Allegro
III. Adagio (mi bémol majeur)
IV. Vivace","2 violins, 2 violes, cello, basso continuo",[Sonate]
TWV 44:34,Sextuor,Sonata à 6,B-flat major,"I. Adagio
II. Allegro
III. Adagio (sol mineur)
IV. Allegro","2 violins, 2 violes, cello, basso continuo",[Sonate]
TWV 44:41,Septuor,Concerto,F major,"I. Grave
II. Vivace
III. Adagio (la mineur)
IV. Allegro","2 flutes, 2 oboes, 2 violins, basso continuo",[Concerto à 7]
TWV 44:42,Septuor,Concerto,A minor,"I. Adagio
II. Allegro
III. Affettuoso (do majeur)
IV. Allegro Vivace","2 flutes, 2 oboes, 2 violins, basso continuo",[Concerto]
TWV 44:43,Septuor,Concerto,B-flat major,"I. Allegro
II. Largo (do mineur)
III. Allegro","3 oboe, 3 violins, basso continuo",[Concerto]
TWV 45:1,Danse polonaise,Dance,D major,,/,
TWV 45:2,Danse polonaise,Dance,B-flat major,,/,
TWV 45:3,Danse polonaise,Dance,D minor,,/,
TWV 45:4,Danse polonaise,Dance,D major,,/,
TWV 45:5,Danse polonaise,Dance,G major,,/,
TWV 45:6,Danse polonaise,Dance,G minor,,/,
TWV 45:7,Danse polonaise,Dance,G major,,/,
TWV 45:8,Danse polonaise,Dance,G major,,/,
TWV 45:9,Danse polonaise,Dance,G major,,/,
TWV 45:10,Danse polonaise,Dance,G major,,/,
TWV 45:11,Danse polonaise,Dance,G major,,/,
TWV 45:12,Danse polonaise,Dance,G major,,/,
TWV 45:13,Danse polonaise,Dance,A minor,,/,
TWV 45:14,Danse polonaise,Dance,D minor,,/,
TWV 45:15,Danse polonaise,Dance,D minor,,/,
TWV 45:16,Danse polonaise,Dance,A minor,,/,
TWV 45:17,Danse polonaise,Dance,A minor,,/,
TWV 45:18,Danse polonaise,Dance,A minor,,/,
TWV 45:19,Danse polonaise,Dance,A major,,/,
TWV 45:20,Danse polonaise,Dance,G minor,,/,
TWV 45:21,Danse polonaise,Dance,G major,,/,
TWV 45:22,Danse polonaise,Dance,E minor,,/,
TWV 45:23,Danse polonaise,Dance,G major,,/,
TWV 45:24,Danse polonaise,Dance,D major,,/,
TWV 45:25,Danse polonaise,Dance,G major,,/,
TWV 45:26,Danse polonaise,Dance,G major,,/,
TWV 45:27,Danse polonaise,Dance,B-flat major,,/,
TWV 45:28,Danse polonaise,Dance,D major,,/,
TWV 45:29,Danse polonaise,Dance,D major,,/,
TWV 45:30,Danse polonaise,Dance,G major,,/,
TWV 45:31,Danse polonaise,Dance,B-flat major,,/,
TWV 50:1,"Sinfonie ""Grillen Sinfonie""",Sinfonie,G major,"I. Etwas lebhaft
II. Tandelnd (mi mineur)
III. Presto","transverse flute and/or piccolo, oboe, chalumeau, 2 violins, viol, 2 concertante contrebasses, basso continuo",
TWV 50:2,Sinfonia melodica,Sinfonia,C major,"I. Vivace assai
II. Sarabande (do mineur)
III. Bourrée (do mineur)
IV. Menuet en Rondeau
V. Loure
VI. Chaconnette
VII. Gigue en Canarie","2 oboes, 2 violins, viola, basso continuo",
TWV 50:3,,Sinfonie,F major,"I. Alla breve
II. Andante
III. Vivace","alto recorder, concertante viola de gamba, 2 oboes, clairon, 3 trombones, 2 violins, viola, basso continuo",
TWV 50:4,,Sonata,E minor,"I. Gravement
II. Allabreve
III. Air
IV. Tendrement
V. Gay","2 oboes, 2 violins, 2 violas, basso continuo",[Sonate]
TWV 50:5,,Sinfonie,E minor,"I. Allegro
II. Largo","2 flutes, 2 oboes, bassoon, 2 violins, violetta, basso continuo",
TWV 50:6,,Sinfonie,B-flat major,"I. Allegro
II. Andante (mi bémol majeur)
III. Allegro",/,
TWV 50:7,,Sinfonie,F major,"I. ...
II. Poco Andante (ré mineur)
III. Allegro",/,
TWV 50:8,Sinfonie sur une mélodie du Père Barnabas,Sinfonie,,,/,
TWV 50:9,Conclusion,Orchestral,D major,"I. Allegro
II. Adagio (si mineur)
III. Allegro (reprise #1)","oboe, trumpet, strings, basso continuo",Musique de table II #6
TWV 50:10,Conclusion,Orchestral,B-flat major,I. Fusioso,"2 oboes, strings, basso continuo",Musique de table III #6
TWV 50:21,,Divertimento,E-flat major,"I. Ouverture
II. Réveille. Vivement
III. La conversation à la table. Gavotte
IV. Réveille à Chasse
V. Repas (do mineur)
VI. Retraite","2 horns, 2 transverse flutes, strings, basso continuo",
TWV 50:22,,Divertimento,A major,"I. Presto
II. Scherzo I. Gagliardmente
III. Scherzo II. Poco grave
IV. Scherzo III. Poco vivace
V. Scherzo IV. Allegro di molto
VI. Scherzo V. Lieto
VII. Scherzo VI. Tempo precedente","2 violins, viola, basso continuo",
TWV 50:23,,Divertimento,B-flat major,"I. Allegro assai
II. Scherzo I. Vivace
III. Scherzo II. Alternamente col precedente
IV. Scherzo III. Veloce
V. Scherzo IV. Alternamente col precedente (sol mineur)
VI. Scherzo V. Con giubilo
VII. Scherzo VI. Arlechinoso","2 violins, viola, basso continuo",
TWV 50:31,"Marche héroique ""Die Wurde - La Majesté""",March,D major,,"2 oboes, 2 horns (ad lib.), basso continuo",Musique Heroique ou XII Marches #1
TWV 50:32,"Marche héroique ""Die Anmut - La Grâce""",March,D major,,"2 oboes, 2 horns (ad lib.), basso continuo",Musique Heroique ou XII Marches #2
TWV 50:33,"Marche héroique ""Die Tapferkeit - La Vaillance""",March,D major,,"2 oboes, 2 horns (ad lib.), basso continuo",Musique Heroique ou XII Marches #3
TWV 50:34,"Marche héroique ""Die Ruhe - La Tranquilité""",March,E-flat major,,"2 oboes, 2 horns (ad lib.), basso continuo",Musique Heroique ou XII Marches #4
TWV 50:35,"Marche héroique ""Die Rüstung - L'Armement""",March,E-flat major,,"2 oboes, 2 horns (ad lib.), basso continuo",Musique Heroique ou XII Marches #5
TWV 50:36,"Marche héroique ""Die Liebe - L'Amour""",March,E-flat major,,"2 oboes, 2 horns (ad lib.), basso continuo",Musique Heroique ou XII Marches #6
TWV 50:37,"Marche héroique ""Die Wachsamkeit - La Vigilance""",March,F major,,"2 oboes, 2 horns (ad lib.), basso continuo",Musique Heroique ou XII Marches #7
TWV 50:38,"Marche héroique ""Die Ausgelassenheit - La Gaillardise""",March,F major,,"2 oboes, 2 horns (ad lib.), basso continuo",Musique Heroique ou XII Marches #8
TWV 50:39,"Marche héroique ""Die Sanftmut - La Douceur""",March,F major,,"2 oboes, 2 horns (ad lib.), basso continuo",Musique Heroique ou XII Marches #9
TWV 50:40,"Marche héroique ""Die Großmut - La Générosité""",March,C major,,"2 oboes, 2 horns (ad lib.), basso continuo",Musique Heroique ou XII Marches #10
TWV 50:41,"Marche héroique ""Die Hoffnung - L'Espérance""",March,B-flat major,,"2 oboes, 2 horns (ad lib.), basso continuo",Musique Heroique ou XII Marches #11
TWV 50:42,"Marche héroique ""Die Freude - La Réjouissance""",March,G major,,"2 oboes, 2 horns (ad lib.), basso continuo",Musique Heroique ou XII Marches #12
TWV 50:43,,March,F major,,"2 horns, 3 oboes, bassoon",
TWV 50:44,,Fanfare,D major,,"Cor de chasse, 2 flutes, 2 violins, viola, basso continuo",
TWV 51:A1,,Concerto,A major,I. ...,"transverse flute d'amore, strings, basso continuo",
TWV 51:a1,,Concerto,A minor,"I. Adagio
II. Allegro
III. Presto","violin, strings, basso continuo",
TWV 51:A2,,Concerto,A major,"I. Siciliano
II. Allegro
III. Largo (la mineur)
IV. Vivace","oboe d'amore, strings, basso continuo",
TWV 51:a2,,Concerto,A minor,"I. Allegro
II. Andante (do majeur)
III. Presto","violin, strings, basso continuo","[Ouverture de l'opéra ""Emma und Eginhard"", TWV 21:25]"
TWV 51:A3,,Concerto,A major,"I. Grave
II. Vivace
III. Adagio (fa dièse mineur)
IV. Allegro","violin, strings, basso continuo",
TWV 51:A4,,Concerto,A major,"I. Allegro
II. Adagio
III. Menuet
IV. Alternativement","violin, strings, basso continuo",
TWV 51:A5,,Concerto,A major,"I. Soave
II. Allegro
III. Adagio (fa dièse mineur)
IV. Allegro","viola da gamba, strings, basso continuo",
TWV 51:B1,,Concerto,B-flat major,"I. Largo
II. Vivace
III. ... (mi bémol majeur)
IV. Allegro
I. Adagio","violin, strings, basso continuo",
TWV 51:B2,,Concerto,B-flat major,"I. Adagio
II. Allegro
III. Grave (ré mineur)
IV. Allegro","violin, strings, basso continuo",
TWV 51:C1,,Concerto,C major,"I. Allegretto
II. Allegro
III. Andante (la mineur)
IV. Tempo di Minuet","recorder, strings, basso continuo",
TWV 51:c1,,Concerto,C minor,"I. Adagio
II. Allegro
III. Adagio (mi bémol majeur)
IV. Allegro","oboe, strings, basso continuo",
TWV 51:C2,,Concerto,C major,"I. Affectuoso
II. Allegro
III. Grave (do mineur)
IV. Allegro","violin, strings, basso continuo",
TWV 51:c2,,Concerto,C minor,"I. Adagio
II. Allegro
III. Adagio (mi bémol majeur)
IV. Allegro","oboe, strings, basso continuo",
TWV 51:C3,,Concerto,C major,"I. ...
II. Largo (la mineur)
III. Vivace","violin, strings, basso continuo",
TWV 51:D1,,Concerto,D major,"I. Andante
II. Vivace
III. Largo (si mineur)
IV. Allegro","transverse flute, strings, basso continuo",
TWV 51:d1,,Concerto,D minor,"I. Adagio
II. [Allegro]
III. Adagio
IV. [Allegro]","oboe, strings, basso continuo",
TWV 51:D10,,Concerto,D major,"I. Adagio
II. Allegro
III. Grave (si mineur)
IV. Vivace","violin, strings, basso continuo",
TWV 51:D2,,Concerto,D major,"I. Moderato
II. Allegro
III. Largo (si mineur)
IV. Vivace","transverse flute, strings, basso continuo",
TWV 51:d2,,Concerto,D minor,"I. Largo
II. Vivace
III. Andante (la mineur)
IV. Allegro","oboe, strings, basso continuo",
TWV 51:D3,Concerto polonoise,Concerto,D major,"I. Andante
II. Allegro
III. Adagio (si mineur)
IV. Vivace","transverse flute, strings, basso continuo",
TWV 51:D4,,Concerto,D major,"I. Napolitano
II. Allegro
III. Largo (si mineur)
IV. Tempo di Menuetto","transverse flute, strings, basso continuo",
TWV 51:D5,,Concerto,D major,"I. Gratioso
II. Vivace
III. Adagio (si mineur)
IV. Scherzando","oboe, strings, basso continuo",
TWV 51:D6,,Concerto,D major,"I. Molto allegro
II. Adagio (si mineur)
III. Vivace","oboe, strings, basso continuo",
TWV 51:D7,,Concerto,D major,"I. Adagio
II. Allegro
III. Grave (si mineur)
IV. Allegro","trumpet, strings, basso continuo",
TWV 51:D8,,Concerto,D major,"I. Vivace
II. Largo (si mineur)
III. Allegro","horn de chasse, strings, basso continuo",
TWV 51:D9,,Concerto,D major,"I. Con contento
II. Allegro
III. ... (si mineur)
IV. Vivace","violin, strings, basso continuo",
TWV 51:E1,,Concerto,E major,"I. Dolce e staccato
II. Allabreve
III. Largo (do dièse mineur)
IV. Vivace","transverse flute, strings, basso continuo",
TWV 51:e1,,Concerto,E minor,"I. Andante
II. Allegro molto
III. Largo
IV. Allegro","oboe, strings, basso continuo",
TWV 51:E2,,Concerto,E major,"I. Affettuoso
II. Allegro assai
III. Cantabile (si majeur)
IV. Allegro","violin, strings, basso continuo",
TWV 51:e2,,Concerto,E minor,"I. ...
II. ...
III. ...","oboe d'amore, strings, basso continuo",
TWV 51:E3,,Concerto,E major,"I. Allegro
II. Adagio
III. Allegro","violin, strings, basso continuo",
TWV 51:e3,,Concerto,E minor,"I. Allegro
II. Soave (sol majeur)
III. Allegro","violin, strings, basso continuo",
TWV 51:Es1,,Concerto,E-flat major,"I. Allegro
II. Largo (do mineur)
III. Allegro","oboe, strings, basso continuo",
TWV 51:F1,,Concerto,F major,"I. Affettuoso
II. Allegro
III. Adagio (ré mineur)
IV. Menuet I
V. Menuet II","recorder, strings, basso continuo",
TWV 51:f1,,Concerto,F minor,"I. Allegro
II. Largo e piano
III. Vivace","oboe, strings, basso continuo",
TWV 51:F2,,Concerto,F major,"I. Vivace
II. Largo
III. Presto
I. Adagio","violin, strings, basso continuo",
TWV 51:f2,,Concerto,F minor,"I. Allegro
II. Recitativ accomp.
III. Vivace","oboe, strings, basso continuo",
TWV 51:F3,,Concerto,F major,"I. Adagio
II. Allegro
III. Adagio
IV. ...","violin, strings, basso continuo",
TWV 51:F4,,Concerto,F major,"I. Presto
II. Corsicana. Un poco grave (ré mineur)
III. Allegrezza
IV. Scherzo
V. ...
VI. Polacca
VII. Minuetto","violin, orchestre (2 transverse flutes, 2 oboes, 2 hunting trumpets, timpani, strings), basso continuo",
TWV 51:fis1,,Concerto,F-sharp minor,"I. Adagio
II. Allegro
III. Adagio (la majeur)
IV. Allegro","violin, strings, basso continuo",
TWV 51:G1,,Concerto,G major,"I. Andante
II. Allegro
III. Adagio
IV. Vivace","transverse flute, strings, basso continuo",
TWV 51:g1,,Concerto,G minor,"I. Allegro
II. Adagio (do mineur)
III. Allegro","violin, strings, basso continuo",
TWV 51:G2,,Concerto,G major,"I. Andante
II. Vivace
III. Adagio (mi mineur)
IV. Allegro","transverse flute, strings, basso continuo",
TWV 51:G3,,Concerto,G major,"I. Soave
II. Allegro
III. Adagio (mi mineur)
IV. Vivace","oboe d'amore, strings, basso continuo",
TWV 51:G4,,Concerto,G major,"I. Vivace
II. Largo (mi mineur)
III. Allegro","violin, strings, basso continuo",
TWV 51:G5,,Concerto,G major,"I. Andante
II. Molto allegro
III. Vivace","violin, strings, basso continuo",
TWV 51:G6,,Concerto,G major,"I. Andante
II. Allegro
III. Adagio (mi mineur)
IV. Presto","violin, strings, basso continuo",
TWV 51:G6a,,Concerto,G major,"I. Andante
II. Allegro
III. Adagio
IV. Allegro","violin, strings, basso continuo",
TWV 51:G7,,Concerto,G major,"I. Andante
II. Allegro
III. Siciliana (sol mineur)
IV. Allegro","violin, strings (2 violins or violettas), basso continuo",
TWV 51:G8,,Concerto,G major,"I. Allegro
II. Andante
III. Allegro","violin, strings, basso continuo",
TWV 51:G9,,Concerto,G major,"I. Largo
II. Allegro
III. Andante (mi mineur)
IV. Presto","viola, strings, basso continuo",
TWV 51:h1,,Concerto,B minor,"I. Presto
II. Largo (ré majeur)
III. ...","transverse flute, strings, basso continuo",
TWV 51:h2,,Concerto,B minor,"I. Affettuoso
II. Allegro
III. Adagio (ré majeur)
IV. Vivace","violin, strings, basso continuo",
TWV 52:A1,,Concerto,A major,"1.Andante
2.Vivace
3.Siciliano
4.Allegro","2 oboe d'amore, strings, basso continuo",
TWV 52:a1,,Concerto,A minor,"1.Grave
2.Allegro
3.Dolce (fa majeur)
4.Allegro","recorder, viola da gamba, strings, basso continuo",
TWV 52:A2,,Concerto,A major,"1.Vivace
2.Largo (mi majeur)
3.Allegro","2 violins, strings, basso continuo",
TWV 52:a2,,Concerto,A minor,"1.Gravement
2.Vistement
3.Largement (do majeur)
4.Vivement","2 flutes (recorders), strings, basso continuo",
TWV 52:A3,,Concerto,A major,1....,"2 violins, strings, basso continuo",
TWV 52:B1,,Concerto,B-flat major,"1.Grave
2.Vivace
3.Tendrement (sol mineur)
4.Gayment","2 recorders, strings, basso continuo",
TWV 52:C1,,Concerto,C major,"1.Dolce
2.Allegro
3.Largo
4.Allegro","2 chalumeaux, 2 bassoons, strings, basso continuo",
TWV 52:c1,,Concerto,C minor,"1.Adagio / Allegro
2.Adagio (sol mineur)
3.Allegro","oboe, violin, strings, basso continuo",
TWV 52:C2,,Concerto,C major,"1.Allegro
2.Adagio (la mineur)
3.Alla breve","2 violins, strings, basso continuo",
TWV 52:D1,,Concerto,D major,"1.Largo
2.Vivace
3.Affettuoso (mi majeur)
4.Allegro","2 horns, strings, basso continuo",
TWV 52:d1,,Concerto,D minor,"1.Largo
2.Allegro
3.Adagio
4....","2 chalumeaux, strings, basso continuo",
TWV 52:D2,,Concerto,D major,"1.Spirituoso, ma non presto
2.Largo (si mineur)
3.Allegro
4.Largo (si mineur)
5.Allegro assai","2 horns, strings, basso continuo",
TWV 52:D3,,Concerto,D major,"1.Allegro
2.Adagio (la majeur)
3.Vivace
4.Affettuoso (si mineur)
5.Allegro","2 violins, strings, basso continuo",
TWV 52:D4,,Concerto,D major,"1.Allegro
2.Adagio (si mineur)
3.Allegro","2 violins, 2horns, strings, basso continuo",
TWV 52:e1,,Concerto,E minor,"1.Largo
2.Allegro
3.Largo (mi majeur)
4.Presto","recorder, transverse flute, strings, basso continuo",
TWV 52:e2,,Concerto,E minor,"1....
2.Presto
3.Cantabile (mi majeur)
4.Minu et","2 transverse flutes, strings, basso continuo",
TWV 52:e3,,Concerto,E minor,"1....
2.Adagio (sol majeur)
3.Presto
4.Adagio
5.Allegro","transverse flute, violin, strings, basso continuo",
TWV 52:e4,,Concerto,E minor,"1.Andante
2.Allegro
3.Adagio (sol majeur)
4....","2 violins, strings, basso continuo",
TWV 52:Es1,,Concerto,E-flat major,"1.Allegro
2.Largo (si bémol majeur)
3.Vivace","2 horns, strings, basso continuo",
TWV 52:F1,,Concerto,F major,"1.Largo
2....
3.... (la mineur)
4.Allegro","recorder, bassoon, strings, basso continuo",
TWV 52:F2,,Concerto,F major,"1.Largo
2.Vivace
3.Andante (ré mineur)","oboe, violin, strings, basso continuo",
TWV 52:F3,,Concerto,F major,"1.Largo
2.Allegro
3.Siciliana
4.Allegro","2 horns, strings, basso continuo",
TWV 52:F4,,Concerto,F major,"1....
2.Allegro
3.Largo (ré mineur)
4.Vivace","2 horns, strings, basso continuo",
TWV 52:F5,,Concerto,F major,1....,"2 sampogni, violins, basso continuo",
TWV 52:G1,,Concerto,G major,"1.Grave
2.Vivace
3.Grave (mi mineur)
4.Vivace","2 violins, strings, basso continuo",
TWV 52:g1,,Concerto,G minor,"1.Grave
2.Allegro
3.Largo
4.Vivace","2 violins, strings, basso continuo",
TWV 52:G2,,Concerto,G major,"1.Grave
2.Allegro
3.Largo (mi mineur)
4.Presto","2 violins, strings, basso continuo",
TWV 52:G3,,Concerto,G major,"1.Avecdouceur
2.Gay
3.Largo
4.Vivement","2 violettas, strings, basso continuo",
TWV 53:A1,,Concerto,A major,"I. Grave
II. Allegro
III. Adagio (la mineur)
IV. Vivace","2 transverse flutes, bassoon, strings, basso continuo",
TWV 53:a1,,Concerto,A minor,"I. Lentement
II. ...
III. Loure (la majeur)
IV. ...","2 transverse flutes, bass instrument, strings, basso continuo",
TWV 53:A2,,Concerto,A major,"I. Largo
II. Allegro
III. Gratioso
IV. Allegro","transverse flute, violin, cello, strings, basso continuo",Musique de table I #3
TWV 53:C1,,Concerto,C major,"I. Avec douceur
II. Très vite
III. Tendrement (la mineur)
IV. Vivement","2 oboes, bassoon, strings, basso continuo",
TWV 53:D1,,Concerto,D major,"I. Grave
II. Vivement
III. Largo (si mineur)
IV. Vivace","2 transverse flutes, calchedon or bassoon, strings, basso continuo",
TWV 53:d1,,Concerto,D minor,"I. Grave
II. Allegro
III. Affettuoso
IV. Vivace","2 oboes, bass instrument, strings, basso continuo",
TWV 53:D2,,Concerto,D major,"I. Allegro
II. Adagio (si mineur)
III. Aria
IV. ...
V. Vivace","2 oboes, trumpet, strings, basso continuo",
TWV 53:D3,,Concerto,D major,"I. ...
II. Dolce
III. Allegro","2 oboes d'amore, cello, strings, basso continuo",
TWV 53:D4,,Concerto,D major,"I. Andante
II. ...
III. Adagio
IV. Allegro assai","2 violins, bassoon, strings, basso continuo",
TWV 53:D5,,Concerto,D major,"I. Vivace
II. Adagio (si mineur)
III. Allegro","clairon, violin, cello, strings, basso continuo",
TWV 53:E1,,Concerto,E major,"I. Andante
II. Allegro
III. Siciliana (mi mineur)
IV. Vivace","transverse flute, oboe d'amore, viola d'amore, strings, basso continuo",
TWV 53:e1,,Concerto,E minor,"I. Larghetto
II. ...
III. Largo
IV. Presto","2 transverse flutes, violin, strings, basso continuo",
TWV 53:e2,,Concerto,E minor,"I. ...
II. Andante (sol majeur)
III. Menuet","2 oboes, violin, strings, basso continuo",
TWV 53:F1,,Concerto,F major,"I. Allegro
II. Largo (ré mineur)
III. Vivace","3 violins, strings, basso continuo",Musique de table II #3
TWV 53:G1,,Concerto,G major,"I. ...
II. Allegro
III. Largo (mi mineur)
IV. Presto","2 transverse flutes, bass instrument, strings, basso continuo",
TWV 53:g1,,Concerto,G minor,"I. Grave et détaché
II. Allegro
III. En Loure (ré mineur)
IV. Grave","2 oboes, bassoon, strings, basso continuo",
TWV 53:h1,,Concerto,B minor,"I. Andante
II. Vivace
III. Dolce (ré majeur)
IV. Allegro","2 transverse flutes, calchedon, strings, basso continuo",
TWV 54:A1,,Concerto,A major,"I. Affettuoso
II. Allegro
III. Adagio
IV. Allegro","4 violins, strings, basso continuo",
TWV 54:B1,,Concerto,B-flat major,"I. Largo
II. Allegro
III. Dolce (sol mineur)
IV. Allegro","2 transverse flutes, oboe, violin, strings, basso continuo",
TWV 54:B2,,Concerto,B-flat major,"I. Andante
II. Presto
III. Cantabile (mi bémol majeur)
IV. Allegro","2 recorders, 2 oboes, strings, basso continuo",
TWV 54:D1,,Concerto,D major,"I. Vivace
II. Siciliana (ré mineur)
III. Allegro
IV. Gavotte. Presto","2 transverse flutes, violin, cello, strings, basso continuo",
TWV 54:D2,,Concerto,D major,"I. Allegro
II. Grave (si mineur)
III. Presto","3 horns, violin, strings, basso continuo",
TWV 54:D3,,Concerto,D major,"I. Intrada
II. Grave
III. Allegro
IV. Largo (si mineur)
V. Vivace","3 trumpets, timpani, 2 oboes, strings, basso continuo",
TWV 54:D4,,Concerto,D major,"I. Largo
II. Allegro
III. Adagio (ré mineur)
IV. Presto","3 trumpets, timpani, strings, basso continuo",
TWV 54:Es1,,Concerto,E-flat major,"I. Maestoso
II. Allegro
III. Grave (do mineur)
IV. Vivace","2 ""trombe selvatiche"", 2 violins,  strings, basso continuo",Musique de table III #3
TWV 54:F1,,Concerto,F major,"I. Vivace
II. Scherzando (ré mineur)
III. Bourée
IV. Menuet
V. Loure (ré mineur)
VI. Gigue","2 horns, violin, recorder, oboe, cello, strings, basso continuo",
TWV 55:A1,,Ouverture-Suite,A major,"I. Ouverture
II. Branle
III. Gaillarde
IV. Sarabande
V. Réjouissance
VI. Passepied
VII. Canarie","2 horns ad lib, strings, basso continuo",6 Ouvertures à 4 ou 6 #2 [Lost]
TWV 55:a1,,Ouverture-Suite,A minor,"I. Ouverture
II. Rondeau
III. Gavotte
IV. Courante
V. Rigaudon
VI. Forlane (do majeur)
VII. Menuet I / Menuet II (la majeur)","2 horns ad lib, strings, basso continuo",6 Ouvertures à 4 ou 6 #4
TWV 55:A10,,Suite,A major,"I. Bourrée [4]
II. Menuet [6]
III. Gigue [7]","strings, basso continuo",32:16
TWV 55:A2,,Ouverture-Suite,A major,"I. Ouverture
II. Les Flots. Modéré
III. Réjouissance
IV. Rondeau
V. Fanfare. Très viste
VI. Menuet I / Menuet II
VII. Polonoise","strings, basso continuo",
TWV 55:a2,,Ouverture-Suite,A minor,"I. Ouverture
II. Les Plaisirs I et II
III. Air à l'Italien. Largo
IV. Menuet I (alternativement) / Menuet II
V. Réjouissance. Viste
VI. Passepied I / Passepied II (la majeur)
VII. Polonoise","recorder, strings, basso continuo",
TWV 55:A3,,Ouverture-Suite,A major,"I. Ouverture
II. Menuet
III. Air
IV. Bourrée
V. Rondeau
VI. Gigue
VII. Angloise
VIII. Harlequinade","strings, basso continuo",
TWV 55:a3,,Ouverture-Suite,A minor,"I. Ouverture
II. Les Plaisirs
III. Loure
IV. Furies
V. Rigaudon en Rondeau I / Rigaudon II / Rigaudon III (la majeur)
VI. Menuet
VII. Les Matelots
VIII. Gigue angloise
IX. Rondeau
X. Hornpipe","2 oboes, bassoon, strings, basso continuo",
TWV 55:a4,,Ouverture-Suite,A minor,"I. Ouverture
II. Passepied + Trio
III. Bourrée
IV. Menuet + Trio (la majeur)
V. Rondeau
VI. Polonoise
VII. Gigue","2 recorders, 2 oboes, strings, basso continuo",
TWV 55:A4,,Ouverture-Suite,G major,"I. Ouverture
II. Divertimento
III. Le Lusinghe
IV. Minuetta I / Minuetta II. Double
V. Passa tempo
VI. Tempo di Giga","violin, strings, basso continuo",
TWV 55:A5,"Ouverture ""Festliche Suite""",Ouverture-Suite,A major,"I. Ouverture
II. Marche
III. Plainte
IV. Gavotte I / Gavotte II en Musette
V. Passepied + Double
VI. Gigue","2 violins, basso continuo",
TWV 55:a5,,Ouverture-Suite,A minor,"I. Ouverture
II. Entrée
III. ...
IV. Rondeau
V. Chaconne
VI. ...
VII. Air
VIII. Menuet I (alternativement) / Menuet II. Doux","strings, basso continuo",
TWV 55:A6,,Ouverture-Suite,A major,,"strings, basso continuo",Anh. 55:A1
TWV 55:a6,,Ouverture-Suite,A minor,"I. Ouverture
II. Loure
III. Bourrée
IV. Rondeau
V. La Réjouissance
VI. Menuet I (alternativement) / Menuet II","2 oboes, strings, basso continuo",
TWV 55:A7,,Ouverture-Suite,A major,"I. Ouverture
II. Invention I. Modéré (ré majeur)
III. Invention II. Légèrement (fa dièse mineur)
4.-VII. Invention III - VI","violin, strings, basso continuo",[fragment]
TWV 55:a7,,Ouverture-Suite,A minor,"I. Ouverture
II. Réjouissance
III. Aria
IV. Rigaudon
V. Menuet (alternativement) / Trio (la majeur)
VI. Harlequinade (la majeur)","strings, basso continuo",
TWV 55:A8,,Ouverture-Suite,A major,"I. Ouverture
II. Passepied I (alternativement) / Passepied II
III. Aria I. Un peu gaiement / Aria II
IV. Rondeau
V. Menuet I / Menuet II
VI. Fanfare. Très vite
VII. Air
VIII. Gigue","violin, strings, basso continuo",
TWV 55:A9,,Ouverture-Suite,A major,I. Ouverture,"strings, basso continuo",
TWV 55:B1,,Ouverture-Suite,B-flat major,"I. Ouverture. Lentement / Presto
II. Bergerie. Un peu vivement
III. Allégresse. Vite
IV. Postillons
V. Flaterie
VI. Badinage. Très vite
VII. Menuet","2 oboes, strings, basso continuo",Musique de table III #1
TWV 55:B10,,Ouverture-Suite,B-flat major,"I. Ouverture
II. Rondeau
III. Air. Un peu viste
IV. Hornpipe
V. Menuet I (alternativement) / Menuet II
VI. Bourrée
VII. Plainte
VIII. Combattans
IX. Passepied I (alternativement) / Passepied II","3 oboe, bassoon, strings, basso continuo",
TWV 55:B11,"Ouverture ""La Bourse""",Ouverture-Suite,B-flat major,"I. Ouverture
II. Le repos interrompu
III. La guerre en la paix
IV. Les Vainqueurs vaincus
V. La Solitude associée
VI. L'Espérance de Mississippi. Vistement","2 oboes, strings, basso continuo",
TWV 55:B12,,Ouverture-Suite,B-flat major,"I. Ouverture
II. Courante
III. Rondeau
IV. Menuet
V. Furies
VI. Polonoise","strings, basso continuo",
TWV 55:B13,,Ouverture-Suite,B-flat major,"I. Ouverture
II. Gigue
III. Gavotte
IV. Menuet (alternativement) / Trio
V. Plainte (sol mineur) + Trio
VI. Bourrée
VII. Affettuoso e molto adagio (mi bémol majeur)
VIII. Passepied (alternativement) / Trio","2 oboes, strings, basso continuo",
TWV 55:B14,,Ouverture-Suite,B-flat major,I. Ouverture [fragment],"strings, basso continuo",
TWV 55:B2,,Ouverture-Suite,B-flat major,"I. Ouverture
II. Preludio. Con affetto
III. Aria I. Presto
IV. Aria II. Dolce
V. Aria III. Vivace
VI. Aria IV. Largo
VII. Aria V. Vivace
VIII. Aria VI. Allegro","strings, basso continuo",
TWV 55:B3,"Ouverture ""Le Sommeil""",Ouverture-Suite,B-flat major,"I. Ouverture
II. La Discrétion
III. Menuet I (alternativement) / Menuet II
IV. Courante
V. La Grimace
VI. La Doute
VII. Le Sommeil. Très lentement
VIII. Mercure","strings, basso continuo",
TWV 55:B4,,Ouverture-Suite,B-flat major,"I. Ouverture
II. Air à l'Italien. Vivement
III. Les Cornes de Visbade
IV. Loure
V. Marche
VI. Menuet I / Menuet II. Doux
VII. Furie","strings, basso continuo",
TWV 55:B5,"Ouverture ""Volker-Ouverture""",Ouverture-Suite,B-flat major,"I. Ouverture
II. Menuet I (alternativement) / Menuet II. Doucement
III. Les Turcs
IV. Les Suisses. Grave (sol mineur) / Viste (sol mineur)
V. Les Moscovites
VI. Les Portugais. Grave (sol mineur) / Viste (sol mineur)
VIII. Les Boiteux (alternativement)
IX. Les Coureurs","strings, basso continuo",
TWV 55:B6,,Ouverture-Suite,B-flat major,"I. Ouverture
II. ...
III. ... (la majeur)
IV. ... (ré majeur)
V. ... (do majeur)
VI. [Allegro] (sol mineur)
VII. ... (fa majeur)
VIII. Vivace (fa majeur)
IX. ...","transverse flute, 2 recorders, 2 oboes, bassoon, strings, basso continuo",
TWV 55:B7,,Ouverture-Suite,B-flat major,"I. Ouverture
II. Réjouissance
III. Loure
IV. Rondeau
V. Menuet (alternativement) / Trio
VI. Gigue","2 oboes, bassoon, strings, basso continuo",
TWV 55:B8,Ouverture burlesque,Ouverture-Suite,B-flat major,"I. Ouverture
II. Scaramouches
III. Harlequinade
IV. Colombine. Con Grave
V. Pierrot. Viste
VI. Menuet I (alternativement) / Menuet II
VII. Mezzetin en Turc","strings, basso continuo",
TWV 55:B9,Ouverture avec des airs,Ouverture-Suite,B-flat major,"I. Ouverture
II. Courante
III. Marche
IV. Air. Lentement
V. Air. Vivace
VI. Menuet","strings, basso continuo",
TWV 55:C1,,Ouverture-Suite,C major,"I. Ouverture
II. La Complaisance
III. L'Indignation. Très vite
IV. Menuet I / Menuet II
V. Loure
VI. Très vite","3 violins, basso continuo",
TWV 55:c1,,Ouverture-Suite,C minor,"I. Ouverture
II. Courante
III. Gavotte
IV. Loure
V. Rondeau
VI. Menuet I / Menuet II / Menuet III
VII. Gigue","strings, basso continuo",
TWV 55:C2,,Ouverture-Suite,C major,"I. Ouverture
II. Air (do mineur)
III. Réjouissance
IV. Entrée
V. Amener
VI. Rondeau
VII. Les Trompettes","oboe, strings, basso continuo",
TWV 55:c2,,Ouverture-Suite,C minor,"I. Ouverture
II. Air. Vivement
III. Rondeaux
IV. Fugue. Vivement
V. Gavotte I (alternativement) / Gavotte II
VI. Menuet I (alternativement) / Menuet II
VII. Gigue","2 oboes, strings, basso continuo",
TWV 55:C3,"Ouverture ""Wasser""",Ouverture-Suite,C major,"I. Ouverture
II. Sarabande. Die schlaffende Thetis. Doucement
III. Bourée. Die erwachende Thetis.
IV. Loure. Der verliebte Neptunus.
V. Gavotte. Die spielenden Najaden.
VI. Harlequinade. Der schertzende Tritonus.
VII. Der sturmende Aeolus.
VIII. Menuet. Der angenehme Zephir.
IX. Gig. Ebbe und Fluth.
X. Canarie.Die lustigen Bots-Leut.","2 recorders, piccolo, transverse flute, 2 oboes, bassoon, strings, basso continuo",
TWV 55:c3,,Ouverture-Suite,C minor,"I. Ouverture
II. Prélude. Adagio
III. Aria I. Presto
IV. Aria II. Vivace
V. Aria III. Vivace
VI. Aria IV. Allegro
VII. Aria V. Allegro
VIII. Aria VI. Presto","strings, basso continuo",
TWV 55:C4,,Ouverture-Suite,C major,"I. Ouverture
II. Courante
III. Les Étudiants gaillards
IV. Entrée
5.Sarabande
VI. Rigaudon + Trio
VII. Menuet I / Menuet II / Menuet III
VIII. Allemande
IX. Canarie
X. Air italien","2 oboes, bassoon, strings, basso continuo",
TWV 55:c4,,Ouverture-Suite,C minor,I. Ouverture,"2 oboes, violin, strings, basso continuo",
TWV 55:C5,"Ouverture ""La Bouffonne""",Ouverture-Suite,C major,"I. Ouverture
II. Loure
III. Les Boiteux
IV. Menuet I / Menuet II
V. Entrée
VI. Pastorelle. Doucement","strings, basso continuo",
TWV 55:C6,,Ouverture-Suite,C major,"I. Ouverture
II. Harlequinade
III. Espagnol
IV. Bourrée en Trompette
V. Sommeille
VI. Rondeau
VII. Menuet I / Menuet II
VIII. Gigue","3 oboe, strings, basso continuo",
TWV 55:C7,,Ouverture-Suite,C major,"I. Ouverture
II. Courante
III. Menuet
IV. Marche
V. Angloise
VI. Gigue","strings, basso continuo",(2 hautbois et basson = 2 violons et basse continue)
TWV 55:D1,,Ouverture-Suite,D major,"I. Ouverture. Lentement
II. Air I. Tempo giusto
III. Air II. Vivace
IV. Air III. Presto
V. Air IV. Allegro","trumpet, oboe, strings, basso continuo",Musique de table II #1
TWV 55:d1,,Ouverture-Suite,D minor,"I. Ouverture
II. Passepied I / Passepied II. Doucement (ré majeur)
III. Entrée. Viste
IV. Loure
V. Rondeaux","strings, basso continuo",
TWV 55:D10,,Ouverture-Suite,D major,"I. Ouverture
II. Réjouissance
III. Rondeau
IV. Menuet
V. Air
VI. Gigue","strings, basso continuo",
TWV 55:D11,,Ouverture-Suite,D major,"I. Ouverture
II. Bourrée
III. Aria. Largo
IV. Gigue
V. Aria. Affettuoso
VI. Menuet
VII. Rondeaux","strings, basso continuo",
TWV 55:D12,,Ouverture-Suite,D major,"I. Ouverture
II. Perpetuum mobile
III. Sarabande
IV. Bourrée
V. Menuet I / Menuet II
VI. Tourbillon
VII. Gigue","strings, basso continuo",
TWV 55:D13,"Ouverture ""La Gaillarde""",Ouverture-Suite,D major,"I. Ouverture. Largo / Allegro
II. Sicilienne
III. Angloise. Vivement
IV. Musette
V. Batelière
VI. Polonoise
VII. Menuet I / Menuet II","strings, basso continuo",
TWV 55:D14,,Ouverture-Suite,D major,"I. Ouverture
II. Badinage
III. Rondeau
IV. Menuet I / Menuet II
V. Sarabande
VI. Caprice
VII. Gigue","violin, strings, basso continuo",
TWV 55:D15,,Ouverture-Suite,D major,"I. Ouverture
II. Prélude. Très viste
III. Gigue
IV. Menuet I (alternativement) / Menuet II
V. Harlequinade
VI. Loure
VII. Rondeau
VIII. Réjouissance","3 oboe, strings, basso continuo",
TWV 55:D16,"Ouverture ""Kleine Suite""",Ouverture-Suite,D major,"I. Ouverture
II. Rondeau
III. Loure
IV. Menuet I (alternativement) / Menuet II
V. Rigaudon","2 violins, 2 violes, basso continuo",
TWV 55:D17,,Ouverture-Suite,D major,"I. Ouverture
II. Les Janissaires
III. Menuet I (alternativement) / Menuet II
IV. Espagniole
V. Carillon
VI. À la Trompette
VII. Bourrée","2 trumpets, strings, basso continuo",
TWV 55:D18,,Ouverture-Suite,D major,"I. Ouverture
II. Menuet I (alternativement) / Menuet II
III. Gavotte en Rondeau
IV. Passacaille
V. Air. Lentement
VI. Les Postillons
VII. Fanfare. Très vite","2 trumpets, timpani, strings, basso continuo",
TWV 55:D19,,Ouverture-Suite,D major,"I. Ouverture
II. Bourrée
III. Loure
IV. Rondeau. Légèrement
V. Écossaise
VI. Menuet + Trio. Doux
VII. Gigue","2 horns, strings, basso continuo",
TWV 55:D2,,Ouverture-Suite,D major,"I. Ouverture
II. Hornpipe
III. Entrée
IV. Bourrée
V. Villanelle
VI. Menuet
VII. Passacaille","2 horns ad lib, strings, basso continuo",6 Ouvertures à 4 ou 6 #5 [fragment]
TWV 55:d2,,Ouverture-Suite,D minor,"I. Ouverture
II. Rondeau
III. Irlandoise
IV. Réjouissance
V. Sarabande
VI. Les Scaramouches
VII. Menuet I (alternativement) / Menuet II. Doucement
VIII. Entrée","strings, basso continuo",
TWV 55:D20,,Ouverture-Suite,D major,"I. Ouverture
II. Bourrée
III. Courante","strings, basso continuo",
TWV 55:D21,,Ouverture-Suite,D major,"I. Ouverture
II. Plainte
III. Réjouissance. Vivement (si mineur)
IV. Carillon. Gracieusement
V. Tintamarre. Légèrement
VI. Loure (ré mineur)
VII. Menuet I / Menuet II","2 horns, 2 oboes, strings, basso continuo",pour Mo. le Landgrave Louis VIII d'Hessen-Darmstadt
TWV 55:D22,"Ouverture ""jointes d'une Suite tragi-comique""",Ouverture-Suite,D major,"I. Ouverture
II. Le Podagre. Loure (ré mineur)
III. Remède expérimente: La Poste et la Dance. Menuet en Rondeau
IV. L'Hypochondre. Sarabande (sol mineur) / Gigue (sol mineur)
V. Remède: Souffrance héroïque. Marche
VI. Le Petit-Maître
VII. Remède: Petite-maison. Furie","3 trumpets, timpani, strings, basso continuo",
TWV 55:D23,,Ouverture-Suite,D major,"I. Ouverture
II. Menuet I (alternativement) / Menuet II. Doux, Viste
III. Plainte [sans flûtes] (ré mineur) / Gaillarde, qui s'alterne avec la Plainte
IV. Sarabande
V. Passepied I / Passepied II (ré mineur)
VI. Passacaille","2 flutes, bassoon, strings, basso continuo",
TWV 55:D24,,Ouverture-Suite,D major,,"2 horns, 2 oboes, bassoon","""Blasersuite"" = 44:3"
TWV 55:D25,,Ouverture-Suite,D major,,"3 oboe, basso continuo",43:D9
TWV 55:D26,,Ouverture-Suite,D major,I. Ouverture,"3 trumpets, timpani, flute, violin, strings, basso continuo",
TWV 55:D3,,Ouverture-Suite,D major,"I. Ouverture
II. Air en Gavotte
III. Réjouissance
IV. Menuet I / Menuet II / Menuet III (ré mineur)
V. Loure
VI. Hanaquoise
VII. Gigue","strings, basso continuo",
TWV 55:d3,,Ouverture-Suite,D minor,"I. Ouverture
II. Menuet I (alternativement) / Menuet II (ré majeur)
III. Gavotte
IV. Courante
V. Air
VI. Loure
VII. Hornpipe
VIII. Canaries
IX. Gigue","3 oboe, bassoon, strings, basso continuo",
TWV 55:D4,,Ouverture-Suite,D major,"I. Ouverture
II. Menuet I (alternativement) / Menuet II. Doucement (ré mineur)
III. Furies. Très viste
IV. Entrée
V. Passepied I (alternativement) / Passepied II Trio (ré mineur)
VI. Loure (ré mineur)
VII. Canaries
VIII. Chaconne
IX. Air. Sérieusement (ré mineur) / Viste","2 oboes, bassoon, 2 violins, strings, basso continuo",
TWV 55:D5,"Ouverture ""La Galante""",Ouverture-Suite,D major,"I. Ouverture
II. Air I. Avec modération
III. Air II. Gayement
IV. Air III. Vistement
V. Air IV. Sérieusement mais avec cadence
VI. Air V. Gayement
VII. Air VI. Vistement
VIII. Air VII. Très viste","strings, basso continuo",
TWV 55:D6,,Ouverture-Suite,D major,"I. Ouverture
II. La Trompette
III. Sarabande
IV. Rondeau
V. Bourrée
VI. Courante + Double
VII. Gigue. Presto","cello / viola da gamba, strings, basso continuo",
TWV 55:D7,,Ouverture-Suite,D major,"I. Ouverture
II. Air. Détaché
III. Rigaudon
IV. Plainte
V. Furies. Très viste
VI. Loure
VII. Trezza
VIII. Menuet I / Menuet II. Doucement","trumpet, strings, basso continuo",
TWV 55:D8,,Ouverture-Suite,D major,"I. Ouverture
II. Marche
III. Menuet I / Menuet II
IV. Aria
V. La Réjouissance
VI. Sarabande
VII. Gigue
VIII. Passepied I / Passepied II
IX. Rondeau","trumpet, strings, basso continuo",
TWV 55:D9,,Ouverture-Suite,D major,"I. Ouverture
II. Menuet I / Menuet II
III. Rigaudon
IV. Loure
V. Brandle
VI. Sarabande
VII. ...","strings, basso continuo",
TWV 55:E1,,Ouverture-Suite,E major,"I. Ouverture
II. Loure
III. Marche
IV. Air
V. Passepied
VI. Angloise
VII. Les Furies
VIII. Rigaudon
IX. Menuet I / Menuet II
X. Hanasky","strings, basso continuo",
TWV 55:e1,,Ouverture-Suite,E minor,"I. Ouverture. Lentement / Vite
II. Réjouissance
III. Rondeau
IV. Loure
V. Passepied
VI. Air. Un peu vivement
VII. Gigue","2 transverse flutes, strings, basso continuo",Musique de table I #1
TWV 55:e10,,Ouverture-Suite,E minor,"I. Ouverture
II. Rigaudon
III. Carillon
IV. Air. Tendrement
V. Gigue
VI. Menuet I / Menuet II. Doucement","oboe / transverse flute, strings, basso continuo",
TWV 55:E2,,Ouverture-Suite,E major,"I. Ouverture
II. Entrée
III. Rigaudon I / Rigaudon II
IV. Air
V. Rondeau hanaquoise
VI. Passepied
VII. Harlequinade
VIII. Menuet I / Menuet II / Menuet III","oboe d'amore, strings, basso continuo",
TWV 55:e2,,Ouverture-Suite,E minor,"I. Ouverture
II. Rondeaux
III. Bourrée
IV. Menuet I (alternativement) / Menuet II (mi majeur)
V. Gigue","strings, basso continuo",
TWV 55:E3,,Ouverture-Suite,E major,"I. Ouverture
II. Bourrée
III. Sarabande
IV. Menuet I / Menuet II
V. Sicilienne
VI. Gigue","violin, strings, basso continuo",
TWV 55:e3,,Ouverture-Suite,E minor,"I. Ouverture
II. Les Cyclopes
III. Menuet + Trio (sol majeur)
IV. Galimatias en Rondeau
V. Hornpipe","2 transverse flutes, 2 oboes, bassoon, 2 violins, strings, basso continuo",
TWV 55:E4,,Ouverture-Suite,E major,"I. Ouverture
II. Aria. Allegro
III. Aria. Allegro
IV. Rondeau
V. Gavotte. Presto
VI. Menuet + Trio (mi mineur)
VII. Gigue","strings, basso continuo",
TWV 55:e4,,Ouverture-Suite,E minor,"I. Ouverture
II. Rigaudon
III. La Discrétion
IV. La Querelle
V. Menuet I / Menuet II
VI. Rondeau
VII. Passepied I / Passepied II
VIII. Passacaille","strings, basso continuo",
TWV 55:e5,,Ouverture-Suite,E minor,"I. Ouverture
II. Réjouissance
III. Air
IV. Gigue
V. Menuet + Trio
VI. Forlane","strings, basso continuo",
TWV 55:e6,,Ouverture-Suite,E minor,"I. Ouverture
II. Preludio
III. Aria I
IV. Aria II
V. Aria III
VI. Aria IV
VII. Aria V
VIII. Aria VI","2 oboes, strings, basso continuo",
TWV 55:e7,,Ouverture-Suite,E minor,"I. Ouverture
II. Le Contentement
III. Gavotte
IV. Loure
V. Menuet
VI. Rondeau
VII. Canarie. Très viste","strings, basso continuo",
TWV 55:e8,"Ouverture ""L'Omphale""",Ouverture-Suite,E minor,"I. Ouverture
II. Pastorale (sol majeur)
III. Bourrée
IV. Passepied (mi majeur)
V. Les Jeux. Vite
VI. Les Magiciens. Gravement
VII. Menuet en Rondeau","strings, basso continuo",
TWV 55:e9,,Ouverture-Suite,E minor,"I. Ouverture
II. Gavotte grotesque (alternativement) + Trio
III. Rondeau
IV. Menuet I / Menuet II
V. Gigue à l'Angloise
VI. Loure
VII. Passepied I (alternativement) / Passepied II. Trio","strings, basso continuo",
TWV 55:Es1,,Ouverture-Suite,E-flat major,"I. Ouverture
II. La Douceur
III. Menuet
IV. Les Coureurs
V. Air
VI. Les Gladiateurs
VII. Les Querelleurs","2 horns ad lib, strings, basso continuo",6 Ouvertures à 4 ou 6 #3
TWV 55:Es2,,Ouverture-Suite,E-flat major,"I. Ouverture. Pastorelle
II. Menuet I / Menuet II
III. Sarabande
IV. Bourrée I en Écho (alternativement) / Bourrée II
V. Passepied
VI. Gavotte
VII. Gigue","pastoral flute, strings, basso continuo",
TWV 55:Es3,"Ouverture ""La lyra""",Ouverture-Suite,E-flat major,"I. Ouverture
II. Bourrée I / Bourrée II
III. Gigue
IV. Menuet I / Menuet II. Doucement (la bémol majeur)
V. La Vielle
VI. Sicilienne
VII. Rondeau","strings, basso continuo",
TWV 55:Es4,,Ouverture-Suite,E-flat major,"I. Ouverture
II. Entrée
III. Menuet I / Menuet II
IV. Loure
V. Gigue
VI. Bourrée I / Bourrée II
VII. Polonoise
VIII. Aria
IX. Passepied I / Passepied II","strings, basso continuo",
TWV 55:Es5,,Ouverture-Suite,E-flat major,"I. Ouverture
II. Preludio. Affetuoso
III. Aria I. Presto
IV. Aria II. Vivace
V. Aria III. Tempo di Ciaconna
VI. Aria IV. Allegro
VII. Aria V. Allegro
VIII. Aria VI. Tempo di Minuet","2 oboes, strings, basso continuo",
TWV 55:F1,,Ouverture-Suite,F major,"I. Ouverture
II. Pastourelle
III. Rondeau
IV. Gigue
V. Loure
VI. Menuet
VII. Chaconne","2 horns ad lib, strings, basso continuo",6 Ouvertures à 4 ou 6 #1 [fragment]
TWV 55:f1,,Ouverture-Suite,F minor,"I. Ouverture
II. Menuet I (alternativement) / Menuet II
III. Rondeau
IV. Sarabande
V. Passepied
VI. Plainte
VII. Allemande
VIII. Chaconne
IX. Gigue","2 recorders, strings, basso continuo",
TWV 55:F10,Ouverture à la burlesque,Ouverture-Suite,F major,"I. Ouverture
II. Air I
III. Air II
IV. Air III
V. Air IV
VI. Air V
VII. Air VI","strings, basso continuo",
TWV 55:F11,"Ouverture ""Alster""",Ouverture-Suite,F major,"I. Ouverture
II. Die canonierende Pallas
III. Das Alster Echo
IV. Die Hamburgischen Glockenspiele
V. Der Schwanen Gesang (fa mineur)
VI. Der Alster Schaffer Dorff Music
VII. Die concertierenden Frosche und Krahen
VIII. Der jauchzende Pan
IX. Der frohlockende Peleus
X. Der Ruhende Pan
1I. Der Schaffer und Nymphen eilfertiger Abzug","4 horns, 2 oboes, 2 violins, basso continuo",
TWV 55:F12,,Ouverture-Suite,F major,"I. Ouverture
II. ...
III. ...
IV. ...
V. Modérément vite
VI. Gayment (do majeur)
VII. Vite","2 horns, strings, basso continuo",
TWV 55:F13,,Ouverture-Suite,F major,"I. Ouverture
II. Réjouissance
III. Passepied
IV. Allemande
V. Courante
VI. Menuet I / Menuet II (fa majeur)
VII. Gigue","violin, strings, basso continuo",
TWV 55:F14,,Ouverture-Suite,F major,"I. Ouverture
II. Passetemps. Vivement
III. Sarabande
IV. Rigaudon I / Rigaudon II
V. Rondeau
VI. Polonoise
VII. Chasse
VIII. Menuet","oboe or violin I, violin II, viola, basso continuo",
TWV 55:F15,,Ouverture-Suite,F major,,"2 horns, 2 oboes, bassoon","""Blasersuite"" = 44:12"
TWV 55:F16,,Ouverture-Suite,F major,"I. Ouverture
II. Courante
III. Bourrée I / Bourrée II
IV. Loure
V. Menuet I / Menuet II
VI. Forlane. Très vite
VII. La Tempête","2 horns, strings, basso continuo",
TWV 55:F17,,Suite,F major,,"2 horns, 2 oboes, bassoon","""Blasersuite"" = 44:13"
TWV 55:F18,,Ouverture-Suite,F major,,"2 horns, 2 oboe d'amore, bassoon","""Blasersuite"" = 44:14"
TWV 55:F2,,Ouverture-Suite,F major,,"2 chalumeaux, 2 violetta, basso continuo",44:6
TWV 55:F3,,Ouverture-Suite,F major,"I. Ouverture
II. Rondeau
III. Sarabande. Douce
IV. Menuet I + Trio (ré mineur)
V. La Badinerie
VI. Gigue
VII. Réjouissance + Trio
VIII. Fanfare","2 horns, 2 oboes, bassoon, strings, basso continuo",
TWV 55:F4,,Ouverture-Suite,F major,,"2 horns, 2 violins, basso continuo",44:7
TWV 55:F5,,Ouverture-Suite,F major,,"2 horns, 2 oboe / violins, bassoon","""Blasersuite"" = 44:8"
TWV 55:F6,,Ouverture-Suite,F major,"I. Ouverture
II. Aria
III. Rondeau
IV. Marche
V. Chaconne
VI. Menuet
VII. Air. Viste","strings, basso continuo",
TWV 55:F7,Ouverture à la Pastorelle,Ouverture-Suite,F major,"I. Ouverture
2.Viste
III. Menuet
IV. Air. Andante
V. Gigue. Très viste
VI. Caprice. Vistement
VII. Carillon","strings, basso continuo",
TWV 55:F8,,Ouverture-Suite,F major,,"2 horns, 2 oboes, bassoon","""Blasersuite"" = 44:9"
TWV 55:F9,,Ouverture-Suite,F major,,"2 horns, 2 oboes, bassoon","""Blasersuite"" = 44:10"
TWV 55:fis1,,Ouverture-Suite,F-sharp minor,"I. Ouverture
II. Les Plaisirs
III. Angloise. Vivement
IV. La Badinerie italienne. Viste
V. Loure
VI. Menuet I / Menuet II. Doucement
VII. Courante
VIII. Le Batelage","strings, basso continuo",
TWV 55:G1,,Ouverture-Suite,G major,"I. Ouverture
II. Prélude. Vistement
III. Air. Doucement
IV. Air. Lentement
V. Air en menuet I (alternativement) / Menuet II
VI. Air en Sarabande (sol mineur) / Viste (sol mineur)
VII. Entrée
VIII. Angloise","2 oboes, strings, basso continuo",
TWV 55:g1,,Ouverture-Suite,G minor,"I. Ouverture
II. Napolitaine I / Napolitaine II en Musette (sol majeur)
III. Polonoise
IV. Mourky (sol majeur)
V. Menuet I / Menuet II
VI. Musette en Rondeau
VII. Harlequinade","2 horns ad lib, strings, basso continuo",6 Ouvertures à 4 ou 6 #6 “La Musette”
TWV 55:G10,,Ouverture-Suite,G major,"I. Ouverture
II. Le Réveil de Quichotte
III. Son Attaque des Moulins à Vent
IV. Ses Soupirs amoureux après la Princesse Dulcinée
V. Sanche Panse berné
VI. Le Galope de Rosinante
VII. Celui d'Ane de Sanche
VIII. Le Couché de Quichotte","strings, basso continuo","Quichotte"" ""Burlesque"
TWV 55:G11,,Ouverture-Suite,G major,"I. Ouverture
II. Preludio. Siciliana
III. Aria I. Allegro
IV. Aria II. Allegro
V. Aria III. Vivace
VI. Aria IV. Affettuoso
VII. Aria V. Presto
VIII. Aria VI. Tempo di Menuet","strings, basso continuo",
TWV 55:G12,"Ouverture ""avec la suite burlesque""",Ouverture-Suite,G major,"I. Ouverture
II. Air I
III. Air II
IV. Air III
V. Air IV
VI. Air V
VII. Air VI","strings, basso continuo",
TWV 55:G13,,Ouverture-Suite,G major,"I. Ouverture
II. Bourrée I / Bourrée II
III. Loure
IV. Rondeau
V. Menuet","violin, strings, basso continuo",[lost]
TWV 55:G2,"Ouverture ""La Bizarre""",Ouverture-Suite,G major,"I. Ouverture
II. Courante
III. Gavotte en Rondeau
IV. Branle
V. Sarabande
VI. Fantaisie
VII. Menuet I / Menuet II. Doucement
VIII. Rossignol","strings, basso continuo",
TWV 55:g2,"Ouverture ""La Changeante""",Ouverture-Suite,G minor,"I. Ouverture
II. Loure (ré majeur)
III. Les Scaramouches. Vitement (si mineur)
IV. Menuet I (mi mineur) / Menuet II. Doux (mi majeur)
V. La Plaisanterie (do majeur)
VI. Hornpipe (fa majeur)
VII. Avec douceur (si bémol majeur)
VIII. Canarie","strings, basso continuo",
TWV 55:G3,,Ouverture-Suite,G major,"I. Ouverture
II. Prélude. Vite
III. Menuet
IV. Bourrée I / Bourrée II (mi mineur)
V. Loure
VI. Sarabande
VII. Menuet
VIII. Chaconne","strings, basso continuo",
TWV 55:g3,,Ouverture-Suite,G minor,"I. Ouverture
II. Preludio. Grave
III. Aria I. Allegro
IV. Aria II en Rondeau. Allegro
V. Aria III. Tempo di Menuet
VI. Aria IV. Allegro
VII. Aria V. Tempo giusto
VIII. Aria VI. Allegro assai","2 oboes, bassoon, strings, basso continuo",
TWV 55:G4,"Ouverture ""Les nations anciennes et modernes""",Ouverture-Suite,G major,"I. Ouverture
II. Menuet I / Menuet II
III. Les Allemands anciens
IV. Les Allemands modernes
V. Les Suédois anciens
VI. Les Suédois modernes
VII. Les Danois anciens
VIII. Les Danois modernes
IX. Les vieilles femmes","strings, basso continuo",
TWV 55:g4,,Ouverture-Suite,G minor,"I. Ouverture
II. Rondeau. Gayement
III. Les Irrésoluts. À discrétion
IV. Les Capricieux
V. Loure
VI. Gasconnade
VII. Menuet I / Menuet II","3 oboe, bassoon, strings, basso continuo",
TWV 55:G5,,Ouverture-Suite,G major,"I. Ouverture
II. Les Augures + Trio (sol mineur)
III. Rondeau
IV. Entrée
V. La Joye
VI. Sarabande
VII. Gigue
VIII. Gavotte en Rondeau
IX. Plainte
X. Menuet I / Menuet II / Menuet III","2 oboes, bassoon, strings, basso continuo",
TWV 55:g5,,Ouverture-Suite,G minor,"I. Ouverture
II. Loure
III. Bourrée I / Bourrée II (sol majeur)
IV. Menuet I / Menuet II
V. Air angloise","strings, basso continuo",
TWV 55:G6,,Ouverture-Suite,G major,"I. Ouverture
II. Entrée
III. Bourrée
IV. Loure. Grave
V. Rondeau
VI. Menuet I (alternativement) / Menuet II","violin, strings, basso continuo",
TWV 55:g6,,Ouverture-Suite,G minor,"I. Ouverture
II. Rondeau
III. Rigaudon
IV. Menuet I (alternativement) / Menuet II
V. Loure
VI. Gavotte
VII. Gigue","strings, basso continuo",
TWV 55:G7,,Ouverture-Suite,G major,"I. Ouverture
II. Gavotte
III. Menuet I / Menuet II
IV. Chaconne
V. Gigue","violin, 2 oboes, strings, basso continuo",
TWV 55:g7,,Ouverture-Suite,G minor,"I. Ouverture / Très vite
II. Cajolerie
III. Rondeau
IV. Loure (sol mineur/ré majeur)
V. Gavotte
VI. Menuet I (alternativement) / Menuet II","violin, strings, basso continuo",
TWV 55:G8,"Ouverture ""La Querelleuse""",Ouverture-Suite,G major,"I. Ouverture
II. Rondeau
III. Les Combattants
IV. Passetemps
V. Badinerie
VI. Menuet I / Menuet II","strings, basso continuo",
TWV 55:g8,,Ouverture-Suite,G minor,"I. Ouverture
II. Rondeau
III. Passepied
IV. Sarabande
V. Echo. Vistement
VI. Passacaglia
VII. Menuet I (alternativement) / Menuet II (sol majeur)","2 violins, strings, basso continuo",
TWV 55:G9,,Ouverture-Suite,G major,"I. Ouverture
II. Air. Lentement
III. Gavotte
IV. Courante
V. Chaconne
VI. Menuet","2 violins, 2 violas, basso continuo",
TWV 55:g9,,Ouverture-Suite,G minor,"I. Ouverture
II. Gavotte en Rondeau
III. Loure. Gravement (ré majeur)
IV. Gigue I. Légèrement (sol majeur) / Gigue II (sol mineur)
V. Menuet I / Menuet II. Doux (sol majeur)
VI. ... (sol majeur)
VII. Chaconne","2 oboes, strings, basso continuo",
TWV 55:h1,,Ouverture-Suite,B minor,"I. Ouverture
II. Courante
III. Air en Rondeau
IV. Menuet
V. Chaconne
VI. Gavotte I (alternativement) / Gavotte II
VII. Menuet I / Menuet II à deux bassons (ré majeur)","2 violins, 2 oboes, 2 bassoons, strings, basso continuo",
TWV 55:h2,,Ouverture-Suite,B minor,"I. Ouverture
II. Air
III. Rondeau
IV. Loure
V. Entrée
VI. Air en Rondeau
VII. Menuet I / Menuet II (ré majeur)
VIII. Gigue","strings, basso continuo",
TWV 55:h3,"Ouverture ""La Prude""",Ouverture-Suite,B minor,"I. Ouverture
II. La Prude
III. Gavotte
IV. Gigue
V. Rigaudon
VI. Menuet I / Menuet II
VII. Rondeau
VIII. Canaries","strings, basso continuo",
TWV 55:h4,,Ouverture-Suite,B minor,"I. Ouverture
II. Gavotte
III. Loure
IV. Réjouissance. Très viste
V. La Bravoure
VI. Menuet I / Menuet II (si majeur)
VII. Rodomontade","violin, strings, basso continuo",
TWV Anh 32:1,,Ouverture-Suite,E-flat major,,Keyboard,"version of TWV 55:Es4, for Keyboard"
TWV Anh. 32:3,,Suite,B-flat major,,harpsichord,"Christian Pezold's work
Der getreue Music-Meister Lektion 21-25, S. 81, 86, 91, 94, 98"
TWV Anh. 33:1,,Concerto,B minor,"Allegro (35 T.)
Adagio (16 T.)
Allegro (47 T. + 25 T. da capo)",Clavier,TWV 51:h3
TWV Anh. 33:3,,Fantasia,D major,,organ,Work of uncertain attribution
TWV Anh. 33:5,,Sonata,D major,,organ,arrangement of 42:D1
TWV Anh. 35:2,,Passacaille,B minor,,,"J. V. Goerner's work
Der getreue Music-Meister Lektion 11, S. 42"
TWV Anh. 39:,Galanteries,,,,Lute,
TWV Anh. 40:101,,Sonata,E minor,,2 recorders,[sonate en trio avec basse continue - TWV 42:e13]
TWV Anh. 40:102,,Sonata,F-sharp minor,,2 recorders,[sonate en trio avec basse continue - TWV 42:fis 1]
TWV Anh. 40:103,Zirkelkanon,Canon,E minor,I. Canone infinito. Piu tosto vivace,2 recorders / 2 violins,
TWV Anh. 40:104,Bergerie et Bourrée,,G major,"I. Bergerie
II. Bourrée","flute, oboe",
TWV Anh. 40:[a],,Sonata,B-flat major,,"B-flat major: viola or bass viol
A major: transverse flute or violin
A major: viola or bass viol",[alternative version of 41:B3]
TWV Anh. 40:[c],Lied,Duet,,,2 cellos,"""Man fragte Phyllis"" from the Single-, Spiel- und Generalbass-Übungen [TWV 25]"
TWV Anh. 40:[d],Napolitaine et Menuet pour 3 flûtes à bec,Dance,,,3 recorders,"[2nd movement of TWV 55:g1,2]"
TWV Anh. 40:[e],,Menuet,F major,,3 recorders,[trio avec menuet de la suite pour clavecin 32:16]
TWV Anh. 41:a,,Partita,A minor,,"alto recorder, piano","[Ensemble included as a movement in 41:e1, G2 and g2]"
TWV Anh. 41:A,,Sonata,A major,,flute / violin / viola / viola da gamba without basso continuo,41:B3
TWV Anh. 41:A1,Passepied,Dance,A major,,"violin, piano",[version des Passepieds de la suite pour orchestre 55:A5]
TWV Anh. 41:a2,,Suite,A minor,,"flute, piano",[version de la suite pour flûte et orchestre 55:a2]
TWV Anh. 41:B1,Largo,,B-flat major,,"recorder, piano",[transposition du 1er mouvement de 41:G1]
TWV Anh. 41:C,,Sonata,C major,,recorder without basso continuo,TWV 41:B3
TWV Anh. 41:C1,,Suite,C major,,"soprano recorder or other instrument, piano",[Ensemble included as a movement in the orchestral suite 55:D11]
TWV Anh. 41:C2,,Suite,C major,,"alto recorder or other instrument, piano",[Ensemble included as a movement in the orchestral suites 55:G12 and 55:A2]
TWV Anh. 41:C3,,Fanfare,C major,,"cello, piano",[version du 5è mouvement de TWV 55:A2]
TWV Anh. 41:D1,,Sonata,D major,"I. Vivace
II. Adagio (si mineur)
III. Allegro","viola, basso continuo",
TWV Anh. 41:D2,,Suite,D major,,"viola, piano","[ouverture pour violoncelle, viole de gambe et cordes 55:D6]"
TWV Anh. 41:D3,Sonate de concert,Sonata,D major,,"trumpet, orchestre",[version of Sonate for trumpet and clavier]
TWV Anh. 41:D4,,Sonata,D major,,"bassoon, basso continuo",[version d'un concerto pour flûte et basse continue de von Heinichen]
TWV Anh. 41:Es1,,Sonata,E-flat major,,"bassoon, clavier",[Transcription of 41:C2]
TWV Anh. 41:F1,,Suite,F major,,"soprano recorder / other instrument, piano","[Ensemble included as a movement in the suites 55:F7, G2 and F6]"
TWV Anh. 41:F2,,Suite,F major,,"alto recorder / other instrument, piano","[Ensemble included as a movement in the orchestral suites 55:D5, F7 and C4]"
TWV Anh. 41:g1,,Soante,G minor,,"violin, basso continuo",[transposition of 41:e5]
TWV Anh. 41:G1,,Sonata,G major,,"flute, basso continuo",[Listed in the index of the Sonsfeldt catalogue]
TWV Anh. 42:A1,,Concerto,A major,,"2 violins (scodatura), basso continuo",[Quatuor 43:A 7 sans voix de flûte]
TWV Anh. 42:B1,Allegro,,B-flat major,,"2 instruments, basso continuo",
TWV Anh. 42:B2,Tempo de Gavotte,Dance,B-flat major,,"2 instruments, basso continuo",
TWV Anh. 42:c,,Concerto,C minor,,"recorder, harpsichord, basso continuo",[transposition of 42:a2]
TWV Anh. 42:C[a],,Sonata,C major,,"recorder, harpsichord, basso continuo",[transposition of 42:A6]
TWV Anh. 42:C[b],,Sonata,C major,,"recorder, violin, basso continuo",[transposition of 42:A9]
TWV Anh. 42:C[c],"Pastorale, Gavotte et Gigue",,C major,,"2 recorders, basso continuo",[transposition of movements 2 - 4 in 42:D16]
TWV Anh. 42:C1,,Suite,C major,"I. Ouverture
II. Rondeau
III. Bourrée
IV. Trio","2 flutes, basso continuo",
TWV Anh. 42:C2,,Intrada,C major,"I. Intrade
II. Adagio (la mineur)","2 flutes, basso continuo",
TWV Anh. 42:C3,,Suite,C major,"I. Concerto
II. Trio
III. Gavotte
IV. Bourrée","2 flutes, basso continuo",
TWV Anh. 42:C4,Allemande,Dance,C major,I. Allegro,"2 instruments, basso continuo",
TWV Anh. 42:C5,,Duet,C major,"I. Allegro
II. Adagio","2 instruments, basso continuo",
TWV Anh. 42:e,,Trio,E minor,,"2 transverse flutes / violins, cello or bassoon",[alternative version of 43:e3]
TWV Anh. 42:E,,Trio,E major,,"2 transverse flutes / violins, cello or bassoon",[alternative version of 43:E1]
TWV Anh. 42:e1,,Sonata,E minor,,"2 violins, basso continuo",[3rd and 4th movements of 42:E4]
TWV Anh. 42:F1,,Concerto,F major,"I. Largo
II. Allegro
III. Adagio (ré mineur)
IV. Allegro","2 oboes, basso continuo",
TWV Anh. 42:F2,,Cantata,F major,I. Cantate,"2 instruments, basso continuo",
TWV Anh. 42:F3,,Concerto,F major,,"violin, cor de chasse, basso continuo",43:F6
TWV Anh. 42:F4,,Trio,F major,,"2 chalumeaux / violettes, basso continuo",44:6
TWV Anh. 42:g,,Sonata,G minor,,"2 flutes, basso continuo",[Transposition of TWV 42:e8]
TWV Anh. 42:G[a],,Concerto,G major,,"oboe d'amore, transverse flute, basse",[transposition of 42:A9]
TWV Anh. 42:G[b],,Trio,G major,,"2 transverse flutes / violins, cello or bassoon",[alternative version of 43:G3]
TWV Anh. 42:g1,,Cantata,G minor,"I. Cantata
II. Aria","oboe, violin, basso continuo","Aria 1 et 2 de la cantate ""Schmeckt und sehet unsers Gottes Freundlichkeit"""
TWV Anh. 42:G1,Tempo de Gavotte,Dance,G major,,"2 instruments, basso continuo",
TWV Anh. 43:A1,Quatuor,Sonata à 4,A major,,"2 violins, viola, cello",[For 4 instruments without basso continuo]
TWV Anh. 43:B1,,Concerto,B-flat major,,"3 violins, basso continuo","Classified as a concerto due to the leading role of the first violin and the pronounced solo-tutti contrast, with TWV 51:B2 cited as a reference."
TWV Anh. 43:D,Quatuor,Sonata à 4,D major,,"2 violins, viola, basso continuo",[alternative version to Sonata à 5 44:D1]
TWV Anh. 43:F,Quatuor,Sonata à 4,F major,,"alto recorder, oboe, violin, basso continuo",[transposition of 43:G6]
TWV Anh. 50:1,,Symphony / Serenade,D major,"I. Die alte Welt. Altdeutsch
II. Ernsthaft. Munter
III. Die mittlere Welt. Capellmassig
IV. Die Jungere Welt. Lustig",,pour les fêtes du premier centenaire de la députation de Hamburg
TWV Anh. 50:2,,Sinfonia,C minor,,,"[Sinfonia from the Brockes Passion, TWV 5:1]"
TWV Anh. 50:3,,Sinfonia,G major,,,"[Sinfonia from the opera Hercules et Alceste, TWV 21:34]"
TWV Anh. 50:4,,Sinfonia,F major,,,"[Sinfonia from the Passion oratorio Seliges Erwagen, TWV 5:2]"
TWV Anh. 50:5,Hamburgische Trauermusik,Orchestral,,,,Instrumentation of the funeral music for the mayor of Hamburg [TWV 4:2 and 4:8]
TWV Anh. 50:6,Chacone,Dance,F minor,,,penultimate movement of TWV 55:f1
TWV Anh. 51:A1,,Concerto,A major,"I. Allegro
II. Siciliano. Pastorella
III. Allegro","transverse flute, strings, basso continuo",
TWV Anh. 51:B1,,Concerto,B-flat major,"I. Allegro
II. Adagio (fa majeur)
III. Allegro","violin, strings, basso continuo",
TWV Anh. 51:D1,,Concerto,D major,,"transverse flute, strings, basso continuo",51:F1
TWV Anh. 51:G1,,Concerto,G major,"I. Allegro ma non troppo
II. Adagio (mi mineur)
III. Allegro","transverse flute, strings, basso continuo",
TWV Anh. 52:F1,,Concerto,F major,,"recorder, viola da gamba, cornett, 3 trombones, strings, basso continuo",50:3
TWV Anh. 55:A1,,Ouverture-Suite,A major,"I. Ouverture
II. Rondeau
III. Sarabande
IV. Courante
V. Menuet I / Menuet II (la mineur)
VI. Loure
VII. Rondeau angloise","strings, basso continuo",
TWV Anh. 55:G1,"Ouverture ""La Putain""",Ouverture-Suite,G major,"I. Ouverture. Alla breve - Lento / Allegro
II. Masquerade. Die Schneckenpost
III. Loure. Die Bauren Kirchweyh
IV. Menuet
V. Rondeau. Der Hexen-Tantz (do majeur)
VI. Sarabande. Adagio / Presto / Adagio
VII. Marche
VIII. Casconnade. In der Laussherberg
IX. Menuet + Trio (alternativement)
X. Bourrée. Die Baass Lissabeth
1I. Hornpipe. Der Vetter Michel Ziehbart","strings, basso continuo",
TWV Anh. 55:G2,Suite de 7 mouvements,Suite,G major,,"instrument solo, basso continuo",11:21
TWV deest,Akkordübungen,,,,,"Der getreue Music-Meister Lektion 6, S. 24"
TWV deest,Fugenthema mit Auflösungen und Canon perpetuus,,,,,"Der getreue Music-Meister Lektion 8 und 10, S. 30 und 39"
TWV deest,Themata zu Fugen,,,,,"Der getreue Music-Meister Lektion 21, S. 82"